code,severity,root,level,chunk,detail,bytes_fetched
CHUNK_SAMPLE_MISSING,info,community-uploads/forrest/volcomp/PHerc0125/volumes/20250821151825-9.362um-1.2m-113keV-masked.zarr,0,0.0.0,inner chunk absent from shard index,0
CHUNK_SAMPLE_MISSING,info,community-uploads/forrest/volcomp/PHerc0125/volumes/20250821151825-9.362um-1.2m-113keV-masked.zarr,0,4.0.0,inner chunk absent from shard index,0
CHUNK_SAMPLE_MISSING,info,community-uploads/forrest/volcomp/PHerc0125/volumes/20250821151825-9.362um-1.2m-113keV-masked.zarr,0,7.7.7,inner chunk absent from shard index,0
CHUNK_SAMPLE_MISSING,info,community-uploads/forrest/volcomp/PHerc0125/volumes/20250821151825-9.362um-1.2m-113keV-masked.zarr,0,7.0.0,shard object absent (reads as fill),0
CHUNK_SAMPLE_MISSING,info,community-uploads/forrest/volcomp/PHerc0125/volumes/20250821151825-9.362um-1.2m-113keV-masked.zarr,0,13.8.8,shard object absent (reads as fill),0
CHUNK_SAMPLE_MISSING,info,community-uploads/forrest/volcomp/PHerc0125/volumes/20250821151825-9.362um-1.2m-113keV-masked.zarr,0,20.8.8,shard object absent (reads as fill),0
CHUNK_SAMPLE_MISSING,info,community-uploads/forrest/volcomp/PHerc0125/volumes/20250821151825-9.362um-1.2m-113keV-masked.zarr,1,0.0.0,inner chunk absent from shard index,0
CHUNK_SAMPLE_MISSING,info,community-uploads/forrest/volcomp/PHerc0125/volumes/20250821151825-9.362um-1.2m-113keV-masked.zarr,1,4.0.0,inner chunk absent from shard index,0
CHUNK_SAMPLE_MISSING,info,community-uploads/forrest/volcomp/PHerc0125/volumes/20250821151825-9.362um-1.2m-113keV-masked.zarr,1,7.7.7,inner chunk absent from shard index,0
CHUNK_SAMPLE_MISSING,info,community-uploads/forrest/volcomp/PHerc0125/volumes/20250821151825-9.362um-1.2m-113keV-masked.zarr,1,3.3.1,shard object absent (reads as fill),0
CHUNK_SAMPLE_MISSING,info,community-uploads/forrest/volcomp/PHerc0125/volumes/20250821151825-9.362um-1.2m-113keV-masked.zarr,1,56.8.24,inner chunk absent from shard index,0
CHUNK_SAMPLE_MISSING,info,community-uploads/forrest/volcomp/PHerc0125/volumes/20250821151825-9.362um-1.2m-113keV-masked.zarr,1,60.8.24,inner chunk absent from shard index,0
CHUNK_SAMPLE_MISSING,info,community-uploads/forrest/volcomp/PHerc0125/volumes/20250821151825-9.362um-1.2m-113keV-masked.zarr,1,63.15.31,inner chunk absent from shard index,0
CHUNK_SAMPLE_MISSING,info,community-uploads/forrest/volcomp/PHerc0125/volumes/20250821151825-9.362um-1.2m-113keV-masked.zarr,1,10.4.4,shard object absent (reads as fill),0
CHUNK_SAMPLE_MISSING,info,community-uploads/forrest/volcomp/PHerc0125/volumes/20250821151825-9.362um-1.2m-113keV-masked.zarr,2,0.0.0,inner chunk absent from shard index,0
CHUNK_SAMPLE_MISSING,info,community-uploads/forrest/volcomp/PHerc0125/volumes/20250821151825-9.362um-1.2m-113keV-masked.zarr,2,4.0.0,inner chunk absent from shard index,0
CHUNK_SAMPLE_POPULATED,info,community-uploads/forrest/volcomp/PHerc0125/volumes/20250821151825-9.362um-1.2m-113keV-masked.zarr,2,7.7.7,center 16^3 block: 4096/4096 differ from fill (0); 573655 stored bytes,581852
CHUNK_SAMPLE_MISSING,info,community-uploads/forrest/volcomp/PHerc0125/volumes/20250821151825-9.362um-1.2m-113keV-masked.zarr,2,16.0.0,inner chunk absent from shard index,0
CHUNK_SAMPLE_MISSING,info,community-uploads/forrest/volcomp/PHerc0125/volumes/20250821151825-9.362um-1.2m-113keV-masked.zarr,2,20.0.0,inner chunk absent from shard index,0
CHUNK_SAMPLE_POPULATED,info,community-uploads/forrest/volcomp/PHerc0125/volumes/20250821151825-9.362um-1.2m-113keV-masked.zarr,2,23.7.7,center 16^3 block: 4096/4096 differ from fill (0); 510264 stored bytes,518461
CHUNK_SAMPLE_MISSING,info,community-uploads/forrest/volcomp/PHerc0125/volumes/20250821151825-9.362um-1.2m-113keV-masked.zarr,2,3.2.2,shard object absent (reads as fill),0
CHUNK_SAMPLE_MISSING,info,community-uploads/forrest/volcomp/PHerc0125/volumes/20250821151825-9.362um-1.2m-113keV-masked.zarr,2,5.2.2,shard object absent (reads as fill),0
CHUNK_SAMPLE_POPULATED,info,community-uploads/forrest/volcomp/PHerc0125/volumes/20250821151825-9.362um-1.2m-113keV-masked.zarr,3,0.0.0,262144/2097152 valid voxels differ from fill (0); 3999 stored bytes,12196
CHUNK_SAMPLE_MISSING,info,community-uploads/forrest/volcomp/PHerc0125/volumes/20250821151825-9.362um-1.2m-113keV-masked.zarr,3,4.0.0,inner chunk absent from shard index,0
CHUNK_SAMPLE_MISSING,info,community-uploads/forrest/volcomp/PHerc0125/volumes/20250821151825-9.362um-1.2m-113keV-masked.zarr,3,7.7.7,inner chunk absent from shard index,0
CHUNK_SAMPLE_MISSING,info,community-uploads/forrest/volcomp/PHerc0125/volumes/20250821151825-9.362um-1.2m-113keV-masked.zarr,3,8.0.0,inner chunk absent from shard index,0
CHUNK_SAMPLE_MISSING,info,community-uploads/forrest/volcomp/PHerc0125/volumes/20250821151825-9.362um-1.2m-113keV-masked.zarr,3,12.0.0,inner chunk absent from shard index,0
CHUNK_SAMPLE_MISSING,info,community-uploads/forrest/volcomp/PHerc0125/volumes/20250821151825-9.362um-1.2m-113keV-masked.zarr,3,15.7.7,inner chunk absent from shard index,0
CHUNK_SAMPLE_MISSING,info,community-uploads/forrest/volcomp/PHerc0125/volumes/20250821151825-9.362um-1.2m-113keV-masked.zarr,3,1.1.1,shard object absent (reads as fill),0
CHUNK_SAMPLE_MISSING,info,community-uploads/forrest/volcomp/PHerc0125/volumes/20250821151825-9.362um-1.2m-113keV-masked.zarr,3,2.1.1,shard object absent (reads as fill),0
CHUNK_SAMPLE_MISSING,info,community-uploads/forrest/volcomp/PHerc0125/volumes/20250821151825-9.362um-1.2m-113keV-masked.zarr,4,0.0.0,inner chunk absent from shard index,0
CHUNK_SAMPLE_MISSING,info,community-uploads/forrest/volcomp/PHerc0125/volumes/20250821151825-9.362um-1.2m-113keV-masked.zarr,4,4.0.0,inner chunk absent from shard index,0
CHUNK_SAMPLE_MISSING,info,community-uploads/forrest/volcomp/PHerc0125/volumes/20250821151825-9.362um-1.2m-113keV-masked.zarr,4,7.4.4,inner chunk absent from shard index,0
CHUNK_SAMPLE_MISSING,info,community-uploads/forrest/volcomp/PHerc0125/volumes/20250821151825-9.362um-1.2m-113keV-masked.zarr,4,8.0.0,inner chunk absent from shard index,0
CHUNK_SAMPLE_MISSING,info,community-uploads/forrest/volcomp/PHerc0125/volumes/20250821151825-9.362um-1.2m-113keV-masked.zarr,4,9.2.2,inner chunk absent from shard index,0
CHUNK_SAMPLE_MISSING,info,community-uploads/forrest/volcomp/PHerc0125/volumes/20250821151825-9.362um-1.2m-113keV-masked.zarr,4,10.4.4,inner chunk absent from shard index,0
CHUNK_SAMPLE_MISSING,info,community-uploads/forrest/volcomp/PHerc0125/volumes/20250821151825-9.362um-1.2m-113keV-masked.zarr,5,0.0.0,inner chunk absent from shard index,0
CHUNK_SAMPLE_MISSING,info,community-uploads/forrest/volcomp/PHerc0125/volumes/20250821151825-9.362um-1.2m-113keV-masked.zarr,5,2.2.2,inner chunk absent from shard index,0
CHUNK_SAMPLE_MISSING,info,community-uploads/forrest/volcomp/PHerc0125/volumes/20250821151825-9.362um-1.2m-113keV-masked.zarr,5,5.2.2,inner chunk absent from shard index,0
CHUNK_SAMPLE_MISSING,info,community-uploads/forrest/volcomp/PHerc0009B/volumes/20250521125136-8.640um-1.2m-116keV-masked.zarr,0,0.0.0,inner chunk absent from shard index,0
CHUNK_SAMPLE_MISSING,info,community-uploads/forrest/volcomp/PHerc0009B/volumes/20250521125136-8.640um-1.2m-116keV-masked.zarr,0,4.0.0,inner chunk absent from shard index,0
CHUNK_SAMPLE_MISSING,info,community-uploads/forrest/volcomp/PHerc0009B/volumes/20250521125136-8.640um-1.2m-116keV-masked.zarr,0,7.7.7,inner chunk absent from shard index,0
CHUNK_SAMPLE_MISSING,info,community-uploads/forrest/volcomp/PHerc0009B/volumes/20250521125136-8.640um-1.2m-116keV-masked.zarr,0,24.16.40,inner chunk absent from shard index,0
CHUNK_SAMPLE_MISSING,info,community-uploads/forrest/volcomp/PHerc0009B/volumes/20250521125136-8.640um-1.2m-116keV-masked.zarr,0,28.16.40,inner chunk absent from shard index,0
CHUNK_SAMPLE_MISSING,info,community-uploads/forrest/volcomp/PHerc0009B/volumes/20250521125136-8.640um-1.2m-116keV-masked.zarr,0,31.23.47,inner chunk absent from shard index,0
CHUNK_SAMPLE_MISSING,info,community-uploads/forrest/volcomp/PHerc0009B/volumes/20250521125136-8.640um-1.2m-116keV-masked.zarr,0,48.40.16,inner chunk absent from shard index,0
CHUNK_SAMPLE_MISSING,info,community-uploads/forrest/volcomp/PHerc0009B/volumes/20250521125136-8.640um-1.2m-116keV-masked.zarr,0,52.40.16,inner chunk absent from shard index,0
CHUNK_SAMPLE_MISSING,info,community-uploads/forrest/volcomp/PHerc0009B/volumes/20250521125136-8.640um-1.2m-116keV-masked.zarr,0,55.47.23,inner chunk absent from shard index,0
CHUNK_SAMPLE_MISSING,info,community-uploads/forrest/volcomp/PHerc0009B/volumes/20250521125136-8.640um-1.2m-116keV-masked.zarr,0,72.56.56,inner chunk absent from shard index,0
CHUNK_SAMPLE_MISSING,info,community-uploads/forrest/volcomp/PHerc0009B/volumes/20250521125136-8.640um-1.2m-116keV-masked.zarr,0,73.59.56,inner chunk absent from shard index,0
CHUNK_SAMPLE_MISSING,info,community-uploads/forrest/volcomp/PHerc0009B/volumes/20250521125136-8.640um-1.2m-116keV-masked.zarr,0,74.61.61,inner chunk absent from shard index,0
CHUNK_SAMPLE_MISSING,info,community-uploads/forrest/volcomp/PHerc0009B/volumes/20250521125136-8.640um-1.2m-116keV-masked.zarr,1,0.0.0,inner chunk absent from shard index,0
CHUNK_SAMPLE_MISSING,info,community-uploads/forrest/volcomp/PHerc0009B/volumes/20250521125136-8.640um-1.2m-116keV-masked.zarr,1,4.0.0,inner chunk absent from shard index,0
CHUNK_SAMPLE_MISSING,info,community-uploads/forrest/volcomp/PHerc0009B/volumes/20250521125136-8.640um-1.2m-116keV-masked.zarr,1,7.7.7,inner chunk absent from shard index,0
CHUNK_SAMPLE_POPULATED,info,community-uploads/forrest/volcomp/PHerc0009B/volumes/20250521125136-8.640um-1.2m-116keV-masked.zarr,1,8.16.16,center 16^3 block: 4096/4096 differ from fill (0); 107393 stored bytes,115590
CHUNK_SAMPLE_POPULATED,info,community-uploads/forrest/volcomp/PHerc0009B/volumes/20250521125136-8.640um-1.2m-116keV-masked.zarr,1,12.16.16,center 16^3 block: 4096/4096 differ from fill (0); 202266 stored bytes,202266
CHUNK_SAMPLE_MISSING,info,community-uploads/forrest/volcomp/PHerc0009B/volumes/20250521125136-8.640um-1.2m-116keV-masked.zarr,1,15.23.23,inner chunk absent from shard index,0
CHUNK_SAMPLE_MISSING,info,community-uploads/forrest/volcomp/PHerc0009B/volumes/20250521125136-8.640um-1.2m-116keV-masked.zarr,1,24.8.8,inner chunk absent from shard index,0
CHUNK_SAMPLE_MISSING,info,community-uploads/forrest/volcomp/PHerc0009B/volumes/20250521125136-8.640um-1.2m-116keV-masked.zarr,1,28.8.8,inner chunk absent from shard index,0
CHUNK_SAMPLE_POPULATED,info,community-uploads/forrest/volcomp/PHerc0009B/volumes/20250521125136-8.640um-1.2m-116keV-masked.zarr,1,31.15.15,center 16^3 block: 4096/4096 differ from fill (0); 225291 stored bytes,233488
CHUNK_SAMPLE_MISSING,info,community-uploads/forrest/volcomp/PHerc0009B/volumes/20250521125136-8.640um-1.2m-116keV-masked.zarr,1,32.24.24,inner chunk absent from shard index,0
CHUNK_SAMPLE_MISSING,info,community-uploads/forrest/volcomp/PHerc0009B/volumes/20250521125136-8.640um-1.2m-116keV-masked.zarr,1,34.30.30,inner chunk absent from shard index,0
CHUNK_SAMPLE_MISSING,info,community-uploads/forrest/volcomp/PHerc0009B/volumes/20250521125136-8.640um-1.2m-116keV-masked.zarr,1,37.30.30,inner chunk absent from shard index,0
CHUNK_SAMPLE_MISSING,info,community-uploads/forrest/volcomp/PHerc0009B/volumes/20250521125136-8.640um-1.2m-116keV-masked.zarr,2,0.0.0,inner chunk absent from shard index,0
CHUNK_SAMPLE_MISSING,info,community-uploads/forrest/volcomp/PHerc0009B/volumes/20250521125136-8.640um-1.2m-116keV-masked.zarr,2,4.0.0,inner chunk absent from shard index,0
CHUNK_SAMPLE_POPULATED,info,community-uploads/forrest/volcomp/PHerc0009B/volumes/20250521125136-8.640um-1.2m-116keV-masked.zarr,2,7.7.7,center 16^3 block: 4096/4096 differ from fill (0); 394908 stored bytes,403105
CHUNK_SAMPLE_MISSING,info,community-uploads/forrest/volcomp/PHerc0009B/volumes/20250521125136-8.640um-1.2m-116keV-masked.zarr,2,8.0.0,inner chunk absent from shard index,0
CHUNK_SAMPLE_MISSING,info,community-uploads/forrest/volcomp/PHerc0009B/volumes/20250521125136-8.640um-1.2m-116keV-masked.zarr,2,12.0.0,inner chunk absent from shard index,0
CHUNK_SAMPLE_POPULATED,info,community-uploads/forrest/volcomp/PHerc0009B/volumes/20250521125136-8.640um-1.2m-116keV-masked.zarr,2,15.7.7,center 16^3 block: 4096/4096 differ from fill (0); 490568 stored bytes,498765
CHUNK_SAMPLE_POPULATED,info,community-uploads/forrest/volcomp/PHerc0009B/volumes/20250521125136-8.640um-1.2m-116keV-masked.zarr,2,8.8.8,center 16^3 block: 4096/4096 differ from fill (0); 492104 stored bytes,500301
CHUNK_SAMPLE_POPULATED,info,community-uploads/forrest/volcomp/PHerc0009B/volumes/20250521125136-8.640um-1.2m-116keV-masked.zarr,2,12.8.8,center 16^3 block: 4096/4096 differ from fill (0); 505685 stored bytes,505685
CHUNK_SAMPLE_MISSING,info,community-uploads/forrest/volcomp/PHerc0009B/volumes/20250521125136-8.640um-1.2m-116keV-masked.zarr,2,15.15.15,inner chunk absent from shard index,0
CHUNK_SAMPLE_MISSING,info,community-uploads/forrest/volcomp/PHerc0009B/volumes/20250521125136-8.640um-1.2m-116keV-masked.zarr,2,16.8.8,inner chunk absent from shard index,0
CHUNK_SAMPLE_MISSING,info,community-uploads/forrest/volcomp/PHerc0009B/volumes/20250521125136-8.640um-1.2m-116keV-masked.zarr,2,17.12.8,inner chunk absent from shard index,0
CHUNK_SAMPLE_MISSING,info,community-uploads/forrest/volcomp/PHerc0009B/volumes/20250521125136-8.640um-1.2m-116keV-masked.zarr,2,18.15.15,inner chunk absent from shard index,0
CHUNK_SAMPLE_MISSING,info,community-uploads/forrest/volcomp/PHerc0009B/volumes/20250521125136-8.640um-1.2m-116keV-masked.zarr,3,0.0.0,inner chunk absent from shard index,0
CHUNK_SAMPLE_MISSING,info,community-uploads/forrest/volcomp/PHerc0009B/volumes/20250521125136-8.640um-1.2m-116keV-masked.zarr,3,4.0.0,inner chunk absent from shard index,0
CHUNK_SAMPLE_MISSING,info,community-uploads/forrest/volcomp/PHerc0009B/volumes/20250521125136-8.640um-1.2m-116keV-masked.zarr,3,7.7.7,inner chunk absent from shard index,0
CHUNK_SAMPLE_MISSING,info,community-uploads/forrest/volcomp/PHerc0009B/volumes/20250521125136-8.640um-1.2m-116keV-masked.zarr,3,8.0.0,inner chunk absent from shard index,0
CHUNK_SAMPLE_MISSING,info,community-uploads/forrest/volcomp/PHerc0009B/volumes/20250521125136-8.640um-1.2m-116keV-masked.zarr,3,9.0.0,inner chunk absent from shard index,0
CHUNK_SAMPLE_MISSING,info,community-uploads/forrest/volcomp/PHerc0009B/volumes/20250521125136-8.640um-1.2m-116keV-masked.zarr,3,9.7.7,inner chunk absent from shard index,0
CHUNK_SAMPLE_MISSING,info,community-uploads/forrest/volcomp/PHerc0009B/volumes/20250521125136-8.640um-1.2m-116keV-masked.zarr,4,0.0.0,inner chunk absent from shard index,0
CHUNK_SAMPLE_MISSING,info,community-uploads/forrest/volcomp/PHerc0009B/volumes/20250521125136-8.640um-1.2m-116keV-masked.zarr,4,2.2.0,inner chunk absent from shard index,0
CHUNK_SAMPLE_MISSING,info,community-uploads/forrest/volcomp/PHerc0009B/volumes/20250521125136-8.640um-1.2m-116keV-masked.zarr,4,4.3.3,inner chunk absent from shard index,0
CHUNK_SAMPLE_MISSING,info,community-uploads/forrest/volcomp/PHerc0009B/volumes/20250521125136-8.640um-1.2m-116keV-masked.zarr,5,0.0.0,inner chunk absent from shard index,0
CHUNK_SAMPLE_MISSING,info,community-uploads/forrest/volcomp/PHerc0009B/volumes/20250521125136-8.640um-1.2m-116keV-masked.zarr,5,1.1.0,inner chunk absent from shard index,0
CHUNK_SAMPLE_MISSING,info,community-uploads/forrest/volcomp/PHerc0009B/volumes/20250521125136-8.640um-1.2m-116keV-masked.zarr,5,2.1.1,inner chunk absent from shard index,0
CHUNK_SAMPLE_MISSING,info,community-uploads/forrest/volcomp/PHerc0139/volumes/20250728140407-9.362um-1.2m-113keV-masked.zarr,0,0.0.0,inner chunk absent from shard index,0
CHUNK_SAMPLE_MISSING,info,community-uploads/forrest/volcomp/PHerc0139/volumes/20250728140407-9.362um-1.2m-113keV-masked.zarr,0,4.0.0,inner chunk absent from shard index,0
CHUNK_SAMPLE_MISSING,info,community-uploads/forrest/volcomp/PHerc0139/volumes/20250728140407-9.362um-1.2m-113keV-masked.zarr,0,7.7.7,inner chunk absent from shard index,0
CHUNK_SAMPLE_MISSING,info,community-uploads/forrest/volcomp/PHerc0139/volumes/20250728140407-9.362um-1.2m-113keV-masked.zarr,0,7.0.0,shard object absent (reads as fill),0
CHUNK_SAMPLE_MISSING,info,community-uploads/forrest/volcomp/PHerc0139/volumes/20250728140407-9.362um-1.2m-113keV-masked.zarr,0,13.6.6,shard object absent (reads as fill),0
CHUNK_SAMPLE_MISSING,info,community-uploads/forrest/volcomp/PHerc0139/volumes/20250728140407-9.362um-1.2m-113keV-masked.zarr,0,20.6.6,shard object absent (reads as fill),0
CHUNK_SAMPLE_MISSING,info,community-uploads/forrest/volcomp/PHerc0139/volumes/20250728140407-9.362um-1.2m-113keV-masked.zarr,1,0.0.0,inner chunk absent from shard index,0
CHUNK_SAMPLE_MISSING,info,community-uploads/forrest/volcomp/PHerc0139/volumes/20250728140407-9.362um-1.2m-113keV-masked.zarr,1,4.0.0,inner chunk absent from shard index,0
CHUNK_SAMPLE_MISSING,info,community-uploads/forrest/volcomp/PHerc0139/volumes/20250728140407-9.362um-1.2m-113keV-masked.zarr,1,7.7.7,inner chunk absent from shard index,0
CHUNK_SAMPLE_POPULATED,info,community-uploads/forrest/volcomp/PHerc0139/volumes/20250728140407-9.362um-1.2m-113keV-masked.zarr,1,24.16.16,center 16^3 block: 4094/4096 differ from fill (0); 223394 stored bytes,231591
CHUNK_SAMPLE_POPULATED,info,community-uploads/forrest/volcomp/PHerc0139/volumes/20250728140407-9.362um-1.2m-113keV-masked.zarr,1,28.16.16,center 16^3 block: 4096/4096 differ from fill (0); 183998 stored bytes,183998
CHUNK_SAMPLE_MISSING,info,community-uploads/forrest/volcomp/PHerc0139/volumes/20250728140407-9.362um-1.2m-113keV-masked.zarr,1,31.23.23,inner chunk absent from shard index,0
CHUNK_SAMPLE_POPULATED,info,community-uploads/forrest/volcomp/PHerc0139/volumes/20250728140407-9.362um-1.2m-113keV-masked.zarr,1,56.8.8,center 16^3 block: 4096/4096 differ from fill (0); 234441 stored bytes,242638
CHUNK_SAMPLE_POPULATED,info,community-uploads/forrest/volcomp/PHerc0139/volumes/20250728140407-9.362um-1.2m-113keV-masked.zarr,1,60.8.8,center 16^3 block: 4096/4096 differ from fill (0); 243596 stored bytes,243596
CHUNK_SAMPLE_POPULATED,info,community-uploads/forrest/volcomp/PHerc0139/volumes/20250728140407-9.362um-1.2m-113keV-masked.zarr,1,63.15.15,center 16^3 block: 4096/4096 differ from fill (0); 272251 stored bytes,272251
CHUNK_SAMPLE_MISSING,info,community-uploads/forrest/volcomp/PHerc0139/volumes/20250728140407-9.362um-1.2m-113keV-masked.zarr,1,10.3.3,shard object absent (reads as fill),0
CHUNK_SAMPLE_MISSING,info,community-uploads/forrest/volcomp/PHerc0139/volumes/20250728140407-9.362um-1.2m-113keV-masked.zarr,2,0.0.0,inner chunk absent from shard index,0
CHUNK_SAMPLE_MISSING,info,community-uploads/forrest/volcomp/PHerc0139/volumes/20250728140407-9.362um-1.2m-113keV-masked.zarr,2,4.0.0,inner chunk absent from shard index,0
CHUNK_SAMPLE_POPULATED,info,community-uploads/forrest/volcomp/PHerc0139/volumes/20250728140407-9.362um-1.2m-113keV-masked.zarr,2,7.7.7,center 16^3 block: 4096/4096 differ from fill (0); 510943 stored bytes,519140
CHUNK_SAMPLE_MISSING,info,community-uploads/forrest/volcomp/PHerc0139/volumes/20250728140407-9.362um-1.2m-113keV-masked.zarr,2,16.0.0,inner chunk absent from shard index,0
CHUNK_SAMPLE_MISSING,info,community-uploads/forrest/volcomp/PHerc0139/volumes/20250728140407-9.362um-1.2m-113keV-masked.zarr,2,20.0.0,inner chunk absent from shard index,0
CHUNK_SAMPLE_POPULATED,info,community-uploads/forrest/volcomp/PHerc0139/volumes/20250728140407-9.362um-1.2m-113keV-masked.zarr,2,23.7.7,center 16^3 block: 4096/4096 differ from fill (0); 556383 stored bytes,564580
CHUNK_SAMPLE_MISSING,info,community-uploads/forrest/volcomp/PHerc0139/volumes/20250728140407-9.362um-1.2m-113keV-masked.zarr,2,24.8.8,inner chunk absent from shard index,0
CHUNK_SAMPLE_MISSING,info,community-uploads/forrest/volcomp/PHerc0139/volumes/20250728140407-9.362um-1.2m-113keV-masked.zarr,2,28.8.8,inner chunk absent from shard index,0
CHUNK_SAMPLE_MISSING,info,community-uploads/forrest/volcomp/PHerc0139/volumes/20250728140407-9.362um-1.2m-113keV-masked.zarr,2,31.12.12,inner chunk absent from shard index,0
CHUNK_SAMPLE_MISSING,info,community-uploads/forrest/volcomp/PHerc0139/volumes/20250728140407-9.362um-1.2m-113keV-masked.zarr,2,5.1.1,shard object absent (reads as fill),0
CHUNK_SAMPLE_MISSING,info,community-uploads/forrest/volcomp/PHerc0139/volumes/20250728140407-9.362um-1.2m-113keV-masked.zarr,3,0.0.0,inner chunk absent from shard index,0
CHUNK_SAMPLE_MISSING,info,community-uploads/forrest/volcomp/PHerc0139/volumes/20250728140407-9.362um-1.2m-113keV-masked.zarr,3,4.0.0,inner chunk absent from shard index,0
CHUNK_SAMPLE_MISSING,info,community-uploads/forrest/volcomp/PHerc0139/volumes/20250728140407-9.362um-1.2m-113keV-masked.zarr,3,7.6.6,inner chunk absent from shard index,0
CHUNK_SAMPLE_MISSING,info,community-uploads/forrest/volcomp/PHerc0139/volumes/20250728140407-9.362um-1.2m-113keV-masked.zarr,3,8.0.0,inner chunk absent from shard index,0
CHUNK_SAMPLE_MISSING,info,community-uploads/forrest/volcomp/PHerc0139/volumes/20250728140407-9.362um-1.2m-113keV-masked.zarr,3,12.0.0,inner chunk absent from shard index,0
CHUNK_SAMPLE_MISSING,info,community-uploads/forrest/volcomp/PHerc0139/volumes/20250728140407-9.362um-1.2m-113keV-masked.zarr,3,15.6.6,inner chunk absent from shard index,0
CHUNK_SAMPLE_MISSING,info,community-uploads/forrest/volcomp/PHerc0139/volumes/20250728140407-9.362um-1.2m-113keV-masked.zarr,3,16.0.0,inner chunk absent from shard index,0
CHUNK_SAMPLE_MISSING,info,community-uploads/forrest/volcomp/PHerc0139/volumes/20250728140407-9.362um-1.2m-113keV-masked.zarr,3,18.3.3,inner chunk absent from shard index,0
CHUNK_SAMPLE_MISSING,info,community-uploads/forrest/volcomp/PHerc0139/volumes/20250728140407-9.362um-1.2m-113keV-masked.zarr,3,20.6.6,inner chunk absent from shard index,0
CHUNK_SAMPLE_POPULATED,info,community-uploads/forrest/volcomp/PHerc0139/volumes/20250728140407-9.362um-1.2m-113keV-masked.zarr,4,0.0.0,158910/2097152 valid voxels differ from fill (0); 51130 stored bytes,53183
CHUNK_SAMPLE_POPULATED,info,community-uploads/forrest/volcomp/PHerc0139/volumes/20250728140407-9.362um-1.2m-113keV-masked.zarr,4,4.0.0,148728/2097152 valid voxels differ from fill (0); 48124 stored bytes,48124
CHUNK_SAMPLE_MISSING,info,community-uploads/forrest/volcomp/PHerc0139/volumes/20250728140407-9.362um-1.2m-113keV-masked.zarr,4,7.3.3,inner chunk absent from shard index,0
CHUNK_SAMPLE_MISSING,info,community-uploads/forrest/volcomp/PHerc0139/volumes/20250728140407-9.362um-1.2m-113keV-masked.zarr,4,8.0.0,inner chunk absent from shard index,0
CHUNK_SAMPLE_MISSING,info,community-uploads/forrest/volcomp/PHerc0139/volumes/20250728140407-9.362um-1.2m-113keV-masked.zarr,4,9.2.0,inner chunk absent from shard index,0
CHUNK_SAMPLE_MISSING,info,community-uploads/forrest/volcomp/PHerc0139/volumes/20250728140407-9.362um-1.2m-113keV-masked.zarr,4,10.3.3,inner chunk absent from shard index,0
CHUNK_SAMPLE_MISSING,info,community-uploads/forrest/volcomp/PHerc0139/volumes/20250728140407-9.362um-1.2m-113keV-masked.zarr,5,0.0.0,inner chunk absent from shard index,0
CHUNK_SAMPLE_MISSING,info,community-uploads/forrest/volcomp/PHerc0139/volumes/20250728140407-9.362um-1.2m-113keV-masked.zarr,5,3.0.0,inner chunk absent from shard index,0
CHUNK_SAMPLE_MISSING,info,community-uploads/forrest/volcomp/PHerc0139/volumes/20250728140407-9.362um-1.2m-113keV-masked.zarr,5,5.1.1,inner chunk absent from shard index,0
CHUNK_SAMPLE_MISSING,info,community-uploads/forrest/volcomp/PHerc0009B/volumes/20260319104112-2.401um-0.3m-77keV-masked.zarr,0,0.0.0,shard object absent (reads as fill),0
CHUNK_SAMPLE_MISSING,info,community-uploads/forrest/volcomp/PHerc0009B/volumes/20260319104112-2.401um-0.3m-77keV-masked.zarr,0,9.18.18,shard object absent (reads as fill),0
CHUNK_SAMPLE_MISSING,info,community-uploads/forrest/volcomp/PHerc0009B/volumes/20260319104112-2.401um-0.3m-77keV-masked.zarr,0,19.9.9,shard object absent (reads as fill),0
CHUNK_SAMPLE_MISSING,info,community-uploads/forrest/volcomp/PHerc0009B/volumes/20260319104112-2.401um-0.3m-77keV-masked.zarr,0,28.27.27,shard object absent (reads as fill),0
CHUNK_SAMPLE_MISSING,info,community-uploads/forrest/volcomp/PHerc0009B/volumes/20260319104112-2.401um-0.3m-77keV-masked.zarr,1,0.0.0,shard object absent (reads as fill),0
CHUNK_SAMPLE_MISSING,info,community-uploads/forrest/volcomp/PHerc0009B/volumes/20260319104112-2.401um-0.3m-77keV-masked.zarr,1,5.0.0,shard object absent (reads as fill),0
CHUNK_SAMPLE_MISSING,info,community-uploads/forrest/volcomp/PHerc0009B/volumes/20260319104112-2.401um-0.3m-77keV-masked.zarr,1,9.13.13,shard object absent (reads as fill),0
CHUNK_SAMPLE_MISSING,info,community-uploads/forrest/volcomp/PHerc0009B/volumes/20260319104112-2.401um-0.3m-77keV-masked.zarr,1,14.13.13,shard object absent (reads as fill),0
CHUNK_SAMPLE_MISSING,info,community-uploads/forrest/volcomp/PHerc0009B/volumes/20260319104112-2.401um-0.3m-77keV-masked.zarr,2,0.0.0,shard object absent (reads as fill),0
CHUNK_SAMPLE_POPULATED,info,community-uploads/forrest/volcomp/PHerc0009B/volumes/20260319104112-2.401um-0.3m-77keV-masked.zarr,2,16.32.32,center 16^3 block: 4096/4096 differ from fill (0); 371014 stored bytes,379211
CHUNK_SAMPLE_POPULATED,info,community-uploads/forrest/volcomp/PHerc0009B/volumes/20260319104112-2.401um-0.3m-77keV-masked.zarr,2,20.32.32,center 16^3 block: 4096/4096 differ from fill (0); 379899 stored bytes,379899
CHUNK_SAMPLE_MISSING,info,community-uploads/forrest/volcomp/PHerc0009B/volumes/20260319104112-2.401um-0.3m-77keV-masked.zarr,2,23.39.39,inner chunk absent from shard index,0
CHUNK_SAMPLE_MISSING,info,community-uploads/forrest/volcomp/PHerc0009B/volumes/20260319104112-2.401um-0.3m-77keV-masked.zarr,2,5.2.2,shard object absent (reads as fill),0
CHUNK_SAMPLE_MISSING,info,community-uploads/forrest/volcomp/PHerc0009B/volumes/20260319104112-2.401um-0.3m-77keV-masked.zarr,2,7.6.6,shard object absent (reads as fill),0
CHUNK_SAMPLE_MISSING,info,community-uploads/forrest/volcomp/PHerc0009B/volumes/20260319104112-2.401um-0.3m-77keV-masked.zarr,3,0.0.0,shard object absent (reads as fill),0
CHUNK_SAMPLE_MISSING,info,community-uploads/forrest/volcomp/PHerc0009B/volumes/20260319104112-2.401um-0.3m-77keV-masked.zarr,3,8.8.8,inner chunk absent from shard index,0
CHUNK_SAMPLE_MISSING,info,community-uploads/forrest/volcomp/PHerc0009B/volumes/20260319104112-2.401um-0.3m-77keV-masked.zarr,3,12.8.8,inner chunk absent from shard index,0
CHUNK_SAMPLE_POPULATED,info,community-uploads/forrest/volcomp/PHerc0009B/volumes/20260319104112-2.401um-0.3m-77keV-masked.zarr,3,15.15.15,center 16^3 block: 4096/4096 differ from fill (0); 758816 stored bytes,767013
CHUNK_SAMPLE_POPULATED,info,community-uploads/forrest/volcomp/PHerc0009B/volumes/20260319104112-2.401um-0.3m-77keV-masked.zarr,3,16.16.16,865429/2097152 valid voxels differ from fill (0); 119900 stored bytes,128097
CHUNK_SAMPLE_POPULATED,info,community-uploads/forrest/volcomp/PHerc0009B/volumes/20260319104112-2.401um-0.3m-77keV-masked.zarr,3,20.16.16,center 16^3 block: 3247/4096 differ from fill (0); 311125 stored bytes,311125
CHUNK_SAMPLE_MISSING,info,community-uploads/forrest/volcomp/PHerc0009B/volumes/20260319104112-2.401um-0.3m-77keV-masked.zarr,3,23.23.23,inner chunk absent from shard index,0
CHUNK_SAMPLE_MISSING,info,community-uploads/forrest/volcomp/PHerc0009B/volumes/20260319104112-2.401um-0.3m-77keV-masked.zarr,3,3.3.3,shard object absent (reads as fill),0
CHUNK_SAMPLE_MISSING,info,community-uploads/forrest/volcomp/PHerc0009B/volumes/20260319104112-2.401um-0.3m-77keV-masked.zarr,4,0.0.0,inner chunk absent from shard index,0
CHUNK_SAMPLE_MISSING,info,community-uploads/forrest/volcomp/PHerc0009B/volumes/20260319104112-2.401um-0.3m-77keV-masked.zarr,4,4.0.0,inner chunk absent from shard index,0
CHUNK_SAMPLE_POPULATED,info,community-uploads/forrest/volcomp/PHerc0009B/volumes/20260319104112-2.401um-0.3m-77keV-masked.zarr,4,7.7.7,center 16^3 block: 4096/4096 differ from fill (0); 747155 stored bytes,755352
CHUNK_SAMPLE_MISSING,info,community-uploads/forrest/volcomp/PHerc0009B/volumes/20260319104112-2.401um-0.3m-77keV-masked.zarr,4,0.8.0,inner chunk absent from shard index,0
CHUNK_SAMPLE_MISSING,info,community-uploads/forrest/volcomp/PHerc0009B/volumes/20260319104112-2.401um-0.3m-77keV-masked.zarr,4,4.8.0,inner chunk absent from shard index,0
CHUNK_SAMPLE_MISSING,info,community-uploads/forrest/volcomp/PHerc0009B/volumes/20260319104112-2.401um-0.3m-77keV-masked.zarr,4,7.13.7,inner chunk absent from shard index,0
CHUNK_SAMPLE_POPULATED,info,community-uploads/forrest/volcomp/PHerc0009B/volumes/20260319104112-2.401um-0.3m-77keV-masked.zarr,4,8.0.8,779795/2097152 valid voxels differ from fill (0); 204455 stored bytes,209836
CHUNK_SAMPLE_MISSING,info,community-uploads/forrest/volcomp/PHerc0009B/volumes/20260319104112-2.401um-0.3m-77keV-masked.zarr,4,11.4.8,inner chunk absent from shard index,0
CHUNK_SAMPLE_MISSING,info,community-uploads/forrest/volcomp/PHerc0009B/volumes/20260319104112-2.401um-0.3m-77keV-masked.zarr,4,14.7.13,inner chunk absent from shard index,0
CHUNK_SAMPLE_POPULATED,info,community-uploads/forrest/volcomp/PHerc0009B/volumes/20260319104112-2.401um-0.3m-77keV-masked.zarr,4,8.8.8,61733/2097152 valid voxels differ from fill (0); 20893 stored bytes,24930
CHUNK_SAMPLE_POPULATED,info,community-uploads/forrest/volcomp/PHerc0009B/volumes/20260319104112-2.401um-0.3m-77keV-masked.zarr,4,11.11.8,8551/2097152 valid voxels differ from fill (0); 2137 stored bytes,2137
CHUNK_SAMPLE_MISSING,info,community-uploads/forrest/volcomp/PHerc0009B/volumes/20260319104112-2.401um-0.3m-77keV-masked.zarr,4,14.13.13,inner chunk absent from shard index,0
CHUNK_SAMPLE_MISSING,info,community-uploads/forrest/volcomp/PHerc0009B/volumes/20260319104112-2.401um-0.3m-77keV-masked.zarr,5,0.0.0,inner chunk absent from shard index,0
CHUNK_SAMPLE_MISSING,info,community-uploads/forrest/volcomp/PHerc0009B/volumes/20260319104112-2.401um-0.3m-77keV-masked.zarr,5,4.0.0,inner chunk absent from shard index,0
CHUNK_SAMPLE_MISSING,info,community-uploads/forrest/volcomp/PHerc0009B/volumes/20260319104112-2.401um-0.3m-77keV-masked.zarr,5,7.6.6,inner chunk absent from shard index,0
CHUNK_SAMPLE_MISSING,info,community-uploads/forrest/volcomp/PHerc0009B/volumes/20250820154339-2.401um-0.3m-77keV-masked.zarr,0,0.0.0,inner chunk absent from shard index,0
CHUNK_SAMPLE_MISSING,info,community-uploads/forrest/volcomp/PHerc0009B/volumes/20250820154339-2.401um-0.3m-77keV-masked.zarr,0,4.0.0,inner chunk absent from shard index,0
CHUNK_SAMPLE_MISSING,info,community-uploads/forrest/volcomp/PHerc0009B/volumes/20250820154339-2.401um-0.3m-77keV-masked.zarr,0,7.7.7,inner chunk absent from shard index,0
CHUNK_SAMPLE_MISSING,info,community-uploads/forrest/volcomp/PHerc0009B/volumes/20250820154339-2.401um-0.3m-77keV-masked.zarr,0,9.18.18,shard object absent (reads as fill),0
CHUNK_SAMPLE_MISSING,info,community-uploads/forrest/volcomp/PHerc0009B/volumes/20250820154339-2.401um-0.3m-77keV-masked.zarr,0,19.9.9,shard object absent (reads as fill),0
CHUNK_SAMPLE_MISSING,info,community-uploads/forrest/volcomp/PHerc0009B/volumes/20250820154339-2.401um-0.3m-77keV-masked.zarr,0,28.27.27,shard object absent (reads as fill),0
CHUNK_SAMPLE_MISSING,info,community-uploads/forrest/volcomp/PHerc0009B/volumes/20250820154339-2.401um-0.3m-77keV-masked.zarr,1,0.0.0,shard object absent (reads as fill),0
CHUNK_SAMPLE_MISSING,info,community-uploads/forrest/volcomp/PHerc0009B/volumes/20250820154339-2.401um-0.3m-77keV-masked.zarr,1,5.0.0,shard object absent (reads as fill),0
CHUNK_SAMPLE_MISSING,info,community-uploads/forrest/volcomp/PHerc0009B/volumes/20250820154339-2.401um-0.3m-77keV-masked.zarr,1,9.13.13,shard object absent (reads as fill),0
CHUNK_SAMPLE_MISSING,info,community-uploads/forrest/volcomp/PHerc0009B/volumes/20250820154339-2.401um-0.3m-77keV-masked.zarr,1,14.13.13,shard object absent (reads as fill),0
CHUNK_SAMPLE_MISSING,info,community-uploads/forrest/volcomp/PHerc0009B/volumes/20250820154339-2.401um-0.3m-77keV-masked.zarr,2,0.0.0,shard object absent (reads as fill),0
CHUNK_SAMPLE_POPULATED,info,community-uploads/forrest/volcomp/PHerc0009B/volumes/20250820154339-2.401um-0.3m-77keV-masked.zarr,2,16.32.32,center 16^3 block: 4096/4096 differ from fill (0); 441515 stored bytes,449712
CHUNK_SAMPLE_POPULATED,info,community-uploads/forrest/volcomp/PHerc0009B/volumes/20250820154339-2.401um-0.3m-77keV-masked.zarr,2,20.32.32,center 16^3 block: 4096/4096 differ from fill (0); 451202 stored bytes,451202
CHUNK_SAMPLE_MISSING,info,community-uploads/forrest/volcomp/PHerc0009B/volumes/20250820154339-2.401um-0.3m-77keV-masked.zarr,2,23.39.39,inner chunk absent from shard index,0
CHUNK_SAMPLE_MISSING,info,community-uploads/forrest/volcomp/PHerc0009B/volumes/20250820154339-2.401um-0.3m-77keV-masked.zarr,2,5.2.2,shard object absent (reads as fill),0
CHUNK_SAMPLE_MISSING,info,community-uploads/forrest/volcomp/PHerc0009B/volumes/20250820154339-2.401um-0.3m-77keV-masked.zarr,2,7.6.6,shard object absent (reads as fill),0
CHUNK_SAMPLE_MISSING,info,community-uploads/forrest/volcomp/PHerc0009B/volumes/20250820154339-2.401um-0.3m-77keV-masked.zarr,3,0.0.0,shard object absent (reads as fill),0
CHUNK_SAMPLE_MISSING,info,community-uploads/forrest/volcomp/PHerc0009B/volumes/20250820154339-2.401um-0.3m-77keV-masked.zarr,3,8.8.8,inner chunk absent from shard index,0
CHUNK_SAMPLE_MISSING,info,community-uploads/forrest/volcomp/PHerc0009B/volumes/20250820154339-2.401um-0.3m-77keV-masked.zarr,3,12.8.8,inner chunk absent from shard index,0
CHUNK_SAMPLE_POPULATED,info,community-uploads/forrest/volcomp/PHerc0009B/volumes/20250820154339-2.401um-0.3m-77keV-masked.zarr,3,15.15.15,center 16^3 block: 4096/4096 differ from fill (0); 850373 stored bytes,858570
CHUNK_SAMPLE_POPULATED,info,community-uploads/forrest/volcomp/PHerc0009B/volumes/20250820154339-2.401um-0.3m-77keV-masked.zarr,3,16.16.16,522240/2097152 valid voxels differ from fill (0); 137536 stored bytes,145733
CHUNK_SAMPLE_POPULATED,info,community-uploads/forrest/volcomp/PHerc0009B/volumes/20250820154339-2.401um-0.3m-77keV-masked.zarr,3,20.16.16,924908/2097152 valid voxels differ from fill (0); 321746 stored bytes,321746
CHUNK_SAMPLE_MISSING,info,community-uploads/forrest/volcomp/PHerc0009B/volumes/20250820154339-2.401um-0.3m-77keV-masked.zarr,3,23.23.23,inner chunk absent from shard index,0
CHUNK_SAMPLE_MISSING,info,community-uploads/forrest/volcomp/PHerc0009B/volumes/20250820154339-2.401um-0.3m-77keV-masked.zarr,3,3.3.3,shard object absent (reads as fill),0
CHUNK_SAMPLE_MISSING,info,community-uploads/forrest/volcomp/PHerc0009B/volumes/20250820154339-2.401um-0.3m-77keV-masked.zarr,4,0.0.0,inner chunk absent from shard index,0
CHUNK_SAMPLE_MISSING,info,community-uploads/forrest/volcomp/PHerc0009B/volumes/20250820154339-2.401um-0.3m-77keV-masked.zarr,4,4.0.0,inner chunk absent from shard index,0
CHUNK_SAMPLE_POPULATED,info,community-uploads/forrest/volcomp/PHerc0009B/volumes/20250820154339-2.401um-0.3m-77keV-masked.zarr,4,7.7.7,center 16^3 block: 4096/4096 differ from fill (0); 838944 stored bytes,847141
CHUNK_SAMPLE_MISSING,info,community-uploads/forrest/volcomp/PHerc0009B/volumes/20250820154339-2.401um-0.3m-77keV-masked.zarr,4,0.8.0,inner chunk absent from shard index,0
CHUNK_SAMPLE_MISSING,info,community-uploads/forrest/volcomp/PHerc0009B/volumes/20250820154339-2.401um-0.3m-77keV-masked.zarr,4,4.8.0,inner chunk absent from shard index,0
CHUNK_SAMPLE_MISSING,info,community-uploads/forrest/volcomp/PHerc0009B/volumes/20250820154339-2.401um-0.3m-77keV-masked.zarr,4,7.13.7,inner chunk absent from shard index,0
CHUNK_SAMPLE_POPULATED,info,community-uploads/forrest/volcomp/PHerc0009B/volumes/20250820154339-2.401um-0.3m-77keV-masked.zarr,4,8.0.8,617359/2097152 valid voxels differ from fill (0); 223233 stored bytes,228614
CHUNK_SAMPLE_MISSING,info,community-uploads/forrest/volcomp/PHerc0009B/volumes/20250820154339-2.401um-0.3m-77keV-masked.zarr,4,11.4.8,inner chunk absent from shard index,0
CHUNK_SAMPLE_MISSING,info,community-uploads/forrest/volcomp/PHerc0009B/volumes/20250820154339-2.401um-0.3m-77keV-masked.zarr,4,14.7.13,inner chunk absent from shard index,0
CHUNK_SAMPLE_POPULATED,info,community-uploads/forrest/volcomp/PHerc0009B/volumes/20250820154339-2.401um-0.3m-77keV-masked.zarr,4,8.8.8,47974/2097152 valid voxels differ from fill (0); 20602 stored bytes,24639
CHUNK_SAMPLE_POPULATED,info,community-uploads/forrest/volcomp/PHerc0009B/volumes/20250820154339-2.401um-0.3m-77keV-masked.zarr,4,11.11.8,2185/2097152 valid voxels differ from fill (0); 1142 stored bytes,1142
CHUNK_SAMPLE_MISSING,info,community-uploads/forrest/volcomp/PHerc0009B/volumes/20250820154339-2.401um-0.3m-77keV-masked.zarr,4,14.13.13,inner chunk absent from shard index,0
CHUNK_SAMPLE_MISSING,info,community-uploads/forrest/volcomp/PHerc0009B/volumes/20250820154339-2.401um-0.3m-77keV-masked.zarr,5,0.0.0,inner chunk absent from shard index,0
CHUNK_SAMPLE_MISSING,info,community-uploads/forrest/volcomp/PHerc0009B/volumes/20250820154339-2.401um-0.3m-77keV-masked.zarr,5,4.0.0,inner chunk absent from shard index,0
CHUNK_SAMPLE_MISSING,info,community-uploads/forrest/volcomp/PHerc0009B/volumes/20250820154339-2.401um-0.3m-77keV-masked.zarr,5,7.6.6,inner chunk absent from shard index,0
CHUNK_SAMPLE_MISSING,info,community-uploads/forrest/volcomp/PHerc0139/volumes/20250820105138-2.403um-0.2m-77keV-masked.zarr,0,0.0.0,shard object absent (reads as fill),0
CHUNK_SAMPLE_POPULATED,info,community-uploads/forrest/volcomp/PHerc0139/volumes/20250820105138-2.403um-0.2m-77keV-masked.zarr,0,48.64.136,center 16^3 block: 4093/4096 differ from fill (0); 46259 stored bytes,54456
CHUNK_SAMPLE_POPULATED,info,community-uploads/forrest/volcomp/PHerc0139/volumes/20250820105138-2.403um-0.2m-77keV-masked.zarr,0,52.64.136,center 16^3 block: 3660/4096 differ from fill (0); 58127 stored bytes,58127
CHUNK_SAMPLE_POPULATED,info,community-uploads/forrest/volcomp/PHerc0139/volumes/20250820105138-2.403um-0.2m-77keV-masked.zarr,0,55.71.143,444119/2097152 valid voxels differ from fill (0); 3636 stored bytes,3636
CHUNK_SAMPLE_POPULATED,info,community-uploads/forrest/volcomp/PHerc0139/volumes/20250820105138-2.403um-0.2m-77keV-masked.zarr,0,96.136.64,center 16^3 block: 3967/4096 differ from fill (0); 53283 stored bytes,61480
CHUNK_SAMPLE_POPULATED,info,community-uploads/forrest/volcomp/PHerc0139/volumes/20250820105138-2.403um-0.2m-77keV-masked.zarr,0,100.136.64,center 16^3 block: 4096/4096 differ from fill (0); 14849 stored bytes,14849
CHUNK_SAMPLE_POPULATED,info,community-uploads/forrest/volcomp/PHerc0139/volumes/20250820105138-2.403um-0.2m-77keV-masked.zarr,0,103.143.71,center 16^3 block: 4096/4096 differ from fill (0); 26294 stored bytes,26294
CHUNK_SAMPLE_MISSING,info,community-uploads/forrest/volcomp/PHerc0139/volumes/20250820105138-2.403um-0.2m-77keV-masked.zarr,0,18.25.25,shard object absent (reads as fill),0
CHUNK_SAMPLE_MISSING,info,community-uploads/forrest/volcomp/PHerc0139/volumes/20250820105138-2.403um-0.2m-77keV-masked.zarr,1,0.0.0,shard object absent (reads as fill),0
CHUNK_SAMPLE_POPULATED,info,community-uploads/forrest/volcomp/PHerc0139/volumes/20250820105138-2.403um-0.2m-77keV-masked.zarr,1,24.32.32,center 16^3 block: 4053/4096 differ from fill (0); 188733 stored bytes,196930
CHUNK_SAMPLE_POPULATED,info,community-uploads/forrest/volcomp/PHerc0139/volumes/20250820105138-2.403um-0.2m-77keV-masked.zarr,1,28.32.32,center 16^3 block: 4090/4096 differ from fill (0); 172884 stored bytes,172884
CHUNK_SAMPLE_POPULATED,info,community-uploads/forrest/volcomp/PHerc0139/volumes/20250820105138-2.403um-0.2m-77keV-masked.zarr,1,31.39.39,center 16^3 block: 4096/4096 differ from fill (0); 131862 stored bytes,131862
CHUNK_SAMPLE_POPULATED,info,community-uploads/forrest/volcomp/PHerc0139/volumes/20250820105138-2.403um-0.2m-77keV-masked.zarr,1,48.64.64,center 16^3 block: 4028/4096 differ from fill (0); 160785 stored bytes,168982
CHUNK_SAMPLE_POPULATED,info,community-uploads/forrest/volcomp/PHerc0139/volumes/20250820105138-2.403um-0.2m-77keV-masked.zarr,1,52.64.64,center 16^3 block: 4084/4096 differ from fill (0); 177895 stored bytes,177895
CHUNK_SAMPLE_POPULATED,info,community-uploads/forrest/volcomp/PHerc0139/volumes/20250820105138-2.403um-0.2m-77keV-masked.zarr,1,55.71.71,center 16^3 block: 4096/4096 differ from fill (0); 114161 stored bytes,114161
CHUNK_SAMPLE_MISSING,info,community-uploads/forrest/volcomp/PHerc0139/volumes/20250820105138-2.403um-0.2m-77keV-masked.zarr,1,9.12.12,shard object absent (reads as fill),0
CHUNK_SAMPLE_MISSING,info,community-uploads/forrest/volcomp/PHerc0139/volumes/20250820105138-2.403um-0.2m-77keV-masked.zarr,2,0.0.0,shard object absent (reads as fill),0
CHUNK_SAMPLE_POPULATED,info,community-uploads/forrest/volcomp/PHerc0139/volumes/20250820105138-2.403um-0.2m-77keV-masked.zarr,2,8.32.32,center 16^3 block: 4096/4096 differ from fill (0); 317218 stored bytes,325415
CHUNK_SAMPLE_POPULATED,info,community-uploads/forrest/volcomp/PHerc0139/volumes/20250820105138-2.403um-0.2m-77keV-masked.zarr,2,12.32.32,center 16^3 block: 4096/4096 differ from fill (0); 254004 stored bytes,254004
CHUNK_SAMPLE_MISSING,info,community-uploads/forrest/volcomp/PHerc0139/volumes/20250820105138-2.403um-0.2m-77keV-masked.zarr,2,15.39.39,inner chunk absent from shard index,0
CHUNK_SAMPLE_POPULATED,info,community-uploads/forrest/volcomp/PHerc0139/volumes/20250820105138-2.403um-0.2m-77keV-masked.zarr,2,24.16.16,center 16^3 block: 4096/4096 differ from fill (0); 483112 stored bytes,491309
CHUNK_SAMPLE_POPULATED,info,community-uploads/forrest/volcomp/PHerc0139/volumes/20250820105138-2.403um-0.2m-77keV-masked.zarr,2,28.16.16,29048/2097152 valid voxels differ from fill (0); 4502 stored bytes,4502
CHUNK_SAMPLE_POPULATED,info,community-uploads/forrest/volcomp/PHerc0139/volumes/20250820105138-2.403um-0.2m-77keV-masked.zarr,2,31.23.23,center 16^3 block: 4096/4096 differ from fill (0); 447331 stored bytes,447331
CHUNK_SAMPLE_MISSING,info,community-uploads/forrest/volcomp/PHerc0139/volumes/20250820105138-2.403um-0.2m-77keV-masked.zarr,2,4.6.6,shard object absent (reads as fill),0
CHUNK_SAMPLE_MISSING,info,community-uploads/forrest/volcomp/PHerc0139/volumes/20250820105138-2.403um-0.2m-77keV-masked.zarr,3,0.0.0,inner chunk absent from shard index,0
CHUNK_SAMPLE_MISSING,info,community-uploads/forrest/volcomp/PHerc0139/volumes/20250820105138-2.403um-0.2m-77keV-masked.zarr,3,4.0.0,inner chunk absent from shard index,0
CHUNK_SAMPLE_POPULATED,info,community-uploads/forrest/volcomp/PHerc0139/volumes/20250820105138-2.403um-0.2m-77keV-masked.zarr,3,7.7.7,center 16^3 block: 4096/4096 differ from fill (0); 663409 stored bytes,671606
CHUNK_SAMPLE_MISSING,info,community-uploads/forrest/volcomp/PHerc0139/volumes/20250820105138-2.403um-0.2m-77keV-masked.zarr,3,8.0.0,inner chunk absent from shard index,0
CHUNK_SAMPLE_MISSING,info,community-uploads/forrest/volcomp/PHerc0139/volumes/20250820105138-2.403um-0.2m-77keV-masked.zarr,3,12.0.0,inner chunk absent from shard index,0
CHUNK_SAMPLE_MISSING,info,community-uploads/forrest/volcomp/PHerc0139/volumes/20250820105138-2.403um-0.2m-77keV-masked.zarr,3,15.7.7,inner chunk absent from shard index,0
CHUNK_SAMPLE_MISSING,info,community-uploads/forrest/volcomp/PHerc0139/volumes/20250820105138-2.403um-0.2m-77keV-masked.zarr,3,1.3.3,shard object absent (reads as fill),0
CHUNK_SAMPLE_MISSING,info,community-uploads/forrest/volcomp/PHerc0139/volumes/20250820105138-2.403um-0.2m-77keV-masked.zarr,3,2.3.3,shard object absent (reads as fill),0
CHUNK_SAMPLE_MISSING,info,community-uploads/forrest/volcomp/PHerc0139/volumes/20250820105138-2.403um-0.2m-77keV-masked.zarr,4,0.0.0,inner chunk absent from shard index,0
CHUNK_SAMPLE_MISSING,info,community-uploads/forrest/volcomp/PHerc0139/volumes/20250820105138-2.403um-0.2m-77keV-masked.zarr,4,4.0.0,inner chunk absent from shard index,0
CHUNK_SAMPLE_POPULATED,info,community-uploads/forrest/volcomp/PHerc0139/volumes/20250820105138-2.403um-0.2m-77keV-masked.zarr,4,7.7.7,center 16^3 block: 4096/4096 differ from fill (0); 700810 stored bytes,709007
CHUNK_SAMPLE_MISSING,info,community-uploads/forrest/volcomp/PHerc0139/volumes/20250820105138-2.403um-0.2m-77keV-masked.zarr,4,0.8.0,inner chunk absent from shard index,0
CHUNK_SAMPLE_MISSING,info,community-uploads/forrest/volcomp/PHerc0139/volumes/20250820105138-2.403um-0.2m-77keV-masked.zarr,4,4.8.0,inner chunk absent from shard index,0
CHUNK_SAMPLE_MISSING,info,community-uploads/forrest/volcomp/PHerc0139/volumes/20250820105138-2.403um-0.2m-77keV-masked.zarr,4,7.12.7,inner chunk absent from shard index,0
CHUNK_SAMPLE_MISSING,info,community-uploads/forrest/volcomp/PHerc0139/volumes/20250820105138-2.403um-0.2m-77keV-masked.zarr,4,8.0.8,inner chunk absent from shard index,0
CHUNK_SAMPLE_MISSING,info,community-uploads/forrest/volcomp/PHerc0139/volumes/20250820105138-2.403um-0.2m-77keV-masked.zarr,4,9.0.8,inner chunk absent from shard index,0
CHUNK_SAMPLE_MISSING,info,community-uploads/forrest/volcomp/PHerc0139/volumes/20250820105138-2.403um-0.2m-77keV-masked.zarr,4,9.7.12,inner chunk absent from shard index,0
CHUNK_SAMPLE_MISSING,info,community-uploads/forrest/volcomp/PHerc0139/volumes/20250820105138-2.403um-0.2m-77keV-masked.zarr,4,8.8.8,inner chunk absent from shard index,0
CHUNK_SAMPLE_MISSING,info,community-uploads/forrest/volcomp/PHerc0139/volumes/20250820105138-2.403um-0.2m-77keV-masked.zarr,4,8.12.12,inner chunk absent from shard index,0
CHUNK_SAMPLE_MISSING,info,community-uploads/forrest/volcomp/PHerc0139/volumes/20250820105138-2.403um-0.2m-77keV-masked.zarr,4,9.12.12,inner chunk absent from shard index,0
CHUNK_SAMPLE_POPULATED,info,community-uploads/forrest/volcomp/PHerc0139/volumes/20250820105138-2.403um-0.2m-77keV-masked.zarr,5,0.0.0,center 16^3 block: 4096/4096 differ from fill (0); 597383 stored bytes,601308
CHUNK_SAMPLE_MISSING,info,community-uploads/forrest/volcomp/PHerc0139/volumes/20250820105138-2.403um-0.2m-77keV-masked.zarr,5,2.3.3,inner chunk absent from shard index,0
CHUNK_SAMPLE_MISSING,info,community-uploads/forrest/volcomp/PHerc0139/volumes/20250820105138-2.403um-0.2m-77keV-masked.zarr,5,4.6.6,inner chunk absent from shard index,0
CHUNK_SAMPLE_MISSING,info,community-uploads/forrest/volcomp/PHerc0139/volumes/20260413113053-1.129um-0.2m-59keV-masked.zarr,0,0.0.0,shard object absent (reads as fill),0
CHUNK_SAMPLE_MISSING,info,community-uploads/forrest/volcomp/PHerc0139/volumes/20260413113053-1.129um-0.2m-59keV-masked.zarr,0,6.12.0,shard object absent (reads as fill),0
CHUNK_SAMPLE_POPULATED,info,community-uploads/forrest/volcomp/PHerc0139/volumes/20260413113053-1.129um-0.2m-59keV-masked.zarr,0,96.184.248,center 16^3 block: 4096/4096 differ from fill (0); 9533 stored bytes,14658
CHUNK_SAMPLE_POPULATED,info,community-uploads/forrest/volcomp/PHerc0139/volumes/20260413113053-1.129um-0.2m-59keV-masked.zarr,0,100.184.248,405441/2097152 valid voxels differ from fill (0); 6541 stored bytes,6541
CHUNK_SAMPLE_MISSING,info,community-uploads/forrest/volcomp/PHerc0139/volumes/20260413113053-1.129um-0.2m-59keV-masked.zarr,0,103.191.252,inner chunk absent from shard index,0
CHUNK_SAMPLE_MISSING,info,community-uploads/forrest/volcomp/PHerc0139/volumes/20260413113053-1.129um-0.2m-59keV-masked.zarr,0,18.35.31,shard object absent (reads as fill),0
CHUNK_SAMPLE_MISSING,info,community-uploads/forrest/volcomp/PHerc0139/volumes/20260413113053-1.129um-0.2m-59keV-masked.zarr,1,0.0.0,shard object absent (reads as fill),0
CHUNK_SAMPLE_MISSING,info,community-uploads/forrest/volcomp/PHerc0139/volumes/20260413113053-1.129um-0.2m-59keV-masked.zarr,1,24.48.0,inner chunk absent from shard index,0
CHUNK_SAMPLE_MISSING,info,community-uploads/forrest/volcomp/PHerc0139/volumes/20260413113053-1.129um-0.2m-59keV-masked.zarr,1,28.48.0,inner chunk absent from shard index,0
CHUNK_SAMPLE_POPULATED,info,community-uploads/forrest/volcomp/PHerc0139/volumes/20260413113053-1.129um-0.2m-59keV-masked.zarr,1,31.55.7,479260/2097152 valid voxels differ from fill (0); 8132 stored bytes,16329
CHUNK_SAMPLE_POPULATED,info,community-uploads/forrest/volcomp/PHerc0139/volumes/20260413113053-1.129um-0.2m-59keV-masked.zarr,1,48.88.120,center 16^3 block: 4096/4096 differ from fill (0); 30224 stored bytes,37397
CHUNK_SAMPLE_POPULATED,info,community-uploads/forrest/volcomp/PHerc0139/volumes/20260413113053-1.129um-0.2m-59keV-masked.zarr,1,52.88.120,center 16^3 block: 4096/4096 differ from fill (0); 35098 stored bytes,35098
CHUNK_SAMPLE_MISSING,info,community-uploads/forrest/volcomp/PHerc0139/volumes/20260413113053-1.129um-0.2m-59keV-masked.zarr,1,55.95.126,inner chunk absent from shard index,0
CHUNK_SAMPLE_MISSING,info,community-uploads/forrest/volcomp/PHerc0139/volumes/20260413113053-1.129um-0.2m-59keV-masked.zarr,1,9.17.15,shard object absent (reads as fill),0
CHUNK_SAMPLE_MISSING,info,community-uploads/forrest/volcomp/PHerc0139/volumes/20260413113053-1.129um-0.2m-59keV-masked.zarr,2,0.0.0,shard object absent (reads as fill),0
CHUNK_SAMPLE_MISSING,info,community-uploads/forrest/volcomp/PHerc0139/volumes/20260413113053-1.129um-0.2m-59keV-masked.zarr,2,8.48.0,inner chunk absent from shard index,0
CHUNK_SAMPLE_MISSING,info,community-uploads/forrest/volcomp/PHerc0139/volumes/20260413113053-1.129um-0.2m-59keV-masked.zarr,2,12.48.0,inner chunk absent from shard index,0
CHUNK_SAMPLE_POPULATED,info,community-uploads/forrest/volcomp/PHerc0139/volumes/20260413113053-1.129um-0.2m-59keV-masked.zarr,2,15.55.7,center 16^3 block: 4096/4096 differ from fill (0); 107295 stored bytes,115492
CHUNK_SAMPLE_MISSING,info,community-uploads/forrest/volcomp/PHerc0139/volumes/20260413113053-1.129um-0.2m-59keV-masked.zarr,2,24.16.56,inner chunk absent from shard index,0
CHUNK_SAMPLE_MISSING,info,community-uploads/forrest/volcomp/PHerc0139/volumes/20260413113053-1.129um-0.2m-59keV-masked.zarr,2,28.16.56,inner chunk absent from shard index,0
CHUNK_SAMPLE_MISSING,info,community-uploads/forrest/volcomp/PHerc0139/volumes/20260413113053-1.129um-0.2m-59keV-masked.zarr,2,31.23.63,inner chunk absent from shard index,0
CHUNK_SAMPLE_MISSING,info,community-uploads/forrest/volcomp/PHerc0139/volumes/20260413113053-1.129um-0.2m-59keV-masked.zarr,2,4.8.7,shard object absent (reads as fill),0
CHUNK_SAMPLE_MISSING,info,community-uploads/forrest/volcomp/PHerc0139/volumes/20260413113053-1.129um-0.2m-59keV-masked.zarr,3,0.0.0,shard object absent (reads as fill),0
CHUNK_SAMPLE_MISSING,info,community-uploads/forrest/volcomp/PHerc0139/volumes/20260413113053-1.129um-0.2m-59keV-masked.zarr,3,8.0.0,inner chunk absent from shard index,0
CHUNK_SAMPLE_MISSING,info,community-uploads/forrest/volcomp/PHerc0139/volumes/20260413113053-1.129um-0.2m-59keV-masked.zarr,3,12.0.0,inner chunk absent from shard index,0
CHUNK_SAMPLE_POPULATED,info,community-uploads/forrest/volcomp/PHerc0139/volumes/20260413113053-1.129um-0.2m-59keV-masked.zarr,3,15.7.7,24899/2097152 valid voxels differ from fill (0); 5498 stored bytes,13695
CHUNK_SAMPLE_MISSING,info,community-uploads/forrest/volcomp/PHerc0139/volumes/20260413113053-1.129um-0.2m-59keV-masked.zarr,3,1.4.3,shard object absent (reads as fill),0
CHUNK_SAMPLE_MISSING,info,community-uploads/forrest/volcomp/PHerc0139/volumes/20260413113053-1.129um-0.2m-59keV-masked.zarr,3,2.4.3,shard object absent (reads as fill),0
CHUNK_SAMPLE_MISSING,info,community-uploads/forrest/volcomp/PHerc0139/volumes/20260413113053-1.129um-0.2m-59keV-masked.zarr,4,0.0.0,inner chunk absent from shard index,0
CHUNK_SAMPLE_MISSING,info,community-uploads/forrest/volcomp/PHerc0139/volumes/20260413113053-1.129um-0.2m-59keV-masked.zarr,4,4.0.0,inner chunk absent from shard index,0
CHUNK_SAMPLE_POPULATED,info,community-uploads/forrest/volcomp/PHerc0139/volumes/20260413113053-1.129um-0.2m-59keV-masked.zarr,4,7.7.7,center 16^3 block: 4096/4096 differ from fill (0); 508722 stored bytes,516919
CHUNK_SAMPLE_MISSING,info,community-uploads/forrest/volcomp/PHerc0139/volumes/20260413113053-1.129um-0.2m-59keV-masked.zarr,4,0.16.0,inner chunk absent from shard index,0
CHUNK_SAMPLE_MISSING,info,community-uploads/forrest/volcomp/PHerc0139/volumes/20260413113053-1.129um-0.2m-59keV-masked.zarr,4,4.16.0,inner chunk absent from shard index,0
CHUNK_SAMPLE_MISSING,info,community-uploads/forrest/volcomp/PHerc0139/volumes/20260413113053-1.129um-0.2m-59keV-masked.zarr,4,7.17.7,inner chunk absent from shard index,0
CHUNK_SAMPLE_MISSING,info,community-uploads/forrest/volcomp/PHerc0139/volumes/20260413113053-1.129um-0.2m-59keV-masked.zarr,4,8.0.8,inner chunk absent from shard index,0
CHUNK_SAMPLE_MISSING,info,community-uploads/forrest/volcomp/PHerc0139/volumes/20260413113053-1.129um-0.2m-59keV-masked.zarr,4,9.0.8,inner chunk absent from shard index,0
CHUNK_SAMPLE_MISSING,info,community-uploads/forrest/volcomp/PHerc0139/volumes/20260413113053-1.129um-0.2m-59keV-masked.zarr,4,9.7.15,inner chunk absent from shard index,0
CHUNK_SAMPLE_MISSING,info,community-uploads/forrest/volcomp/PHerc0139/volumes/20260413113053-1.129um-0.2m-59keV-masked.zarr,4,8.16.8,inner chunk absent from shard index,0
CHUNK_SAMPLE_MISSING,info,community-uploads/forrest/volcomp/PHerc0139/volumes/20260413113053-1.129um-0.2m-59keV-masked.zarr,4,9.16.8,inner chunk absent from shard index,0
CHUNK_SAMPLE_MISSING,info,community-uploads/forrest/volcomp/PHerc0139/volumes/20260413113053-1.129um-0.2m-59keV-masked.zarr,4,9.17.15,inner chunk absent from shard index,0
CHUNK_SAMPLE_MISSING,info,community-uploads/forrest/volcomp/PHerc0139/volumes/20260413113053-1.129um-0.2m-59keV-masked.zarr,5,0.0.0,inner chunk absent from shard index,0
CHUNK_SAMPLE_MISSING,info,community-uploads/forrest/volcomp/PHerc0139/volumes/20260413113053-1.129um-0.2m-59keV-masked.zarr,5,2.4.0,inner chunk absent from shard index,0
CHUNK_SAMPLE_MISSING,info,community-uploads/forrest/volcomp/PHerc0139/volumes/20260413113053-1.129um-0.2m-59keV-masked.zarr,5,4.7.7,inner chunk absent from shard index,0
CHUNK_SAMPLE_MISSING,info,community-uploads/forrest/volcomp/PHerc0139/volumes/20260413113053-1.129um-0.2m-59keV-masked.zarr,5,0.8.0,inner chunk absent from shard index,0
CHUNK_SAMPLE_MISSING,info,community-uploads/forrest/volcomp/PHerc0139/volumes/20260413113053-1.129um-0.2m-59keV-masked.zarr,5,2.8.4,inner chunk absent from shard index,0
CHUNK_SAMPLE_MISSING,info,community-uploads/forrest/volcomp/PHerc0139/volumes/20260413113053-1.129um-0.2m-59keV-masked.zarr,5,4.8.7,inner chunk absent from shard index,0
CHUNK_SAMPLE_MISSING,info,community-uploads/forrest/volcomp/PHerc0172/volumes/20241024131839-7.910um-53keV-masked.zarr,0,0.0.0,shard object absent (reads as fill),0
CHUNK_SAMPLE_MISSING,info,community-uploads/forrest/volcomp/PHerc0172/volumes/20241024131839-7.910um-53keV-masked.zarr,0,7.0.0,shard object absent (reads as fill),0
CHUNK_SAMPLE_MISSING,info,community-uploads/forrest/volcomp/PHerc0172/volumes/20241024131839-7.910um-53keV-masked.zarr,0,13.6.8,shard object absent (reads as fill),0
CHUNK_SAMPLE_MISSING,info,community-uploads/forrest/volcomp/PHerc0172/volumes/20241024131839-7.910um-53keV-masked.zarr,0,20.6.8,shard object absent (reads as fill),0
CHUNK_SAMPLE_MISSING,info,community-uploads/forrest/volcomp/PHerc0172/volumes/20241024131839-7.910um-53keV-masked.zarr,1,0.0.0,inner chunk absent from shard index,0
CHUNK_SAMPLE_MISSING,info,community-uploads/forrest/volcomp/PHerc0172/volumes/20241024131839-7.910um-53keV-masked.zarr,1,4.0.0,inner chunk absent from shard index,0
CHUNK_SAMPLE_POPULATED,info,community-uploads/forrest/volcomp/PHerc0172/volumes/20241024131839-7.910um-53keV-masked.zarr,1,7.7.7,center 16^3 block: 948/4096 differ from fill (0); 47083 stored bytes,55280
CHUNK_SAMPLE_POPULATED,info,community-uploads/forrest/volcomp/PHerc0172/volumes/20241024131839-7.910um-53keV-masked.zarr,1,24.16.24,center 16^3 block: 4083/4096 differ from fill (0); 237061 stored bytes,245258
CHUNK_SAMPLE_POPULATED,info,community-uploads/forrest/volcomp/PHerc0172/volumes/20241024131839-7.910um-53keV-masked.zarr,1,28.16.24,center 16^3 block: 4096/4096 differ from fill (0); 229437 stored bytes,229437
CHUNK_SAMPLE_MISSING,info,community-uploads/forrest/volcomp/PHerc0172/volumes/20241024131839-7.910um-53keV-masked.zarr,1,31.23.31,inner chunk absent from shard index,0
CHUNK_SAMPLE_POPULATED,info,community-uploads/forrest/volcomp/PHerc0172/volumes/20241024131839-7.910um-53keV-masked.zarr,1,56.8.8,center 16^3 block: 4096/4096 differ from fill (0); 183141 stored bytes,191338
CHUNK_SAMPLE_POPULATED,info,community-uploads/forrest/volcomp/PHerc0172/volumes/20241024131839-7.910um-53keV-masked.zarr,1,60.8.8,center 16^3 block: 4095/4096 differ from fill (0); 222469 stored bytes,222469
CHUNK_SAMPLE_POPULATED,info,community-uploads/forrest/volcomp/PHerc0172/volumes/20241024131839-7.910um-53keV-masked.zarr,1,63.15.15,center 16^3 block: 4096/4096 differ from fill (0); 246568 stored bytes,246568
CHUNK_SAMPLE_MISSING,info,community-uploads/forrest/volcomp/PHerc0172/volumes/20241024131839-7.910um-53keV-masked.zarr,1,10.3.4,shard object absent (reads as fill),0
CHUNK_SAMPLE_MISSING,info,community-uploads/forrest/volcomp/PHerc0172/volumes/20241024131839-7.910um-53keV-masked.zarr,2,0.0.0,inner chunk absent from shard index,0
CHUNK_SAMPLE_MISSING,info,community-uploads/forrest/volcomp/PHerc0172/volumes/20241024131839-7.910um-53keV-masked.zarr,2,4.0.0,inner chunk absent from shard index,0
CHUNK_SAMPLE_POPULATED,info,community-uploads/forrest/volcomp/PHerc0172/volumes/20241024131839-7.910um-53keV-masked.zarr,2,7.7.7,center 16^3 block: 4096/4096 differ from fill (0); 515902 stored bytes,524099
CHUNK_SAMPLE_MISSING,info,community-uploads/forrest/volcomp/PHerc0172/volumes/20241024131839-7.910um-53keV-masked.zarr,2,16.0.0,inner chunk absent from shard index,0
CHUNK_SAMPLE_MISSING,info,community-uploads/forrest/volcomp/PHerc0172/volumes/20241024131839-7.910um-53keV-masked.zarr,2,20.0.0,inner chunk absent from shard index,0
CHUNK_SAMPLE_POPULATED,info,community-uploads/forrest/volcomp/PHerc0172/volumes/20241024131839-7.910um-53keV-masked.zarr,2,23.7.7,center 16^3 block: 4096/4096 differ from fill (0); 495898 stored bytes,504095
CHUNK_SAMPLE_MISSING,info,community-uploads/forrest/volcomp/PHerc0172/volumes/20241024131839-7.910um-53keV-masked.zarr,2,3.1.2,shard object absent (reads as fill),0
CHUNK_SAMPLE_MISSING,info,community-uploads/forrest/volcomp/PHerc0172/volumes/20241024131839-7.910um-53keV-masked.zarr,2,5.1.2,shard object absent (reads as fill),0
CHUNK_SAMPLE_MISSING,info,community-uploads/forrest/volcomp/PHerc0172/volumes/20241024131839-7.910um-53keV-masked.zarr,3,0.0.0,inner chunk absent from shard index,0
CHUNK_SAMPLE_MISSING,info,community-uploads/forrest/volcomp/PHerc0172/volumes/20241024131839-7.910um-53keV-masked.zarr,3,4.0.0,inner chunk absent from shard index,0
CHUNK_SAMPLE_MISSING,info,community-uploads/forrest/volcomp/PHerc0172/volumes/20241024131839-7.910um-53keV-masked.zarr,3,7.6.7,inner chunk absent from shard index,0
CHUNK_SAMPLE_MISSING,info,community-uploads/forrest/volcomp/PHerc0172/volumes/20241024131839-7.910um-53keV-masked.zarr,3,8.0.0,inner chunk absent from shard index,0
CHUNK_SAMPLE_POPULATED,info,community-uploads/forrest/volcomp/PHerc0172/volumes/20241024131839-7.910um-53keV-masked.zarr,3,12.0.0,284207/2097152 valid voxels differ from fill (0); 102152 stored bytes,109325
CHUNK_SAMPLE_MISSING,info,community-uploads/forrest/volcomp/PHerc0172/volumes/20241024131839-7.910um-53keV-masked.zarr,3,15.6.7,inner chunk absent from shard index,0
CHUNK_SAMPLE_MISSING,info,community-uploads/forrest/volcomp/PHerc0172/volumes/20241024131839-7.910um-53keV-masked.zarr,3,8.0.8,inner chunk absent from shard index,0
CHUNK_SAMPLE_MISSING,info,community-uploads/forrest/volcomp/PHerc0172/volumes/20241024131839-7.910um-53keV-masked.zarr,3,12.0.8,inner chunk absent from shard index,0
CHUNK_SAMPLE_MISSING,info,community-uploads/forrest/volcomp/PHerc0172/volumes/20241024131839-7.910um-53keV-masked.zarr,3,15.6.8,inner chunk absent from shard index,0
CHUNK_SAMPLE_MISSING,info,community-uploads/forrest/volcomp/PHerc0172/volumes/20241024131839-7.910um-53keV-masked.zarr,3,16.0.8,inner chunk absent from shard index,0
CHUNK_SAMPLE_MISSING,info,community-uploads/forrest/volcomp/PHerc0172/volumes/20241024131839-7.910um-53keV-masked.zarr,3,18.3.8,inner chunk absent from shard index,0
CHUNK_SAMPLE_MISSING,info,community-uploads/forrest/volcomp/PHerc0172/volumes/20241024131839-7.910um-53keV-masked.zarr,3,20.6.8,inner chunk absent from shard index,0
CHUNK_SAMPLE_MISSING,info,community-uploads/forrest/volcomp/PHerc0172/volumes/20241024131839-7.910um-53keV-masked.zarr,4,0.0.0,inner chunk absent from shard index,0
CHUNK_SAMPLE_MISSING,info,community-uploads/forrest/volcomp/PHerc0172/volumes/20241024131839-7.910um-53keV-masked.zarr,4,4.0.0,inner chunk absent from shard index,0
CHUNK_SAMPLE_MISSING,info,community-uploads/forrest/volcomp/PHerc0172/volumes/20241024131839-7.910um-53keV-masked.zarr,4,7.3.4,inner chunk absent from shard index,0
CHUNK_SAMPLE_MISSING,info,community-uploads/forrest/volcomp/PHerc0172/volumes/20241024131839-7.910um-53keV-masked.zarr,4,8.0.0,inner chunk absent from shard index,0
CHUNK_SAMPLE_MISSING,info,community-uploads/forrest/volcomp/PHerc0172/volumes/20241024131839-7.910um-53keV-masked.zarr,4,9.2.0,inner chunk absent from shard index,0
CHUNK_SAMPLE_MISSING,info,community-uploads/forrest/volcomp/PHerc0172/volumes/20241024131839-7.910um-53keV-masked.zarr,4,10.3.4,inner chunk absent from shard index,0
CHUNK_SAMPLE_MISSING,info,community-uploads/forrest/volcomp/PHerc0172/volumes/20241024131839-7.910um-53keV-masked.zarr,5,0.0.0,inner chunk absent from shard index,0
CHUNK_SAMPLE_MISSING,info,community-uploads/forrest/volcomp/PHerc0172/volumes/20241024131839-7.910um-53keV-masked.zarr,5,3.0.0,inner chunk absent from shard index,0
CHUNK_SAMPLE_MISSING,info,community-uploads/forrest/volcomp/PHerc0172/volumes/20241024131839-7.910um-53keV-masked.zarr,5,5.1.2,inner chunk absent from shard index,0
CHUNK_SAMPLE_MISSING,info,community-uploads/forrest/volcomp/PHerc0139/volumes/20260319133554-2.403um-0.2m-77keV-masked.zarr,0,0.0.0,shard object absent (reads as fill),0
CHUNK_SAMPLE_POPULATED,info,community-uploads/forrest/volcomp/PHerc0139/volumes/20260319133554-2.403um-0.2m-77keV-masked.zarr,0,48.64.136,center 16^3 block: 4091/4096 differ from fill (0); 39020 stored bytes,47217
CHUNK_SAMPLE_POPULATED,info,community-uploads/forrest/volcomp/PHerc0139/volumes/20260319133554-2.403um-0.2m-77keV-masked.zarr,0,52.64.136,center 16^3 block: 3671/4096 differ from fill (0); 49089 stored bytes,49089
CHUNK_SAMPLE_POPULATED,info,community-uploads/forrest/volcomp/PHerc0139/volumes/20260319133554-2.403um-0.2m-77keV-masked.zarr,0,55.71.143,1126989/2097152 valid voxels differ from fill (0); 9675 stored bytes,9675
CHUNK_SAMPLE_POPULATED,info,community-uploads/forrest/volcomp/PHerc0139/volumes/20260319133554-2.403um-0.2m-77keV-masked.zarr,0,96.136.64,center 16^3 block: 3931/4096 differ from fill (0); 45161 stored bytes,53358
CHUNK_SAMPLE_POPULATED,info,community-uploads/forrest/volcomp/PHerc0139/volumes/20260319133554-2.403um-0.2m-77keV-masked.zarr,0,100.136.64,center 16^3 block: 4096/4096 differ from fill (0); 11649 stored bytes,11649
CHUNK_SAMPLE_POPULATED,info,community-uploads/forrest/volcomp/PHerc0139/volumes/20260319133554-2.403um-0.2m-77keV-masked.zarr,0,103.143.71,center 16^3 block: 4096/4096 differ from fill (0); 21453 stored bytes,21453
CHUNK_SAMPLE_MISSING,info,community-uploads/forrest/volcomp/PHerc0139/volumes/20260319133554-2.403um-0.2m-77keV-masked.zarr,0,18.25.25,shard object absent (reads as fill),0
CHUNK_SAMPLE_MISSING,info,community-uploads/forrest/volcomp/PHerc0139/volumes/20260319133554-2.403um-0.2m-77keV-masked.zarr,1,0.0.0,shard object absent (reads as fill),0
CHUNK_SAMPLE_POPULATED,info,community-uploads/forrest/volcomp/PHerc0139/volumes/20260319133554-2.403um-0.2m-77keV-masked.zarr,1,24.32.32,center 16^3 block: 4059/4096 differ from fill (0); 158960 stored bytes,167157
CHUNK_SAMPLE_POPULATED,info,community-uploads/forrest/volcomp/PHerc0139/volumes/20260319133554-2.403um-0.2m-77keV-masked.zarr,1,28.32.32,center 16^3 block: 4088/4096 differ from fill (0); 144755 stored bytes,144755
CHUNK_SAMPLE_POPULATED,info,community-uploads/forrest/volcomp/PHerc0139/volumes/20260319133554-2.403um-0.2m-77keV-masked.zarr,1,31.39.39,center 16^3 block: 4096/4096 differ from fill (0); 109805 stored bytes,109805
CHUNK_SAMPLE_POPULATED,info,community-uploads/forrest/volcomp/PHerc0139/volumes/20260319133554-2.403um-0.2m-77keV-masked.zarr,1,48.64.64,center 16^3 block: 4030/4096 differ from fill (0); 133963 stored bytes,142160
CHUNK_SAMPLE_POPULATED,info,community-uploads/forrest/volcomp/PHerc0139/volumes/20260319133554-2.403um-0.2m-77keV-masked.zarr,1,52.64.64,center 16^3 block: 4087/4096 differ from fill (0); 148185 stored bytes,148185
CHUNK_SAMPLE_POPULATED,info,community-uploads/forrest/volcomp/PHerc0139/volumes/20260319133554-2.403um-0.2m-77keV-masked.zarr,1,55.71.71,center 16^3 block: 4095/4096 differ from fill (0); 95228 stored bytes,95228
CHUNK_SAMPLE_MISSING,info,community-uploads/forrest/volcomp/PHerc0139/volumes/20260319133554-2.403um-0.2m-77keV-masked.zarr,1,9.12.12,shard object absent (reads as fill),0
CHUNK_SAMPLE_MISSING,info,community-uploads/forrest/volcomp/PHerc0139/volumes/20260319133554-2.403um-0.2m-77keV-masked.zarr,2,0.0.0,shard object absent (reads as fill),0
CHUNK_SAMPLE_POPULATED,info,community-uploads/forrest/volcomp/PHerc0139/volumes/20260319133554-2.403um-0.2m-77keV-masked.zarr,2,8.32.32,center 16^3 block: 4096/4096 differ from fill (0); 261963 stored bytes,270160
CHUNK_SAMPLE_POPULATED,info,community-uploads/forrest/volcomp/PHerc0139/volumes/20260319133554-2.403um-0.2m-77keV-masked.zarr,2,12.32.32,center 16^3 block: 4096/4096 differ from fill (0); 208652 stored bytes,208652
CHUNK_SAMPLE_MISSING,info,community-uploads/forrest/volcomp/PHerc0139/volumes/20260319133554-2.403um-0.2m-77keV-masked.zarr,2,15.39.39,inner chunk absent from shard index,0
CHUNK_SAMPLE_POPULATED,info,community-uploads/forrest/volcomp/PHerc0139/volumes/20260319133554-2.403um-0.2m-77keV-masked.zarr,2,24.16.16,center 16^3 block: 4096/4096 differ from fill (0); 407736 stored bytes,415933
CHUNK_SAMPLE_POPULATED,info,community-uploads/forrest/volcomp/PHerc0139/volumes/20260319133554-2.403um-0.2m-77keV-masked.zarr,2,28.16.16,355479/2097152 valid voxels differ from fill (0); 20176 stored bytes,20176
CHUNK_SAMPLE_POPULATED,info,community-uploads/forrest/volcomp/PHerc0139/volumes/20260319133554-2.403um-0.2m-77keV-masked.zarr,2,31.23.23,center 16^3 block: 4096/4096 differ from fill (0); 374797 stored bytes,374797
CHUNK_SAMPLE_MISSING,info,community-uploads/forrest/volcomp/PHerc0139/volumes/20260319133554-2.403um-0.2m-77keV-masked.zarr,2,4.6.6,shard object absent (reads as fill),0
CHUNK_SAMPLE_MISSING,info,community-uploads/forrest/volcomp/PHerc0139/volumes/20260319133554-2.403um-0.2m-77keV-masked.zarr,3,0.0.0,inner chunk absent from shard index,0
CHUNK_SAMPLE_MISSING,info,community-uploads/forrest/volcomp/PHerc0139/volumes/20260319133554-2.403um-0.2m-77keV-masked.zarr,3,4.0.0,inner chunk absent from shard index,0
CHUNK_SAMPLE_POPULATED,info,community-uploads/forrest/volcomp/PHerc0139/volumes/20260319133554-2.403um-0.2m-77keV-masked.zarr,3,7.7.7,center 16^3 block: 4094/4096 differ from fill (0); 613190 stored bytes,621387
CHUNK_SAMPLE_MISSING,info,community-uploads/forrest/volcomp/PHerc0139/volumes/20260319133554-2.403um-0.2m-77keV-masked.zarr,3,8.0.0,inner chunk absent from shard index,0
CHUNK_SAMPLE_MISSING,info,community-uploads/forrest/volcomp/PHerc0139/volumes/20260319133554-2.403um-0.2m-77keV-masked.zarr,3,12.0.0,inner chunk absent from shard index,0
CHUNK_SAMPLE_MISSING,info,community-uploads/forrest/volcomp/PHerc0139/volumes/20260319133554-2.403um-0.2m-77keV-masked.zarr,3,15.7.7,inner chunk absent from shard index,0
CHUNK_SAMPLE_MISSING,info,community-uploads/forrest/volcomp/PHerc0139/volumes/20260319133554-2.403um-0.2m-77keV-masked.zarr,3,1.3.3,shard object absent (reads as fill),0
CHUNK_SAMPLE_MISSING,info,community-uploads/forrest/volcomp/PHerc0139/volumes/20260319133554-2.403um-0.2m-77keV-masked.zarr,3,2.3.3,shard object absent (reads as fill),0
CHUNK_SAMPLE_MISSING,info,community-uploads/forrest/volcomp/PHerc0139/volumes/20260319133554-2.403um-0.2m-77keV-masked.zarr,4,0.0.0,inner chunk absent from shard index,0
CHUNK_SAMPLE_MISSING,info,community-uploads/forrest/volcomp/PHerc0139/volumes/20260319133554-2.403um-0.2m-77keV-masked.zarr,4,4.0.0,inner chunk absent from shard index,0
CHUNK_SAMPLE_POPULATED,info,community-uploads/forrest/volcomp/PHerc0139/volumes/20260319133554-2.403um-0.2m-77keV-masked.zarr,4,7.7.7,center 16^3 block: 4096/4096 differ from fill (0); 609276 stored bytes,617473
CHUNK_SAMPLE_MISSING,info,community-uploads/forrest/volcomp/PHerc0139/volumes/20260319133554-2.403um-0.2m-77keV-masked.zarr,4,0.8.0,inner chunk absent from shard index,0
CHUNK_SAMPLE_MISSING,info,community-uploads/forrest/volcomp/PHerc0139/volumes/20260319133554-2.403um-0.2m-77keV-masked.zarr,4,4.8.0,inner chunk absent from shard index,0
CHUNK_SAMPLE_MISSING,info,community-uploads/forrest/volcomp/PHerc0139/volumes/20260319133554-2.403um-0.2m-77keV-masked.zarr,4,7.12.7,inner chunk absent from shard index,0
CHUNK_SAMPLE_MISSING,info,community-uploads/forrest/volcomp/PHerc0139/volumes/20260319133554-2.403um-0.2m-77keV-masked.zarr,4,8.0.8,inner chunk absent from shard index,0
CHUNK_SAMPLE_MISSING,info,community-uploads/forrest/volcomp/PHerc0139/volumes/20260319133554-2.403um-0.2m-77keV-masked.zarr,4,9.0.8,inner chunk absent from shard index,0
CHUNK_SAMPLE_MISSING,info,community-uploads/forrest/volcomp/PHerc0139/volumes/20260319133554-2.403um-0.2m-77keV-masked.zarr,4,9.7.12,inner chunk absent from shard index,0
CHUNK_SAMPLE_MISSING,info,community-uploads/forrest/volcomp/PHerc0139/volumes/20260319133554-2.403um-0.2m-77keV-masked.zarr,4,8.8.8,inner chunk absent from shard index,0
CHUNK_SAMPLE_MISSING,info,community-uploads/forrest/volcomp/PHerc0139/volumes/20260319133554-2.403um-0.2m-77keV-masked.zarr,4,8.12.12,inner chunk absent from shard index,0
CHUNK_SAMPLE_MISSING,info,community-uploads/forrest/volcomp/PHerc0139/volumes/20260319133554-2.403um-0.2m-77keV-masked.zarr,4,9.12.12,inner chunk absent from shard index,0
CHUNK_SAMPLE_POPULATED,info,community-uploads/forrest/volcomp/PHerc0139/volumes/20260319133554-2.403um-0.2m-77keV-masked.zarr,5,0.0.0,center 16^3 block: 4096/4096 differ from fill (0); 534202 stored bytes,538127
CHUNK_SAMPLE_MISSING,info,community-uploads/forrest/volcomp/PHerc0139/volumes/20260319133554-2.403um-0.2m-77keV-masked.zarr,5,2.3.3,inner chunk absent from shard index,0
CHUNK_SAMPLE_MISSING,info,community-uploads/forrest/volcomp/PHerc0139/volumes/20260319133554-2.403um-0.2m-77keV-masked.zarr,5,4.6.6,inner chunk absent from shard index,0
CHUNK_SAMPLE_MISSING,info,community-uploads/forrest/volcomp/PHerc0139/volumes/20250822062710-2.403um-0.2m-77keV-masked.zarr,0,0.0.0,shard object absent (reads as fill),0
CHUNK_SAMPLE_MISSING,info,community-uploads/forrest/volcomp/PHerc0139/volumes/20250822062710-2.403um-0.2m-77keV-masked.zarr,0,5.0.0,shard object absent (reads as fill),0
CHUNK_SAMPLE_MISSING,info,community-uploads/forrest/volcomp/PHerc0139/volumes/20250822062710-2.403um-0.2m-77keV-masked.zarr,0,9.25.25,shard object absent (reads as fill),0
CHUNK_SAMPLE_MISSING,info,community-uploads/forrest/volcomp/PHerc0139/volumes/20250822062710-2.403um-0.2m-77keV-masked.zarr,0,14.25.25,shard object absent (reads as fill),0
CHUNK_SAMPLE_MISSING,info,community-uploads/forrest/volcomp/PHerc0139/volumes/20250822062710-2.403um-0.2m-77keV-masked.zarr,1,0.0.0,shard object absent (reads as fill),0
CHUNK_SAMPLE_POPULATED,info,community-uploads/forrest/volcomp/PHerc0139/volumes/20250822062710-2.403um-0.2m-77keV-masked.zarr,1,16.64.64,center 16^3 block: 4096/4096 differ from fill (0); 167938 stored bytes,176135
CHUNK_SAMPLE_POPULATED,info,community-uploads/forrest/volcomp/PHerc0139/volumes/20250822062710-2.403um-0.2m-77keV-masked.zarr,1,20.64.64,center 16^3 block: 4096/4096 differ from fill (0); 81111 stored bytes,81111
CHUNK_SAMPLE_POPULATED,info,community-uploads/forrest/volcomp/PHerc0139/volumes/20250822062710-2.403um-0.2m-77keV-masked.zarr,1,23.71.71,center 16^3 block: 4096/4096 differ from fill (0); 125866 stored bytes,125866
CHUNK_SAMPLE_POPULATED,info,community-uploads/forrest/volcomp/PHerc0139/volumes/20250822062710-2.403um-0.2m-77keV-masked.zarr,1,40.32.32,center 16^3 block: 4082/4096 differ from fill (0); 145159 stored bytes,153356
CHUNK_SAMPLE_POPULATED,info,community-uploads/forrest/volcomp/PHerc0139/volumes/20250822062710-2.403um-0.2m-77keV-masked.zarr,1,44.32.32,center 16^3 block: 4094/4096 differ from fill (0); 148217 stored bytes,148217
CHUNK_SAMPLE_POPULATED,info,community-uploads/forrest/volcomp/PHerc0139/volumes/20250822062710-2.403um-0.2m-77keV-masked.zarr,1,47.39.39,center 16^3 block: 4096/4096 differ from fill (0); 158799 stored bytes,158799
CHUNK_SAMPLE_MISSING,info,community-uploads/forrest/volcomp/PHerc0139/volumes/20250822062710-2.403um-0.2m-77keV-masked.zarr,1,7.12.12,shard object absent (reads as fill),0
CHUNK_SAMPLE_MISSING,info,community-uploads/forrest/volcomp/PHerc0139/volumes/20250822062710-2.403um-0.2m-77keV-masked.zarr,2,0.0.0,shard object absent (reads as fill),0
CHUNK_SAMPLE_POPULATED,info,community-uploads/forrest/volcomp/PHerc0139/volumes/20250822062710-2.403um-0.2m-77keV-masked.zarr,2,8.16.16,center 16^3 block: 4096/4096 differ from fill (0); 292456 stored bytes,300653
CHUNK_SAMPLE_POPULATED,info,community-uploads/forrest/volcomp/PHerc0139/volumes/20250822062710-2.403um-0.2m-77keV-masked.zarr,2,12.16.16,center 16^3 block: 4096/4096 differ from fill (0); 416861 stored bytes,416861
CHUNK_SAMPLE_POPULATED,info,community-uploads/forrest/volcomp/PHerc0139/volumes/20250822062710-2.403um-0.2m-77keV-masked.zarr,2,15.23.23,center 16^3 block: 4096/4096 differ from fill (0); 446908 stored bytes,446908
CHUNK_SAMPLE_POPULATED,info,community-uploads/forrest/volcomp/PHerc0139/volumes/20250822062710-2.403um-0.2m-77keV-masked.zarr,2,16.32.32,center 16^3 block: 4092/4096 differ from fill (0); 415996 stored bytes,424193
CHUNK_SAMPLE_POPULATED,info,community-uploads/forrest/volcomp/PHerc0139/volumes/20250822062710-2.403um-0.2m-77keV-masked.zarr,2,20.32.32,center 16^3 block: 4096/4096 differ from fill (0); 408346 stored bytes,408346
CHUNK_SAMPLE_POPULATED,info,community-uploads/forrest/volcomp/PHerc0139/volumes/20250822062710-2.403um-0.2m-77keV-masked.zarr,2,23.39.39,27421/2097152 valid voxels differ from fill (0); 6820 stored bytes,6820
CHUNK_SAMPLE_MISSING,info,community-uploads/forrest/volcomp/PHerc0139/volumes/20250822062710-2.403um-0.2m-77keV-masked.zarr,2,3.6.6,shard object absent (reads as fill),0
CHUNK_SAMPLE_MISSING,info,community-uploads/forrest/volcomp/PHerc0139/volumes/20250822062710-2.403um-0.2m-77keV-masked.zarr,3,0.0.0,inner chunk absent from shard index,0
CHUNK_SAMPLE_MISSING,info,community-uploads/forrest/volcomp/PHerc0139/volumes/20250822062710-2.403um-0.2m-77keV-masked.zarr,3,4.0.0,inner chunk absent from shard index,0
CHUNK_SAMPLE_POPULATED,info,community-uploads/forrest/volcomp/PHerc0139/volumes/20250822062710-2.403um-0.2m-77keV-masked.zarr,3,7.7.7,center 16^3 block: 4096/4096 differ from fill (0); 842669 stored bytes,850866
CHUNK_SAMPLE_POPULATED,info,community-uploads/forrest/volcomp/PHerc0139/volumes/20250822062710-2.403um-0.2m-77keV-masked.zarr,3,0.16.16,center 16^3 block: 4096/4096 differ from fill (0); 845894 stored bytes,854091
CHUNK_SAMPLE_POPULATED,info,community-uploads/forrest/volcomp/PHerc0139/volumes/20250822062710-2.403um-0.2m-77keV-masked.zarr,3,4.16.16,center 16^3 block: 4096/4096 differ from fill (0); 832990 stored bytes,832990
CHUNK_SAMPLE_MISSING,info,community-uploads/forrest/volcomp/PHerc0139/volumes/20250822062710-2.403um-0.2m-77keV-masked.zarr,3,7.23.23,inner chunk absent from shard index,0
CHUNK_SAMPLE_POPULATED,info,community-uploads/forrest/volcomp/PHerc0139/volumes/20250822062710-2.403um-0.2m-77keV-masked.zarr,3,8.8.8,center 16^3 block: 4096/4096 differ from fill (0); 818855 stored bytes,826028
CHUNK_SAMPLE_POPULATED,info,community-uploads/forrest/volcomp/PHerc0139/volumes/20250822062710-2.403um-0.2m-77keV-masked.zarr,3,11.12.8,center 16^3 block: 4096/4096 differ from fill (0); 746257 stored bytes,746257
CHUNK_SAMPLE_MISSING,info,community-uploads/forrest/volcomp/PHerc0139/volumes/20250822062710-2.403um-0.2m-77keV-masked.zarr,3,14.15.15,inner chunk absent from shard index,0
CHUNK_SAMPLE_MISSING,info,community-uploads/forrest/volcomp/PHerc0139/volumes/20250822062710-2.403um-0.2m-77keV-masked.zarr,3,1.3.3,shard object absent (reads as fill),0
CHUNK_SAMPLE_MISSING,info,community-uploads/forrest/volcomp/PHerc0139/volumes/20250822062710-2.403um-0.2m-77keV-masked.zarr,4,0.0.0,inner chunk absent from shard index,0
CHUNK_SAMPLE_MISSING,info,community-uploads/forrest/volcomp/PHerc0139/volumes/20250822062710-2.403um-0.2m-77keV-masked.zarr,4,4.0.0,inner chunk absent from shard index,0
CHUNK_SAMPLE_POPULATED,info,community-uploads/forrest/volcomp/PHerc0139/volumes/20250822062710-2.403um-0.2m-77keV-masked.zarr,4,7.7.7,835584/835584 valid voxels differ from fill (0); 388767 stored bytes,396964
CHUNK_SAMPLE_MISSING,info,community-uploads/forrest/volcomp/PHerc0139/volumes/20250822062710-2.403um-0.2m-77keV-masked.zarr,4,0.0.8,inner chunk absent from shard index,0
CHUNK_SAMPLE_POPULATED,info,community-uploads/forrest/volcomp/PHerc0139/volumes/20250822062710-2.403um-0.2m-77keV-masked.zarr,4,4.0.8,center 16^3 block: 4096/4096 differ from fill (0); 842312 stored bytes,847437
CHUNK_SAMPLE_MISSING,info,community-uploads/forrest/volcomp/PHerc0139/volumes/20250822062710-2.403um-0.2m-77keV-masked.zarr,4,7.7.12,inner chunk absent from shard index,0
CHUNK_SAMPLE_MISSING,info,community-uploads/forrest/volcomp/PHerc0139/volumes/20250822062710-2.403um-0.2m-77keV-masked.zarr,4,0.8.0,inner chunk absent from shard index,0
CHUNK_SAMPLE_MISSING,info,community-uploads/forrest/volcomp/PHerc0139/volumes/20250822062710-2.403um-0.2m-77keV-masked.zarr,4,4.8.0,inner chunk absent from shard index,0
CHUNK_SAMPLE_MISSING,info,community-uploads/forrest/volcomp/PHerc0139/volumes/20250822062710-2.403um-0.2m-77keV-masked.zarr,4,7.12.7,inner chunk absent from shard index,0
CHUNK_SAMPLE_MISSING,info,community-uploads/forrest/volcomp/PHerc0139/volumes/20250822062710-2.403um-0.2m-77keV-masked.zarr,4,0.8.8,inner chunk absent from shard index,0
CHUNK_SAMPLE_MISSING,info,community-uploads/forrest/volcomp/PHerc0139/volumes/20250822062710-2.403um-0.2m-77keV-masked.zarr,4,4.8.8,inner chunk absent from shard index,0
CHUNK_SAMPLE_MISSING,info,community-uploads/forrest/volcomp/PHerc0139/volumes/20250822062710-2.403um-0.2m-77keV-masked.zarr,4,7.12.12,inner chunk absent from shard index,0
CHUNK_SAMPLE_MISSING,info,community-uploads/forrest/volcomp/PHerc0139/volumes/20250822062710-2.403um-0.2m-77keV-masked.zarr,5,0.0.0,inner chunk absent from shard index,0
CHUNK_SAMPLE_MISSING,info,community-uploads/forrest/volcomp/PHerc0139/volumes/20250822062710-2.403um-0.2m-77keV-masked.zarr,5,2.0.0,inner chunk absent from shard index,0
CHUNK_SAMPLE_MISSING,info,community-uploads/forrest/volcomp/PHerc0139/volumes/20250822062710-2.403um-0.2m-77keV-masked.zarr,5,3.6.6,inner chunk absent from shard index,0
CHUNK_SAMPLE_MISSING,info,community-uploads/forrest/volcomp/PHerc0139/volumes/20260319133050-2.403um-0.2m-77keV-masked.zarr,0,0.0.0,shard object absent (reads as fill),0
CHUNK_SAMPLE_MISSING,info,community-uploads/forrest/volcomp/PHerc0139/volumes/20260319133050-2.403um-0.2m-77keV-masked.zarr,0,5.0.0,shard object absent (reads as fill),0
CHUNK_SAMPLE_MISSING,info,community-uploads/forrest/volcomp/PHerc0139/volumes/20260319133050-2.403um-0.2m-77keV-masked.zarr,0,9.25.25,shard object absent (reads as fill),0
CHUNK_SAMPLE_MISSING,info,community-uploads/forrest/volcomp/PHerc0139/volumes/20260319133050-2.403um-0.2m-77keV-masked.zarr,0,14.25.25,shard object absent (reads as fill),0
CHUNK_SAMPLE_MISSING,info,community-uploads/forrest/volcomp/PHerc0139/volumes/20260319133050-2.403um-0.2m-77keV-masked.zarr,1,0.0.0,shard object absent (reads as fill),0
CHUNK_SAMPLE_POPULATED,info,community-uploads/forrest/volcomp/PHerc0139/volumes/20260319133050-2.403um-0.2m-77keV-masked.zarr,1,16.64.64,center 16^3 block: 4096/4096 differ from fill (0); 141139 stored bytes,149336
CHUNK_SAMPLE_POPULATED,info,community-uploads/forrest/volcomp/PHerc0139/volumes/20260319133050-2.403um-0.2m-77keV-masked.zarr,1,20.64.64,center 16^3 block: 4096/4096 differ from fill (0); 66661 stored bytes,66661
CHUNK_SAMPLE_POPULATED,info,community-uploads/forrest/volcomp/PHerc0139/volumes/20260319133050-2.403um-0.2m-77keV-masked.zarr,1,23.71.71,center 16^3 block: 4096/4096 differ from fill (0); 104614 stored bytes,104614
CHUNK_SAMPLE_POPULATED,info,community-uploads/forrest/volcomp/PHerc0139/volumes/20260319133050-2.403um-0.2m-77keV-masked.zarr,1,40.32.32,center 16^3 block: 4081/4096 differ from fill (0); 122301 stored bytes,130498
CHUNK_SAMPLE_POPULATED,info,community-uploads/forrest/volcomp/PHerc0139/volumes/20260319133050-2.403um-0.2m-77keV-masked.zarr,1,44.32.32,center 16^3 block: 4095/4096 differ from fill (0); 124302 stored bytes,124302
CHUNK_SAMPLE_POPULATED,info,community-uploads/forrest/volcomp/PHerc0139/volumes/20260319133050-2.403um-0.2m-77keV-masked.zarr,1,47.39.39,center 16^3 block: 4096/4096 differ from fill (0); 133698 stored bytes,133698
CHUNK_SAMPLE_MISSING,info,community-uploads/forrest/volcomp/PHerc0139/volumes/20260319133050-2.403um-0.2m-77keV-masked.zarr,1,7.12.12,shard object absent (reads as fill),0
CHUNK_SAMPLE_MISSING,info,community-uploads/forrest/volcomp/PHerc0139/volumes/20260319133050-2.403um-0.2m-77keV-masked.zarr,2,0.0.0,shard object absent (reads as fill),0
CHUNK_SAMPLE_POPULATED,info,community-uploads/forrest/volcomp/PHerc0139/volumes/20260319133050-2.403um-0.2m-77keV-masked.zarr,2,8.16.16,center 16^3 block: 4096/4096 differ from fill (0); 242747 stored bytes,250944
CHUNK_SAMPLE_POPULATED,info,community-uploads/forrest/volcomp/PHerc0139/volumes/20260319133050-2.403um-0.2m-77keV-masked.zarr,2,12.16.16,center 16^3 block: 4096/4096 differ from fill (0); 349995 stored bytes,349995
CHUNK_SAMPLE_POPULATED,info,community-uploads/forrest/volcomp/PHerc0139/volumes/20260319133050-2.403um-0.2m-77keV-masked.zarr,2,15.23.23,center 16^3 block: 4096/4096 differ from fill (0); 377270 stored bytes,377270
CHUNK_SAMPLE_POPULATED,info,community-uploads/forrest/volcomp/PHerc0139/volumes/20260319133050-2.403um-0.2m-77keV-masked.zarr,2,16.32.32,center 16^3 block: 4092/4096 differ from fill (0); 348431 stored bytes,356628
CHUNK_SAMPLE_POPULATED,info,community-uploads/forrest/volcomp/PHerc0139/volumes/20260319133050-2.403um-0.2m-77keV-masked.zarr,2,20.32.32,center 16^3 block: 4096/4096 differ from fill (0); 340293 stored bytes,340293
CHUNK_SAMPLE_POPULATED,info,community-uploads/forrest/volcomp/PHerc0139/volumes/20260319133050-2.403um-0.2m-77keV-masked.zarr,2,23.39.39,43712/2097152 valid voxels differ from fill (0); 7448 stored bytes,7448
CHUNK_SAMPLE_MISSING,info,community-uploads/forrest/volcomp/PHerc0139/volumes/20260319133050-2.403um-0.2m-77keV-masked.zarr,2,3.6.6,shard object absent (reads as fill),0
CHUNK_SAMPLE_MISSING,info,community-uploads/forrest/volcomp/PHerc0139/volumes/20260319133050-2.403um-0.2m-77keV-masked.zarr,3,0.0.0,inner chunk absent from shard index,0
CHUNK_SAMPLE_MISSING,info,community-uploads/forrest/volcomp/PHerc0139/volumes/20260319133050-2.403um-0.2m-77keV-masked.zarr,3,4.0.0,inner chunk absent from shard index,0
CHUNK_SAMPLE_POPULATED,info,community-uploads/forrest/volcomp/PHerc0139/volumes/20260319133050-2.403um-0.2m-77keV-masked.zarr,3,7.7.7,center 16^3 block: 4096/4096 differ from fill (0); 749359 stored bytes,757556
CHUNK_SAMPLE_POPULATED,info,community-uploads/forrest/volcomp/PHerc0139/volumes/20260319133050-2.403um-0.2m-77keV-masked.zarr,3,0.16.16,center 16^3 block: 4096/4096 differ from fill (0); 752912 stored bytes,761109
CHUNK_SAMPLE_POPULATED,info,community-uploads/forrest/volcomp/PHerc0139/volumes/20260319133050-2.403um-0.2m-77keV-masked.zarr,3,4.16.16,center 16^3 block: 4096/4096 differ from fill (0); 735798 stored bytes,735798
CHUNK_SAMPLE_MISSING,info,community-uploads/forrest/volcomp/PHerc0139/volumes/20260319133050-2.403um-0.2m-77keV-masked.zarr,3,7.23.23,inner chunk absent from shard index,0
CHUNK_SAMPLE_POPULATED,info,community-uploads/forrest/volcomp/PHerc0139/volumes/20260319133050-2.403um-0.2m-77keV-masked.zarr,3,8.8.8,center 16^3 block: 4096/4096 differ from fill (0); 725400 stored bytes,732573
CHUNK_SAMPLE_POPULATED,info,community-uploads/forrest/volcomp/PHerc0139/volumes/20260319133050-2.403um-0.2m-77keV-masked.zarr,3,11.12.8,center 16^3 block: 4096/4096 differ from fill (0); 655820 stored bytes,655820
CHUNK_SAMPLE_MISSING,info,community-uploads/forrest/volcomp/PHerc0139/volumes/20260319133050-2.403um-0.2m-77keV-masked.zarr,3,14.15.15,inner chunk absent from shard index,0
CHUNK_SAMPLE_MISSING,info,community-uploads/forrest/volcomp/PHerc0139/volumes/20260319133050-2.403um-0.2m-77keV-masked.zarr,3,1.3.3,shard object absent (reads as fill),0
CHUNK_SAMPLE_MISSING,info,community-uploads/forrest/volcomp/PHerc0139/volumes/20260319133050-2.403um-0.2m-77keV-masked.zarr,4,0.0.0,inner chunk absent from shard index,0
CHUNK_SAMPLE_MISSING,info,community-uploads/forrest/volcomp/PHerc0139/volumes/20260319133050-2.403um-0.2m-77keV-masked.zarr,4,4.0.0,inner chunk absent from shard index,0
CHUNK_SAMPLE_POPULATED,info,community-uploads/forrest/volcomp/PHerc0139/volumes/20260319133050-2.403um-0.2m-77keV-masked.zarr,4,7.7.7,835584/835584 valid voxels differ from fill (0); 340927 stored bytes,349124
CHUNK_SAMPLE_MISSING,info,community-uploads/forrest/volcomp/PHerc0139/volumes/20260319133050-2.403um-0.2m-77keV-masked.zarr,4,0.0.8,inner chunk absent from shard index,0
CHUNK_SAMPLE_POPULATED,info,community-uploads/forrest/volcomp/PHerc0139/volumes/20260319133050-2.403um-0.2m-77keV-masked.zarr,4,4.0.8,center 16^3 block: 4096/4096 differ from fill (0); 745742 stored bytes,750867
CHUNK_SAMPLE_MISSING,info,community-uploads/forrest/volcomp/PHerc0139/volumes/20260319133050-2.403um-0.2m-77keV-masked.zarr,4,7.7.12,inner chunk absent from shard index,0
CHUNK_SAMPLE_MISSING,info,community-uploads/forrest/volcomp/PHerc0139/volumes/20260319133050-2.403um-0.2m-77keV-masked.zarr,4,0.8.0,inner chunk absent from shard index,0
CHUNK_SAMPLE_MISSING,info,community-uploads/forrest/volcomp/PHerc0139/volumes/20260319133050-2.403um-0.2m-77keV-masked.zarr,4,4.8.0,inner chunk absent from shard index,0
CHUNK_SAMPLE_MISSING,info,community-uploads/forrest/volcomp/PHerc0139/volumes/20260319133050-2.403um-0.2m-77keV-masked.zarr,4,7.12.7,inner chunk absent from shard index,0
CHUNK_SAMPLE_MISSING,info,community-uploads/forrest/volcomp/PHerc0139/volumes/20260319133050-2.403um-0.2m-77keV-masked.zarr,4,0.8.8,inner chunk absent from shard index,0
CHUNK_SAMPLE_MISSING,info,community-uploads/forrest/volcomp/PHerc0139/volumes/20260319133050-2.403um-0.2m-77keV-masked.zarr,4,4.8.8,inner chunk absent from shard index,0
CHUNK_SAMPLE_MISSING,info,community-uploads/forrest/volcomp/PHerc0139/volumes/20260319133050-2.403um-0.2m-77keV-masked.zarr,4,7.12.12,inner chunk absent from shard index,0
CHUNK_SAMPLE_MISSING,info,community-uploads/forrest/volcomp/PHerc0139/volumes/20260319133050-2.403um-0.2m-77keV-masked.zarr,5,0.0.0,inner chunk absent from shard index,0
CHUNK_SAMPLE_MISSING,info,community-uploads/forrest/volcomp/PHerc0139/volumes/20260319133050-2.403um-0.2m-77keV-masked.zarr,5,2.0.0,inner chunk absent from shard index,0
CHUNK_SAMPLE_MISSING,info,community-uploads/forrest/volcomp/PHerc0139/volumes/20260319133050-2.403um-0.2m-77keV-masked.zarr,5,3.6.6,inner chunk absent from shard index,0
CHUNK_SAMPLE_MISSING,info,community-uploads/forrest/volcomp/PHerc0139/volumes/20260102150214-2.399um-0.2m-78keV-masked.zarr,0,0.0.0,shard object absent (reads as fill),0
CHUNK_SAMPLE_POPULATED,info,community-uploads/forrest/volcomp/PHerc0139/volumes/20260102150214-2.399um-0.2m-78keV-masked.zarr,0,200.64.136,center 16^3 block: 4096/4096 differ from fill (0); 37976 stored bytes,46173
CHUNK_SAMPLE_POPULATED,info,community-uploads/forrest/volcomp/PHerc0139/volumes/20260102150214-2.399um-0.2m-78keV-masked.zarr,0,204.64.136,center 16^3 block: 4096/4096 differ from fill (0); 37909 stored bytes,37909
CHUNK_SAMPLE_POPULATED,info,community-uploads/forrest/volcomp/PHerc0139/volumes/20260102150214-2.399um-0.2m-78keV-masked.zarr,0,207.71.143,center 16^3 block: 4096/4096 differ from fill (0); 35882 stored bytes,35882
CHUNK_SAMPLE_POPULATED,info,community-uploads/forrest/volcomp/PHerc0139/volumes/20260102150214-2.399um-0.2m-78keV-masked.zarr,0,400.136.64,center 16^3 block: 4096/4096 differ from fill (0); 35996 stored bytes,44193
CHUNK_SAMPLE_POPULATED,info,community-uploads/forrest/volcomp/PHerc0139/volumes/20260102150214-2.399um-0.2m-78keV-masked.zarr,0,404.136.64,center 16^3 block: 4096/4096 differ from fill (0); 36534 stored bytes,36534
CHUNK_SAMPLE_POPULATED,info,community-uploads/forrest/volcomp/PHerc0139/volumes/20260102150214-2.399um-0.2m-78keV-masked.zarr,0,407.143.71,center 16^3 block: 4096/4096 differ from fill (0); 26545 stored bytes,26545
CHUNK_SAMPLE_MISSING,info,community-uploads/forrest/volcomp/PHerc0139/volumes/20260102150214-2.399um-0.2m-78keV-masked.zarr,0,75.25.25,shard object absent (reads as fill),0
CHUNK_SAMPLE_MISSING,info,community-uploads/forrest/volcomp/PHerc0139/volumes/20260102150214-2.399um-0.2m-78keV-masked.zarr,1,0.0.0,shard object absent (reads as fill),0
CHUNK_SAMPLE_POPULATED,info,community-uploads/forrest/volcomp/PHerc0139/volumes/20260102150214-2.399um-0.2m-78keV-masked.zarr,1,96.64.64,center 16^3 block: 4096/4096 differ from fill (0); 114788 stored bytes,122985
CHUNK_SAMPLE_POPULATED,info,community-uploads/forrest/volcomp/PHerc0139/volumes/20260102150214-2.399um-0.2m-78keV-masked.zarr,1,100.64.64,center 16^3 block: 4096/4096 differ from fill (0); 113520 stored bytes,113520
CHUNK_SAMPLE_POPULATED,info,community-uploads/forrest/volcomp/PHerc0139/volumes/20260102150214-2.399um-0.2m-78keV-masked.zarr,1,103.71.71,center 16^3 block: 4096/4096 differ from fill (0); 36482 stored bytes,36482
CHUNK_SAMPLE_POPULATED,info,community-uploads/forrest/volcomp/PHerc0139/volumes/20260102150214-2.399um-0.2m-78keV-masked.zarr,1,200.32.32,center 16^3 block: 4096/4096 differ from fill (0); 15618 stored bytes,23815
CHUNK_SAMPLE_POPULATED,info,community-uploads/forrest/volcomp/PHerc0139/volumes/20260102150214-2.399um-0.2m-78keV-masked.zarr,1,204.32.32,center 16^3 block: 3520/4096 differ from fill (0); 17388 stored bytes,17388
CHUNK_SAMPLE_POPULATED,info,community-uploads/forrest/volcomp/PHerc0139/volumes/20260102150214-2.399um-0.2m-78keV-masked.zarr,1,207.39.39,center 16^3 block: 4096/4096 differ from fill (0); 114772 stored bytes,114772
CHUNK_SAMPLE_MISSING,info,community-uploads/forrest/volcomp/PHerc0139/volumes/20260102150214-2.399um-0.2m-78keV-masked.zarr,1,37.12.12,shard object absent (reads as fill),0
CHUNK_SAMPLE_MISSING,info,community-uploads/forrest/volcomp/PHerc0139/volumes/20260102150214-2.399um-0.2m-78keV-masked.zarr,2,0.0.0,shard object absent (reads as fill),0
CHUNK_SAMPLE_POPULATED,info,community-uploads/forrest/volcomp/PHerc0139/volumes/20260102150214-2.399um-0.2m-78keV-masked.zarr,2,48.16.16,center 16^3 block: 1954/4096 differ from fill (0); 114931 stored bytes,123128
CHUNK_SAMPLE_POPULATED,info,community-uploads/forrest/volcomp/PHerc0139/volumes/20260102150214-2.399um-0.2m-78keV-masked.zarr,2,52.16.16,center 16^3 block: 4096/4096 differ from fill (0); 367335 stored bytes,367335
CHUNK_SAMPLE_POPULATED,info,community-uploads/forrest/volcomp/PHerc0139/volumes/20260102150214-2.399um-0.2m-78keV-masked.zarr,2,55.23.23,center 16^3 block: 4096/4096 differ from fill (0); 224252 stored bytes,224252
CHUNK_SAMPLE_POPULATED,info,community-uploads/forrest/volcomp/PHerc0139/volumes/20260102150214-2.399um-0.2m-78keV-masked.zarr,2,96.32.32,center 16^3 block: 4096/4096 differ from fill (0); 407693 stored bytes,415890
CHUNK_SAMPLE_POPULATED,info,community-uploads/forrest/volcomp/PHerc0139/volumes/20260102150214-2.399um-0.2m-78keV-masked.zarr,2,100.32.32,center 16^3 block: 4096/4096 differ from fill (0); 372714 stored bytes,372714
CHUNK_SAMPLE_MISSING,info,community-uploads/forrest/volcomp/PHerc0139/volumes/20260102150214-2.399um-0.2m-78keV-masked.zarr,2,103.39.39,inner chunk absent from shard index,0
CHUNK_SAMPLE_MISSING,info,community-uploads/forrest/volcomp/PHerc0139/volumes/20260102150214-2.399um-0.2m-78keV-masked.zarr,2,18.6.6,shard object absent (reads as fill),0
CHUNK_SAMPLE_MISSING,info,community-uploads/forrest/volcomp/PHerc0139/volumes/20260102150214-2.399um-0.2m-78keV-masked.zarr,3,0.0.0,inner chunk absent from shard index,0
CHUNK_SAMPLE_MISSING,info,community-uploads/forrest/volcomp/PHerc0139/volumes/20260102150214-2.399um-0.2m-78keV-masked.zarr,3,4.0.0,inner chunk absent from shard index,0
CHUNK_SAMPLE_MISSING,info,community-uploads/forrest/volcomp/PHerc0139/volumes/20260102150214-2.399um-0.2m-78keV-masked.zarr,3,7.7.7,inner chunk absent from shard index,0
CHUNK_SAMPLE_POPULATED,info,community-uploads/forrest/volcomp/PHerc0139/volumes/20260102150214-2.399um-0.2m-78keV-masked.zarr,3,24.8.8,center 16^3 block: 4096/4096 differ from fill (0); 590638 stored bytes,598835
CHUNK_SAMPLE_POPULATED,info,community-uploads/forrest/volcomp/PHerc0139/volumes/20260102150214-2.399um-0.2m-78keV-masked.zarr,3,28.8.8,center 16^3 block: 4096/4096 differ from fill (0); 767223 stored bytes,767223
CHUNK_SAMPLE_POPULATED,info,community-uploads/forrest/volcomp/PHerc0139/volumes/20260102150214-2.399um-0.2m-78keV-masked.zarr,3,31.15.15,center 16^3 block: 4096/4096 differ from fill (0); 715761 stored bytes,715761
CHUNK_SAMPLE_POPULATED,info,community-uploads/forrest/volcomp/PHerc0139/volumes/20260102150214-2.399um-0.2m-78keV-masked.zarr,3,48.16.16,center 16^3 block: 4096/4096 differ from fill (0); 814261 stored bytes,822458
CHUNK_SAMPLE_POPULATED,info,community-uploads/forrest/volcomp/PHerc0139/volumes/20260102150214-2.399um-0.2m-78keV-masked.zarr,3,52.16.16,center 16^3 block: 4096/4096 differ from fill (0); 635272 stored bytes,635272
CHUNK_SAMPLE_MISSING,info,community-uploads/forrest/volcomp/PHerc0139/volumes/20260102150214-2.399um-0.2m-78keV-masked.zarr,3,55.23.23,inner chunk absent from shard index,0
CHUNK_SAMPLE_MISSING,info,community-uploads/forrest/volcomp/PHerc0139/volumes/20260102150214-2.399um-0.2m-78keV-masked.zarr,3,9.3.3,shard object absent (reads as fill),0
CHUNK_SAMPLE_MISSING,info,community-uploads/forrest/volcomp/PHerc0139/volumes/20260102150214-2.399um-0.2m-78keV-masked.zarr,4,0.0.0,inner chunk absent from shard index,0
CHUNK_SAMPLE_MISSING,info,community-uploads/forrest/volcomp/PHerc0139/volumes/20260102150214-2.399um-0.2m-78keV-masked.zarr,4,4.0.0,inner chunk absent from shard index,0
CHUNK_SAMPLE_POPULATED,info,community-uploads/forrest/volcomp/PHerc0139/volumes/20260102150214-2.399um-0.2m-78keV-masked.zarr,4,7.7.7,center 16^3 block: 4096/4096 differ from fill (0); 674248 stored bytes,682445
CHUNK_SAMPLE_MISSING,info,community-uploads/forrest/volcomp/PHerc0139/volumes/20260102150214-2.399um-0.2m-78keV-masked.zarr,4,8.8.0,inner chunk absent from shard index,0
CHUNK_SAMPLE_MISSING,info,community-uploads/forrest/volcomp/PHerc0139/volumes/20260102150214-2.399um-0.2m-78keV-masked.zarr,4,12.8.0,inner chunk absent from shard index,0
CHUNK_SAMPLE_MISSING,info,community-uploads/forrest/volcomp/PHerc0139/volumes/20260102150214-2.399um-0.2m-78keV-masked.zarr,4,15.12.7,inner chunk absent from shard index,0
CHUNK_SAMPLE_POPULATED,info,community-uploads/forrest/volcomp/PHerc0139/volumes/20260102150214-2.399um-0.2m-78keV-masked.zarr,4,24.0.8,1488/2097152 valid voxels differ from fill (0); 831 stored bytes,5956
CHUNK_SAMPLE_POPULATED,info,community-uploads/forrest/volcomp/PHerc0139/volumes/20260102150214-2.399um-0.2m-78keV-masked.zarr,4,28.0.8,center 16^3 block: 2924/4096 differ from fill (0); 350078 stored bytes,350078
CHUNK_SAMPLE_MISSING,info,community-uploads/forrest/volcomp/PHerc0139/volumes/20260102150214-2.399um-0.2m-78keV-masked.zarr,4,31.7.12,inner chunk absent from shard index,0
CHUNK_SAMPLE_MISSING,info,community-uploads/forrest/volcomp/PHerc0139/volumes/20260102150214-2.399um-0.2m-78keV-masked.zarr,4,32.8.8,inner chunk absent from shard index,0
CHUNK_SAMPLE_MISSING,info,community-uploads/forrest/volcomp/PHerc0139/volumes/20260102150214-2.399um-0.2m-78keV-masked.zarr,4,34.12.12,inner chunk absent from shard index,0
CHUNK_SAMPLE_MISSING,info,community-uploads/forrest/volcomp/PHerc0139/volumes/20260102150214-2.399um-0.2m-78keV-masked.zarr,4,37.12.12,inner chunk absent from shard index,0
CHUNK_SAMPLE_MISSING,info,community-uploads/forrest/volcomp/PHerc0139/volumes/20260102150214-2.399um-0.2m-78keV-masked.zarr,5,0.0.0,inner chunk absent from shard index,0
CHUNK_SAMPLE_MISSING,info,community-uploads/forrest/volcomp/PHerc0139/volumes/20260102150214-2.399um-0.2m-78keV-masked.zarr,5,4.0.0,inner chunk absent from shard index,0
CHUNK_SAMPLE_MISSING,info,community-uploads/forrest/volcomp/PHerc0139/volumes/20260102150214-2.399um-0.2m-78keV-masked.zarr,5,7.6.6,inner chunk absent from shard index,0
CHUNK_SAMPLE_MISSING,info,community-uploads/forrest/volcomp/PHerc0139/volumes/20260102150214-2.399um-0.2m-78keV-masked.zarr,5,8.0.0,inner chunk absent from shard index,0
CHUNK_SAMPLE_MISSING,info,community-uploads/forrest/volcomp/PHerc0139/volumes/20260102150214-2.399um-0.2m-78keV-masked.zarr,5,12.0.0,inner chunk absent from shard index,0
CHUNK_SAMPLE_MISSING,info,community-uploads/forrest/volcomp/PHerc0139/volumes/20260102150214-2.399um-0.2m-78keV-masked.zarr,5,15.6.6,inner chunk absent from shard index,0
CHUNK_SAMPLE_MISSING,info,community-uploads/forrest/volcomp/PHerc0139/volumes/20260102150214-2.399um-0.2m-78keV-masked.zarr,5,16.0.0,inner chunk absent from shard index,0
CHUNK_SAMPLE_MISSING,info,community-uploads/forrest/volcomp/PHerc0139/volumes/20260102150214-2.399um-0.2m-78keV-masked.zarr,5,17.3.3,inner chunk absent from shard index,0
CHUNK_SAMPLE_MISSING,info,community-uploads/forrest/volcomp/PHerc0139/volumes/20260102150214-2.399um-0.2m-78keV-masked.zarr,5,18.6.6,inner chunk absent from shard index,0
CHUNK_SAMPLE_MISSING,info,community-uploads/forrest/volcomp/PHerc0175A/volumes/20250521115057-8.640um-1.2m-116keV-masked.zarr,0,0.0.0,shard object absent (reads as fill),0
CHUNK_SAMPLE_POPULATED,info,community-uploads/forrest/volcomp/PHerc0175A/volumes/20250521115057-8.640um-1.2m-116keV-masked.zarr,0,32.24.24,center 16^3 block: 4096/4096 differ from fill (0); 19194 stored bytes,27391
CHUNK_SAMPLE_POPULATED,info,community-uploads/forrest/volcomp/PHerc0175A/volumes/20250521115057-8.640um-1.2m-116keV-masked.zarr,0,36.24.24,center 16^3 block: 4096/4096 differ from fill (0); 27860 stored bytes,27860
CHUNK_SAMPLE_POPULATED,info,community-uploads/forrest/volcomp/PHerc0175A/volumes/20250521115057-8.640um-1.2m-116keV-masked.zarr,0,39.31.31,center 16^3 block: 4095/4096 differ from fill (0); 67161 stored bytes,67161
CHUNK_SAMPLE_POPULATED,info,community-uploads/forrest/volcomp/PHerc0175A/volumes/20250521115057-8.640um-1.2m-116keV-masked.zarr,0,64.48.48,center 16^3 block: 4096/4096 differ from fill (0); 62815 stored bytes,71012
CHUNK_SAMPLE_POPULATED,info,community-uploads/forrest/volcomp/PHerc0175A/volumes/20250521115057-8.640um-1.2m-116keV-masked.zarr,0,68.48.48,center 16^3 block: 4096/4096 differ from fill (0); 63896 stored bytes,63896
CHUNK_SAMPLE_POPULATED,info,community-uploads/forrest/volcomp/PHerc0175A/volumes/20250521115057-8.640um-1.2m-116keV-masked.zarr,0,71.55.55,center 16^3 block: 4096/4096 differ from fill (0); 69508 stored bytes,69508
CHUNK_SAMPLE_MISSING,info,community-uploads/forrest/volcomp/PHerc0175A/volumes/20250521115057-8.640um-1.2m-116keV-masked.zarr,0,12.9.9,shard object absent (reads as fill),0
CHUNK_SAMPLE_MISSING,info,community-uploads/forrest/volcomp/PHerc0175A/volumes/20250521115057-8.640um-1.2m-116keV-masked.zarr,1,0.0.0,shard object absent (reads as fill),0
CHUNK_SAMPLE_MISSING,info,community-uploads/forrest/volcomp/PHerc0175A/volumes/20250521115057-8.640um-1.2m-116keV-masked.zarr,1,16.8.24,inner chunk absent from shard index,0
CHUNK_SAMPLE_MISSING,info,community-uploads/forrest/volcomp/PHerc0175A/volumes/20250521115057-8.640um-1.2m-116keV-masked.zarr,1,20.8.24,inner chunk absent from shard index,0
CHUNK_SAMPLE_MISSING,info,community-uploads/forrest/volcomp/PHerc0175A/volumes/20250521115057-8.640um-1.2m-116keV-masked.zarr,1,23.15.31,inner chunk absent from shard index,0
CHUNK_SAMPLE_POPULATED,info,community-uploads/forrest/volcomp/PHerc0175A/volumes/20250521115057-8.640um-1.2m-116keV-masked.zarr,1,32.24.8,center 16^3 block: 3960/4096 differ from fill (0); 109171 stored bytes,117368
CHUNK_SAMPLE_POPULATED,info,community-uploads/forrest/volcomp/PHerc0175A/volumes/20250521115057-8.640um-1.2m-116keV-masked.zarr,1,36.24.8,14888/2097152 valid voxels differ from fill (0); 1650 stored bytes,1650
CHUNK_SAMPLE_MISSING,info,community-uploads/forrest/volcomp/PHerc0175A/volumes/20250521115057-8.640um-1.2m-116keV-masked.zarr,1,39.31.15,inner chunk absent from shard index,0
CHUNK_SAMPLE_MISSING,info,community-uploads/forrest/volcomp/PHerc0175A/volumes/20250521115057-8.640um-1.2m-116keV-masked.zarr,1,6.4.4,shard object absent (reads as fill),0
CHUNK_SAMPLE_MISSING,info,community-uploads/forrest/volcomp/PHerc0175A/volumes/20250521115057-8.640um-1.2m-116keV-masked.zarr,2,0.0.0,inner chunk absent from shard index,0
CHUNK_SAMPLE_MISSING,info,community-uploads/forrest/volcomp/PHerc0175A/volumes/20250521115057-8.640um-1.2m-116keV-masked.zarr,2,4.0.0,inner chunk absent from shard index,0
CHUNK_SAMPLE_POPULATED,info,community-uploads/forrest/volcomp/PHerc0175A/volumes/20250521115057-8.640um-1.2m-116keV-masked.zarr,2,7.7.7,center 16^3 block: 4096/4096 differ from fill (0); 450111 stored bytes,458308
CHUNK_SAMPLE_MISSING,info,community-uploads/forrest/volcomp/PHerc0175A/volumes/20250521115057-8.640um-1.2m-116keV-masked.zarr,2,8.8.0,inner chunk absent from shard index,0
CHUNK_SAMPLE_MISSING,info,community-uploads/forrest/volcomp/PHerc0175A/volumes/20250521115057-8.640um-1.2m-116keV-masked.zarr,2,12.8.0,inner chunk absent from shard index,0
CHUNK_SAMPLE_POPULATED,info,community-uploads/forrest/volcomp/PHerc0175A/volumes/20250521115057-8.640um-1.2m-116keV-masked.zarr,2,15.15.7,663880/2097152 valid voxels differ from fill (0); 137273 stored bytes,145470
CHUNK_SAMPLE_MISSING,info,community-uploads/forrest/volcomp/PHerc0175A/volumes/20250521115057-8.640um-1.2m-116keV-masked.zarr,2,16.8.16,inner chunk absent from shard index,0
CHUNK_SAMPLE_MISSING,info,community-uploads/forrest/volcomp/PHerc0175A/volumes/20250521115057-8.640um-1.2m-116keV-masked.zarr,2,20.8.16,inner chunk absent from shard index,0
CHUNK_SAMPLE_MISSING,info,community-uploads/forrest/volcomp/PHerc0175A/volumes/20250521115057-8.640um-1.2m-116keV-masked.zarr,2,23.15.18,inner chunk absent from shard index,0
CHUNK_SAMPLE_MISSING,info,community-uploads/forrest/volcomp/PHerc0175A/volumes/20250521115057-8.640um-1.2m-116keV-masked.zarr,2,3.2.2,shard object absent (reads as fill),0
CHUNK_SAMPLE_MISSING,info,community-uploads/forrest/volcomp/PHerc0175A/volumes/20250521115057-8.640um-1.2m-116keV-masked.zarr,3,0.0.0,inner chunk absent from shard index,0
CHUNK_SAMPLE_MISSING,info,community-uploads/forrest/volcomp/PHerc0175A/volumes/20250521115057-8.640um-1.2m-116keV-masked.zarr,3,4.0.0,inner chunk absent from shard index,0
CHUNK_SAMPLE_MISSING,info,community-uploads/forrest/volcomp/PHerc0175A/volumes/20250521115057-8.640um-1.2m-116keV-masked.zarr,3,7.7.7,inner chunk absent from shard index,0
CHUNK_SAMPLE_MISSING,info,community-uploads/forrest/volcomp/PHerc0175A/volumes/20250521115057-8.640um-1.2m-116keV-masked.zarr,3,0.8.0,inner chunk absent from shard index,0
CHUNK_SAMPLE_MISSING,info,community-uploads/forrest/volcomp/PHerc0175A/volumes/20250521115057-8.640um-1.2m-116keV-masked.zarr,3,4.8.0,inner chunk absent from shard index,0
CHUNK_SAMPLE_MISSING,info,community-uploads/forrest/volcomp/PHerc0175A/volumes/20250521115057-8.640um-1.2m-116keV-masked.zarr,3,7.9.7,inner chunk absent from shard index,0
CHUNK_SAMPLE_MISSING,info,community-uploads/forrest/volcomp/PHerc0175A/volumes/20250521115057-8.640um-1.2m-116keV-masked.zarr,3,8.0.8,inner chunk absent from shard index,0
CHUNK_SAMPLE_MISSING,info,community-uploads/forrest/volcomp/PHerc0175A/volumes/20250521115057-8.640um-1.2m-116keV-masked.zarr,3,10.4.8,inner chunk absent from shard index,0
CHUNK_SAMPLE_MISSING,info,community-uploads/forrest/volcomp/PHerc0175A/volumes/20250521115057-8.640um-1.2m-116keV-masked.zarr,3,12.7.9,inner chunk absent from shard index,0
CHUNK_SAMPLE_MISSING,info,community-uploads/forrest/volcomp/PHerc0175A/volumes/20250521115057-8.640um-1.2m-116keV-masked.zarr,3,1.1.1,shard object absent (reads as fill),0
CHUNK_SAMPLE_POPULATED,info,community-uploads/forrest/volcomp/PHerc0175A/volumes/20250521115057-8.640um-1.2m-116keV-masked.zarr,4,0.0.0,center 16^3 block: 4096/4096 differ from fill (0); 503850 stored bytes,506655
CHUNK_SAMPLE_MISSING,info,community-uploads/forrest/volcomp/PHerc0175A/volumes/20250521115057-8.640um-1.2m-116keV-masked.zarr,4,3.2.2,inner chunk absent from shard index,0
CHUNK_SAMPLE_MISSING,info,community-uploads/forrest/volcomp/PHerc0175A/volumes/20250521115057-8.640um-1.2m-116keV-masked.zarr,4,6.4.4,inner chunk absent from shard index,0
CHUNK_SAMPLE_MISSING,info,community-uploads/forrest/volcomp/PHerc0175A/volumes/20250521115057-8.640um-1.2m-116keV-masked.zarr,5,0.0.0,inner chunk absent from shard index,0
CHUNK_SAMPLE_MISSING,info,community-uploads/forrest/volcomp/PHerc0175A/volumes/20250521115057-8.640um-1.2m-116keV-masked.zarr,5,2.0.0,inner chunk absent from shard index,0
CHUNK_SAMPLE_MISSING,info,community-uploads/forrest/volcomp/PHerc0175A/volumes/20250521115057-8.640um-1.2m-116keV-masked.zarr,5,3.2.2,inner chunk absent from shard index,0
CHUNK_SAMPLE_MISSING,info,community-uploads/forrest/volcomp/PHerc0191/volumes/20250821151635-9.362um-1.2m-113keV-masked.zarr,0,0.0.0,inner chunk absent from shard index,0
CHUNK_SAMPLE_MISSING,info,community-uploads/forrest/volcomp/PHerc0191/volumes/20250821151635-9.362um-1.2m-113keV-masked.zarr,0,4.0.0,inner chunk absent from shard index,0
CHUNK_SAMPLE_MISSING,info,community-uploads/forrest/volcomp/PHerc0191/volumes/20250821151635-9.362um-1.2m-113keV-masked.zarr,0,7.7.7,inner chunk absent from shard index,0
CHUNK_SAMPLE_MISSING,info,community-uploads/forrest/volcomp/PHerc0191/volumes/20250821151635-9.362um-1.2m-113keV-masked.zarr,0,6.3.0,shard object absent (reads as fill),0
CHUNK_SAMPLE_MISSING,info,community-uploads/forrest/volcomp/PHerc0191/volumes/20250821151635-9.362um-1.2m-113keV-masked.zarr,0,12.5.8,shard object absent (reads as fill),0
CHUNK_SAMPLE_MISSING,info,community-uploads/forrest/volcomp/PHerc0191/volumes/20250821151635-9.362um-1.2m-113keV-masked.zarr,0,18.8.8,shard object absent (reads as fill),0
CHUNK_SAMPLE_MISSING,info,community-uploads/forrest/volcomp/PHerc0191/volumes/20250821151635-9.362um-1.2m-113keV-masked.zarr,1,0.0.0,inner chunk absent from shard index,0
CHUNK_SAMPLE_POPULATED,info,community-uploads/forrest/volcomp/PHerc0191/volumes/20250821151635-9.362um-1.2m-113keV-masked.zarr,1,4.0.0,86688/2097152 valid voxels differ from fill (0); 2682 stored bytes,10879
CHUNK_SAMPLE_MISSING,info,community-uploads/forrest/volcomp/PHerc0191/volumes/20250821151635-9.362um-1.2m-113keV-masked.zarr,1,7.7.7,inner chunk absent from shard index,0
CHUNK_SAMPLE_MISSING,info,community-uploads/forrest/volcomp/PHerc0191/volumes/20250821151635-9.362um-1.2m-113keV-masked.zarr,1,24.8.24,inner chunk absent from shard index,0
CHUNK_SAMPLE_MISSING,info,community-uploads/forrest/volcomp/PHerc0191/volumes/20250821151635-9.362um-1.2m-113keV-masked.zarr,1,28.8.24,inner chunk absent from shard index,0
CHUNK_SAMPLE_MISSING,info,community-uploads/forrest/volcomp/PHerc0191/volumes/20250821151635-9.362um-1.2m-113keV-masked.zarr,1,31.15.31,inner chunk absent from shard index,0
CHUNK_SAMPLE_MISSING,info,community-uploads/forrest/volcomp/PHerc0191/volumes/20250821151635-9.362um-1.2m-113keV-masked.zarr,1,48.24.8,inner chunk absent from shard index,0
CHUNK_SAMPLE_MISSING,info,community-uploads/forrest/volcomp/PHerc0191/volumes/20250821151635-9.362um-1.2m-113keV-masked.zarr,1,52.24.8,inner chunk absent from shard index,0
CHUNK_SAMPLE_MISSING,info,community-uploads/forrest/volcomp/PHerc0191/volumes/20250821151635-9.362um-1.2m-113keV-masked.zarr,1,55.31.15,inner chunk absent from shard index,0
CHUNK_SAMPLE_MISSING,info,community-uploads/forrest/volcomp/PHerc0191/volumes/20250821151635-9.362um-1.2m-113keV-masked.zarr,1,9.4.4,shard object absent (reads as fill),0
CHUNK_SAMPLE_MISSING,info,community-uploads/forrest/volcomp/PHerc0191/volumes/20250821151635-9.362um-1.2m-113keV-masked.zarr,2,0.0.0,inner chunk absent from shard index,0
CHUNK_SAMPLE_MISSING,info,community-uploads/forrest/volcomp/PHerc0191/volumes/20250821151635-9.362um-1.2m-113keV-masked.zarr,2,4.0.0,inner chunk absent from shard index,0
CHUNK_SAMPLE_POPULATED,info,community-uploads/forrest/volcomp/PHerc0191/volumes/20250821151635-9.362um-1.2m-113keV-masked.zarr,2,7.7.7,center 16^3 block: 4096/4096 differ from fill (0); 531460 stored bytes,539657
CHUNK_SAMPLE_MISSING,info,community-uploads/forrest/volcomp/PHerc0191/volumes/20250821151635-9.362um-1.2m-113keV-masked.zarr,2,1.2.0,shard object absent (reads as fill),0
CHUNK_SAMPLE_MISSING,info,community-uploads/forrest/volcomp/PHerc0191/volumes/20250821151635-9.362um-1.2m-113keV-masked.zarr,2,3.0.2,shard object absent (reads as fill),0
CHUNK_SAMPLE_MISSING,info,community-uploads/forrest/volcomp/PHerc0191/volumes/20250821151635-9.362um-1.2m-113keV-masked.zarr,2,4.2.2,shard object absent (reads as fill),0
CHUNK_SAMPLE_POPULATED,info,community-uploads/forrest/volcomp/PHerc0191/volumes/20250821151635-9.362um-1.2m-113keV-masked.zarr,3,0.0.0,262224/2097152 valid voxels differ from fill (0); 4384 stored bytes,12581
CHUNK_SAMPLE_MISSING,info,community-uploads/forrest/volcomp/PHerc0191/volumes/20250821151635-9.362um-1.2m-113keV-masked.zarr,3,4.0.0,inner chunk absent from shard index,0
CHUNK_SAMPLE_MISSING,info,community-uploads/forrest/volcomp/PHerc0191/volumes/20250821151635-9.362um-1.2m-113keV-masked.zarr,3,7.7.7,inner chunk absent from shard index,0
CHUNK_SAMPLE_MISSING,info,community-uploads/forrest/volcomp/PHerc0191/volumes/20250821151635-9.362um-1.2m-113keV-masked.zarr,3,8.0.0,inner chunk absent from shard index,0
CHUNK_SAMPLE_MISSING,info,community-uploads/forrest/volcomp/PHerc0191/volumes/20250821151635-9.362um-1.2m-113keV-masked.zarr,3,12.0.0,inner chunk absent from shard index,0
CHUNK_SAMPLE_MISSING,info,community-uploads/forrest/volcomp/PHerc0191/volumes/20250821151635-9.362um-1.2m-113keV-masked.zarr,3,15.7.7,inner chunk absent from shard index,0
CHUNK_SAMPLE_MISSING,info,community-uploads/forrest/volcomp/PHerc0191/volumes/20250821151635-9.362um-1.2m-113keV-masked.zarr,3,1.1.1,shard object absent (reads as fill),0
CHUNK_SAMPLE_MISSING,info,community-uploads/forrest/volcomp/PHerc0191/volumes/20250821151635-9.362um-1.2m-113keV-masked.zarr,3,2.1.1,shard object absent (reads as fill),0
CHUNK_SAMPLE_MISSING,info,community-uploads/forrest/volcomp/PHerc0191/volumes/20250821151635-9.362um-1.2m-113keV-masked.zarr,4,0.0.0,inner chunk absent from shard index,0
CHUNK_SAMPLE_MISSING,info,community-uploads/forrest/volcomp/PHerc0191/volumes/20250821151635-9.362um-1.2m-113keV-masked.zarr,4,4.0.0,inner chunk absent from shard index,0
CHUNK_SAMPLE_MISSING,info,community-uploads/forrest/volcomp/PHerc0191/volumes/20250821151635-9.362um-1.2m-113keV-masked.zarr,4,7.4.4,inner chunk absent from shard index,0
CHUNK_SAMPLE_MISSING,info,community-uploads/forrest/volcomp/PHerc0191/volumes/20250821151635-9.362um-1.2m-113keV-masked.zarr,4,8.0.0,inner chunk absent from shard index,0
CHUNK_SAMPLE_MISSING,info,community-uploads/forrest/volcomp/PHerc0191/volumes/20250821151635-9.362um-1.2m-113keV-masked.zarr,4,8.4.4,inner chunk absent from shard index,0
CHUNK_SAMPLE_MISSING,info,community-uploads/forrest/volcomp/PHerc0191/volumes/20250821151635-9.362um-1.2m-113keV-masked.zarr,4,9.4.4,inner chunk absent from shard index,0
CHUNK_SAMPLE_MISSING,info,community-uploads/forrest/volcomp/PHerc0191/volumes/20250821151635-9.362um-1.2m-113keV-masked.zarr,5,0.0.0,inner chunk absent from shard index,0
CHUNK_SAMPLE_MISSING,info,community-uploads/forrest/volcomp/PHerc0191/volumes/20250821151635-9.362um-1.2m-113keV-masked.zarr,5,2.1.1,inner chunk absent from shard index,0
CHUNK_SAMPLE_MISSING,info,community-uploads/forrest/volcomp/PHerc0191/volumes/20250821151635-9.362um-1.2m-113keV-masked.zarr,5,4.2.2,inner chunk absent from shard index,0
CHUNK_SAMPLE_MISSING,info,community-uploads/forrest/volcomp/PHerc0211/volumes/20250821151803-9.362um-1.2m-113keV-masked.zarr,0,0.0.0,inner chunk absent from shard index,0
CHUNK_SAMPLE_MISSING,info,community-uploads/forrest/volcomp/PHerc0211/volumes/20250821151803-9.362um-1.2m-113keV-masked.zarr,0,4.0.0,inner chunk absent from shard index,0
CHUNK_SAMPLE_MISSING,info,community-uploads/forrest/volcomp/PHerc0211/volumes/20250821151803-9.362um-1.2m-113keV-masked.zarr,0,7.7.7,inner chunk absent from shard index,0
CHUNK_SAMPLE_MISSING,info,community-uploads/forrest/volcomp/PHerc0211/volumes/20250821151803-9.362um-1.2m-113keV-masked.zarr,0,6.2.5,shard object absent (reads as fill),0
CHUNK_SAMPLE_MISSING,info,community-uploads/forrest/volcomp/PHerc0211/volumes/20250821151803-9.362um-1.2m-113keV-masked.zarr,0,96.40.16,inner chunk absent from shard index,0
CHUNK_SAMPLE_MISSING,info,community-uploads/forrest/volcomp/PHerc0211/volumes/20250821151803-9.362um-1.2m-113keV-masked.zarr,0,100.40.16,inner chunk absent from shard index,0
CHUNK_SAMPLE_MISSING,info,community-uploads/forrest/volcomp/PHerc0211/volumes/20250821151803-9.362um-1.2m-113keV-masked.zarr,0,103.47.23,inner chunk absent from shard index,0
CHUNK_SAMPLE_MISSING,info,community-uploads/forrest/volcomp/PHerc0211/volumes/20250821151803-9.362um-1.2m-113keV-masked.zarr,0,18.7.7,shard object absent (reads as fill),0
CHUNK_SAMPLE_MISSING,info,community-uploads/forrest/volcomp/PHerc0211/volumes/20250821151803-9.362um-1.2m-113keV-masked.zarr,1,0.0.0,inner chunk absent from shard index,0
CHUNK_SAMPLE_MISSING,info,community-uploads/forrest/volcomp/PHerc0211/volumes/20250821151803-9.362um-1.2m-113keV-masked.zarr,1,4.0.0,inner chunk absent from shard index,0
CHUNK_SAMPLE_MISSING,info,community-uploads/forrest/volcomp/PHerc0211/volumes/20250821151803-9.362um-1.2m-113keV-masked.zarr,1,7.7.7,inner chunk absent from shard index,0
CHUNK_SAMPLE_MISSING,info,community-uploads/forrest/volcomp/PHerc0211/volumes/20250821151803-9.362um-1.2m-113keV-masked.zarr,1,24.8.8,inner chunk absent from shard index,0
CHUNK_SAMPLE_MISSING,info,community-uploads/forrest/volcomp/PHerc0211/volumes/20250821151803-9.362um-1.2m-113keV-masked.zarr,1,28.8.8,inner chunk absent from shard index,0
CHUNK_SAMPLE_POPULATED,info,community-uploads/forrest/volcomp/PHerc0211/volumes/20250821151803-9.362um-1.2m-113keV-masked.zarr,1,31.15.15,center 16^3 block: 4096/4096 differ from fill (0); 231307 stored bytes,239504
CHUNK_SAMPLE_POPULATED,info,community-uploads/forrest/volcomp/PHerc0211/volumes/20250821151803-9.362um-1.2m-113keV-masked.zarr,1,48.16.16,center 16^3 block: 4096/4096 differ from fill (0); 231763 stored bytes,239960
CHUNK_SAMPLE_POPULATED,info,community-uploads/forrest/volcomp/PHerc0211/volumes/20250821151803-9.362um-1.2m-113keV-masked.zarr,1,52.16.16,center 16^3 block: 4095/4096 differ from fill (0); 230222 stored bytes,230222
CHUNK_SAMPLE_MISSING,info,community-uploads/forrest/volcomp/PHerc0211/volumes/20250821151803-9.362um-1.2m-113keV-masked.zarr,1,55.23.23,inner chunk absent from shard index,0
CHUNK_SAMPLE_MISSING,info,community-uploads/forrest/volcomp/PHerc0211/volumes/20250821151803-9.362um-1.2m-113keV-masked.zarr,1,9.3.3,shard object absent (reads as fill),0
CHUNK_SAMPLE_MISSING,info,community-uploads/forrest/volcomp/PHerc0211/volumes/20250821151803-9.362um-1.2m-113keV-masked.zarr,2,0.0.0,inner chunk absent from shard index,0
CHUNK_SAMPLE_MISSING,info,community-uploads/forrest/volcomp/PHerc0211/volumes/20250821151803-9.362um-1.2m-113keV-masked.zarr,2,4.0.0,inner chunk absent from shard index,0
CHUNK_SAMPLE_POPULATED,info,community-uploads/forrest/volcomp/PHerc0211/volumes/20250821151803-9.362um-1.2m-113keV-masked.zarr,2,7.7.7,center 16^3 block: 4096/4096 differ from fill (0); 451240 stored bytes,459437
CHUNK_SAMPLE_MISSING,info,community-uploads/forrest/volcomp/PHerc0211/volumes/20250821151803-9.362um-1.2m-113keV-masked.zarr,2,8.8.0,inner chunk absent from shard index,0
CHUNK_SAMPLE_POPULATED,info,community-uploads/forrest/volcomp/PHerc0211/volumes/20250821151803-9.362um-1.2m-113keV-masked.zarr,2,12.8.0,12166/2097152 valid voxels differ from fill (0); 2217 stored bytes,10414
CHUNK_SAMPLE_MISSING,info,community-uploads/forrest/volcomp/PHerc0211/volumes/20250821151803-9.362um-1.2m-113keV-masked.zarr,2,15.15.7,inner chunk absent from shard index,0
CHUNK_SAMPLE_MISSING,info,community-uploads/forrest/volcomp/PHerc0211/volumes/20250821151803-9.362um-1.2m-113keV-masked.zarr,2,24.0.8,inner chunk absent from shard index,0
CHUNK_SAMPLE_MISSING,info,community-uploads/forrest/volcomp/PHerc0211/volumes/20250821151803-9.362um-1.2m-113keV-masked.zarr,2,28.0.8,inner chunk absent from shard index,0
CHUNK_SAMPLE_MISSING,info,community-uploads/forrest/volcomp/PHerc0211/volumes/20250821151803-9.362um-1.2m-113keV-masked.zarr,2,31.7.15,inner chunk absent from shard index,0
CHUNK_SAMPLE_POPULATED,info,community-uploads/forrest/volcomp/PHerc0211/volumes/20250821151803-9.362um-1.2m-113keV-masked.zarr,2,32.8.8,center 16^3 block: 4096/4096 differ from fill (0); 466878 stored bytes,473027
CHUNK_SAMPLE_POPULATED,info,community-uploads/forrest/volcomp/PHerc0211/volumes/20250821151803-9.362um-1.2m-113keV-masked.zarr,2,35.8.8,190848/2097152 valid voxels differ from fill (0); 54555 stored bytes,54555
CHUNK_SAMPLE_MISSING,info,community-uploads/forrest/volcomp/PHerc0211/volumes/20250821151803-9.362um-1.2m-113keV-masked.zarr,2,37.15.15,inner chunk absent from shard index,0
CHUNK_SAMPLE_POPULATED,info,community-uploads/forrest/volcomp/PHerc0211/volumes/20250821151803-9.362um-1.2m-113keV-masked.zarr,3,0.0.0,262144/2097152 valid voxels differ from fill (0); 3999 stored bytes,12196
CHUNK_SAMPLE_MISSING,info,community-uploads/forrest/volcomp/PHerc0211/volumes/20250821151803-9.362um-1.2m-113keV-masked.zarr,3,4.0.0,inner chunk absent from shard index,0
CHUNK_SAMPLE_MISSING,info,community-uploads/forrest/volcomp/PHerc0211/volumes/20250821151803-9.362um-1.2m-113keV-masked.zarr,3,7.7.7,inner chunk absent from shard index,0
CHUNK_SAMPLE_MISSING,info,community-uploads/forrest/volcomp/PHerc0211/volumes/20250821151803-9.362um-1.2m-113keV-masked.zarr,3,8.0.0,inner chunk absent from shard index,0
CHUNK_SAMPLE_MISSING,info,community-uploads/forrest/volcomp/PHerc0211/volumes/20250821151803-9.362um-1.2m-113keV-masked.zarr,3,12.0.0,inner chunk absent from shard index,0
CHUNK_SAMPLE_MISSING,info,community-uploads/forrest/volcomp/PHerc0211/volumes/20250821151803-9.362um-1.2m-113keV-masked.zarr,3,15.7.7,inner chunk absent from shard index,0
CHUNK_SAMPLE_MISSING,info,community-uploads/forrest/volcomp/PHerc0211/volumes/20250821151803-9.362um-1.2m-113keV-masked.zarr,3,16.0.0,inner chunk absent from shard index,0
CHUNK_SAMPLE_MISSING,info,community-uploads/forrest/volcomp/PHerc0211/volumes/20250821151803-9.362um-1.2m-113keV-masked.zarr,3,17.4.0,inner chunk absent from shard index,0
CHUNK_SAMPLE_MISSING,info,community-uploads/forrest/volcomp/PHerc0211/volumes/20250821151803-9.362um-1.2m-113keV-masked.zarr,3,18.7.7,inner chunk absent from shard index,0
CHUNK_SAMPLE_POPULATED,info,community-uploads/forrest/volcomp/PHerc0211/volumes/20250821151803-9.362um-1.2m-113keV-masked.zarr,4,0.0.0,16985/2097152 valid voxels differ from fill (0); 6030 stored bytes,8083
CHUNK_SAMPLE_POPULATED,info,community-uploads/forrest/volcomp/PHerc0211/volumes/20250821151803-9.362um-1.2m-113keV-masked.zarr,4,4.0.0,954/2097152 valid voxels differ from fill (0); 746 stored bytes,746
CHUNK_SAMPLE_MISSING,info,community-uploads/forrest/volcomp/PHerc0211/volumes/20250821151803-9.362um-1.2m-113keV-masked.zarr,4,7.3.3,inner chunk absent from shard index,0
CHUNK_SAMPLE_MISSING,info,community-uploads/forrest/volcomp/PHerc0211/volumes/20250821151803-9.362um-1.2m-113keV-masked.zarr,4,8.0.0,inner chunk absent from shard index,0
CHUNK_SAMPLE_MISSING,info,community-uploads/forrest/volcomp/PHerc0211/volumes/20250821151803-9.362um-1.2m-113keV-masked.zarr,4,9.0.0,inner chunk absent from shard index,0
CHUNK_SAMPLE_MISSING,info,community-uploads/forrest/volcomp/PHerc0211/volumes/20250821151803-9.362um-1.2m-113keV-masked.zarr,4,9.3.3,inner chunk absent from shard index,0
CHUNK_SAMPLE_MISSING,info,community-uploads/forrest/volcomp/PHerc0211/volumes/20250821151803-9.362um-1.2m-113keV-masked.zarr,5,0.0.0,inner chunk absent from shard index,0
CHUNK_SAMPLE_MISSING,info,community-uploads/forrest/volcomp/PHerc0211/volumes/20250821151803-9.362um-1.2m-113keV-masked.zarr,5,2.1.0,inner chunk absent from shard index,0
CHUNK_SAMPLE_MISSING,info,community-uploads/forrest/volcomp/PHerc0211/volumes/20250821151803-9.362um-1.2m-113keV-masked.zarr,5,4.1.1,inner chunk absent from shard index,0
CHUNK_SAMPLE_MISSING,info,community-uploads/forrest/volcomp/PHerc0175B/volumes/20250521125822-8.640um-1.2m-116keV-masked.zarr,0,0.0.0,shard object absent (reads as fill),0
CHUNK_SAMPLE_POPULATED,info,community-uploads/forrest/volcomp/PHerc0175B/volumes/20250521125822-8.640um-1.2m-116keV-masked.zarr,0,40.24.24,center 16^3 block: 4096/4096 differ from fill (0); 47169 stored bytes,55366
CHUNK_SAMPLE_POPULATED,info,community-uploads/forrest/volcomp/PHerc0175B/volumes/20250521125822-8.640um-1.2m-116keV-masked.zarr,0,44.24.24,center 16^3 block: 4096/4096 differ from fill (0); 48881 stored bytes,48881
CHUNK_SAMPLE_POPULATED,info,community-uploads/forrest/volcomp/PHerc0175B/volumes/20250521125822-8.640um-1.2m-116keV-masked.zarr,0,47.31.31,center 16^3 block: 4096/4096 differ from fill (0); 59800 stored bytes,59800
CHUNK_SAMPLE_POPULATED,info,community-uploads/forrest/volcomp/PHerc0175B/volumes/20250521125822-8.640um-1.2m-116keV-masked.zarr,0,80.48.48,center 16^3 block: 4096/4096 differ from fill (0); 59397 stored bytes,67594
CHUNK_SAMPLE_POPULATED,info,community-uploads/forrest/volcomp/PHerc0175B/volumes/20250521125822-8.640um-1.2m-116keV-masked.zarr,0,84.48.48,center 16^3 block: 4096/4096 differ from fill (0); 63181 stored bytes,63181
CHUNK_SAMPLE_POPULATED,info,community-uploads/forrest/volcomp/PHerc0175B/volumes/20250521125822-8.640um-1.2m-116keV-masked.zarr,0,87.55.55,center 16^3 block: 4096/4096 differ from fill (0); 53853 stored bytes,53853
CHUNK_SAMPLE_MISSING,info,community-uploads/forrest/volcomp/PHerc0175B/volumes/20250521125822-8.640um-1.2m-116keV-masked.zarr,0,15.9.9,shard object absent (reads as fill),0
CHUNK_SAMPLE_MISSING,info,community-uploads/forrest/volcomp/PHerc0175B/volumes/20250521125822-8.640um-1.2m-116keV-masked.zarr,1,0.0.0,shard object absent (reads as fill),0
CHUNK_SAMPLE_POPULATED,info,community-uploads/forrest/volcomp/PHerc0175B/volumes/20250521125822-8.640um-1.2m-116keV-masked.zarr,1,16.24.8,center 16^3 block: 4096/4096 differ from fill (0); 175056 stored bytes,183253
CHUNK_SAMPLE_POPULATED,info,community-uploads/forrest/volcomp/PHerc0175B/volumes/20250521125822-8.640um-1.2m-116keV-masked.zarr,1,20.24.8,center 16^3 block: 4096/4096 differ from fill (0); 153397 stored bytes,153397
CHUNK_SAMPLE_POPULATED,info,community-uploads/forrest/volcomp/PHerc0175B/volumes/20250521125822-8.640um-1.2m-116keV-masked.zarr,1,23.31.15,11269/2097152 valid voxels differ from fill (0); 1477 stored bytes,1477
CHUNK_SAMPLE_POPULATED,info,community-uploads/forrest/volcomp/PHerc0175B/volumes/20250521125822-8.640um-1.2m-116keV-masked.zarr,1,40.8.24,center 16^3 block: 4096/4096 differ from fill (0); 124241 stored bytes,132438
CHUNK_SAMPLE_MISSING,info,community-uploads/forrest/volcomp/PHerc0175B/volumes/20250521125822-8.640um-1.2m-116keV-masked.zarr,1,44.8.24,inner chunk absent from shard index,0
CHUNK_SAMPLE_MISSING,info,community-uploads/forrest/volcomp/PHerc0175B/volumes/20250521125822-8.640um-1.2m-116keV-masked.zarr,1,47.15.31,inner chunk absent from shard index,0
CHUNK_SAMPLE_MISSING,info,community-uploads/forrest/volcomp/PHerc0175B/volumes/20250521125822-8.640um-1.2m-116keV-masked.zarr,1,56.32.32,inner chunk absent from shard index,0
CHUNK_SAMPLE_MISSING,info,community-uploads/forrest/volcomp/PHerc0175B/volumes/20250521125822-8.640um-1.2m-116keV-masked.zarr,1,59.35.32,inner chunk absent from shard index,0
CHUNK_SAMPLE_MISSING,info,community-uploads/forrest/volcomp/PHerc0175B/volumes/20250521125822-8.640um-1.2m-116keV-masked.zarr,1,62.37.37,inner chunk absent from shard index,0
CHUNK_SAMPLE_MISSING,info,community-uploads/forrest/volcomp/PHerc0175B/volumes/20250521125822-8.640um-1.2m-116keV-masked.zarr,2,0.0.0,inner chunk absent from shard index,0
CHUNK_SAMPLE_MISSING,info,community-uploads/forrest/volcomp/PHerc0175B/volumes/20250521125822-8.640um-1.2m-116keV-masked.zarr,2,4.0.0,inner chunk absent from shard index,0
CHUNK_SAMPLE_POPULATED,info,community-uploads/forrest/volcomp/PHerc0175B/volumes/20250521125822-8.640um-1.2m-116keV-masked.zarr,2,7.7.7,center 16^3 block: 4096/4096 differ from fill (0); 439796 stored bytes,447993
CHUNK_SAMPLE_MISSING,info,community-uploads/forrest/volcomp/PHerc0175B/volumes/20250521125822-8.640um-1.2m-116keV-masked.zarr,2,8.8.0,inner chunk absent from shard index,0
CHUNK_SAMPLE_MISSING,info,community-uploads/forrest/volcomp/PHerc0175B/volumes/20250521125822-8.640um-1.2m-116keV-masked.zarr,2,12.8.0,inner chunk absent from shard index,0
CHUNK_SAMPLE_POPULATED,info,community-uploads/forrest/volcomp/PHerc0175B/volumes/20250521125822-8.640um-1.2m-116keV-masked.zarr,2,15.15.7,97274/2097152 valid voxels differ from fill (0); 21846 stored bytes,30043
CHUNK_SAMPLE_MISSING,info,community-uploads/forrest/volcomp/PHerc0175B/volumes/20250521125822-8.640um-1.2m-116keV-masked.zarr,2,16.8.16,inner chunk absent from shard index,0
CHUNK_SAMPLE_POPULATED,info,community-uploads/forrest/volcomp/PHerc0175B/volumes/20250521125822-8.640um-1.2m-116keV-masked.zarr,2,20.8.16,442084/2097152 valid voxels differ from fill (0); 82404 stored bytes,85481
CHUNK_SAMPLE_MISSING,info,community-uploads/forrest/volcomp/PHerc0175B/volumes/20250521125822-8.640um-1.2m-116keV-masked.zarr,2,23.15.18,inner chunk absent from shard index,0
CHUNK_SAMPLE_MISSING,info,community-uploads/forrest/volcomp/PHerc0175B/volumes/20250521125822-8.640um-1.2m-116keV-masked.zarr,2,24.16.16,inner chunk absent from shard index,0
CHUNK_SAMPLE_MISSING,info,community-uploads/forrest/volcomp/PHerc0175B/volumes/20250521125822-8.640um-1.2m-116keV-masked.zarr,2,28.16.16,inner chunk absent from shard index,0
CHUNK_SAMPLE_MISSING,info,community-uploads/forrest/volcomp/PHerc0175B/volumes/20250521125822-8.640um-1.2m-116keV-masked.zarr,2,31.18.18,inner chunk absent from shard index,0
CHUNK_SAMPLE_MISSING,info,community-uploads/forrest/volcomp/PHerc0175B/volumes/20250521125822-8.640um-1.2m-116keV-masked.zarr,3,0.0.0,inner chunk absent from shard index,0
CHUNK_SAMPLE_MISSING,info,community-uploads/forrest/volcomp/PHerc0175B/volumes/20250521125822-8.640um-1.2m-116keV-masked.zarr,3,4.0.0,inner chunk absent from shard index,0
CHUNK_SAMPLE_POPULATED,info,community-uploads/forrest/volcomp/PHerc0175B/volumes/20250521125822-8.640um-1.2m-116keV-masked.zarr,3,7.7.7,272499/2097152 valid voxels differ from fill (0); 93989 stored bytes,102186
CHUNK_SAMPLE_MISSING,info,community-uploads/forrest/volcomp/PHerc0175B/volumes/20250521125822-8.640um-1.2m-116keV-masked.zarr,3,0.8.0,inner chunk absent from shard index,0
CHUNK_SAMPLE_MISSING,info,community-uploads/forrest/volcomp/PHerc0175B/volumes/20250521125822-8.640um-1.2m-116keV-masked.zarr,3,4.8.0,inner chunk absent from shard index,0
CHUNK_SAMPLE_MISSING,info,community-uploads/forrest/volcomp/PHerc0175B/volumes/20250521125822-8.640um-1.2m-116keV-masked.zarr,3,7.9.7,inner chunk absent from shard index,0
CHUNK_SAMPLE_MISSING,info,community-uploads/forrest/volcomp/PHerc0175B/volumes/20250521125822-8.640um-1.2m-116keV-masked.zarr,3,8.0.8,inner chunk absent from shard index,0
CHUNK_SAMPLE_MISSING,info,community-uploads/forrest/volcomp/PHerc0175B/volumes/20250521125822-8.640um-1.2m-116keV-masked.zarr,3,12.0.8,inner chunk absent from shard index,0
CHUNK_SAMPLE_MISSING,info,community-uploads/forrest/volcomp/PHerc0175B/volumes/20250521125822-8.640um-1.2m-116keV-masked.zarr,3,15.7.9,inner chunk absent from shard index,0
CHUNK_SAMPLE_MISSING,info,community-uploads/forrest/volcomp/PHerc0175B/volumes/20250521125822-8.640um-1.2m-116keV-masked.zarr,3,8.8.8,inner chunk absent from shard index,0
CHUNK_SAMPLE_MISSING,info,community-uploads/forrest/volcomp/PHerc0175B/volumes/20250521125822-8.640um-1.2m-116keV-masked.zarr,3,12.8.8,inner chunk absent from shard index,0
CHUNK_SAMPLE_MISSING,info,community-uploads/forrest/volcomp/PHerc0175B/volumes/20250521125822-8.640um-1.2m-116keV-masked.zarr,3,15.9.9,inner chunk absent from shard index,0
CHUNK_SAMPLE_MISSING,info,community-uploads/forrest/volcomp/PHerc0175B/volumes/20250521125822-8.640um-1.2m-116keV-masked.zarr,4,0.0.0,inner chunk absent from shard index,0
CHUNK_SAMPLE_POPULATED,info,community-uploads/forrest/volcomp/PHerc0175B/volumes/20250521125822-8.640um-1.2m-116keV-masked.zarr,4,4.0.0,11450/2097152 valid voxels differ from fill (0); 4270 stored bytes,7475
CHUNK_SAMPLE_MISSING,info,community-uploads/forrest/volcomp/PHerc0175B/volumes/20250521125822-8.640um-1.2m-116keV-masked.zarr,4,7.4.4,inner chunk absent from shard index,0
CHUNK_SAMPLE_MISSING,info,community-uploads/forrest/volcomp/PHerc0175B/volumes/20250521125822-8.640um-1.2m-116keV-masked.zarr,5,0.0.0,inner chunk absent from shard index,0
CHUNK_SAMPLE_MISSING,info,community-uploads/forrest/volcomp/PHerc0175B/volumes/20250521125822-8.640um-1.2m-116keV-masked.zarr,5,2.0.0,inner chunk absent from shard index,0
CHUNK_SAMPLE_MISSING,info,community-uploads/forrest/volcomp/PHerc0175B/volumes/20250521125822-8.640um-1.2m-116keV-masked.zarr,5,3.2.2,inner chunk absent from shard index,0
CHUNK_SAMPLE_MISSING,info,community-uploads/forrest/volcomp/PHerc0306B/volumes/20250521133212-8.640um-1.2m-116keV-masked.zarr,0,0.0.0,shard object absent (reads as fill),0
CHUNK_SAMPLE_MISSING,info,community-uploads/forrest/volcomp/PHerc0306B/volumes/20250521133212-8.640um-1.2m-116keV-masked.zarr,0,40.24.0,inner chunk absent from shard index,0
CHUNK_SAMPLE_MISSING,info,community-uploads/forrest/volcomp/PHerc0306B/volumes/20250521133212-8.640um-1.2m-116keV-masked.zarr,0,44.24.0,inner chunk absent from shard index,0
CHUNK_SAMPLE_MISSING,info,community-uploads/forrest/volcomp/PHerc0306B/volumes/20250521133212-8.640um-1.2m-116keV-masked.zarr,0,47.31.7,inner chunk absent from shard index,0
CHUNK_SAMPLE_MISSING,info,community-uploads/forrest/volcomp/PHerc0306B/volumes/20250521133212-8.640um-1.2m-116keV-masked.zarr,0,10.5.8,shard object absent (reads as fill),0
CHUNK_SAMPLE_MISSING,info,community-uploads/forrest/volcomp/PHerc0306B/volumes/20250521133212-8.640um-1.2m-116keV-masked.zarr,0,15.8.8,shard object absent (reads as fill),0
CHUNK_SAMPLE_MISSING,info,community-uploads/forrest/volcomp/PHerc0306B/volumes/20250521133212-8.640um-1.2m-116keV-masked.zarr,1,0.0.0,shard object absent (reads as fill),0
CHUNK_SAMPLE_POPULATED,info,community-uploads/forrest/volcomp/PHerc0306B/volumes/20250521133212-8.640um-1.2m-116keV-masked.zarr,1,16.24.8,11335/2097152 valid voxels differ from fill (0); 1952 stored bytes,10149
CHUNK_SAMPLE_MISSING,info,community-uploads/forrest/volcomp/PHerc0306B/volumes/20250521133212-8.640um-1.2m-116keV-masked.zarr,1,20.24.8,inner chunk absent from shard index,0
CHUNK_SAMPLE_MISSING,info,community-uploads/forrest/volcomp/PHerc0306B/volumes/20250521133212-8.640um-1.2m-116keV-masked.zarr,1,23.31.15,inner chunk absent from shard index,0
CHUNK_SAMPLE_POPULATED,info,community-uploads/forrest/volcomp/PHerc0306B/volumes/20250521133212-8.640um-1.2m-116keV-masked.zarr,1,40.8.24,center 16^3 block: 1716/4096 differ from fill (0); 85295 stored bytes,93492
CHUNK_SAMPLE_POPULATED,info,community-uploads/forrest/volcomp/PHerc0306B/volumes/20250521133212-8.640um-1.2m-116keV-masked.zarr,1,44.8.24,center 16^3 block: 4096/4096 differ from fill (0); 230807 stored bytes,230807
CHUNK_SAMPLE_MISSING,info,community-uploads/forrest/volcomp/PHerc0306B/volumes/20250521133212-8.640um-1.2m-116keV-masked.zarr,1,47.15.31,inner chunk absent from shard index,0
CHUNK_SAMPLE_MISSING,info,community-uploads/forrest/volcomp/PHerc0306B/volumes/20250521133212-8.640um-1.2m-116keV-masked.zarr,1,7.4.4,shard object absent (reads as fill),0
CHUNK_SAMPLE_MISSING,info,community-uploads/forrest/volcomp/PHerc0306B/volumes/20250521133212-8.640um-1.2m-116keV-masked.zarr,2,0.0.0,inner chunk absent from shard index,0
CHUNK_SAMPLE_MISSING,info,community-uploads/forrest/volcomp/PHerc0306B/volumes/20250521133212-8.640um-1.2m-116keV-masked.zarr,2,4.0.0,inner chunk absent from shard index,0
CHUNK_SAMPLE_POPULATED,info,community-uploads/forrest/volcomp/PHerc0306B/volumes/20250521133212-8.640um-1.2m-116keV-masked.zarr,2,7.7.7,center 16^3 block: 4096/4096 differ from fill (0); 584334 stored bytes,592531
CHUNK_SAMPLE_MISSING,info,community-uploads/forrest/volcomp/PHerc0306B/volumes/20250521133212-8.640um-1.2m-116keV-masked.zarr,2,8.8.0,inner chunk absent from shard index,0
CHUNK_SAMPLE_MISSING,info,community-uploads/forrest/volcomp/PHerc0306B/volumes/20250521133212-8.640um-1.2m-116keV-masked.zarr,2,12.8.0,inner chunk absent from shard index,0
CHUNK_SAMPLE_MISSING,info,community-uploads/forrest/volcomp/PHerc0306B/volumes/20250521133212-8.640um-1.2m-116keV-masked.zarr,2,15.15.7,inner chunk absent from shard index,0
CHUNK_SAMPLE_MISSING,info,community-uploads/forrest/volcomp/PHerc0306B/volumes/20250521133212-8.640um-1.2m-116keV-masked.zarr,2,2.1.2,shard object absent (reads as fill),0
CHUNK_SAMPLE_MISSING,info,community-uploads/forrest/volcomp/PHerc0306B/volumes/20250521133212-8.640um-1.2m-116keV-masked.zarr,2,3.2.2,shard object absent (reads as fill),0
CHUNK_SAMPLE_MISSING,info,community-uploads/forrest/volcomp/PHerc0306B/volumes/20250521133212-8.640um-1.2m-116keV-masked.zarr,3,0.0.0,inner chunk absent from shard index,0
CHUNK_SAMPLE_MISSING,info,community-uploads/forrest/volcomp/PHerc0306B/volumes/20250521133212-8.640um-1.2m-116keV-masked.zarr,3,4.0.0,inner chunk absent from shard index,0
CHUNK_SAMPLE_MISSING,info,community-uploads/forrest/volcomp/PHerc0306B/volumes/20250521133212-8.640um-1.2m-116keV-masked.zarr,3,7.7.7,inner chunk absent from shard index,0
CHUNK_SAMPLE_MISSING,info,community-uploads/forrest/volcomp/PHerc0306B/volumes/20250521133212-8.640um-1.2m-116keV-masked.zarr,3,0.1.0,shard object absent (reads as fill),0
CHUNK_SAMPLE_MISSING,info,community-uploads/forrest/volcomp/PHerc0306B/volumes/20250521133212-8.640um-1.2m-116keV-masked.zarr,3,8.0.8,inner chunk absent from shard index,0
CHUNK_SAMPLE_POPULATED,info,community-uploads/forrest/volcomp/PHerc0306B/volumes/20250521133212-8.640um-1.2m-116keV-masked.zarr,3,12.0.8,center 16^3 block: 2041/4096 differ from fill (0); 115729 stored bytes,116758
CHUNK_SAMPLE_MISSING,info,community-uploads/forrest/volcomp/PHerc0306B/volumes/20250521133212-8.640um-1.2m-116keV-masked.zarr,3,15.7.8,inner chunk absent from shard index,0
CHUNK_SAMPLE_MISSING,info,community-uploads/forrest/volcomp/PHerc0306B/volumes/20250521133212-8.640um-1.2m-116keV-masked.zarr,3,1.1.1,shard object absent (reads as fill),0
CHUNK_SAMPLE_MISSING,info,community-uploads/forrest/volcomp/PHerc0306B/volumes/20250521133212-8.640um-1.2m-116keV-masked.zarr,4,0.0.0,inner chunk absent from shard index,0
CHUNK_SAMPLE_MISSING,info,community-uploads/forrest/volcomp/PHerc0306B/volumes/20250521133212-8.640um-1.2m-116keV-masked.zarr,4,4.0.0,inner chunk absent from shard index,0
CHUNK_SAMPLE_MISSING,info,community-uploads/forrest/volcomp/PHerc0306B/volumes/20250521133212-8.640um-1.2m-116keV-masked.zarr,4,7.4.4,inner chunk absent from shard index,0
CHUNK_SAMPLE_MISSING,info,community-uploads/forrest/volcomp/PHerc0306B/volumes/20250521133212-8.640um-1.2m-116keV-masked.zarr,5,0.0.0,inner chunk absent from shard index,0
CHUNK_SAMPLE_MISSING,info,community-uploads/forrest/volcomp/PHerc0306B/volumes/20250521133212-8.640um-1.2m-116keV-masked.zarr,5,2.0.0,inner chunk absent from shard index,0
CHUNK_SAMPLE_MISSING,info,community-uploads/forrest/volcomp/PHerc0306B/volumes/20250521133212-8.640um-1.2m-116keV-masked.zarr,5,3.2.2,inner chunk absent from shard index,0
CHUNK_SAMPLE_MISSING,info,community-uploads/forrest/volcomp/PHerc0257/volumes/20250821151750-9.362um-1.2m-113keV-masked.zarr,0,0.0.0,shard object absent (reads as fill),0
CHUNK_SAMPLE_MISSING,info,community-uploads/forrest/volcomp/PHerc0257/volumes/20250821151750-9.362um-1.2m-113keV-masked.zarr,0,6.3.0,shard object absent (reads as fill),0
CHUNK_SAMPLE_MISSING,info,community-uploads/forrest/volcomp/PHerc0257/volumes/20250821151750-9.362um-1.2m-113keV-masked.zarr,0,12.5.8,shard object absent (reads as fill),0
CHUNK_SAMPLE_MISSING,info,community-uploads/forrest/volcomp/PHerc0257/volumes/20250821151750-9.362um-1.2m-113keV-masked.zarr,0,18.8.8,shard object absent (reads as fill),0
CHUNK_SAMPLE_MISSING,info,community-uploads/forrest/volcomp/PHerc0257/volumes/20250821151750-9.362um-1.2m-113keV-masked.zarr,1,0.0.0,shard object absent (reads as fill),0
CHUNK_SAMPLE_MISSING,info,community-uploads/forrest/volcomp/PHerc0257/volumes/20250821151750-9.362um-1.2m-113keV-masked.zarr,1,24.8.24,inner chunk absent from shard index,0
CHUNK_SAMPLE_MISSING,info,community-uploads/forrest/volcomp/PHerc0257/volumes/20250821151750-9.362um-1.2m-113keV-masked.zarr,1,28.8.24,inner chunk absent from shard index,0
CHUNK_SAMPLE_MISSING,info,community-uploads/forrest/volcomp/PHerc0257/volumes/20250821151750-9.362um-1.2m-113keV-masked.zarr,1,31.15.31,inner chunk absent from shard index,0
CHUNK_SAMPLE_MISSING,info,community-uploads/forrest/volcomp/PHerc0257/volumes/20250821151750-9.362um-1.2m-113keV-masked.zarr,1,48.24.8,inner chunk absent from shard index,0
CHUNK_SAMPLE_MISSING,info,community-uploads/forrest/volcomp/PHerc0257/volumes/20250821151750-9.362um-1.2m-113keV-masked.zarr,1,52.24.8,inner chunk absent from shard index,0
CHUNK_SAMPLE_MISSING,info,community-uploads/forrest/volcomp/PHerc0257/volumes/20250821151750-9.362um-1.2m-113keV-masked.zarr,1,55.31.15,inner chunk absent from shard index,0
CHUNK_SAMPLE_MISSING,info,community-uploads/forrest/volcomp/PHerc0257/volumes/20250821151750-9.362um-1.2m-113keV-masked.zarr,1,9.4.4,shard object absent (reads as fill),0
CHUNK_SAMPLE_MISSING,info,community-uploads/forrest/volcomp/PHerc0257/volumes/20250821151750-9.362um-1.2m-113keV-masked.zarr,2,0.0.0,inner chunk absent from shard index,0
CHUNK_SAMPLE_MISSING,info,community-uploads/forrest/volcomp/PHerc0257/volumes/20250821151750-9.362um-1.2m-113keV-masked.zarr,2,4.0.0,inner chunk absent from shard index,0
CHUNK_SAMPLE_POPULATED,info,community-uploads/forrest/volcomp/PHerc0257/volumes/20250821151750-9.362um-1.2m-113keV-masked.zarr,2,7.7.7,center 16^3 block: 4096/4096 differ from fill (0); 495845 stored bytes,504042
CHUNK_SAMPLE_MISSING,info,community-uploads/forrest/volcomp/PHerc0257/volumes/20250821151750-9.362um-1.2m-113keV-masked.zarr,2,1.2.0,shard object absent (reads as fill),0
CHUNK_SAMPLE_MISSING,info,community-uploads/forrest/volcomp/PHerc0257/volumes/20250821151750-9.362um-1.2m-113keV-masked.zarr,2,3.0.2,shard object absent (reads as fill),0
CHUNK_SAMPLE_MISSING,info,community-uploads/forrest/volcomp/PHerc0257/volumes/20250821151750-9.362um-1.2m-113keV-masked.zarr,2,4.2.2,shard object absent (reads as fill),0
CHUNK_SAMPLE_MISSING,info,community-uploads/forrest/volcomp/PHerc0257/volumes/20250821151750-9.362um-1.2m-113keV-masked.zarr,3,0.0.0,inner chunk absent from shard index,0
CHUNK_SAMPLE_MISSING,info,community-uploads/forrest/volcomp/PHerc0257/volumes/20250821151750-9.362um-1.2m-113keV-masked.zarr,3,4.0.0,inner chunk absent from shard index,0
CHUNK_SAMPLE_MISSING,info,community-uploads/forrest/volcomp/PHerc0257/volumes/20250821151750-9.362um-1.2m-113keV-masked.zarr,3,7.7.7,inner chunk absent from shard index,0
CHUNK_SAMPLE_MISSING,info,community-uploads/forrest/volcomp/PHerc0257/volumes/20250821151750-9.362um-1.2m-113keV-masked.zarr,3,8.0.0,inner chunk absent from shard index,0
CHUNK_SAMPLE_MISSING,info,community-uploads/forrest/volcomp/PHerc0257/volumes/20250821151750-9.362um-1.2m-113keV-masked.zarr,3,12.0.0,inner chunk absent from shard index,0
CHUNK_SAMPLE_MISSING,info,community-uploads/forrest/volcomp/PHerc0257/volumes/20250821151750-9.362um-1.2m-113keV-masked.zarr,3,15.7.7,inner chunk absent from shard index,0
CHUNK_SAMPLE_MISSING,info,community-uploads/forrest/volcomp/PHerc0257/volumes/20250821151750-9.362um-1.2m-113keV-masked.zarr,3,1.1.1,shard object absent (reads as fill),0
CHUNK_SAMPLE_MISSING,info,community-uploads/forrest/volcomp/PHerc0257/volumes/20250821151750-9.362um-1.2m-113keV-masked.zarr,3,2.1.1,shard object absent (reads as fill),0
CHUNK_SAMPLE_MISSING,info,community-uploads/forrest/volcomp/PHerc0257/volumes/20250821151750-9.362um-1.2m-113keV-masked.zarr,4,0.0.0,inner chunk absent from shard index,0
CHUNK_SAMPLE_MISSING,info,community-uploads/forrest/volcomp/PHerc0257/volumes/20250821151750-9.362um-1.2m-113keV-masked.zarr,4,4.0.0,inner chunk absent from shard index,0
CHUNK_SAMPLE_MISSING,info,community-uploads/forrest/volcomp/PHerc0257/volumes/20250821151750-9.362um-1.2m-113keV-masked.zarr,4,7.4.4,inner chunk absent from shard index,0
CHUNK_SAMPLE_MISSING,info,community-uploads/forrest/volcomp/PHerc0257/volumes/20250821151750-9.362um-1.2m-113keV-masked.zarr,4,8.0.0,inner chunk absent from shard index,0
CHUNK_SAMPLE_MISSING,info,community-uploads/forrest/volcomp/PHerc0257/volumes/20250821151750-9.362um-1.2m-113keV-masked.zarr,4,8.4.4,inner chunk absent from shard index,0
CHUNK_SAMPLE_MISSING,info,community-uploads/forrest/volcomp/PHerc0257/volumes/20250821151750-9.362um-1.2m-113keV-masked.zarr,4,9.4.4,inner chunk absent from shard index,0
CHUNK_SAMPLE_MISSING,info,community-uploads/forrest/volcomp/PHerc0257/volumes/20250821151750-9.362um-1.2m-113keV-masked.zarr,5,0.0.0,inner chunk absent from shard index,0
CHUNK_SAMPLE_MISSING,info,community-uploads/forrest/volcomp/PHerc0257/volumes/20250821151750-9.362um-1.2m-113keV-masked.zarr,5,2.1.1,inner chunk absent from shard index,0
CHUNK_SAMPLE_MISSING,info,community-uploads/forrest/volcomp/PHerc0257/volumes/20250821151750-9.362um-1.2m-113keV-masked.zarr,5,4.2.2,inner chunk absent from shard index,0
CHUNK_SAMPLE_MISSING,info,community-uploads/forrest/volcomp/PHerc0343/volumes/20250521140437-8.640um-1.2m-116keV-masked.zarr,0,0.0.0,shard object absent (reads as fill),0
CHUNK_SAMPLE_MISSING,info,community-uploads/forrest/volcomp/PHerc0343/volumes/20250521140437-8.640um-1.2m-116keV-masked.zarr,0,6.0.0,shard object absent (reads as fill),0
CHUNK_SAMPLE_MISSING,info,community-uploads/forrest/volcomp/PHerc0343/volumes/20250521140437-8.640um-1.2m-116keV-masked.zarr,0,11.8.8,shard object absent (reads as fill),0
CHUNK_SAMPLE_MISSING,info,community-uploads/forrest/volcomp/PHerc0343/volumes/20250521140437-8.640um-1.2m-116keV-masked.zarr,0,17.8.8,shard object absent (reads as fill),0
CHUNK_SAMPLE_MISSING,info,community-uploads/forrest/volcomp/PHerc0343/volumes/20250521140437-8.640um-1.2m-116keV-masked.zarr,1,0.0.0,inner chunk absent from shard index,0
CHUNK_SAMPLE_MISSING,info,community-uploads/forrest/volcomp/PHerc0343/volumes/20250521140437-8.640um-1.2m-116keV-masked.zarr,1,4.0.0,inner chunk absent from shard index,0
CHUNK_SAMPLE_MISSING,info,community-uploads/forrest/volcomp/PHerc0343/volumes/20250521140437-8.640um-1.2m-116keV-masked.zarr,1,7.7.7,inner chunk absent from shard index,0
CHUNK_SAMPLE_MISSING,info,community-uploads/forrest/volcomp/PHerc0343/volumes/20250521140437-8.640um-1.2m-116keV-masked.zarr,1,3.0.0,shard object absent (reads as fill),0
CHUNK_SAMPLE_MISSING,info,community-uploads/forrest/volcomp/PHerc0343/volumes/20250521140437-8.640um-1.2m-116keV-masked.zarr,1,5.4.4,shard object absent (reads as fill),0
CHUNK_SAMPLE_MISSING,info,community-uploads/forrest/volcomp/PHerc0343/volumes/20250521140437-8.640um-1.2m-116keV-masked.zarr,1,8.4.4,shard object absent (reads as fill),0
CHUNK_SAMPLE_MISSING,info,community-uploads/forrest/volcomp/PHerc0343/volumes/20250521140437-8.640um-1.2m-116keV-masked.zarr,2,0.0.0,inner chunk absent from shard index,0
CHUNK_SAMPLE_MISSING,info,community-uploads/forrest/volcomp/PHerc0343/volumes/20250521140437-8.640um-1.2m-116keV-masked.zarr,2,4.0.0,inner chunk absent from shard index,0
CHUNK_SAMPLE_POPULATED,info,community-uploads/forrest/volcomp/PHerc0343/volumes/20250521140437-8.640um-1.2m-116keV-masked.zarr,2,7.7.7,center 16^3 block: 4096/4096 differ from fill (0); 379775 stored bytes,387972
CHUNK_SAMPLE_MISSING,info,community-uploads/forrest/volcomp/PHerc0343/volumes/20250521140437-8.640um-1.2m-116keV-masked.zarr,2,1.2.0,shard object absent (reads as fill),0
CHUNK_SAMPLE_MISSING,info,community-uploads/forrest/volcomp/PHerc0343/volumes/20250521140437-8.640um-1.2m-116keV-masked.zarr,2,24.0.16,inner chunk absent from shard index,0
CHUNK_SAMPLE_MISSING,info,community-uploads/forrest/volcomp/PHerc0343/volumes/20250521140437-8.640um-1.2m-116keV-masked.zarr,2,28.0.16,inner chunk absent from shard index,0
CHUNK_SAMPLE_MISSING,info,community-uploads/forrest/volcomp/PHerc0343/volumes/20250521140437-8.640um-1.2m-116keV-masked.zarr,2,31.7.16,inner chunk absent from shard index,0
CHUNK_SAMPLE_MISSING,info,community-uploads/forrest/volcomp/PHerc0343/volumes/20250521140437-8.640um-1.2m-116keV-masked.zarr,2,4.2.2,shard object absent (reads as fill),0
CHUNK_SAMPLE_MISSING,info,community-uploads/forrest/volcomp/PHerc0343/volumes/20250521140437-8.640um-1.2m-116keV-masked.zarr,3,0.0.0,inner chunk absent from shard index,0
CHUNK_SAMPLE_MISSING,info,community-uploads/forrest/volcomp/PHerc0343/volumes/20250521140437-8.640um-1.2m-116keV-masked.zarr,3,4.0.0,inner chunk absent from shard index,0
CHUNK_SAMPLE_MISSING,info,community-uploads/forrest/volcomp/PHerc0343/volumes/20250521140437-8.640um-1.2m-116keV-masked.zarr,3,7.7.7,inner chunk absent from shard index,0
CHUNK_SAMPLE_MISSING,info,community-uploads/forrest/volcomp/PHerc0343/volumes/20250521140437-8.640um-1.2m-116keV-masked.zarr,3,8.0.0,inner chunk absent from shard index,0
CHUNK_SAMPLE_MISSING,info,community-uploads/forrest/volcomp/PHerc0343/volumes/20250521140437-8.640um-1.2m-116keV-masked.zarr,3,12.0.0,inner chunk absent from shard index,0
CHUNK_SAMPLE_MISSING,info,community-uploads/forrest/volcomp/PHerc0343/volumes/20250521140437-8.640um-1.2m-116keV-masked.zarr,3,15.7.7,inner chunk absent from shard index,0
CHUNK_SAMPLE_MISSING,info,community-uploads/forrest/volcomp/PHerc0343/volumes/20250521140437-8.640um-1.2m-116keV-masked.zarr,3,1.1.1,shard object absent (reads as fill),0
CHUNK_SAMPLE_MISSING,info,community-uploads/forrest/volcomp/PHerc0343/volumes/20250521140437-8.640um-1.2m-116keV-masked.zarr,3,2.1.1,shard object absent (reads as fill),0
CHUNK_SAMPLE_MISSING,info,community-uploads/forrest/volcomp/PHerc0343/volumes/20250521140437-8.640um-1.2m-116keV-masked.zarr,4,0.0.0,inner chunk absent from shard index,0
CHUNK_SAMPLE_MISSING,info,community-uploads/forrest/volcomp/PHerc0343/volumes/20250521140437-8.640um-1.2m-116keV-masked.zarr,4,4.0.0,inner chunk absent from shard index,0
CHUNK_SAMPLE_MISSING,info,community-uploads/forrest/volcomp/PHerc0343/volumes/20250521140437-8.640um-1.2m-116keV-masked.zarr,4,7.4.4,inner chunk absent from shard index,0
CHUNK_SAMPLE_MISSING,info,community-uploads/forrest/volcomp/PHerc0343/volumes/20250521140437-8.640um-1.2m-116keV-masked.zarr,4,8.0.0,inner chunk absent from shard index,0
CHUNK_SAMPLE_MISSING,info,community-uploads/forrest/volcomp/PHerc0343/volumes/20250521140437-8.640um-1.2m-116keV-masked.zarr,4,8.2.2,inner chunk absent from shard index,0
CHUNK_SAMPLE_MISSING,info,community-uploads/forrest/volcomp/PHerc0343/volumes/20250521140437-8.640um-1.2m-116keV-masked.zarr,4,8.4.4,inner chunk absent from shard index,0
CHUNK_SAMPLE_MISSING,info,community-uploads/forrest/volcomp/PHerc0343/volumes/20250521140437-8.640um-1.2m-116keV-masked.zarr,5,0.0.0,inner chunk absent from shard index,0
CHUNK_SAMPLE_MISSING,info,community-uploads/forrest/volcomp/PHerc0343/volumes/20250521140437-8.640um-1.2m-116keV-masked.zarr,5,2.1.1,inner chunk absent from shard index,0
CHUNK_SAMPLE_MISSING,info,community-uploads/forrest/volcomp/PHerc0343/volumes/20250521140437-8.640um-1.2m-116keV-masked.zarr,5,4.2.2,inner chunk absent from shard index,0
CHUNK_SAMPLE_MISSING,info,community-uploads/forrest/volcomp/PHerc0268/volumes/20251110183117-8.640um-1.2m-116keV-masked.zarr,0,0.0.0,shard object absent (reads as fill),0
CHUNK_SAMPLE_MISSING,info,community-uploads/forrest/volcomp/PHerc0268/volumes/20251110183117-8.640um-1.2m-116keV-masked.zarr,0,5.0.0,shard object absent (reads as fill),0
CHUNK_SAMPLE_MISSING,info,community-uploads/forrest/volcomp/PHerc0268/volumes/20251110183117-8.640um-1.2m-116keV-masked.zarr,0,9.11.11,shard object absent (reads as fill),0
CHUNK_SAMPLE_MISSING,info,community-uploads/forrest/volcomp/PHerc0268/volumes/20251110183117-8.640um-1.2m-116keV-masked.zarr,0,14.11.11,shard object absent (reads as fill),0
CHUNK_SAMPLE_MISSING,info,community-uploads/forrest/volcomp/PHerc0268/volumes/20251110183117-8.640um-1.2m-116keV-masked.zarr,1,0.0.0,shard object absent (reads as fill),0
CHUNK_SAMPLE_MISSING,info,community-uploads/forrest/volcomp/PHerc0268/volumes/20251110183117-8.640um-1.2m-116keV-masked.zarr,1,16.32.0,inner chunk absent from shard index,0
CHUNK_SAMPLE_MISSING,info,community-uploads/forrest/volcomp/PHerc0268/volumes/20251110183117-8.640um-1.2m-116keV-masked.zarr,1,20.32.0,inner chunk absent from shard index,0
CHUNK_SAMPLE_MISSING,info,community-uploads/forrest/volcomp/PHerc0268/volumes/20251110183117-8.640um-1.2m-116keV-masked.zarr,1,23.39.7,inner chunk absent from shard index,0
CHUNK_SAMPLE_MISSING,info,community-uploads/forrest/volcomp/PHerc0268/volumes/20251110183117-8.640um-1.2m-116keV-masked.zarr,1,40.8.40,inner chunk absent from shard index,0
CHUNK_SAMPLE_MISSING,info,community-uploads/forrest/volcomp/PHerc0268/volumes/20251110183117-8.640um-1.2m-116keV-masked.zarr,1,44.8.40,inner chunk absent from shard index,0
CHUNK_SAMPLE_MISSING,info,community-uploads/forrest/volcomp/PHerc0268/volumes/20251110183117-8.640um-1.2m-116keV-masked.zarr,1,47.15.47,inner chunk absent from shard index,0
CHUNK_SAMPLE_MISSING,info,community-uploads/forrest/volcomp/PHerc0268/volumes/20251110183117-8.640um-1.2m-116keV-masked.zarr,1,7.5.5,shard object absent (reads as fill),0
CHUNK_SAMPLE_MISSING,info,community-uploads/forrest/volcomp/PHerc0268/volumes/20251110183117-8.640um-1.2m-116keV-masked.zarr,2,0.0.0,inner chunk absent from shard index,0
CHUNK_SAMPLE_MISSING,info,community-uploads/forrest/volcomp/PHerc0268/volumes/20251110183117-8.640um-1.2m-116keV-masked.zarr,2,4.0.0,inner chunk absent from shard index,0
CHUNK_SAMPLE_POPULATED,info,community-uploads/forrest/volcomp/PHerc0268/volumes/20251110183117-8.640um-1.2m-116keV-masked.zarr,2,7.7.7,center 16^3 block: 4096/4096 differ from fill (0); 403891 stored bytes,412088
CHUNK_SAMPLE_MISSING,info,community-uploads/forrest/volcomp/PHerc0268/volumes/20251110183117-8.640um-1.2m-116keV-masked.zarr,2,8.8.0,inner chunk absent from shard index,0
CHUNK_SAMPLE_MISSING,info,community-uploads/forrest/volcomp/PHerc0268/volumes/20251110183117-8.640um-1.2m-116keV-masked.zarr,2,12.8.0,inner chunk absent from shard index,0
CHUNK_SAMPLE_POPULATED,info,community-uploads/forrest/volcomp/PHerc0268/volumes/20251110183117-8.640um-1.2m-116keV-masked.zarr,2,15.15.7,center 16^3 block: 4096/4096 differ from fill (0); 312921 stored bytes,321118
CHUNK_SAMPLE_POPULATED,info,community-uploads/forrest/volcomp/PHerc0268/volumes/20251110183117-8.640um-1.2m-116keV-masked.zarr,2,16.8.16,center 16^3 block: 4096/4096 differ from fill (0); 315281 stored bytes,323478
CHUNK_SAMPLE_POPULATED,info,community-uploads/forrest/volcomp/PHerc0268/volumes/20251110183117-8.640um-1.2m-116keV-masked.zarr,2,20.8.16,center 16^3 block: 4096/4096 differ from fill (0); 354037 stored bytes,354037
CHUNK_SAMPLE_MISSING,info,community-uploads/forrest/volcomp/PHerc0268/volumes/20251110183117-8.640um-1.2m-116keV-masked.zarr,2,23.15.23,inner chunk absent from shard index,0
CHUNK_SAMPLE_MISSING,info,community-uploads/forrest/volcomp/PHerc0268/volumes/20251110183117-8.640um-1.2m-116keV-masked.zarr,2,24.16.16,inner chunk absent from shard index,0
CHUNK_SAMPLE_MISSING,info,community-uploads/forrest/volcomp/PHerc0268/volumes/20251110183117-8.640um-1.2m-116keV-masked.zarr,2,26.20.16,inner chunk absent from shard index,0
CHUNK_SAMPLE_MISSING,info,community-uploads/forrest/volcomp/PHerc0268/volumes/20251110183117-8.640um-1.2m-116keV-masked.zarr,2,28.23.23,inner chunk absent from shard index,0
CHUNK_SAMPLE_MISSING,info,community-uploads/forrest/volcomp/PHerc0268/volumes/20251110183117-8.640um-1.2m-116keV-masked.zarr,3,0.0.0,inner chunk absent from shard index,0
CHUNK_SAMPLE_MISSING,info,community-uploads/forrest/volcomp/PHerc0268/volumes/20251110183117-8.640um-1.2m-116keV-masked.zarr,3,4.0.0,inner chunk absent from shard index,0
CHUNK_SAMPLE_POPULATED,info,community-uploads/forrest/volcomp/PHerc0268/volumes/20251110183117-8.640um-1.2m-116keV-masked.zarr,3,7.7.7,center 16^3 block: 4096/4096 differ from fill (0); 578499 stored bytes,586696
CHUNK_SAMPLE_MISSING,info,community-uploads/forrest/volcomp/PHerc0268/volumes/20251110183117-8.640um-1.2m-116keV-masked.zarr,3,0.8.0,inner chunk absent from shard index,0
CHUNK_SAMPLE_MISSING,info,community-uploads/forrest/volcomp/PHerc0268/volumes/20251110183117-8.640um-1.2m-116keV-masked.zarr,3,4.8.0,inner chunk absent from shard index,0
CHUNK_SAMPLE_MISSING,info,community-uploads/forrest/volcomp/PHerc0268/volumes/20251110183117-8.640um-1.2m-116keV-masked.zarr,3,7.11.7,inner chunk absent from shard index,0
CHUNK_SAMPLE_MISSING,info,community-uploads/forrest/volcomp/PHerc0268/volumes/20251110183117-8.640um-1.2m-116keV-masked.zarr,3,8.0.8,inner chunk absent from shard index,0
CHUNK_SAMPLE_MISSING,info,community-uploads/forrest/volcomp/PHerc0268/volumes/20251110183117-8.640um-1.2m-116keV-masked.zarr,3,11.4.8,inner chunk absent from shard index,0
CHUNK_SAMPLE_MISSING,info,community-uploads/forrest/volcomp/PHerc0268/volumes/20251110183117-8.640um-1.2m-116keV-masked.zarr,3,14.7.11,inner chunk absent from shard index,0
CHUNK_SAMPLE_MISSING,info,community-uploads/forrest/volcomp/PHerc0268/volumes/20251110183117-8.640um-1.2m-116keV-masked.zarr,3,8.8.8,inner chunk absent from shard index,0
CHUNK_SAMPLE_MISSING,info,community-uploads/forrest/volcomp/PHerc0268/volumes/20251110183117-8.640um-1.2m-116keV-masked.zarr,3,11.10.8,inner chunk absent from shard index,0
CHUNK_SAMPLE_MISSING,info,community-uploads/forrest/volcomp/PHerc0268/volumes/20251110183117-8.640um-1.2m-116keV-masked.zarr,3,14.11.11,inner chunk absent from shard index,0
CHUNK_SAMPLE_POPULATED,info,community-uploads/forrest/volcomp/PHerc0268/volumes/20251110183117-8.640um-1.2m-116keV-masked.zarr,4,0.0.0,67172/2097152 valid voxels differ from fill (0); 22488 stored bytes,27101
CHUNK_SAMPLE_MISSING,info,community-uploads/forrest/volcomp/PHerc0268/volumes/20251110183117-8.640um-1.2m-116keV-masked.zarr,4,4.0.0,inner chunk absent from shard index,0
CHUNK_SAMPLE_MISSING,info,community-uploads/forrest/volcomp/PHerc0268/volumes/20251110183117-8.640um-1.2m-116keV-masked.zarr,4,7.5.5,inner chunk absent from shard index,0
CHUNK_SAMPLE_MISSING,info,community-uploads/forrest/volcomp/PHerc0268/volumes/20251110183117-8.640um-1.2m-116keV-masked.zarr,5,0.0.0,inner chunk absent from shard index,0
CHUNK_SAMPLE_MISSING,info,community-uploads/forrest/volcomp/PHerc0268/volumes/20251110183117-8.640um-1.2m-116keV-masked.zarr,5,2.0.0,inner chunk absent from shard index,0
CHUNK_SAMPLE_MISSING,info,community-uploads/forrest/volcomp/PHerc0268/volumes/20251110183117-8.640um-1.2m-116keV-masked.zarr,5,3.2.2,inner chunk absent from shard index,0
CHUNK_SAMPLE_MISSING,info,community-uploads/forrest/volcomp/PHerc0343P/volumes/20260304131111-2.215um-0.4m-111keV-masked.zarr,0,0.0.0,shard object absent (reads as fill),0
CHUNK_SAMPLE_MISSING,info,community-uploads/forrest/volcomp/PHerc0343P/volumes/20260304131111-2.215um-0.4m-111keV-masked.zarr,0,7.0.0,shard object absent (reads as fill),0
CHUNK_SAMPLE_MISSING,info,community-uploads/forrest/volcomp/PHerc0343P/volumes/20260304131111-2.215um-0.4m-111keV-masked.zarr,0,13.12.12,shard object absent (reads as fill),0
CHUNK_SAMPLE_MISSING,info,community-uploads/forrest/volcomp/PHerc0343P/volumes/20260304131111-2.215um-0.4m-111keV-masked.zarr,0,20.12.12,shard object absent (reads as fill),0
CHUNK_SAMPLE_MISSING,info,community-uploads/forrest/volcomp/PHerc0343P/volumes/20260304131111-2.215um-0.4m-111keV-masked.zarr,1,0.0.0,inner chunk absent from shard index,0
CHUNK_SAMPLE_MISSING,info,community-uploads/forrest/volcomp/PHerc0343P/volumes/20260304131111-2.215um-0.4m-111keV-masked.zarr,1,4.0.0,inner chunk absent from shard index,0
CHUNK_SAMPLE_MISSING,info,community-uploads/forrest/volcomp/PHerc0343P/volumes/20260304131111-2.215um-0.4m-111keV-masked.zarr,1,7.7.7,inner chunk absent from shard index,0
CHUNK_SAMPLE_MISSING,info,community-uploads/forrest/volcomp/PHerc0343P/volumes/20260304131111-2.215um-0.4m-111keV-masked.zarr,1,3.4.4,shard object absent (reads as fill),0
CHUNK_SAMPLE_MISSING,info,community-uploads/forrest/volcomp/PHerc0343P/volumes/20260304131111-2.215um-0.4m-111keV-masked.zarr,1,56.16.16,inner chunk absent from shard index,0
CHUNK_SAMPLE_MISSING,info,community-uploads/forrest/volcomp/PHerc0343P/volumes/20260304131111-2.215um-0.4m-111keV-masked.zarr,1,60.16.16,inner chunk absent from shard index,0
CHUNK_SAMPLE_POPULATED,info,community-uploads/forrest/volcomp/PHerc0343P/volumes/20260304131111-2.215um-0.4m-111keV-masked.zarr,1,63.23.23,center 16^3 block: 4096/4096 differ from fill (0); 93133 stored bytes,101330
CHUNK_SAMPLE_MISSING,info,community-uploads/forrest/volcomp/PHerc0343P/volumes/20260304131111-2.215um-0.4m-111keV-masked.zarr,1,10.6.6,shard object absent (reads as fill),0
CHUNK_SAMPLE_MISSING,info,community-uploads/forrest/volcomp/PHerc0343P/volumes/20260304131111-2.215um-0.4m-111keV-masked.zarr,2,0.0.0,inner chunk absent from shard index,0
CHUNK_SAMPLE_MISSING,info,community-uploads/forrest/volcomp/PHerc0343P/volumes/20260304131111-2.215um-0.4m-111keV-masked.zarr,2,4.0.0,inner chunk absent from shard index,0
CHUNK_SAMPLE_MISSING,info,community-uploads/forrest/volcomp/PHerc0343P/volumes/20260304131111-2.215um-0.4m-111keV-masked.zarr,2,7.7.7,inner chunk absent from shard index,0
CHUNK_SAMPLE_MISSING,info,community-uploads/forrest/volcomp/PHerc0343P/volumes/20260304131111-2.215um-0.4m-111keV-masked.zarr,2,16.0.0,inner chunk absent from shard index,0
CHUNK_SAMPLE_MISSING,info,community-uploads/forrest/volcomp/PHerc0343P/volumes/20260304131111-2.215um-0.4m-111keV-masked.zarr,2,20.0.0,inner chunk absent from shard index,0
CHUNK_SAMPLE_POPULATED,info,community-uploads/forrest/volcomp/PHerc0343P/volumes/20260304131111-2.215um-0.4m-111keV-masked.zarr,2,23.7.7,393216/2097152 valid voxels differ from fill (0); 10818 stored bytes,19015
CHUNK_SAMPLE_MISSING,info,community-uploads/forrest/volcomp/PHerc0343P/volumes/20260304131111-2.215um-0.4m-111keV-masked.zarr,2,3.3.3,shard object absent (reads as fill),0
CHUNK_SAMPLE_MISSING,info,community-uploads/forrest/volcomp/PHerc0343P/volumes/20260304131111-2.215um-0.4m-111keV-masked.zarr,2,5.3.3,shard object absent (reads as fill),0
CHUNK_SAMPLE_MISSING,info,community-uploads/forrest/volcomp/PHerc0343P/volumes/20260304131111-2.215um-0.4m-111keV-masked.zarr,3,0.0.0,inner chunk absent from shard index,0
CHUNK_SAMPLE_MISSING,info,community-uploads/forrest/volcomp/PHerc0343P/volumes/20260304131111-2.215um-0.4m-111keV-masked.zarr,3,4.0.0,inner chunk absent from shard index,0
CHUNK_SAMPLE_POPULATED,info,community-uploads/forrest/volcomp/PHerc0343P/volumes/20260304131111-2.215um-0.4m-111keV-masked.zarr,3,7.7.7,212992/2097152 valid voxels differ from fill (0); 9813 stored bytes,18010
CHUNK_SAMPLE_MISSING,info,community-uploads/forrest/volcomp/PHerc0343P/volumes/20260304131111-2.215um-0.4m-111keV-masked.zarr,3,8.0.0,inner chunk absent from shard index,0
CHUNK_SAMPLE_MISSING,info,community-uploads/forrest/volcomp/PHerc0343P/volumes/20260304131111-2.215um-0.4m-111keV-masked.zarr,3,12.0.0,inner chunk absent from shard index,0
CHUNK_SAMPLE_POPULATED,info,community-uploads/forrest/volcomp/PHerc0343P/volumes/20260304131111-2.215um-0.4m-111keV-masked.zarr,3,15.7.7,12288/2097152 valid voxels differ from fill (0); 1412 stored bytes,9609
CHUNK_SAMPLE_MISSING,info,community-uploads/forrest/volcomp/PHerc0343P/volumes/20260304131111-2.215um-0.4m-111keV-masked.zarr,3,1.1.1,shard object absent (reads as fill),0
CHUNK_SAMPLE_MISSING,info,community-uploads/forrest/volcomp/PHerc0343P/volumes/20260304131111-2.215um-0.4m-111keV-masked.zarr,3,16.8.8,inner chunk absent from shard index,0
CHUNK_SAMPLE_MISSING,info,community-uploads/forrest/volcomp/PHerc0343P/volumes/20260304131111-2.215um-0.4m-111keV-masked.zarr,3,18.10.10,inner chunk absent from shard index,0
CHUNK_SAMPLE_MISSING,info,community-uploads/forrest/volcomp/PHerc0343P/volumes/20260304131111-2.215um-0.4m-111keV-masked.zarr,3,20.12.12,inner chunk absent from shard index,0
CHUNK_SAMPLE_MISSING,info,community-uploads/forrest/volcomp/PHerc0343P/volumes/20260304131111-2.215um-0.4m-111keV-masked.zarr,4,0.0.0,inner chunk absent from shard index,0
CHUNK_SAMPLE_MISSING,info,community-uploads/forrest/volcomp/PHerc0343P/volumes/20260304131111-2.215um-0.4m-111keV-masked.zarr,4,4.0.0,inner chunk absent from shard index,0
CHUNK_SAMPLE_MISSING,info,community-uploads/forrest/volcomp/PHerc0343P/volumes/20260304131111-2.215um-0.4m-111keV-masked.zarr,4,7.6.6,inner chunk absent from shard index,0
CHUNK_SAMPLE_MISSING,info,community-uploads/forrest/volcomp/PHerc0343P/volumes/20260304131111-2.215um-0.4m-111keV-masked.zarr,4,8.0.0,inner chunk absent from shard index,0
CHUNK_SAMPLE_MISSING,info,community-uploads/forrest/volcomp/PHerc0343P/volumes/20260304131111-2.215um-0.4m-111keV-masked.zarr,4,9.3.3,inner chunk absent from shard index,0
CHUNK_SAMPLE_MISSING,info,community-uploads/forrest/volcomp/PHerc0343P/volumes/20260304131111-2.215um-0.4m-111keV-masked.zarr,4,10.6.6,inner chunk absent from shard index,0
CHUNK_SAMPLE_MISSING,info,community-uploads/forrest/volcomp/PHerc0343P/volumes/20260304131111-2.215um-0.4m-111keV-masked.zarr,5,0.0.0,inner chunk absent from shard index,0
CHUNK_SAMPLE_MISSING,info,community-uploads/forrest/volcomp/PHerc0343P/volumes/20260304131111-2.215um-0.4m-111keV-masked.zarr,5,3.0.0,inner chunk absent from shard index,0
CHUNK_SAMPLE_MISSING,info,community-uploads/forrest/volcomp/PHerc0343P/volumes/20260304131111-2.215um-0.4m-111keV-masked.zarr,5,5.3.3,inner chunk absent from shard index,0
CHUNK_SAMPLE_MISSING,info,community-uploads/forrest/volcomp/PHerc0332/volumes/20251211183505-2.399um-0.2m-78keV-masked.zarr,0,0.0.0,shard object absent (reads as fill),0
CHUNK_SAMPLE_MISSING,info,community-uploads/forrest/volcomp/PHerc0332/volumes/20251211183505-2.399um-0.2m-78keV-masked.zarr,0,11.0.0,shard object absent (reads as fill),0
CHUNK_SAMPLE_MISSING,info,community-uploads/forrest/volcomp/PHerc0332/volumes/20251211183505-2.399um-0.2m-78keV-masked.zarr,0,21.15.15,shard object absent (reads as fill),0
CHUNK_SAMPLE_MISSING,info,community-uploads/forrest/volcomp/PHerc0332/volumes/20251211183505-2.399um-0.2m-78keV-masked.zarr,0,32.15.15,shard object absent (reads as fill),0
CHUNK_SAMPLE_MISSING,info,community-uploads/forrest/volcomp/PHerc0332/volumes/20251211183505-2.399um-0.2m-78keV-masked.zarr,1,0.0.0,shard object absent (reads as fill),0
CHUNK_SAMPLE_MISSING,info,community-uploads/forrest/volcomp/PHerc0332/volumes/20251211183505-2.399um-0.2m-78keV-masked.zarr,1,40.40.16,inner chunk absent from shard index,0
CHUNK_SAMPLE_POPULATED,info,community-uploads/forrest/volcomp/PHerc0332/volumes/20251211183505-2.399um-0.2m-78keV-masked.zarr,1,44.40.16,116291/2097152 valid voxels differ from fill (0); 9027 stored bytes,17224
CHUNK_SAMPLE_MISSING,info,community-uploads/forrest/volcomp/PHerc0332/volumes/20251211183505-2.399um-0.2m-78keV-masked.zarr,1,47.47.23,inner chunk absent from shard index,0
CHUNK_SAMPLE_MISSING,info,community-uploads/forrest/volcomp/PHerc0332/volumes/20251211183505-2.399um-0.2m-78keV-masked.zarr,1,88.16.40,inner chunk absent from shard index,0
CHUNK_SAMPLE_MISSING,info,community-uploads/forrest/volcomp/PHerc0332/volumes/20251211183505-2.399um-0.2m-78keV-masked.zarr,1,92.16.40,inner chunk absent from shard index,0
CHUNK_SAMPLE_POPULATED,info,community-uploads/forrest/volcomp/PHerc0332/volumes/20251211183505-2.399um-0.2m-78keV-masked.zarr,1,95.23.47,center 16^3 block: 4091/4096 differ from fill (0); 162176 stored bytes,170373
CHUNK_SAMPLE_MISSING,info,community-uploads/forrest/volcomp/PHerc0332/volumes/20251211183505-2.399um-0.2m-78keV-masked.zarr,1,16.7.7,shard object absent (reads as fill),0
CHUNK_SAMPLE_MISSING,info,community-uploads/forrest/volcomp/PHerc0332/volumes/20251211183505-2.399um-0.2m-78keV-masked.zarr,2,0.0.0,shard object absent (reads as fill),0
CHUNK_SAMPLE_MISSING,info,community-uploads/forrest/volcomp/PHerc0332/volumes/20251211183505-2.399um-0.2m-78keV-masked.zarr,2,3.0.0,shard object absent (reads as fill),0
CHUNK_SAMPLE_MISSING,info,community-uploads/forrest/volcomp/PHerc0332/volumes/20251211183505-2.399um-0.2m-78keV-masked.zarr,2,5.3.3,shard object absent (reads as fill),0
CHUNK_SAMPLE_MISSING,info,community-uploads/forrest/volcomp/PHerc0332/volumes/20251211183505-2.399um-0.2m-78keV-masked.zarr,2,8.3.3,shard object absent (reads as fill),0
CHUNK_SAMPLE_MISSING,info,community-uploads/forrest/volcomp/PHerc0332/volumes/20251211183505-2.399um-0.2m-78keV-masked.zarr,3,0.0.0,inner chunk absent from shard index,0
CHUNK_SAMPLE_MISSING,info,community-uploads/forrest/volcomp/PHerc0332/volumes/20251211183505-2.399um-0.2m-78keV-masked.zarr,3,4.0.0,inner chunk absent from shard index,0
CHUNK_SAMPLE_POPULATED,info,community-uploads/forrest/volcomp/PHerc0332/volumes/20251211183505-2.399um-0.2m-78keV-masked.zarr,3,7.7.7,center 16^3 block: 4096/4096 differ from fill (0); 818367 stored bytes,826564
CHUNK_SAMPLE_MISSING,info,community-uploads/forrest/volcomp/PHerc0332/volumes/20251211183505-2.399um-0.2m-78keV-masked.zarr,3,8.8.0,inner chunk absent from shard index,0
CHUNK_SAMPLE_MISSING,info,community-uploads/forrest/volcomp/PHerc0332/volumes/20251211183505-2.399um-0.2m-78keV-masked.zarr,3,12.8.0,inner chunk absent from shard index,0
CHUNK_SAMPLE_MISSING,info,community-uploads/forrest/volcomp/PHerc0332/volumes/20251211183505-2.399um-0.2m-78keV-masked.zarr,3,15.15.7,inner chunk absent from shard index,0
CHUNK_SAMPLE_MISSING,info,community-uploads/forrest/volcomp/PHerc0332/volumes/20251211183505-2.399um-0.2m-78keV-masked.zarr,3,24.0.8,inner chunk absent from shard index,0
CHUNK_SAMPLE_MISSING,info,community-uploads/forrest/volcomp/PHerc0332/volumes/20251211183505-2.399um-0.2m-78keV-masked.zarr,3,28.0.8,inner chunk absent from shard index,0
CHUNK_SAMPLE_MISSING,info,community-uploads/forrest/volcomp/PHerc0332/volumes/20251211183505-2.399um-0.2m-78keV-masked.zarr,3,31.7.15,inner chunk absent from shard index,0
CHUNK_SAMPLE_MISSING,info,community-uploads/forrest/volcomp/PHerc0332/volumes/20251211183505-2.399um-0.2m-78keV-masked.zarr,3,32.8.8,inner chunk absent from shard index,0
CHUNK_SAMPLE_MISSING,info,community-uploads/forrest/volcomp/PHerc0332/volumes/20251211183505-2.399um-0.2m-78keV-masked.zarr,3,32.12.8,inner chunk absent from shard index,0
CHUNK_SAMPLE_MISSING,info,community-uploads/forrest/volcomp/PHerc0332/volumes/20251211183505-2.399um-0.2m-78keV-masked.zarr,3,32.15.15,inner chunk absent from shard index,0
CHUNK_SAMPLE_MISSING,info,community-uploads/forrest/volcomp/PHerc0332/volumes/20251211183505-2.399um-0.2m-78keV-masked.zarr,4,0.0.0,inner chunk absent from shard index,0
CHUNK_SAMPLE_MISSING,info,community-uploads/forrest/volcomp/PHerc0332/volumes/20251211183505-2.399um-0.2m-78keV-masked.zarr,4,4.0.0,inner chunk absent from shard index,0
CHUNK_SAMPLE_MISSING,info,community-uploads/forrest/volcomp/PHerc0332/volumes/20251211183505-2.399um-0.2m-78keV-masked.zarr,4,7.7.7,inner chunk absent from shard index,0
CHUNK_SAMPLE_MISSING,info,community-uploads/forrest/volcomp/PHerc0332/volumes/20251211183505-2.399um-0.2m-78keV-masked.zarr,4,8.0.0,inner chunk absent from shard index,0
CHUNK_SAMPLE_MISSING,info,community-uploads/forrest/volcomp/PHerc0332/volumes/20251211183505-2.399um-0.2m-78keV-masked.zarr,4,12.0.0,inner chunk absent from shard index,0
CHUNK_SAMPLE_MISSING,info,community-uploads/forrest/volcomp/PHerc0332/volumes/20251211183505-2.399um-0.2m-78keV-masked.zarr,4,15.7.7,inner chunk absent from shard index,0
CHUNK_SAMPLE_MISSING,info,community-uploads/forrest/volcomp/PHerc0332/volumes/20251211183505-2.399um-0.2m-78keV-masked.zarr,4,16.0.0,inner chunk absent from shard index,0
CHUNK_SAMPLE_MISSING,info,community-uploads/forrest/volcomp/PHerc0332/volumes/20251211183505-2.399um-0.2m-78keV-masked.zarr,4,16.4.0,inner chunk absent from shard index,0
CHUNK_SAMPLE_MISSING,info,community-uploads/forrest/volcomp/PHerc0332/volumes/20251211183505-2.399um-0.2m-78keV-masked.zarr,4,16.7.7,inner chunk absent from shard index,0
CHUNK_SAMPLE_MISSING,info,community-uploads/forrest/volcomp/PHerc0332/volumes/20251211183505-2.399um-0.2m-78keV-masked.zarr,5,0.0.0,inner chunk absent from shard index,0
CHUNK_SAMPLE_MISSING,info,community-uploads/forrest/volcomp/PHerc0332/volumes/20251211183505-2.399um-0.2m-78keV-masked.zarr,5,4.0.0,inner chunk absent from shard index,0
CHUNK_SAMPLE_MISSING,info,community-uploads/forrest/volcomp/PHerc0332/volumes/20251211183505-2.399um-0.2m-78keV-masked.zarr,5,7.3.3,inner chunk absent from shard index,0
CHUNK_SAMPLE_MISSING,info,community-uploads/forrest/volcomp/PHerc0332/volumes/20251211183505-2.399um-0.2m-78keV-masked.zarr,5,8.0.0,inner chunk absent from shard index,0
CHUNK_SAMPLE_MISSING,info,community-uploads/forrest/volcomp/PHerc0332/volumes/20251211183505-2.399um-0.2m-78keV-masked.zarr,5,8.2.0,inner chunk absent from shard index,0
CHUNK_SAMPLE_MISSING,info,community-uploads/forrest/volcomp/PHerc0332/volumes/20251211183505-2.399um-0.2m-78keV-masked.zarr,5,8.3.3,inner chunk absent from shard index,0
CHUNK_SAMPLE_MISSING,info,community-uploads/forrest/volcomp/PHerc0483A/volumes/20250521140913-8.640um-1.2m-116keV-masked.zarr,0,0.0.0,shard object absent (reads as fill),0
CHUNK_SAMPLE_MISSING,info,community-uploads/forrest/volcomp/PHerc0483A/volumes/20250521140913-8.640um-1.2m-116keV-masked.zarr,0,40.24.0,inner chunk absent from shard index,0
CHUNK_SAMPLE_MISSING,info,community-uploads/forrest/volcomp/PHerc0483A/volumes/20250521140913-8.640um-1.2m-116keV-masked.zarr,0,44.24.0,inner chunk absent from shard index,0
CHUNK_SAMPLE_MISSING,info,community-uploads/forrest/volcomp/PHerc0483A/volumes/20250521140913-8.640um-1.2m-116keV-masked.zarr,0,47.31.7,inner chunk absent from shard index,0
CHUNK_SAMPLE_MISSING,info,community-uploads/forrest/volcomp/PHerc0483A/volumes/20250521140913-8.640um-1.2m-116keV-masked.zarr,0,10.5.8,shard object absent (reads as fill),0
CHUNK_SAMPLE_MISSING,info,community-uploads/forrest/volcomp/PHerc0483A/volumes/20250521140913-8.640um-1.2m-116keV-masked.zarr,0,15.8.8,shard object absent (reads as fill),0
CHUNK_SAMPLE_MISSING,info,community-uploads/forrest/volcomp/PHerc0483A/volumes/20250521140913-8.640um-1.2m-116keV-masked.zarr,1,0.0.0,shard object absent (reads as fill),0
CHUNK_SAMPLE_MISSING,info,community-uploads/forrest/volcomp/PHerc0483A/volumes/20250521140913-8.640um-1.2m-116keV-masked.zarr,1,16.24.8,inner chunk absent from shard index,0
CHUNK_SAMPLE_MISSING,info,community-uploads/forrest/volcomp/PHerc0483A/volumes/20250521140913-8.640um-1.2m-116keV-masked.zarr,1,20.24.8,inner chunk absent from shard index,0
CHUNK_SAMPLE_MISSING,info,community-uploads/forrest/volcomp/PHerc0483A/volumes/20250521140913-8.640um-1.2m-116keV-masked.zarr,1,23.31.15,inner chunk absent from shard index,0
CHUNK_SAMPLE_MISSING,info,community-uploads/forrest/volcomp/PHerc0483A/volumes/20250521140913-8.640um-1.2m-116keV-masked.zarr,1,40.8.24,inner chunk absent from shard index,0
CHUNK_SAMPLE_MISSING,info,community-uploads/forrest/volcomp/PHerc0483A/volumes/20250521140913-8.640um-1.2m-116keV-masked.zarr,1,44.8.24,inner chunk absent from shard index,0
CHUNK_SAMPLE_MISSING,info,community-uploads/forrest/volcomp/PHerc0483A/volumes/20250521140913-8.640um-1.2m-116keV-masked.zarr,1,47.15.31,inner chunk absent from shard index,0
CHUNK_SAMPLE_MISSING,info,community-uploads/forrest/volcomp/PHerc0483A/volumes/20250521140913-8.640um-1.2m-116keV-masked.zarr,1,7.4.4,shard object absent (reads as fill),0
CHUNK_SAMPLE_MISSING,info,community-uploads/forrest/volcomp/PHerc0483A/volumes/20250521140913-8.640um-1.2m-116keV-masked.zarr,2,0.0.0,inner chunk absent from shard index,0
CHUNK_SAMPLE_MISSING,info,community-uploads/forrest/volcomp/PHerc0483A/volumes/20250521140913-8.640um-1.2m-116keV-masked.zarr,2,4.0.0,inner chunk absent from shard index,0
CHUNK_SAMPLE_POPULATED,info,community-uploads/forrest/volcomp/PHerc0483A/volumes/20250521140913-8.640um-1.2m-116keV-masked.zarr,2,7.7.7,center 16^3 block: 4096/4096 differ from fill (0); 432642 stored bytes,440839
CHUNK_SAMPLE_MISSING,info,community-uploads/forrest/volcomp/PHerc0483A/volumes/20250521140913-8.640um-1.2m-116keV-masked.zarr,2,8.8.0,inner chunk absent from shard index,0
CHUNK_SAMPLE_MISSING,info,community-uploads/forrest/volcomp/PHerc0483A/volumes/20250521140913-8.640um-1.2m-116keV-masked.zarr,2,12.8.0,inner chunk absent from shard index,0
CHUNK_SAMPLE_MISSING,info,community-uploads/forrest/volcomp/PHerc0483A/volumes/20250521140913-8.640um-1.2m-116keV-masked.zarr,2,15.15.7,inner chunk absent from shard index,0
CHUNK_SAMPLE_MISSING,info,community-uploads/forrest/volcomp/PHerc0483A/volumes/20250521140913-8.640um-1.2m-116keV-masked.zarr,2,16.8.16,inner chunk absent from shard index,0
CHUNK_SAMPLE_POPULATED,info,community-uploads/forrest/volcomp/PHerc0483A/volumes/20250521140913-8.640um-1.2m-116keV-masked.zarr,2,20.8.16,22537/2097152 valid voxels differ from fill (0); 5314 stored bytes,7367
CHUNK_SAMPLE_MISSING,info,community-uploads/forrest/volcomp/PHerc0483A/volumes/20250521140913-8.640um-1.2m-116keV-masked.zarr,2,23.15.17,inner chunk absent from shard index,0
CHUNK_SAMPLE_MISSING,info,community-uploads/forrest/volcomp/PHerc0483A/volumes/20250521140913-8.640um-1.2m-116keV-masked.zarr,2,3.2.2,shard object absent (reads as fill),0
CHUNK_SAMPLE_MISSING,info,community-uploads/forrest/volcomp/PHerc0483A/volumes/20250521140913-8.640um-1.2m-116keV-masked.zarr,3,0.0.0,inner chunk absent from shard index,0
CHUNK_SAMPLE_MISSING,info,community-uploads/forrest/volcomp/PHerc0483A/volumes/20250521140913-8.640um-1.2m-116keV-masked.zarr,3,4.0.0,inner chunk absent from shard index,0
CHUNK_SAMPLE_MISSING,info,community-uploads/forrest/volcomp/PHerc0483A/volumes/20250521140913-8.640um-1.2m-116keV-masked.zarr,3,7.7.7,inner chunk absent from shard index,0
CHUNK_SAMPLE_MISSING,info,community-uploads/forrest/volcomp/PHerc0483A/volumes/20250521140913-8.640um-1.2m-116keV-masked.zarr,3,0.1.0,shard object absent (reads as fill),0
CHUNK_SAMPLE_MISSING,info,community-uploads/forrest/volcomp/PHerc0483A/volumes/20250521140913-8.640um-1.2m-116keV-masked.zarr,3,8.0.8,inner chunk absent from shard index,0
CHUNK_SAMPLE_POPULATED,info,community-uploads/forrest/volcomp/PHerc0483A/volumes/20250521140913-8.640um-1.2m-116keV-masked.zarr,3,12.0.8,center 16^3 block: 2173/4096 differ from fill (0); 144722 stored bytes,145751
CHUNK_SAMPLE_MISSING,info,community-uploads/forrest/volcomp/PHerc0483A/volumes/20250521140913-8.640um-1.2m-116keV-masked.zarr,3,15.7.8,inner chunk absent from shard index,0
CHUNK_SAMPLE_MISSING,info,community-uploads/forrest/volcomp/PHerc0483A/volumes/20250521140913-8.640um-1.2m-116keV-masked.zarr,3,1.1.1,shard object absent (reads as fill),0
CHUNK_SAMPLE_MISSING,info,community-uploads/forrest/volcomp/PHerc0483A/volumes/20250521140913-8.640um-1.2m-116keV-masked.zarr,4,0.0.0,inner chunk absent from shard index,0
CHUNK_SAMPLE_MISSING,info,community-uploads/forrest/volcomp/PHerc0483A/volumes/20250521140913-8.640um-1.2m-116keV-masked.zarr,4,4.0.0,inner chunk absent from shard index,0
CHUNK_SAMPLE_MISSING,info,community-uploads/forrest/volcomp/PHerc0483A/volumes/20250521140913-8.640um-1.2m-116keV-masked.zarr,4,7.4.4,inner chunk absent from shard index,0
CHUNK_SAMPLE_MISSING,info,community-uploads/forrest/volcomp/PHerc0483A/volumes/20250521140913-8.640um-1.2m-116keV-masked.zarr,5,0.0.0,inner chunk absent from shard index,0
CHUNK_SAMPLE_MISSING,info,community-uploads/forrest/volcomp/PHerc0483A/volumes/20250521140913-8.640um-1.2m-116keV-masked.zarr,5,2.0.0,inner chunk absent from shard index,0
CHUNK_SAMPLE_MISSING,info,community-uploads/forrest/volcomp/PHerc0483A/volumes/20250521140913-8.640um-1.2m-116keV-masked.zarr,5,3.2.2,inner chunk absent from shard index,0
CHUNK_SAMPLE_MISSING,info,community-uploads/forrest/volcomp/PHerc0343P/volumes/20250521134555-8.640um-1.2m-116keV-masked.zarr,0,0.0.0,shard object absent (reads as fill),0
CHUNK_SAMPLE_MISSING,info,community-uploads/forrest/volcomp/PHerc0343P/volumes/20250521134555-8.640um-1.2m-116keV-masked.zarr,0,2.0.0,shard object absent (reads as fill),0
CHUNK_SAMPLE_MISSING,info,community-uploads/forrest/volcomp/PHerc0343P/volumes/20250521134555-8.640um-1.2m-116keV-masked.zarr,0,3.4.4,shard object absent (reads as fill),0
CHUNK_SAMPLE_MISSING,info,community-uploads/forrest/volcomp/PHerc0343P/volumes/20250521134555-8.640um-1.2m-116keV-masked.zarr,0,40.32.32,inner chunk absent from shard index,0
CHUNK_SAMPLE_MISSING,info,community-uploads/forrest/volcomp/PHerc0343P/volumes/20250521134555-8.640um-1.2m-116keV-masked.zarr,0,41.36.32,inner chunk absent from shard index,0
CHUNK_SAMPLE_MISSING,info,community-uploads/forrest/volcomp/PHerc0343P/volumes/20250521134555-8.640um-1.2m-116keV-masked.zarr,0,42.39.39,inner chunk absent from shard index,0
CHUNK_SAMPLE_MISSING,info,community-uploads/forrest/volcomp/PHerc0343P/volumes/20250521134555-8.640um-1.2m-116keV-masked.zarr,1,0.0.0,inner chunk absent from shard index,0
CHUNK_SAMPLE_MISSING,info,community-uploads/forrest/volcomp/PHerc0343P/volumes/20250521134555-8.640um-1.2m-116keV-masked.zarr,1,4.0.0,inner chunk absent from shard index,0
CHUNK_SAMPLE_POPULATED,info,community-uploads/forrest/volcomp/PHerc0343P/volumes/20250521134555-8.640um-1.2m-116keV-masked.zarr,1,7.7.7,center 16^3 block: 4096/4096 differ from fill (0); 261506 stored bytes,269703
CHUNK_SAMPLE_MISSING,info,community-uploads/forrest/volcomp/PHerc0343P/volumes/20250521134555-8.640um-1.2m-116keV-masked.zarr,1,8.0.0,inner chunk absent from shard index,0
CHUNK_SAMPLE_MISSING,info,community-uploads/forrest/volcomp/PHerc0343P/volumes/20250521134555-8.640um-1.2m-116keV-masked.zarr,1,12.0.0,inner chunk absent from shard index,0
CHUNK_SAMPLE_MISSING,info,community-uploads/forrest/volcomp/PHerc0343P/volumes/20250521134555-8.640um-1.2m-116keV-masked.zarr,1,15.7.7,inner chunk absent from shard index,0
CHUNK_SAMPLE_MISSING,info,community-uploads/forrest/volcomp/PHerc0343P/volumes/20250521134555-8.640um-1.2m-116keV-masked.zarr,1,1.2.2,shard object absent (reads as fill),0
CHUNK_SAMPLE_MISSING,info,community-uploads/forrest/volcomp/PHerc0343P/volumes/20250521134555-8.640um-1.2m-116keV-masked.zarr,1,16.16.16,inner chunk absent from shard index,0
CHUNK_SAMPLE_MISSING,info,community-uploads/forrest/volcomp/PHerc0343P/volumes/20250521134555-8.640um-1.2m-116keV-masked.zarr,1,19.16.16,inner chunk absent from shard index,0
CHUNK_SAMPLE_MISSING,info,community-uploads/forrest/volcomp/PHerc0343P/volumes/20250521134555-8.640um-1.2m-116keV-masked.zarr,1,21.19.19,inner chunk absent from shard index,0
CHUNK_SAMPLE_MISSING,info,community-uploads/forrest/volcomp/PHerc0343P/volumes/20250521134555-8.640um-1.2m-116keV-masked.zarr,2,0.0.0,inner chunk absent from shard index,0
CHUNK_SAMPLE_MISSING,info,community-uploads/forrest/volcomp/PHerc0343P/volumes/20250521134555-8.640um-1.2m-116keV-masked.zarr,2,4.0.0,inner chunk absent from shard index,0
CHUNK_SAMPLE_MISSING,info,community-uploads/forrest/volcomp/PHerc0343P/volumes/20250521134555-8.640um-1.2m-116keV-masked.zarr,2,7.7.7,inner chunk absent from shard index,0
CHUNK_SAMPLE_MISSING,info,community-uploads/forrest/volcomp/PHerc0343P/volumes/20250521134555-8.640um-1.2m-116keV-masked.zarr,2,0.1.0,shard object absent (reads as fill),0
CHUNK_SAMPLE_MISSING,info,community-uploads/forrest/volcomp/PHerc0343P/volumes/20250521134555-8.640um-1.2m-116keV-masked.zarr,2,8.0.8,inner chunk absent from shard index,0
CHUNK_SAMPLE_MISSING,info,community-uploads/forrest/volcomp/PHerc0343P/volumes/20250521134555-8.640um-1.2m-116keV-masked.zarr,2,9.4.8,inner chunk absent from shard index,0
CHUNK_SAMPLE_MISSING,info,community-uploads/forrest/volcomp/PHerc0343P/volumes/20250521134555-8.640um-1.2m-116keV-masked.zarr,2,10.7.9,inner chunk absent from shard index,0
CHUNK_SAMPLE_MISSING,info,community-uploads/forrest/volcomp/PHerc0343P/volumes/20250521134555-8.640um-1.2m-116keV-masked.zarr,2,8.8.8,inner chunk absent from shard index,0
CHUNK_SAMPLE_MISSING,info,community-uploads/forrest/volcomp/PHerc0343P/volumes/20250521134555-8.640um-1.2m-116keV-masked.zarr,2,9.9.8,inner chunk absent from shard index,0
CHUNK_SAMPLE_MISSING,info,community-uploads/forrest/volcomp/PHerc0343P/volumes/20250521134555-8.640um-1.2m-116keV-masked.zarr,2,10.9.9,inner chunk absent from shard index,0
CHUNK_SAMPLE_MISSING,info,community-uploads/forrest/volcomp/PHerc0343P/volumes/20250521134555-8.640um-1.2m-116keV-masked.zarr,3,0.0.0,inner chunk absent from shard index,0
CHUNK_SAMPLE_MISSING,info,community-uploads/forrest/volcomp/PHerc0343P/volumes/20250521134555-8.640um-1.2m-116keV-masked.zarr,3,2.4.4,inner chunk absent from shard index,0
CHUNK_SAMPLE_MISSING,info,community-uploads/forrest/volcomp/PHerc0343P/volumes/20250521134555-8.640um-1.2m-116keV-masked.zarr,3,5.4.4,inner chunk absent from shard index,0
CHUNK_SAMPLE_MISSING,info,community-uploads/forrest/volcomp/PHerc0343P/volumes/20250521134555-8.640um-1.2m-116keV-masked.zarr,4,0.0.0,inner chunk absent from shard index,0
CHUNK_SAMPLE_MISSING,info,community-uploads/forrest/volcomp/PHerc0343P/volumes/20250521134555-8.640um-1.2m-116keV-masked.zarr,4,1.1.1,inner chunk absent from shard index,0
CHUNK_SAMPLE_MISSING,info,community-uploads/forrest/volcomp/PHerc0343P/volumes/20250521134555-8.640um-1.2m-116keV-masked.zarr,4,2.2.2,inner chunk absent from shard index,0
CHUNK_SAMPLE_MISSING,info,community-uploads/forrest/volcomp/PHerc0343P/volumes/20250521134555-8.640um-1.2m-116keV-masked.zarr,5,0.0.0,inner chunk absent from shard index,0
CHUNK_SAMPLE_MISSING,info,community-uploads/forrest/volcomp/PHerc0343P/volumes/20250521134555-8.640um-1.2m-116keV-masked.zarr,5,1.0.0,inner chunk absent from shard index,0
CHUNK_SAMPLE_MISSING,info,community-uploads/forrest/volcomp/PHerc0343P/volumes/20250521134555-8.640um-1.2m-116keV-masked.zarr,5,1.1.1,inner chunk absent from shard index,0
CHUNK_SAMPLE_MISSING,info,community-uploads/forrest/volcomp/PHerc0358/volumes/20250821151737-9.362um-1.2m-113keV-masked.zarr,0,0.0.0,shard object absent (reads as fill),0
CHUNK_SAMPLE_MISSING,info,community-uploads/forrest/volcomp/PHerc0358/volumes/20250821151737-9.362um-1.2m-113keV-masked.zarr,0,5.0.0,shard object absent (reads as fill),0
CHUNK_SAMPLE_MISSING,info,community-uploads/forrest/volcomp/PHerc0358/volumes/20250821151737-9.362um-1.2m-113keV-masked.zarr,0,9.7.7,shard object absent (reads as fill),0
CHUNK_SAMPLE_MISSING,info,community-uploads/forrest/volcomp/PHerc0358/volumes/20250821151737-9.362um-1.2m-113keV-masked.zarr,0,14.7.7,shard object absent (reads as fill),0
CHUNK_SAMPLE_MISSING,info,community-uploads/forrest/volcomp/PHerc0358/volumes/20250821151737-9.362um-1.2m-113keV-masked.zarr,1,0.0.0,inner chunk absent from shard index,0
CHUNK_SAMPLE_MISSING,info,community-uploads/forrest/volcomp/PHerc0358/volumes/20250821151737-9.362um-1.2m-113keV-masked.zarr,1,4.0.0,inner chunk absent from shard index,0
CHUNK_SAMPLE_POPULATED,info,community-uploads/forrest/volcomp/PHerc0358/volumes/20250821151737-9.362um-1.2m-113keV-masked.zarr,1,7.7.7,16595/2097152 valid voxels differ from fill (0); 1894 stored bytes,10091
CHUNK_SAMPLE_POPULATED,info,community-uploads/forrest/volcomp/PHerc0358/volumes/20250821151737-9.362um-1.2m-113keV-masked.zarr,1,16.16.16,center 16^3 block: 4096/4096 differ from fill (0); 268984 stored bytes,277181
CHUNK_SAMPLE_POPULATED,info,community-uploads/forrest/volcomp/PHerc0358/volumes/20250821151737-9.362um-1.2m-113keV-masked.zarr,1,20.16.16,center 16^3 block: 4096/4096 differ from fill (0); 271158 stored bytes,271158
CHUNK_SAMPLE_POPULATED,info,community-uploads/forrest/volcomp/PHerc0358/volumes/20250821151737-9.362um-1.2m-113keV-masked.zarr,1,23.23.23,center 16^3 block: 4092/4096 differ from fill (0); 213555 stored bytes,213555
CHUNK_SAMPLE_POPULATED,info,community-uploads/forrest/volcomp/PHerc0358/volumes/20250821151737-9.362um-1.2m-113keV-masked.zarr,1,40.8.8,center 16^3 block: 4096/4096 differ from fill (0); 215684 stored bytes,223881
CHUNK_SAMPLE_POPULATED,info,community-uploads/forrest/volcomp/PHerc0358/volumes/20250821151737-9.362um-1.2m-113keV-masked.zarr,1,44.8.8,center 16^3 block: 4096/4096 differ from fill (0); 157810 stored bytes,157810
CHUNK_SAMPLE_POPULATED,info,community-uploads/forrest/volcomp/PHerc0358/volumes/20250821151737-9.362um-1.2m-113keV-masked.zarr,1,47.15.15,center 16^3 block: 4096/4096 differ from fill (0); 221336 stored bytes,221336
CHUNK_SAMPLE_MISSING,info,community-uploads/forrest/volcomp/PHerc0358/volumes/20250821151737-9.362um-1.2m-113keV-masked.zarr,1,7.3.3,shard object absent (reads as fill),0
CHUNK_SAMPLE_MISSING,info,community-uploads/forrest/volcomp/PHerc0358/volumes/20250821151737-9.362um-1.2m-113keV-masked.zarr,2,0.0.0,inner chunk absent from shard index,0
CHUNK_SAMPLE_MISSING,info,community-uploads/forrest/volcomp/PHerc0358/volumes/20250821151737-9.362um-1.2m-113keV-masked.zarr,2,4.0.0,inner chunk absent from shard index,0
CHUNK_SAMPLE_POPULATED,info,community-uploads/forrest/volcomp/PHerc0358/volumes/20250821151737-9.362um-1.2m-113keV-masked.zarr,2,7.7.7,center 16^3 block: 4096/4096 differ from fill (0); 572551 stored bytes,580748
CHUNK_SAMPLE_MISSING,info,community-uploads/forrest/volcomp/PHerc0358/volumes/20250821151737-9.362um-1.2m-113keV-masked.zarr,2,8.0.8,inner chunk absent from shard index,0
CHUNK_SAMPLE_MISSING,info,community-uploads/forrest/volcomp/PHerc0358/volumes/20250821151737-9.362um-1.2m-113keV-masked.zarr,2,12.0.8,inner chunk absent from shard index,0
CHUNK_SAMPLE_MISSING,info,community-uploads/forrest/volcomp/PHerc0358/volumes/20250821151737-9.362um-1.2m-113keV-masked.zarr,2,15.7.15,inner chunk absent from shard index,0
CHUNK_SAMPLE_MISSING,info,community-uploads/forrest/volcomp/PHerc0358/volumes/20250821151737-9.362um-1.2m-113keV-masked.zarr,2,16.8.0,inner chunk absent from shard index,0
CHUNK_SAMPLE_MISSING,info,community-uploads/forrest/volcomp/PHerc0358/volumes/20250821151737-9.362um-1.2m-113keV-masked.zarr,2,20.8.0,inner chunk absent from shard index,0
CHUNK_SAMPLE_MISSING,info,community-uploads/forrest/volcomp/PHerc0358/volumes/20250821151737-9.362um-1.2m-113keV-masked.zarr,2,23.15.7,inner chunk absent from shard index,0
CHUNK_SAMPLE_POPULATED,info,community-uploads/forrest/volcomp/PHerc0358/volumes/20250821151737-9.362um-1.2m-113keV-masked.zarr,2,24.8.8,198078/2097152 valid voxels differ from fill (0); 38190 stored bytes,43315
CHUNK_SAMPLE_MISSING,info,community-uploads/forrest/volcomp/PHerc0358/volumes/20250821151737-9.362um-1.2m-113keV-masked.zarr,2,26.12.8,inner chunk absent from shard index,0
CHUNK_SAMPLE_MISSING,info,community-uploads/forrest/volcomp/PHerc0358/volumes/20250821151737-9.362um-1.2m-113keV-masked.zarr,2,28.15.15,inner chunk absent from shard index,0
CHUNK_SAMPLE_MISSING,info,community-uploads/forrest/volcomp/PHerc0358/volumes/20250821151737-9.362um-1.2m-113keV-masked.zarr,3,0.0.0,inner chunk absent from shard index,0
CHUNK_SAMPLE_MISSING,info,community-uploads/forrest/volcomp/PHerc0358/volumes/20250821151737-9.362um-1.2m-113keV-masked.zarr,3,4.0.0,inner chunk absent from shard index,0
CHUNK_SAMPLE_MISSING,info,community-uploads/forrest/volcomp/PHerc0358/volumes/20250821151737-9.362um-1.2m-113keV-masked.zarr,3,7.7.7,inner chunk absent from shard index,0
CHUNK_SAMPLE_MISSING,info,community-uploads/forrest/volcomp/PHerc0358/volumes/20250821151737-9.362um-1.2m-113keV-masked.zarr,3,8.0.0,inner chunk absent from shard index,0
CHUNK_SAMPLE_POPULATED,info,community-uploads/forrest/volcomp/PHerc0358/volumes/20250821151737-9.362um-1.2m-113keV-masked.zarr,3,11.4.0,1622/2097152 valid voxels differ from fill (0); 1272 stored bytes,8445
CHUNK_SAMPLE_MISSING,info,community-uploads/forrest/volcomp/PHerc0358/volumes/20250821151737-9.362um-1.2m-113keV-masked.zarr,3,14.7.7,inner chunk absent from shard index,0
CHUNK_SAMPLE_POPULATED,info,community-uploads/forrest/volcomp/PHerc0358/volumes/20250821151737-9.362um-1.2m-113keV-masked.zarr,4,0.0.0,32680/2097152 valid voxels differ from fill (0); 11204 stored bytes,13257
CHUNK_SAMPLE_MISSING,info,community-uploads/forrest/volcomp/PHerc0358/volumes/20250821151737-9.362um-1.2m-113keV-masked.zarr,4,4.0.0,inner chunk absent from shard index,0
CHUNK_SAMPLE_MISSING,info,community-uploads/forrest/volcomp/PHerc0358/volumes/20250821151737-9.362um-1.2m-113keV-masked.zarr,4,7.3.3,inner chunk absent from shard index,0
CHUNK_SAMPLE_MISSING,info,community-uploads/forrest/volcomp/PHerc0358/volumes/20250821151737-9.362um-1.2m-113keV-masked.zarr,5,0.0.0,inner chunk absent from shard index,0
CHUNK_SAMPLE_MISSING,info,community-uploads/forrest/volcomp/PHerc0358/volumes/20250821151737-9.362um-1.2m-113keV-masked.zarr,5,2.0.0,inner chunk absent from shard index,0
CHUNK_SAMPLE_MISSING,info,community-uploads/forrest/volcomp/PHerc0358/volumes/20250821151737-9.362um-1.2m-113keV-masked.zarr,5,3.1.1,inner chunk absent from shard index,0
CHUNK_SAMPLE_MISSING,info,community-uploads/forrest/volcomp/PHerc0490A/volumes/20250521151210-8.640um-1.2m-116keV-masked.zarr,0,0.0.0,shard object absent (reads as fill),0
CHUNK_SAMPLE_MISSING,info,community-uploads/forrest/volcomp/PHerc0490A/volumes/20250521151210-8.640um-1.2m-116keV-masked.zarr,0,4.0.0,shard object absent (reads as fill),0
CHUNK_SAMPLE_MISSING,info,community-uploads/forrest/volcomp/PHerc0490A/volumes/20250521151210-8.640um-1.2m-116keV-masked.zarr,0,7.8.8,shard object absent (reads as fill),0
CHUNK_SAMPLE_MISSING,info,community-uploads/forrest/volcomp/PHerc0490A/volumes/20250521151210-8.640um-1.2m-116keV-masked.zarr,0,11.8.8,shard object absent (reads as fill),0
CHUNK_SAMPLE_MISSING,info,community-uploads/forrest/volcomp/PHerc0490A/volumes/20250521151210-8.640um-1.2m-116keV-masked.zarr,1,0.0.0,inner chunk absent from shard index,0
CHUNK_SAMPLE_MISSING,info,community-uploads/forrest/volcomp/PHerc0490A/volumes/20250521151210-8.640um-1.2m-116keV-masked.zarr,1,4.0.0,inner chunk absent from shard index,0
CHUNK_SAMPLE_MISSING,info,community-uploads/forrest/volcomp/PHerc0490A/volumes/20250521151210-8.640um-1.2m-116keV-masked.zarr,1,7.7.7,inner chunk absent from shard index,0
CHUNK_SAMPLE_MISSING,info,community-uploads/forrest/volcomp/PHerc0490A/volumes/20250521151210-8.640um-1.2m-116keV-masked.zarr,1,2.0.0,shard object absent (reads as fill),0
CHUNK_SAMPLE_MISSING,info,community-uploads/forrest/volcomp/PHerc0490A/volumes/20250521151210-8.640um-1.2m-116keV-masked.zarr,1,3.4.4,shard object absent (reads as fill),0
CHUNK_SAMPLE_MISSING,info,community-uploads/forrest/volcomp/PHerc0490A/volumes/20250521151210-8.640um-1.2m-116keV-masked.zarr,1,5.4.4,shard object absent (reads as fill),0
CHUNK_SAMPLE_MISSING,info,community-uploads/forrest/volcomp/PHerc0490A/volumes/20250521151210-8.640um-1.2m-116keV-masked.zarr,2,0.0.0,inner chunk absent from shard index,0
CHUNK_SAMPLE_MISSING,info,community-uploads/forrest/volcomp/PHerc0490A/volumes/20250521151210-8.640um-1.2m-116keV-masked.zarr,2,4.0.0,inner chunk absent from shard index,0
CHUNK_SAMPLE_POPULATED,info,community-uploads/forrest/volcomp/PHerc0490A/volumes/20250521151210-8.640um-1.2m-116keV-masked.zarr,2,7.7.7,center 16^3 block: 4096/4096 differ from fill (0); 414502 stored bytes,422699
CHUNK_SAMPLE_MISSING,info,community-uploads/forrest/volcomp/PHerc0490A/volumes/20250521151210-8.640um-1.2m-116keV-masked.zarr,2,8.0.0,inner chunk absent from shard index,0
CHUNK_SAMPLE_MISSING,info,community-uploads/forrest/volcomp/PHerc0490A/volumes/20250521151210-8.640um-1.2m-116keV-masked.zarr,2,12.0.0,inner chunk absent from shard index,0
CHUNK_SAMPLE_POPULATED,info,community-uploads/forrest/volcomp/PHerc0490A/volumes/20250521151210-8.640um-1.2m-116keV-masked.zarr,2,15.7.7,center 16^3 block: 4096/4096 differ from fill (0); 357435 stored bytes,365632
CHUNK_SAMPLE_MISSING,info,community-uploads/forrest/volcomp/PHerc0490A/volumes/20250521151210-8.640um-1.2m-116keV-masked.zarr,2,1.2.2,shard object absent (reads as fill),0
CHUNK_SAMPLE_MISSING,info,community-uploads/forrest/volcomp/PHerc0490A/volumes/20250521151210-8.640um-1.2m-116keV-masked.zarr,2,2.2.2,shard object absent (reads as fill),0
CHUNK_SAMPLE_MISSING,info,community-uploads/forrest/volcomp/PHerc0490A/volumes/20250521151210-8.640um-1.2m-116keV-masked.zarr,3,0.0.0,inner chunk absent from shard index,0
CHUNK_SAMPLE_MISSING,info,community-uploads/forrest/volcomp/PHerc0490A/volumes/20250521151210-8.640um-1.2m-116keV-masked.zarr,3,4.0.0,inner chunk absent from shard index,0
CHUNK_SAMPLE_MISSING,info,community-uploads/forrest/volcomp/PHerc0490A/volumes/20250521151210-8.640um-1.2m-116keV-masked.zarr,3,7.7.7,inner chunk absent from shard index,0
CHUNK_SAMPLE_MISSING,info,community-uploads/forrest/volcomp/PHerc0490A/volumes/20250521151210-8.640um-1.2m-116keV-masked.zarr,3,0.8.0,inner chunk absent from shard index,0
CHUNK_SAMPLE_MISSING,info,community-uploads/forrest/volcomp/PHerc0490A/volumes/20250521151210-8.640um-1.2m-116keV-masked.zarr,3,4.8.0,inner chunk absent from shard index,0
CHUNK_SAMPLE_MISSING,info,community-uploads/forrest/volcomp/PHerc0490A/volumes/20250521151210-8.640um-1.2m-116keV-masked.zarr,3,7.8.7,inner chunk absent from shard index,0
CHUNK_SAMPLE_MISSING,info,community-uploads/forrest/volcomp/PHerc0490A/volumes/20250521151210-8.640um-1.2m-116keV-masked.zarr,3,8.0.8,inner chunk absent from shard index,0
CHUNK_SAMPLE_MISSING,info,community-uploads/forrest/volcomp/PHerc0490A/volumes/20250521151210-8.640um-1.2m-116keV-masked.zarr,3,10.0.8,inner chunk absent from shard index,0
CHUNK_SAMPLE_MISSING,info,community-uploads/forrest/volcomp/PHerc0490A/volumes/20250521151210-8.640um-1.2m-116keV-masked.zarr,3,11.7.8,inner chunk absent from shard index,0
CHUNK_SAMPLE_MISSING,info,community-uploads/forrest/volcomp/PHerc0490A/volumes/20250521151210-8.640um-1.2m-116keV-masked.zarr,3,1.1.1,shard object absent (reads as fill),0
CHUNK_SAMPLE_MISSING,info,community-uploads/forrest/volcomp/PHerc0490A/volumes/20250521151210-8.640um-1.2m-116keV-masked.zarr,4,0.0.0,inner chunk absent from shard index,0
CHUNK_SAMPLE_MISSING,info,community-uploads/forrest/volcomp/PHerc0490A/volumes/20250521151210-8.640um-1.2m-116keV-masked.zarr,4,2.4.4,inner chunk absent from shard index,0
CHUNK_SAMPLE_MISSING,info,community-uploads/forrest/volcomp/PHerc0490A/volumes/20250521151210-8.640um-1.2m-116keV-masked.zarr,4,5.4.4,inner chunk absent from shard index,0
CHUNK_SAMPLE_MISSING,info,community-uploads/forrest/volcomp/PHerc0490A/volumes/20250521151210-8.640um-1.2m-116keV-masked.zarr,5,0.0.0,inner chunk absent from shard index,0
CHUNK_SAMPLE_MISSING,info,community-uploads/forrest/volcomp/PHerc0490A/volumes/20250521151210-8.640um-1.2m-116keV-masked.zarr,5,1.1.1,inner chunk absent from shard index,0
CHUNK_SAMPLE_MISSING,info,community-uploads/forrest/volcomp/PHerc0490A/volumes/20250521151210-8.640um-1.2m-116keV-masked.zarr,5,2.2.2,inner chunk absent from shard index,0
CHUNK_SAMPLE_MISSING,info,community-uploads/forrest/volcomp/PHerc0483B/volumes/20251124083638-8.640um-1.2m-116keV-masked.zarr,0,0.0.0,shard object absent (reads as fill),0
CHUNK_SAMPLE_MISSING,info,community-uploads/forrest/volcomp/PHerc0483B/volumes/20251124083638-8.640um-1.2m-116keV-masked.zarr,0,4.0.0,shard object absent (reads as fill),0
CHUNK_SAMPLE_MISSING,info,community-uploads/forrest/volcomp/PHerc0483B/volumes/20251124083638-8.640um-1.2m-116keV-masked.zarr,0,7.8.8,shard object absent (reads as fill),0
CHUNK_SAMPLE_MISSING,info,community-uploads/forrest/volcomp/PHerc0483B/volumes/20251124083638-8.640um-1.2m-116keV-masked.zarr,0,11.8.8,shard object absent (reads as fill),0
CHUNK_SAMPLE_MISSING,info,community-uploads/forrest/volcomp/PHerc0483B/volumes/20251124083638-8.640um-1.2m-116keV-masked.zarr,1,0.0.0,shard object absent (reads as fill),0
CHUNK_SAMPLE_MISSING,info,community-uploads/forrest/volcomp/PHerc0483B/volumes/20251124083638-8.640um-1.2m-116keV-masked.zarr,1,2.0.0,shard object absent (reads as fill),0
CHUNK_SAMPLE_MISSING,info,community-uploads/forrest/volcomp/PHerc0483B/volumes/20251124083638-8.640um-1.2m-116keV-masked.zarr,1,3.4.4,shard object absent (reads as fill),0
CHUNK_SAMPLE_MISSING,info,community-uploads/forrest/volcomp/PHerc0483B/volumes/20251124083638-8.640um-1.2m-116keV-masked.zarr,1,5.4.4,shard object absent (reads as fill),0
CHUNK_SAMPLE_MISSING,info,community-uploads/forrest/volcomp/PHerc0483B/volumes/20251124083638-8.640um-1.2m-116keV-masked.zarr,2,0.0.0,inner chunk absent from shard index,0
CHUNK_SAMPLE_MISSING,info,community-uploads/forrest/volcomp/PHerc0483B/volumes/20251124083638-8.640um-1.2m-116keV-masked.zarr,2,4.0.0,inner chunk absent from shard index,0
CHUNK_SAMPLE_POPULATED,info,community-uploads/forrest/volcomp/PHerc0483B/volumes/20251124083638-8.640um-1.2m-116keV-masked.zarr,2,7.7.7,center 16^3 block: 4096/4096 differ from fill (0); 519540 stored bytes,527737
CHUNK_SAMPLE_MISSING,info,community-uploads/forrest/volcomp/PHerc0483B/volumes/20251124083638-8.640um-1.2m-116keV-masked.zarr,2,8.0.0,inner chunk absent from shard index,0
CHUNK_SAMPLE_MISSING,info,community-uploads/forrest/volcomp/PHerc0483B/volumes/20251124083638-8.640um-1.2m-116keV-masked.zarr,2,12.0.0,inner chunk absent from shard index,0
CHUNK_SAMPLE_POPULATED,info,community-uploads/forrest/volcomp/PHerc0483B/volumes/20251124083638-8.640um-1.2m-116keV-masked.zarr,2,15.7.7,center 16^3 block: 4096/4096 differ from fill (0); 439716 stored bytes,447913
CHUNK_SAMPLE_MISSING,info,community-uploads/forrest/volcomp/PHerc0483B/volumes/20251124083638-8.640um-1.2m-116keV-masked.zarr,2,1.2.2,shard object absent (reads as fill),0
CHUNK_SAMPLE_MISSING,info,community-uploads/forrest/volcomp/PHerc0483B/volumes/20251124083638-8.640um-1.2m-116keV-masked.zarr,2,2.2.2,shard object absent (reads as fill),0
CHUNK_SAMPLE_MISSING,info,community-uploads/forrest/volcomp/PHerc0483B/volumes/20251124083638-8.640um-1.2m-116keV-masked.zarr,3,0.0.0,inner chunk absent from shard index,0
CHUNK_SAMPLE_MISSING,info,community-uploads/forrest/volcomp/PHerc0483B/volumes/20251124083638-8.640um-1.2m-116keV-masked.zarr,3,4.0.0,inner chunk absent from shard index,0
CHUNK_SAMPLE_MISSING,info,community-uploads/forrest/volcomp/PHerc0483B/volumes/20251124083638-8.640um-1.2m-116keV-masked.zarr,3,7.7.7,inner chunk absent from shard index,0
CHUNK_SAMPLE_MISSING,info,community-uploads/forrest/volcomp/PHerc0483B/volumes/20251124083638-8.640um-1.2m-116keV-masked.zarr,3,0.1.0,shard object absent (reads as fill),0
CHUNK_SAMPLE_MISSING,info,community-uploads/forrest/volcomp/PHerc0483B/volumes/20251124083638-8.640um-1.2m-116keV-masked.zarr,3,8.0.8,inner chunk absent from shard index,0
CHUNK_SAMPLE_MISSING,info,community-uploads/forrest/volcomp/PHerc0483B/volumes/20251124083638-8.640um-1.2m-116keV-masked.zarr,3,10.0.8,inner chunk absent from shard index,0
CHUNK_SAMPLE_MISSING,info,community-uploads/forrest/volcomp/PHerc0483B/volumes/20251124083638-8.640um-1.2m-116keV-masked.zarr,3,11.7.8,inner chunk absent from shard index,0
CHUNK_SAMPLE_MISSING,info,community-uploads/forrest/volcomp/PHerc0483B/volumes/20251124083638-8.640um-1.2m-116keV-masked.zarr,3,1.1.1,shard object absent (reads as fill),0
CHUNK_SAMPLE_MISSING,info,community-uploads/forrest/volcomp/PHerc0483B/volumes/20251124083638-8.640um-1.2m-116keV-masked.zarr,4,0.0.0,inner chunk absent from shard index,0
CHUNK_SAMPLE_MISSING,info,community-uploads/forrest/volcomp/PHerc0483B/volumes/20251124083638-8.640um-1.2m-116keV-masked.zarr,4,2.4.4,inner chunk absent from shard index,0
CHUNK_SAMPLE_MISSING,info,community-uploads/forrest/volcomp/PHerc0483B/volumes/20251124083638-8.640um-1.2m-116keV-masked.zarr,4,5.4.4,inner chunk absent from shard index,0
CHUNK_SAMPLE_MISSING,info,community-uploads/forrest/volcomp/PHerc0483B/volumes/20251124083638-8.640um-1.2m-116keV-masked.zarr,5,0.0.0,inner chunk absent from shard index,0
CHUNK_SAMPLE_MISSING,info,community-uploads/forrest/volcomp/PHerc0483B/volumes/20251124083638-8.640um-1.2m-116keV-masked.zarr,5,1.1.1,inner chunk absent from shard index,0
CHUNK_SAMPLE_MISSING,info,community-uploads/forrest/volcomp/PHerc0483B/volumes/20251124083638-8.640um-1.2m-116keV-masked.zarr,5,2.2.2,inner chunk absent from shard index,0
CHUNK_SAMPLE_MISSING,info,community-uploads/forrest/volcomp/PHerc0490B/volumes/20250521151215-8.640um-1.2m-116keV-masked.zarr,0,0.0.0,shard object absent (reads as fill),0
CHUNK_SAMPLE_MISSING,info,community-uploads/forrest/volcomp/PHerc0490B/volumes/20250521151215-8.640um-1.2m-116keV-masked.zarr,0,3.6.0,shard object absent (reads as fill),0
CHUNK_SAMPLE_MISSING,info,community-uploads/forrest/volcomp/PHerc0490B/volumes/20250521151215-8.640um-1.2m-116keV-masked.zarr,0,7.2.8,shard object absent (reads as fill),0
CHUNK_SAMPLE_MISSING,info,community-uploads/forrest/volcomp/PHerc0490B/volumes/20250521151215-8.640um-1.2m-116keV-masked.zarr,0,10.8.8,shard object absent (reads as fill),0
CHUNK_SAMPLE_MISSING,info,community-uploads/forrest/volcomp/PHerc0490B/volumes/20250521151215-8.640um-1.2m-116keV-masked.zarr,1,0.0.0,inner chunk absent from shard index,0
CHUNK_SAMPLE_MISSING,info,community-uploads/forrest/volcomp/PHerc0490B/volumes/20250521151215-8.640um-1.2m-116keV-masked.zarr,1,4.0.0,inner chunk absent from shard index,0
CHUNK_SAMPLE_MISSING,info,community-uploads/forrest/volcomp/PHerc0490B/volumes/20250521151215-8.640um-1.2m-116keV-masked.zarr,1,7.7.7,inner chunk absent from shard index,0
CHUNK_SAMPLE_MISSING,info,community-uploads/forrest/volcomp/PHerc0490B/volumes/20250521151215-8.640um-1.2m-116keV-masked.zarr,1,16.0.0,inner chunk absent from shard index,0
CHUNK_SAMPLE_MISSING,info,community-uploads/forrest/volcomp/PHerc0490B/volumes/20250521151215-8.640um-1.2m-116keV-masked.zarr,1,20.0.0,inner chunk absent from shard index,0
CHUNK_SAMPLE_POPULATED,info,community-uploads/forrest/volcomp/PHerc0490B/volumes/20250521151215-8.640um-1.2m-116keV-masked.zarr,1,23.7.7,center 16^3 block: 4096/4096 differ from fill (0); 248871 stored bytes,257068
CHUNK_SAMPLE_MISSING,info,community-uploads/forrest/volcomp/PHerc0490B/volumes/20250521151215-8.640um-1.2m-116keV-masked.zarr,1,3.4.4,shard object absent (reads as fill),0
CHUNK_SAMPLE_MISSING,info,community-uploads/forrest/volcomp/PHerc0490B/volumes/20250521151215-8.640um-1.2m-116keV-masked.zarr,1,5.4.4,shard object absent (reads as fill),0
CHUNK_SAMPLE_MISSING,info,community-uploads/forrest/volcomp/PHerc0490B/volumes/20250521151215-8.640um-1.2m-116keV-masked.zarr,2,0.0.0,inner chunk absent from shard index,0
CHUNK_SAMPLE_MISSING,info,community-uploads/forrest/volcomp/PHerc0490B/volumes/20250521151215-8.640um-1.2m-116keV-masked.zarr,2,4.0.0,inner chunk absent from shard index,0
CHUNK_SAMPLE_POPULATED,info,community-uploads/forrest/volcomp/PHerc0490B/volumes/20250521151215-8.640um-1.2m-116keV-masked.zarr,2,7.7.7,center 16^3 block: 4096/4096 differ from fill (0); 489129 stored bytes,497326
CHUNK_SAMPLE_MISSING,info,community-uploads/forrest/volcomp/PHerc0490B/volumes/20250521151215-8.640um-1.2m-116keV-masked.zarr,2,8.0.0,inner chunk absent from shard index,0
CHUNK_SAMPLE_MISSING,info,community-uploads/forrest/volcomp/PHerc0490B/volumes/20250521151215-8.640um-1.2m-116keV-masked.zarr,2,12.0.0,inner chunk absent from shard index,0
CHUNK_SAMPLE_POPULATED,info,community-uploads/forrest/volcomp/PHerc0490B/volumes/20250521151215-8.640um-1.2m-116keV-masked.zarr,2,15.7.7,center 16^3 block: 4096/4096 differ from fill (0); 488254 stored bytes,496451
CHUNK_SAMPLE_MISSING,info,community-uploads/forrest/volcomp/PHerc0490B/volumes/20250521151215-8.640um-1.2m-116keV-masked.zarr,2,1.2.2,shard object absent (reads as fill),0
CHUNK_SAMPLE_MISSING,info,community-uploads/forrest/volcomp/PHerc0490B/volumes/20250521151215-8.640um-1.2m-116keV-masked.zarr,2,2.2.2,shard object absent (reads as fill),0
CHUNK_SAMPLE_MISSING,info,community-uploads/forrest/volcomp/PHerc0490B/volumes/20250521151215-8.640um-1.2m-116keV-masked.zarr,3,0.0.0,inner chunk absent from shard index,0
CHUNK_SAMPLE_MISSING,info,community-uploads/forrest/volcomp/PHerc0490B/volumes/20250521151215-8.640um-1.2m-116keV-masked.zarr,3,4.0.0,inner chunk absent from shard index,0
CHUNK_SAMPLE_MISSING,info,community-uploads/forrest/volcomp/PHerc0490B/volumes/20250521151215-8.640um-1.2m-116keV-masked.zarr,3,7.7.7,inner chunk absent from shard index,0
CHUNK_SAMPLE_MISSING,info,community-uploads/forrest/volcomp/PHerc0490B/volumes/20250521151215-8.640um-1.2m-116keV-masked.zarr,3,0.8.0,inner chunk absent from shard index,0
CHUNK_SAMPLE_MISSING,info,community-uploads/forrest/volcomp/PHerc0490B/volumes/20250521151215-8.640um-1.2m-116keV-masked.zarr,3,4.8.0,inner chunk absent from shard index,0
CHUNK_SAMPLE_MISSING,info,community-uploads/forrest/volcomp/PHerc0490B/volumes/20250521151215-8.640um-1.2m-116keV-masked.zarr,3,7.8.7,inner chunk absent from shard index,0
CHUNK_SAMPLE_MISSING,info,community-uploads/forrest/volcomp/PHerc0490B/volumes/20250521151215-8.640um-1.2m-116keV-masked.zarr,3,8.0.8,inner chunk absent from shard index,0
CHUNK_SAMPLE_MISSING,info,community-uploads/forrest/volcomp/PHerc0490B/volumes/20250521151215-8.640um-1.2m-116keV-masked.zarr,3,9.4.8,inner chunk absent from shard index,0
CHUNK_SAMPLE_MISSING,info,community-uploads/forrest/volcomp/PHerc0490B/volumes/20250521151215-8.640um-1.2m-116keV-masked.zarr,3,10.7.8,inner chunk absent from shard index,0
CHUNK_SAMPLE_MISSING,info,community-uploads/forrest/volcomp/PHerc0490B/volumes/20250521151215-8.640um-1.2m-116keV-masked.zarr,3,1.1.1,shard object absent (reads as fill),0
CHUNK_SAMPLE_MISSING,info,community-uploads/forrest/volcomp/PHerc0490B/volumes/20250521151215-8.640um-1.2m-116keV-masked.zarr,4,0.0.0,inner chunk absent from shard index,0
CHUNK_SAMPLE_MISSING,info,community-uploads/forrest/volcomp/PHerc0490B/volumes/20250521151215-8.640um-1.2m-116keV-masked.zarr,4,2.4.4,inner chunk absent from shard index,0
CHUNK_SAMPLE_MISSING,info,community-uploads/forrest/volcomp/PHerc0490B/volumes/20250521151215-8.640um-1.2m-116keV-masked.zarr,4,5.4.4,inner chunk absent from shard index,0
CHUNK_SAMPLE_MISSING,info,community-uploads/forrest/volcomp/PHerc0490B/volumes/20250521151215-8.640um-1.2m-116keV-masked.zarr,5,0.0.0,inner chunk absent from shard index,0
CHUNK_SAMPLE_MISSING,info,community-uploads/forrest/volcomp/PHerc0490B/volumes/20250521151215-8.640um-1.2m-116keV-masked.zarr,5,1.1.1,inner chunk absent from shard index,0
CHUNK_SAMPLE_MISSING,info,community-uploads/forrest/volcomp/PHerc0490B/volumes/20250521151215-8.640um-1.2m-116keV-masked.zarr,5,2.2.2,inner chunk absent from shard index,0
CHUNK_SAMPLE_MISSING,info,community-uploads/forrest/volcomp/PHerc0500P2/volumes/20250526151718-2.215um-0.4m-111keV-masked.zarr,0,0.0.0,shard object absent (reads as fill),0
CHUNK_SAMPLE_MISSING,info,community-uploads/forrest/volcomp/PHerc0500P2/volumes/20250526151718-2.215um-0.4m-111keV-masked.zarr,0,9.6.0,shard object absent (reads as fill),0
CHUNK_SAMPLE_MISSING,info,community-uploads/forrest/volcomp/PHerc0500P2/volumes/20250526151718-2.215um-0.4m-111keV-masked.zarr,0,18.11.17,shard object absent (reads as fill),0
CHUNK_SAMPLE_MISSING,info,community-uploads/forrest/volcomp/PHerc0500P2/volumes/20250526151718-2.215um-0.4m-111keV-masked.zarr,0,27.17.17,shard object absent (reads as fill),0
CHUNK_SAMPLE_MISSING,info,community-uploads/forrest/volcomp/PHerc0500P2/volumes/20250526151718-2.215um-0.4m-111keV-masked.zarr,1,0.0.0,shard object absent (reads as fill),0
CHUNK_SAMPLE_MISSING,info,community-uploads/forrest/volcomp/PHerc0500P2/volumes/20250526151718-2.215um-0.4m-111keV-masked.zarr,1,4.6.0,shard object absent (reads as fill),0
CHUNK_SAMPLE_MISSING,info,community-uploads/forrest/volcomp/PHerc0500P2/volumes/20250526151718-2.215um-0.4m-111keV-masked.zarr,1,9.2.8,shard object absent (reads as fill),0
CHUNK_SAMPLE_MISSING,info,community-uploads/forrest/volcomp/PHerc0500P2/volumes/20250526151718-2.215um-0.4m-111keV-masked.zarr,1,13.8.8,shard object absent (reads as fill),0
CHUNK_SAMPLE_MISSING,info,community-uploads/forrest/volcomp/PHerc0500P2/volumes/20250526151718-2.215um-0.4m-111keV-masked.zarr,2,0.0.0,shard object absent (reads as fill),0
CHUNK_SAMPLE_MISSING,info,community-uploads/forrest/volcomp/PHerc0500P2/volumes/20250526151718-2.215um-0.4m-111keV-masked.zarr,2,16.8.24,inner chunk absent from shard index,0
CHUNK_SAMPLE_MISSING,info,community-uploads/forrest/volcomp/PHerc0500P2/volumes/20250526151718-2.215um-0.4m-111keV-masked.zarr,2,20.8.24,inner chunk absent from shard index,0
CHUNK_SAMPLE_MISSING,info,community-uploads/forrest/volcomp/PHerc0500P2/volumes/20250526151718-2.215um-0.4m-111keV-masked.zarr,2,23.15.31,inner chunk absent from shard index,0
CHUNK_SAMPLE_MISSING,info,community-uploads/forrest/volcomp/PHerc0500P2/volumes/20250526151718-2.215um-0.4m-111keV-masked.zarr,2,4.3.1,shard object absent (reads as fill),0
CHUNK_SAMPLE_MISSING,info,community-uploads/forrest/volcomp/PHerc0500P2/volumes/20250526151718-2.215um-0.4m-111keV-masked.zarr,2,6.4.4,shard object absent (reads as fill),0
CHUNK_SAMPLE_MISSING,info,community-uploads/forrest/volcomp/PHerc0500P2/volumes/20250526151718-2.215um-0.4m-111keV-masked.zarr,3,0.0.0,inner chunk absent from shard index,0
CHUNK_SAMPLE_MISSING,info,community-uploads/forrest/volcomp/PHerc0500P2/volumes/20250526151718-2.215um-0.4m-111keV-masked.zarr,3,4.0.0,inner chunk absent from shard index,0
CHUNK_SAMPLE_POPULATED,info,community-uploads/forrest/volcomp/PHerc0500P2/volumes/20250526151718-2.215um-0.4m-111keV-masked.zarr,3,7.7.7,center 16^3 block: 4096/4096 differ from fill (0); 423575 stored bytes,431772
CHUNK_SAMPLE_MISSING,info,community-uploads/forrest/volcomp/PHerc0500P2/volumes/20250526151718-2.215um-0.4m-111keV-masked.zarr,3,8.8.0,inner chunk absent from shard index,0
CHUNK_SAMPLE_MISSING,info,community-uploads/forrest/volcomp/PHerc0500P2/volumes/20250526151718-2.215um-0.4m-111keV-masked.zarr,3,12.8.0,inner chunk absent from shard index,0
CHUNK_SAMPLE_MISSING,info,community-uploads/forrest/volcomp/PHerc0500P2/volumes/20250526151718-2.215um-0.4m-111keV-masked.zarr,3,15.15.7,inner chunk absent from shard index,0
CHUNK_SAMPLE_MISSING,info,community-uploads/forrest/volcomp/PHerc0500P2/volumes/20250526151718-2.215um-0.4m-111keV-masked.zarr,3,2.1.2,shard object absent (reads as fill),0
CHUNK_SAMPLE_MISSING,info,community-uploads/forrest/volcomp/PHerc0500P2/volumes/20250526151718-2.215um-0.4m-111keV-masked.zarr,3,3.2.2,shard object absent (reads as fill),0
CHUNK_SAMPLE_MISSING,info,community-uploads/forrest/volcomp/PHerc0500P2/volumes/20250526151718-2.215um-0.4m-111keV-masked.zarr,4,0.0.0,inner chunk absent from shard index,0
CHUNK_SAMPLE_MISSING,info,community-uploads/forrest/volcomp/PHerc0500P2/volumes/20250526151718-2.215um-0.4m-111keV-masked.zarr,4,4.0.0,inner chunk absent from shard index,0
CHUNK_SAMPLE_MISSING,info,community-uploads/forrest/volcomp/PHerc0500P2/volumes/20250526151718-2.215um-0.4m-111keV-masked.zarr,4,7.7.7,inner chunk absent from shard index,0
CHUNK_SAMPLE_MISSING,info,community-uploads/forrest/volcomp/PHerc0500P2/volumes/20250526151718-2.215um-0.4m-111keV-masked.zarr,4,0.1.0,shard object absent (reads as fill),0
CHUNK_SAMPLE_MISSING,info,community-uploads/forrest/volcomp/PHerc0500P2/volumes/20250526151718-2.215um-0.4m-111keV-masked.zarr,4,8.0.8,inner chunk absent from shard index,0
CHUNK_SAMPLE_MISSING,info,community-uploads/forrest/volcomp/PHerc0500P2/volumes/20250526151718-2.215um-0.4m-111keV-masked.zarr,4,11.0.8,inner chunk absent from shard index,0
CHUNK_SAMPLE_MISSING,info,community-uploads/forrest/volcomp/PHerc0500P2/volumes/20250526151718-2.215um-0.4m-111keV-masked.zarr,4,13.7.8,inner chunk absent from shard index,0
CHUNK_SAMPLE_MISSING,info,community-uploads/forrest/volcomp/PHerc0500P2/volumes/20250526151718-2.215um-0.4m-111keV-masked.zarr,4,1.1.1,shard object absent (reads as fill),0
CHUNK_SAMPLE_POPULATED,info,community-uploads/forrest/volcomp/PHerc0500P2/volumes/20250526151718-2.215um-0.4m-111keV-masked.zarr,5,0.0.0,center 16^3 block: 4096/4096 differ from fill (0); 289027 stored bytes,291832
CHUNK_SAMPLE_MISSING,info,community-uploads/forrest/volcomp/PHerc0500P2/volumes/20250526151718-2.215um-0.4m-111keV-masked.zarr,5,3.2.2,inner chunk absent from shard index,0
CHUNK_SAMPLE_MISSING,info,community-uploads/forrest/volcomp/PHerc0500P2/volumes/20250526151718-2.215um-0.4m-111keV-masked.zarr,5,6.4.4,inner chunk absent from shard index,0
CHUNK_SAMPLE_MISSING,info,community-uploads/forrest/volcomp/PHerc0500P2/volumes/20250820143440-9.362um-1.2m-113keV-masked.zarr,0,0.0.0,shard object absent (reads as fill),0
CHUNK_SAMPLE_MISSING,info,community-uploads/forrest/volcomp/PHerc0500P2/volumes/20250820143440-9.362um-1.2m-113keV-masked.zarr,0,2.1.3,shard object absent (reads as fill),0
CHUNK_SAMPLE_MISSING,info,community-uploads/forrest/volcomp/PHerc0500P2/volumes/20250820143440-9.362um-1.2m-113keV-masked.zarr,0,4.3.1,shard object absent (reads as fill),0
CHUNK_SAMPLE_MISSING,info,community-uploads/forrest/volcomp/PHerc0500P2/volumes/20250820143440-9.362um-1.2m-113keV-masked.zarr,0,6.4.4,shard object absent (reads as fill),0
CHUNK_SAMPLE_MISSING,info,community-uploads/forrest/volcomp/PHerc0500P2/volumes/20250820143440-9.362um-1.2m-113keV-masked.zarr,1,0.0.0,inner chunk absent from shard index,0
CHUNK_SAMPLE_MISSING,info,community-uploads/forrest/volcomp/PHerc0500P2/volumes/20250820143440-9.362um-1.2m-113keV-masked.zarr,1,4.0.0,inner chunk absent from shard index,0
CHUNK_SAMPLE_MISSING,info,community-uploads/forrest/volcomp/PHerc0500P2/volumes/20250820143440-9.362um-1.2m-113keV-masked.zarr,1,7.7.7,inner chunk absent from shard index,0
CHUNK_SAMPLE_MISSING,info,community-uploads/forrest/volcomp/PHerc0500P2/volumes/20250820143440-9.362um-1.2m-113keV-masked.zarr,1,8.8.0,inner chunk absent from shard index,0
CHUNK_SAMPLE_MISSING,info,community-uploads/forrest/volcomp/PHerc0500P2/volumes/20250820143440-9.362um-1.2m-113keV-masked.zarr,1,12.8.0,inner chunk absent from shard index,0
CHUNK_SAMPLE_MISSING,info,community-uploads/forrest/volcomp/PHerc0500P2/volumes/20250820143440-9.362um-1.2m-113keV-masked.zarr,1,15.15.7,inner chunk absent from shard index,0
CHUNK_SAMPLE_MISSING,info,community-uploads/forrest/volcomp/PHerc0500P2/volumes/20250820143440-9.362um-1.2m-113keV-masked.zarr,1,2.1.2,shard object absent (reads as fill),0
CHUNK_SAMPLE_MISSING,info,community-uploads/forrest/volcomp/PHerc0500P2/volumes/20250820143440-9.362um-1.2m-113keV-masked.zarr,1,3.2.2,shard object absent (reads as fill),0
CHUNK_SAMPLE_MISSING,info,community-uploads/forrest/volcomp/PHerc0500P2/volumes/20250820143440-9.362um-1.2m-113keV-masked.zarr,2,0.0.0,inner chunk absent from shard index,0
CHUNK_SAMPLE_MISSING,info,community-uploads/forrest/volcomp/PHerc0500P2/volumes/20250820143440-9.362um-1.2m-113keV-masked.zarr,2,4.0.0,inner chunk absent from shard index,0
CHUNK_SAMPLE_MISSING,info,community-uploads/forrest/volcomp/PHerc0500P2/volumes/20250820143440-9.362um-1.2m-113keV-masked.zarr,2,7.7.7,inner chunk absent from shard index,0
CHUNK_SAMPLE_MISSING,info,community-uploads/forrest/volcomp/PHerc0500P2/volumes/20250820143440-9.362um-1.2m-113keV-masked.zarr,2,0.1.0,shard object absent (reads as fill),0
CHUNK_SAMPLE_MISSING,info,community-uploads/forrest/volcomp/PHerc0500P2/volumes/20250820143440-9.362um-1.2m-113keV-masked.zarr,2,8.0.8,inner chunk absent from shard index,0
CHUNK_SAMPLE_MISSING,info,community-uploads/forrest/volcomp/PHerc0500P2/volumes/20250820143440-9.362um-1.2m-113keV-masked.zarr,2,11.0.8,inner chunk absent from shard index,0
CHUNK_SAMPLE_MISSING,info,community-uploads/forrest/volcomp/PHerc0500P2/volumes/20250820143440-9.362um-1.2m-113keV-masked.zarr,2,13.7.8,inner chunk absent from shard index,0
CHUNK_SAMPLE_MISSING,info,community-uploads/forrest/volcomp/PHerc0500P2/volumes/20250820143440-9.362um-1.2m-113keV-masked.zarr,2,1.1.1,shard object absent (reads as fill),0
CHUNK_SAMPLE_POPULATED,info,community-uploads/forrest/volcomp/PHerc0500P2/volumes/20250820143440-9.362um-1.2m-113keV-masked.zarr,3,0.0.0,327429/2097152 valid voxels differ from fill (0); 85070 stored bytes,87875
CHUNK_SAMPLE_MISSING,info,community-uploads/forrest/volcomp/PHerc0500P2/volumes/20250820143440-9.362um-1.2m-113keV-masked.zarr,3,3.2.2,inner chunk absent from shard index,0
CHUNK_SAMPLE_MISSING,info,community-uploads/forrest/volcomp/PHerc0500P2/volumes/20250820143440-9.362um-1.2m-113keV-masked.zarr,3,6.4.4,inner chunk absent from shard index,0
CHUNK_SAMPLE_MISSING,info,community-uploads/forrest/volcomp/PHerc0500P2/volumes/20250820143440-9.362um-1.2m-113keV-masked.zarr,4,0.0.0,inner chunk absent from shard index,0
CHUNK_SAMPLE_MISSING,info,community-uploads/forrest/volcomp/PHerc0500P2/volumes/20250820143440-9.362um-1.2m-113keV-masked.zarr,4,2.0.0,inner chunk absent from shard index,0
CHUNK_SAMPLE_MISSING,info,community-uploads/forrest/volcomp/PHerc0500P2/volumes/20250820143440-9.362um-1.2m-113keV-masked.zarr,4,3.2.2,inner chunk absent from shard index,0
CHUNK_SAMPLE_MISSING,info,community-uploads/forrest/volcomp/PHerc0500P2/volumes/20250820143440-9.362um-1.2m-113keV-masked.zarr,5,0.0.0,inner chunk absent from shard index,0
CHUNK_SAMPLE_MISSING,info,community-uploads/forrest/volcomp/PHerc0500P2/volumes/20250820143440-9.362um-1.2m-113keV-masked.zarr,5,1.0.0,inner chunk absent from shard index,0
CHUNK_SAMPLE_MISSING,info,community-uploads/forrest/volcomp/PHerc0500P2/volumes/20250820143440-9.362um-1.2m-113keV-masked.zarr,5,1.1.1,inner chunk absent from shard index,0
CHUNK_SAMPLE_MISSING,info,community-uploads/forrest/volcomp/PHerc0500P2/volumes/20250528085330-4.317um-1.2m-111keV-masked.zarr,0,0.0.0,shard object absent (reads as fill),0
CHUNK_SAMPLE_MISSING,info,community-uploads/forrest/volcomp/PHerc0500P2/volumes/20250528085330-4.317um-1.2m-111keV-masked.zarr,0,40.24.24,inner chunk absent from shard index,0
CHUNK_SAMPLE_MISSING,info,community-uploads/forrest/volcomp/PHerc0500P2/volumes/20250528085330-4.317um-1.2m-111keV-masked.zarr,0,44.24.24,inner chunk absent from shard index,0
CHUNK_SAMPLE_POPULATED,info,community-uploads/forrest/volcomp/PHerc0500P2/volumes/20250528085330-4.317um-1.2m-111keV-masked.zarr,0,47.31.31,center 16^3 block: 4096/4096 differ from fill (0); 26707 stored bytes,34904
CHUNK_SAMPLE_MISSING,info,community-uploads/forrest/volcomp/PHerc0500P2/volumes/20250528085330-4.317um-1.2m-111keV-masked.zarr,0,10.6.6,shard object absent (reads as fill),0
CHUNK_SAMPLE_MISSING,info,community-uploads/forrest/volcomp/PHerc0500P2/volumes/20250528085330-4.317um-1.2m-111keV-masked.zarr,0,15.9.9,shard object absent (reads as fill),0
CHUNK_SAMPLE_MISSING,info,community-uploads/forrest/volcomp/PHerc0500P2/volumes/20250528085330-4.317um-1.2m-111keV-masked.zarr,1,0.0.0,inner chunk absent from shard index,0
CHUNK_SAMPLE_MISSING,info,community-uploads/forrest/volcomp/PHerc0500P2/volumes/20250528085330-4.317um-1.2m-111keV-masked.zarr,1,4.0.0,inner chunk absent from shard index,0
CHUNK_SAMPLE_MISSING,info,community-uploads/forrest/volcomp/PHerc0500P2/volumes/20250528085330-4.317um-1.2m-111keV-masked.zarr,1,7.7.7,inner chunk absent from shard index,0
CHUNK_SAMPLE_MISSING,info,community-uploads/forrest/volcomp/PHerc0500P2/volumes/20250528085330-4.317um-1.2m-111keV-masked.zarr,1,2.3.1,shard object absent (reads as fill),0
CHUNK_SAMPLE_MISSING,info,community-uploads/forrest/volcomp/PHerc0500P2/volumes/20250528085330-4.317um-1.2m-111keV-masked.zarr,1,40.8.24,inner chunk absent from shard index,0
CHUNK_SAMPLE_MISSING,info,community-uploads/forrest/volcomp/PHerc0500P2/volumes/20250528085330-4.317um-1.2m-111keV-masked.zarr,1,44.8.24,inner chunk absent from shard index,0
CHUNK_SAMPLE_MISSING,info,community-uploads/forrest/volcomp/PHerc0500P2/volumes/20250528085330-4.317um-1.2m-111keV-masked.zarr,1,47.15.31,inner chunk absent from shard index,0
CHUNK_SAMPLE_MISSING,info,community-uploads/forrest/volcomp/PHerc0500P2/volumes/20250528085330-4.317um-1.2m-111keV-masked.zarr,1,7.4.4,shard object absent (reads as fill),0
CHUNK_SAMPLE_MISSING,info,community-uploads/forrest/volcomp/PHerc0500P2/volumes/20250528085330-4.317um-1.2m-111keV-masked.zarr,2,0.0.0,inner chunk absent from shard index,0
CHUNK_SAMPLE_MISSING,info,community-uploads/forrest/volcomp/PHerc0500P2/volumes/20250528085330-4.317um-1.2m-111keV-masked.zarr,2,4.0.0,inner chunk absent from shard index,0
CHUNK_SAMPLE_POPULATED,info,community-uploads/forrest/volcomp/PHerc0500P2/volumes/20250528085330-4.317um-1.2m-111keV-masked.zarr,2,7.7.7,center 16^3 block: 1565/4096 differ from fill (0); 106655 stored bytes,114852
CHUNK_SAMPLE_MISSING,info,community-uploads/forrest/volcomp/PHerc0500P2/volumes/20250528085330-4.317um-1.2m-111keV-masked.zarr,2,8.8.0,inner chunk absent from shard index,0
CHUNK_SAMPLE_MISSING,info,community-uploads/forrest/volcomp/PHerc0500P2/volumes/20250528085330-4.317um-1.2m-111keV-masked.zarr,2,12.8.0,inner chunk absent from shard index,0
CHUNK_SAMPLE_MISSING,info,community-uploads/forrest/volcomp/PHerc0500P2/volumes/20250528085330-4.317um-1.2m-111keV-masked.zarr,2,15.15.7,inner chunk absent from shard index,0
CHUNK_SAMPLE_MISSING,info,community-uploads/forrest/volcomp/PHerc0500P2/volumes/20250528085330-4.317um-1.2m-111keV-masked.zarr,2,16.8.16,inner chunk absent from shard index,0
CHUNK_SAMPLE_MISSING,info,community-uploads/forrest/volcomp/PHerc0500P2/volumes/20250528085330-4.317um-1.2m-111keV-masked.zarr,2,20.8.16,inner chunk absent from shard index,0
CHUNK_SAMPLE_MISSING,info,community-uploads/forrest/volcomp/PHerc0500P2/volumes/20250528085330-4.317um-1.2m-111keV-masked.zarr,2,23.15.18,inner chunk absent from shard index,0
CHUNK_SAMPLE_MISSING,info,community-uploads/forrest/volcomp/PHerc0500P2/volumes/20250528085330-4.317um-1.2m-111keV-masked.zarr,2,3.2.2,shard object absent (reads as fill),0
CHUNK_SAMPLE_MISSING,info,community-uploads/forrest/volcomp/PHerc0500P2/volumes/20250528085330-4.317um-1.2m-111keV-masked.zarr,3,0.0.0,inner chunk absent from shard index,0
CHUNK_SAMPLE_MISSING,info,community-uploads/forrest/volcomp/PHerc0500P2/volumes/20250528085330-4.317um-1.2m-111keV-masked.zarr,3,4.0.0,inner chunk absent from shard index,0
CHUNK_SAMPLE_MISSING,info,community-uploads/forrest/volcomp/PHerc0500P2/volumes/20250528085330-4.317um-1.2m-111keV-masked.zarr,3,7.7.7,inner chunk absent from shard index,0
CHUNK_SAMPLE_MISSING,info,community-uploads/forrest/volcomp/PHerc0500P2/volumes/20250528085330-4.317um-1.2m-111keV-masked.zarr,3,0.8.0,inner chunk absent from shard index,0
CHUNK_SAMPLE_MISSING,info,community-uploads/forrest/volcomp/PHerc0500P2/volumes/20250528085330-4.317um-1.2m-111keV-masked.zarr,3,4.8.0,inner chunk absent from shard index,0
CHUNK_SAMPLE_MISSING,info,community-uploads/forrest/volcomp/PHerc0500P2/volumes/20250528085330-4.317um-1.2m-111keV-masked.zarr,3,7.9.7,inner chunk absent from shard index,0
CHUNK_SAMPLE_MISSING,info,community-uploads/forrest/volcomp/PHerc0500P2/volumes/20250528085330-4.317um-1.2m-111keV-masked.zarr,3,8.0.8,inner chunk absent from shard index,0
CHUNK_SAMPLE_MISSING,info,community-uploads/forrest/volcomp/PHerc0500P2/volumes/20250528085330-4.317um-1.2m-111keV-masked.zarr,3,12.0.8,inner chunk absent from shard index,0
CHUNK_SAMPLE_MISSING,info,community-uploads/forrest/volcomp/PHerc0500P2/volumes/20250528085330-4.317um-1.2m-111keV-masked.zarr,3,15.7.9,inner chunk absent from shard index,0
CHUNK_SAMPLE_MISSING,info,community-uploads/forrest/volcomp/PHerc0500P2/volumes/20250528085330-4.317um-1.2m-111keV-masked.zarr,3,1.1.1,shard object absent (reads as fill),0
CHUNK_SAMPLE_MISSING,info,community-uploads/forrest/volcomp/PHerc0500P2/volumes/20250528085330-4.317um-1.2m-111keV-masked.zarr,4,0.0.0,inner chunk absent from shard index,0
CHUNK_SAMPLE_MISSING,info,community-uploads/forrest/volcomp/PHerc0500P2/volumes/20250528085330-4.317um-1.2m-111keV-masked.zarr,4,4.0.0,inner chunk absent from shard index,0
CHUNK_SAMPLE_MISSING,info,community-uploads/forrest/volcomp/PHerc0500P2/volumes/20250528085330-4.317um-1.2m-111keV-masked.zarr,4,7.4.4,inner chunk absent from shard index,0
CHUNK_SAMPLE_MISSING,info,community-uploads/forrest/volcomp/PHerc0500P2/volumes/20250528085330-4.317um-1.2m-111keV-masked.zarr,5,0.0.0,inner chunk absent from shard index,0
CHUNK_SAMPLE_MISSING,info,community-uploads/forrest/volcomp/PHerc0500P2/volumes/20250528085330-4.317um-1.2m-111keV-masked.zarr,5,2.0.0,inner chunk absent from shard index,0
CHUNK_SAMPLE_MISSING,info,community-uploads/forrest/volcomp/PHerc0500P2/volumes/20250528085330-4.317um-1.2m-111keV-masked.zarr,5,3.2.2,inner chunk absent from shard index,0
CHUNK_SAMPLE_MISSING,info,community-uploads/forrest/volcomp/PHerc0813/volumes/20250821151723-9.362um-1.2m-113keV-masked.zarr,0,0.0.0,shard object absent (reads as fill),0
CHUNK_SAMPLE_POPULATED,info,community-uploads/forrest/volcomp/PHerc0813/volumes/20250821151723-9.362um-1.2m-113keV-masked.zarr,0,40.40.16,center 16^3 block: 4096/4096 differ from fill (0); 66198 stored bytes,74395
CHUNK_SAMPLE_POPULATED,info,community-uploads/forrest/volcomp/PHerc0813/volumes/20250821151723-9.362um-1.2m-113keV-masked.zarr,0,44.40.16,center 16^3 block: 4096/4096 differ from fill (0); 76953 stored bytes,76953
CHUNK_SAMPLE_POPULATED,info,community-uploads/forrest/volcomp/PHerc0813/volumes/20250821151723-9.362um-1.2m-113keV-masked.zarr,0,47.47.23,center 16^3 block: 4096/4096 differ from fill (0); 53614 stored bytes,53614
CHUNK_SAMPLE_POPULATED,info,community-uploads/forrest/volcomp/PHerc0813/volumes/20250821151723-9.362um-1.2m-113keV-masked.zarr,0,88.16.40,center 16^3 block: 4096/4096 differ from fill (0); 72507 stored bytes,80704
CHUNK_SAMPLE_POPULATED,info,community-uploads/forrest/volcomp/PHerc0813/volumes/20250821151723-9.362um-1.2m-113keV-masked.zarr,0,92.16.40,center 16^3 block: 4096/4096 differ from fill (0); 70947 stored bytes,70947
CHUNK_SAMPLE_POPULATED,info,community-uploads/forrest/volcomp/PHerc0813/volumes/20250821151723-9.362um-1.2m-113keV-masked.zarr,0,95.23.47,center 16^3 block: 4096/4096 differ from fill (0); 13135 stored bytes,13135
CHUNK_SAMPLE_MISSING,info,community-uploads/forrest/volcomp/PHerc0813/volumes/20250821151723-9.362um-1.2m-113keV-masked.zarr,0,16.7.7,shard object absent (reads as fill),0
CHUNK_SAMPLE_MISSING,info,community-uploads/forrest/volcomp/PHerc0813/volumes/20250821151723-9.362um-1.2m-113keV-masked.zarr,1,0.0.0,shard object absent (reads as fill),0
CHUNK_SAMPLE_MISSING,info,community-uploads/forrest/volcomp/PHerc0813/volumes/20250821151723-9.362um-1.2m-113keV-masked.zarr,1,3.0.0,shard object absent (reads as fill),0
CHUNK_SAMPLE_MISSING,info,community-uploads/forrest/volcomp/PHerc0813/volumes/20250821151723-9.362um-1.2m-113keV-masked.zarr,1,5.3.3,shard object absent (reads as fill),0
CHUNK_SAMPLE_MISSING,info,community-uploads/forrest/volcomp/PHerc0813/volumes/20250821151723-9.362um-1.2m-113keV-masked.zarr,1,8.3.3,shard object absent (reads as fill),0
CHUNK_SAMPLE_MISSING,info,community-uploads/forrest/volcomp/PHerc0813/volumes/20250821151723-9.362um-1.2m-113keV-masked.zarr,2,0.0.0,inner chunk absent from shard index,0
CHUNK_SAMPLE_MISSING,info,community-uploads/forrest/volcomp/PHerc0813/volumes/20250821151723-9.362um-1.2m-113keV-masked.zarr,2,4.0.0,inner chunk absent from shard index,0
CHUNK_SAMPLE_POPULATED,info,community-uploads/forrest/volcomp/PHerc0813/volumes/20250821151723-9.362um-1.2m-113keV-masked.zarr,2,7.7.7,center 16^3 block: 4096/4096 differ from fill (0); 500258 stored bytes,508455
CHUNK_SAMPLE_MISSING,info,community-uploads/forrest/volcomp/PHerc0813/volumes/20250821151723-9.362um-1.2m-113keV-masked.zarr,2,8.8.0,inner chunk absent from shard index,0
CHUNK_SAMPLE_MISSING,info,community-uploads/forrest/volcomp/PHerc0813/volumes/20250821151723-9.362um-1.2m-113keV-masked.zarr,2,12.8.0,inner chunk absent from shard index,0
CHUNK_SAMPLE_MISSING,info,community-uploads/forrest/volcomp/PHerc0813/volumes/20250821151723-9.362um-1.2m-113keV-masked.zarr,2,15.15.7,inner chunk absent from shard index,0
CHUNK_SAMPLE_MISSING,info,community-uploads/forrest/volcomp/PHerc0813/volumes/20250821151723-9.362um-1.2m-113keV-masked.zarr,2,24.0.8,inner chunk absent from shard index,0
CHUNK_SAMPLE_MISSING,info,community-uploads/forrest/volcomp/PHerc0813/volumes/20250821151723-9.362um-1.2m-113keV-masked.zarr,2,28.0.8,inner chunk absent from shard index,0
CHUNK_SAMPLE_MISSING,info,community-uploads/forrest/volcomp/PHerc0813/volumes/20250821151723-9.362um-1.2m-113keV-masked.zarr,2,31.7.15,inner chunk absent from shard index,0
CHUNK_SAMPLE_MISSING,info,community-uploads/forrest/volcomp/PHerc0813/volumes/20250821151723-9.362um-1.2m-113keV-masked.zarr,2,4.1.1,shard object absent (reads as fill),0
CHUNK_SAMPLE_MISSING,info,community-uploads/forrest/volcomp/PHerc0813/volumes/20250821151723-9.362um-1.2m-113keV-masked.zarr,3,0.0.0,inner chunk absent from shard index,0
CHUNK_SAMPLE_MISSING,info,community-uploads/forrest/volcomp/PHerc0813/volumes/20250821151723-9.362um-1.2m-113keV-masked.zarr,3,4.0.0,inner chunk absent from shard index,0
CHUNK_SAMPLE_MISSING,info,community-uploads/forrest/volcomp/PHerc0813/volumes/20250821151723-9.362um-1.2m-113keV-masked.zarr,3,7.7.7,inner chunk absent from shard index,0
CHUNK_SAMPLE_MISSING,info,community-uploads/forrest/volcomp/PHerc0813/volumes/20250821151723-9.362um-1.2m-113keV-masked.zarr,3,8.0.0,inner chunk absent from shard index,0
CHUNK_SAMPLE_MISSING,info,community-uploads/forrest/volcomp/PHerc0813/volumes/20250821151723-9.362um-1.2m-113keV-masked.zarr,3,12.0.0,inner chunk absent from shard index,0
CHUNK_SAMPLE_MISSING,info,community-uploads/forrest/volcomp/PHerc0813/volumes/20250821151723-9.362um-1.2m-113keV-masked.zarr,3,15.7.7,inner chunk absent from shard index,0
CHUNK_SAMPLE_MISSING,info,community-uploads/forrest/volcomp/PHerc0813/volumes/20250821151723-9.362um-1.2m-113keV-masked.zarr,3,16.0.0,inner chunk absent from shard index,0
CHUNK_SAMPLE_MISSING,info,community-uploads/forrest/volcomp/PHerc0813/volumes/20250821151723-9.362um-1.2m-113keV-masked.zarr,3,16.4.0,inner chunk absent from shard index,0
CHUNK_SAMPLE_MISSING,info,community-uploads/forrest/volcomp/PHerc0813/volumes/20250821151723-9.362um-1.2m-113keV-masked.zarr,3,16.7.7,inner chunk absent from shard index,0
CHUNK_SAMPLE_POPULATED,info,community-uploads/forrest/volcomp/PHerc0813/volumes/20250821151723-9.362um-1.2m-113keV-masked.zarr,4,0.0.0,5162/2097152 valid voxels differ from fill (0); 2255 stored bytes,4308
CHUNK_SAMPLE_POPULATED,info,community-uploads/forrest/volcomp/PHerc0813/volumes/20250821151723-9.362um-1.2m-113keV-masked.zarr,4,4.0.0,48971/2097152 valid voxels differ from fill (0); 16215 stored bytes,16215
CHUNK_SAMPLE_MISSING,info,community-uploads/forrest/volcomp/PHerc0813/volumes/20250821151723-9.362um-1.2m-113keV-masked.zarr,4,7.3.3,inner chunk absent from shard index,0
CHUNK_SAMPLE_MISSING,info,community-uploads/forrest/volcomp/PHerc0813/volumes/20250821151723-9.362um-1.2m-113keV-masked.zarr,4,8.0.0,inner chunk absent from shard index,0
CHUNK_SAMPLE_MISSING,info,community-uploads/forrest/volcomp/PHerc0813/volumes/20250821151723-9.362um-1.2m-113keV-masked.zarr,4,8.2.0,inner chunk absent from shard index,0
CHUNK_SAMPLE_MISSING,info,community-uploads/forrest/volcomp/PHerc0813/volumes/20250821151723-9.362um-1.2m-113keV-masked.zarr,4,8.3.3,inner chunk absent from shard index,0
CHUNK_SAMPLE_MISSING,info,community-uploads/forrest/volcomp/PHerc0813/volumes/20250821151723-9.362um-1.2m-113keV-masked.zarr,5,0.0.0,inner chunk absent from shard index,0
CHUNK_SAMPLE_MISSING,info,community-uploads/forrest/volcomp/PHerc0813/volumes/20250821151723-9.362um-1.2m-113keV-masked.zarr,5,2.1.0,inner chunk absent from shard index,0
CHUNK_SAMPLE_MISSING,info,community-uploads/forrest/volcomp/PHerc0813/volumes/20250821151723-9.362um-1.2m-113keV-masked.zarr,5,4.1.1,inner chunk absent from shard index,0
CHUNK_SAMPLE_MISSING,info,community-uploads/forrest/volcomp/PHerc0814/volumes/20250804134230-9.362um-1.2m-113keV-masked.zarr,0,0.0.0,shard object absent (reads as fill),0
CHUNK_SAMPLE_MISSING,info,community-uploads/forrest/volcomp/PHerc0814/volumes/20250804134230-9.362um-1.2m-113keV-masked.zarr,0,48.16.0,inner chunk absent from shard index,0
CHUNK_SAMPLE_MISSING,info,community-uploads/forrest/volcomp/PHerc0814/volumes/20250804134230-9.362um-1.2m-113keV-masked.zarr,0,52.16.0,inner chunk absent from shard index,0
CHUNK_SAMPLE_MISSING,info,community-uploads/forrest/volcomp/PHerc0814/volumes/20250804134230-9.362um-1.2m-113keV-masked.zarr,0,55.23.7,inner chunk absent from shard index,0
CHUNK_SAMPLE_POPULATED,info,community-uploads/forrest/volcomp/PHerc0814/volumes/20250804134230-9.362um-1.2m-113keV-masked.zarr,0,96.24.40,center 16^3 block: 3262/4096 differ from fill (0); 36884 stored bytes,43033
CHUNK_SAMPLE_POPULATED,info,community-uploads/forrest/volcomp/PHerc0814/volumes/20250804134230-9.362um-1.2m-113keV-masked.zarr,0,100.24.40,center 16^3 block: 4096/4096 differ from fill (0); 49645 stored bytes,49645
CHUNK_SAMPLE_MISSING,info,community-uploads/forrest/volcomp/PHerc0814/volumes/20250804134230-9.362um-1.2m-113keV-masked.zarr,0,103.31.45,inner chunk absent from shard index,0
CHUNK_SAMPLE_MISSING,info,community-uploads/forrest/volcomp/PHerc0814/volumes/20250804134230-9.362um-1.2m-113keV-masked.zarr,0,18.5.5,shard object absent (reads as fill),0
CHUNK_SAMPLE_MISSING,info,community-uploads/forrest/volcomp/PHerc0814/volumes/20250804134230-9.362um-1.2m-113keV-masked.zarr,1,0.0.0,inner chunk absent from shard index,0
CHUNK_SAMPLE_MISSING,info,community-uploads/forrest/volcomp/PHerc0814/volumes/20250804134230-9.362um-1.2m-113keV-masked.zarr,1,4.0.0,inner chunk absent from shard index,0
CHUNK_SAMPLE_POPULATED,info,community-uploads/forrest/volcomp/PHerc0814/volumes/20250804134230-9.362um-1.2m-113keV-masked.zarr,1,7.7.7,center 16^3 block: 4095/4096 differ from fill (0); 251284 stored bytes,259481
CHUNK_SAMPLE_MISSING,info,community-uploads/forrest/volcomp/PHerc0814/volumes/20250804134230-9.362um-1.2m-113keV-masked.zarr,1,24.8.0,inner chunk absent from shard index,0
CHUNK_SAMPLE_MISSING,info,community-uploads/forrest/volcomp/PHerc0814/volumes/20250804134230-9.362um-1.2m-113keV-masked.zarr,1,28.8.0,inner chunk absent from shard index,0
CHUNK_SAMPLE_MISSING,info,community-uploads/forrest/volcomp/PHerc0814/volumes/20250804134230-9.362um-1.2m-113keV-masked.zarr,1,31.15.7,inner chunk absent from shard index,0
CHUNK_SAMPLE_POPULATED,info,community-uploads/forrest/volcomp/PHerc0814/volumes/20250804134230-9.362um-1.2m-113keV-masked.zarr,1,48.8.16,center 16^3 block: 4096/4096 differ from fill (0); 277836 stored bytes,285009
CHUNK_SAMPLE_POPULATED,info,community-uploads/forrest/volcomp/PHerc0814/volumes/20250804134230-9.362um-1.2m-113keV-masked.zarr,1,52.8.16,center 16^3 block: 4095/4096 differ from fill (0); 290552 stored bytes,290552
CHUNK_SAMPLE_MISSING,info,community-uploads/forrest/volcomp/PHerc0814/volumes/20250804134230-9.362um-1.2m-113keV-masked.zarr,1,55.15.22,inner chunk absent from shard index,0
CHUNK_SAMPLE_MISSING,info,community-uploads/forrest/volcomp/PHerc0814/volumes/20250804134230-9.362um-1.2m-113keV-masked.zarr,1,9.2.2,shard object absent (reads as fill),0
CHUNK_SAMPLE_MISSING,info,community-uploads/forrest/volcomp/PHerc0814/volumes/20250804134230-9.362um-1.2m-113keV-masked.zarr,2,0.0.0,inner chunk absent from shard index,0
CHUNK_SAMPLE_MISSING,info,community-uploads/forrest/volcomp/PHerc0814/volumes/20250804134230-9.362um-1.2m-113keV-masked.zarr,2,4.0.0,inner chunk absent from shard index,0
CHUNK_SAMPLE_POPULATED,info,community-uploads/forrest/volcomp/PHerc0814/volumes/20250804134230-9.362um-1.2m-113keV-masked.zarr,2,7.7.7,center 16^3 block: 4096/4096 differ from fill (0); 632326 stored bytes,640523
CHUNK_SAMPLE_MISSING,info,community-uploads/forrest/volcomp/PHerc0814/volumes/20250804134230-9.362um-1.2m-113keV-masked.zarr,2,8.8.0,inner chunk absent from shard index,0
CHUNK_SAMPLE_MISSING,info,community-uploads/forrest/volcomp/PHerc0814/volumes/20250804134230-9.362um-1.2m-113keV-masked.zarr,2,12.8.0,inner chunk absent from shard index,0
CHUNK_SAMPLE_MISSING,info,community-uploads/forrest/volcomp/PHerc0814/volumes/20250804134230-9.362um-1.2m-113keV-masked.zarr,2,15.11.7,inner chunk absent from shard index,0
CHUNK_SAMPLE_MISSING,info,community-uploads/forrest/volcomp/PHerc0814/volumes/20250804134230-9.362um-1.2m-113keV-masked.zarr,2,24.0.8,inner chunk absent from shard index,0
CHUNK_SAMPLE_MISSING,info,community-uploads/forrest/volcomp/PHerc0814/volumes/20250804134230-9.362um-1.2m-113keV-masked.zarr,2,28.0.8,inner chunk absent from shard index,0
CHUNK_SAMPLE_MISSING,info,community-uploads/forrest/volcomp/PHerc0814/volumes/20250804134230-9.362um-1.2m-113keV-masked.zarr,2,31.7.11,inner chunk absent from shard index,0
CHUNK_SAMPLE_MISSING,info,community-uploads/forrest/volcomp/PHerc0814/volumes/20250804134230-9.362um-1.2m-113keV-masked.zarr,2,32.8.8,inner chunk absent from shard index,0
CHUNK_SAMPLE_MISSING,info,community-uploads/forrest/volcomp/PHerc0814/volumes/20250804134230-9.362um-1.2m-113keV-masked.zarr,2,35.8.8,inner chunk absent from shard index,0
CHUNK_SAMPLE_MISSING,info,community-uploads/forrest/volcomp/PHerc0814/volumes/20250804134230-9.362um-1.2m-113keV-masked.zarr,2,37.11.11,inner chunk absent from shard index,0
CHUNK_SAMPLE_POPULATED,info,community-uploads/forrest/volcomp/PHerc0814/volumes/20250804134230-9.362um-1.2m-113keV-masked.zarr,3,0.0.0,83133/2097152 valid voxels differ from fill (0); 35282 stored bytes,39895
CHUNK_SAMPLE_MISSING,info,community-uploads/forrest/volcomp/PHerc0814/volumes/20250804134230-9.362um-1.2m-113keV-masked.zarr,3,4.0.0,inner chunk absent from shard index,0
CHUNK_SAMPLE_MISSING,info,community-uploads/forrest/volcomp/PHerc0814/volumes/20250804134230-9.362um-1.2m-113keV-masked.zarr,3,7.5.5,inner chunk absent from shard index,0
CHUNK_SAMPLE_MISSING,info,community-uploads/forrest/volcomp/PHerc0814/volumes/20250804134230-9.362um-1.2m-113keV-masked.zarr,3,8.0.0,inner chunk absent from shard index,0
CHUNK_SAMPLE_MISSING,info,community-uploads/forrest/volcomp/PHerc0814/volumes/20250804134230-9.362um-1.2m-113keV-masked.zarr,3,12.0.0,inner chunk absent from shard index,0
CHUNK_SAMPLE_MISSING,info,community-uploads/forrest/volcomp/PHerc0814/volumes/20250804134230-9.362um-1.2m-113keV-masked.zarr,3,15.5.5,inner chunk absent from shard index,0
CHUNK_SAMPLE_MISSING,info,community-uploads/forrest/volcomp/PHerc0814/volumes/20250804134230-9.362um-1.2m-113keV-masked.zarr,3,16.0.0,inner chunk absent from shard index,0
CHUNK_SAMPLE_MISSING,info,community-uploads/forrest/volcomp/PHerc0814/volumes/20250804134230-9.362um-1.2m-113keV-masked.zarr,3,17.3.0,inner chunk absent from shard index,0
CHUNK_SAMPLE_MISSING,info,community-uploads/forrest/volcomp/PHerc0814/volumes/20250804134230-9.362um-1.2m-113keV-masked.zarr,3,18.5.5,inner chunk absent from shard index,0
CHUNK_SAMPLE_MISSING,info,community-uploads/forrest/volcomp/PHerc0814/volumes/20250804134230-9.362um-1.2m-113keV-masked.zarr,4,0.0.0,inner chunk absent from shard index,0
CHUNK_SAMPLE_MISSING,info,community-uploads/forrest/volcomp/PHerc0814/volumes/20250804134230-9.362um-1.2m-113keV-masked.zarr,4,4.0.0,inner chunk absent from shard index,0
CHUNK_SAMPLE_MISSING,info,community-uploads/forrest/volcomp/PHerc0814/volumes/20250804134230-9.362um-1.2m-113keV-masked.zarr,4,7.2.2,inner chunk absent from shard index,0
CHUNK_SAMPLE_MISSING,info,community-uploads/forrest/volcomp/PHerc0814/volumes/20250804134230-9.362um-1.2m-113keV-masked.zarr,4,8.0.0,inner chunk absent from shard index,0
CHUNK_SAMPLE_MISSING,info,community-uploads/forrest/volcomp/PHerc0814/volumes/20250804134230-9.362um-1.2m-113keV-masked.zarr,4,8.2.2,inner chunk absent from shard index,0
CHUNK_SAMPLE_MISSING,info,community-uploads/forrest/volcomp/PHerc0814/volumes/20250804134230-9.362um-1.2m-113keV-masked.zarr,4,9.2.2,inner chunk absent from shard index,0
CHUNK_SAMPLE_MISSING,info,community-uploads/forrest/volcomp/PHerc0814/volumes/20250804134230-9.362um-1.2m-113keV-masked.zarr,5,0.0.0,inner chunk absent from shard index,0
CHUNK_SAMPLE_MISSING,info,community-uploads/forrest/volcomp/PHerc0814/volumes/20250804134230-9.362um-1.2m-113keV-masked.zarr,5,2.1.0,inner chunk absent from shard index,0
CHUNK_SAMPLE_MISSING,info,community-uploads/forrest/volcomp/PHerc0814/volumes/20250804134230-9.362um-1.2m-113keV-masked.zarr,5,4.1.1,inner chunk absent from shard index,0
CHUNK_SAMPLE_MISSING,info,community-uploads/forrest/volcomp/PHerc0800/volumes/20250521135224-8.640um-1.2m-116keV-masked.zarr,0,0.0.0,shard object absent (reads as fill),0
CHUNK_SAMPLE_MISSING,info,community-uploads/forrest/volcomp/PHerc0800/volumes/20250521135224-8.640um-1.2m-116keV-masked.zarr,0,8.0.0,shard object absent (reads as fill),0
CHUNK_SAMPLE_MISSING,info,community-uploads/forrest/volcomp/PHerc0800/volumes/20250521135224-8.640um-1.2m-116keV-masked.zarr,0,15.9.9,shard object absent (reads as fill),0
CHUNK_SAMPLE_MISSING,info,community-uploads/forrest/volcomp/PHerc0800/volumes/20250521135224-8.640um-1.2m-116keV-masked.zarr,0,23.9.9,shard object absent (reads as fill),0
CHUNK_SAMPLE_MISSING,info,community-uploads/forrest/volcomp/PHerc0800/volumes/20250521135224-8.640um-1.2m-116keV-masked.zarr,1,0.0.0,inner chunk absent from shard index,0
CHUNK_SAMPLE_MISSING,info,community-uploads/forrest/volcomp/PHerc0800/volumes/20250521135224-8.640um-1.2m-116keV-masked.zarr,1,4.0.0,inner chunk absent from shard index,0
CHUNK_SAMPLE_MISSING,info,community-uploads/forrest/volcomp/PHerc0800/volumes/20250521135224-8.640um-1.2m-116keV-masked.zarr,1,7.7.7,inner chunk absent from shard index,0
CHUNK_SAMPLE_MISSING,info,community-uploads/forrest/volcomp/PHerc0800/volumes/20250521135224-8.640um-1.2m-116keV-masked.zarr,1,4.0.0,shard object absent (reads as fill),0
CHUNK_SAMPLE_MISSING,info,community-uploads/forrest/volcomp/PHerc0800/volumes/20250521135224-8.640um-1.2m-116keV-masked.zarr,1,7.4.4,shard object absent (reads as fill),0
CHUNK_SAMPLE_MISSING,info,community-uploads/forrest/volcomp/PHerc0800/volumes/20250521135224-8.640um-1.2m-116keV-masked.zarr,1,88.32.32,inner chunk absent from shard index,0
CHUNK_SAMPLE_MISSING,info,community-uploads/forrest/volcomp/PHerc0800/volumes/20250521135224-8.640um-1.2m-116keV-masked.zarr,1,91.35.35,inner chunk absent from shard index,0
CHUNK_SAMPLE_MISSING,info,community-uploads/forrest/volcomp/PHerc0800/volumes/20250521135224-8.640um-1.2m-116keV-masked.zarr,1,94.38.38,inner chunk absent from shard index,0
CHUNK_SAMPLE_MISSING,info,community-uploads/forrest/volcomp/PHerc0800/volumes/20250521135224-8.640um-1.2m-116keV-masked.zarr,2,0.0.0,inner chunk absent from shard index,0
CHUNK_SAMPLE_MISSING,info,community-uploads/forrest/volcomp/PHerc0800/volumes/20250521135224-8.640um-1.2m-116keV-masked.zarr,2,4.0.0,inner chunk absent from shard index,0
CHUNK_SAMPLE_POPULATED,info,community-uploads/forrest/volcomp/PHerc0800/volumes/20250521135224-8.640um-1.2m-116keV-masked.zarr,2,7.7.7,center 16^3 block: 4096/4096 differ from fill (0); 467309 stored bytes,475506
CHUNK_SAMPLE_MISSING,info,community-uploads/forrest/volcomp/PHerc0800/volumes/20250521135224-8.640um-1.2m-116keV-masked.zarr,2,16.0.0,inner chunk absent from shard index,0
CHUNK_SAMPLE_MISSING,info,community-uploads/forrest/volcomp/PHerc0800/volumes/20250521135224-8.640um-1.2m-116keV-masked.zarr,2,20.0.0,inner chunk absent from shard index,0
CHUNK_SAMPLE_POPULATED,info,community-uploads/forrest/volcomp/PHerc0800/volumes/20250521135224-8.640um-1.2m-116keV-masked.zarr,2,23.7.7,center 16^3 block: 4096/4096 differ from fill (0); 457880 stored bytes,466077
CHUNK_SAMPLE_MISSING,info,community-uploads/forrest/volcomp/PHerc0800/volumes/20250521135224-8.640um-1.2m-116keV-masked.zarr,2,3.2.2,shard object absent (reads as fill),0
CHUNK_SAMPLE_MISSING,info,community-uploads/forrest/volcomp/PHerc0800/volumes/20250521135224-8.640um-1.2m-116keV-masked.zarr,2,40.16.16,inner chunk absent from shard index,0
CHUNK_SAMPLE_POPULATED,info,community-uploads/forrest/volcomp/PHerc0800/volumes/20250521135224-8.640um-1.2m-116keV-masked.zarr,2,44.16.16,49258/2097152 valid voxels differ from fill (0); 9082 stored bytes,11135
CHUNK_SAMPLE_MISSING,info,community-uploads/forrest/volcomp/PHerc0800/volumes/20250521135224-8.640um-1.2m-116keV-masked.zarr,2,47.19.19,inner chunk absent from shard index,0
CHUNK_SAMPLE_MISSING,info,community-uploads/forrest/volcomp/PHerc0800/volumes/20250521135224-8.640um-1.2m-116keV-masked.zarr,3,0.0.0,inner chunk absent from shard index,0
CHUNK_SAMPLE_MISSING,info,community-uploads/forrest/volcomp/PHerc0800/volumes/20250521135224-8.640um-1.2m-116keV-masked.zarr,3,4.0.0,inner chunk absent from shard index,0
CHUNK_SAMPLE_POPULATED,info,community-uploads/forrest/volcomp/PHerc0800/volumes/20250521135224-8.640um-1.2m-116keV-masked.zarr,3,7.7.7,58767/2097152 valid voxels differ from fill (0); 21403 stored bytes,29600
CHUNK_SAMPLE_MISSING,info,community-uploads/forrest/volcomp/PHerc0800/volumes/20250521135224-8.640um-1.2m-116keV-masked.zarr,3,8.0.0,inner chunk absent from shard index,0
CHUNK_SAMPLE_MISSING,info,community-uploads/forrest/volcomp/PHerc0800/volumes/20250521135224-8.640um-1.2m-116keV-masked.zarr,3,12.0.0,inner chunk absent from shard index,0
CHUNK_SAMPLE_MISSING,info,community-uploads/forrest/volcomp/PHerc0800/volumes/20250521135224-8.640um-1.2m-116keV-masked.zarr,3,15.7.7,inner chunk absent from shard index,0
CHUNK_SAMPLE_MISSING,info,community-uploads/forrest/volcomp/PHerc0800/volumes/20250521135224-8.640um-1.2m-116keV-masked.zarr,3,1.1.1,shard object absent (reads as fill),0
CHUNK_SAMPLE_MISSING,info,community-uploads/forrest/volcomp/PHerc0800/volumes/20250521135224-8.640um-1.2m-116keV-masked.zarr,3,16.8.8,inner chunk absent from shard index,0
CHUNK_SAMPLE_MISSING,info,community-uploads/forrest/volcomp/PHerc0800/volumes/20250521135224-8.640um-1.2m-116keV-masked.zarr,3,20.8.8,inner chunk absent from shard index,0
CHUNK_SAMPLE_MISSING,info,community-uploads/forrest/volcomp/PHerc0800/volumes/20250521135224-8.640um-1.2m-116keV-masked.zarr,3,23.9.9,inner chunk absent from shard index,0
CHUNK_SAMPLE_MISSING,info,community-uploads/forrest/volcomp/PHerc0800/volumes/20250521135224-8.640um-1.2m-116keV-masked.zarr,4,0.0.0,inner chunk absent from shard index,0
CHUNK_SAMPLE_MISSING,info,community-uploads/forrest/volcomp/PHerc0800/volumes/20250521135224-8.640um-1.2m-116keV-masked.zarr,4,4.0.0,inner chunk absent from shard index,0
CHUNK_SAMPLE_MISSING,info,community-uploads/forrest/volcomp/PHerc0800/volumes/20250521135224-8.640um-1.2m-116keV-masked.zarr,4,7.4.4,inner chunk absent from shard index,0
CHUNK_SAMPLE_MISSING,info,community-uploads/forrest/volcomp/PHerc0800/volumes/20250521135224-8.640um-1.2m-116keV-masked.zarr,4,8.0.0,inner chunk absent from shard index,0
CHUNK_SAMPLE_MISSING,info,community-uploads/forrest/volcomp/PHerc0800/volumes/20250521135224-8.640um-1.2m-116keV-masked.zarr,4,10.0.0,inner chunk absent from shard index,0
CHUNK_SAMPLE_MISSING,info,community-uploads/forrest/volcomp/PHerc0800/volumes/20250521135224-8.640um-1.2m-116keV-masked.zarr,4,11.4.4,inner chunk absent from shard index,0
CHUNK_SAMPLE_MISSING,info,community-uploads/forrest/volcomp/PHerc0800/volumes/20250521135224-8.640um-1.2m-116keV-masked.zarr,5,0.0.0,inner chunk absent from shard index,0
CHUNK_SAMPLE_MISSING,info,community-uploads/forrest/volcomp/PHerc0800/volumes/20250521135224-8.640um-1.2m-116keV-masked.zarr,5,2.2.2,inner chunk absent from shard index,0
CHUNK_SAMPLE_MISSING,info,community-uploads/forrest/volcomp/PHerc0800/volumes/20250521135224-8.640um-1.2m-116keV-masked.zarr,5,5.2.2,inner chunk absent from shard index,0
CHUNK_SAMPLE_POPULATED,info,community-uploads/forrest/volcomp/PHerc0500P2/volumes/20250821110041-0.550um-0.1m-65keV-masked.zarr,0,0.0.0,center 16^3 block: 4096/4096 differ from fill (0); 3126 stored bytes,11323
CHUNK_SAMPLE_POPULATED,info,community-uploads/forrest/volcomp/PHerc0500P2/volumes/20250821110041-0.550um-0.1m-65keV-masked.zarr,0,4.0.0,center 16^3 block: 4096/4096 differ from fill (0); 14915 stored bytes,14915
CHUNK_SAMPLE_POPULATED,info,community-uploads/forrest/volcomp/PHerc0500P2/volumes/20250821110041-0.550um-0.1m-65keV-masked.zarr,0,7.7.7,center 16^3 block: 4096/4096 differ from fill (0); 23783 stored bytes,23783
CHUNK_SAMPLE_POPULATED,info,community-uploads/forrest/volcomp/PHerc0500P2/volumes/20250821110041-0.550um-0.1m-65keV-masked.zarr,0,32.24.16,center 16^3 block: 4096/4096 differ from fill (0); 7733 stored bytes,15930
CHUNK_SAMPLE_POPULATED,info,community-uploads/forrest/volcomp/PHerc0500P2/volumes/20250821110041-0.550um-0.1m-65keV-masked.zarr,0,36.24.16,center 16^3 block: 4096/4096 differ from fill (0); 13597 stored bytes,13597
CHUNK_SAMPLE_POPULATED,info,community-uploads/forrest/volcomp/PHerc0500P2/volumes/20250821110041-0.550um-0.1m-65keV-masked.zarr,0,39.31.23,center 16^3 block: 4096/4096 differ from fill (0); 3405 stored bytes,3405
CHUNK_SAMPLE_POPULATED,info,community-uploads/forrest/volcomp/PHerc0500P2/volumes/20250821110041-0.550um-0.1m-65keV-masked.zarr,0,64.56.8,center 16^3 block: 4096/4096 differ from fill (0); 3977 stored bytes,12174
CHUNK_SAMPLE_POPULATED,info,community-uploads/forrest/volcomp/PHerc0500P2/volumes/20250821110041-0.550um-0.1m-65keV-masked.zarr,0,68.56.8,center 16^3 block: 4096/4096 differ from fill (0); 7946 stored bytes,7946
CHUNK_SAMPLE_POPULATED,info,community-uploads/forrest/volcomp/PHerc0500P2/volumes/20250821110041-0.550um-0.1m-65keV-masked.zarr,0,71.63.15,center 16^3 block: 4096/4096 differ from fill (0); 16204 stored bytes,16204
CHUNK_SAMPLE_MISSING,info,community-uploads/forrest/volcomp/PHerc0500P2/volumes/20250821110041-0.550um-0.1m-65keV-masked.zarr,0,96.80.24,inner chunk absent from shard index,0
CHUNK_SAMPLE_MISSING,info,community-uploads/forrest/volcomp/PHerc0500P2/volumes/20250821110041-0.550um-0.1m-65keV-masked.zarr,0,96.82.27,inner chunk absent from shard index,0
CHUNK_SAMPLE_MISSING,info,community-uploads/forrest/volcomp/PHerc0500P2/volumes/20250821110041-0.550um-0.1m-65keV-masked.zarr,0,96.84.30,inner chunk absent from shard index,0
CHUNK_SAMPLE_POPULATED,info,community-uploads/forrest/volcomp/PHerc0500P2/volumes/20250821110041-0.550um-0.1m-65keV-masked.zarr,1,0.0.0,center 16^3 block: 4096/4096 differ from fill (0); 15766 stored bytes,23963
CHUNK_SAMPLE_POPULATED,info,community-uploads/forrest/volcomp/PHerc0500P2/volumes/20250821110041-0.550um-0.1m-65keV-masked.zarr,1,4.0.0,center 16^3 block: 4096/4096 differ from fill (0); 23722 stored bytes,23722
CHUNK_SAMPLE_POPULATED,info,community-uploads/forrest/volcomp/PHerc0500P2/volumes/20250821110041-0.550um-0.1m-65keV-masked.zarr,1,7.7.7,center 16^3 block: 4096/4096 differ from fill (0); 10837 stored bytes,10837
CHUNK_SAMPLE_POPULATED,info,community-uploads/forrest/volcomp/PHerc0500P2/volumes/20250821110041-0.550um-0.1m-65keV-masked.zarr,1,16.16.0,center 16^3 block: 4096/4096 differ from fill (0); 51977 stored bytes,60174
CHUNK_SAMPLE_POPULATED,info,community-uploads/forrest/volcomp/PHerc0500P2/volumes/20250821110041-0.550um-0.1m-65keV-masked.zarr,1,20.16.0,center 16^3 block: 4096/4096 differ from fill (0); 36406 stored bytes,36406
CHUNK_SAMPLE_POPULATED,info,community-uploads/forrest/volcomp/PHerc0500P2/volumes/20250821110041-0.550um-0.1m-65keV-masked.zarr,1,23.23.7,center 16^3 block: 4096/4096 differ from fill (0); 26965 stored bytes,26965
CHUNK_SAMPLE_POPULATED,info,community-uploads/forrest/volcomp/PHerc0500P2/volumes/20250821110041-0.550um-0.1m-65keV-masked.zarr,1,32.24.8,center 16^3 block: 4096/4096 differ from fill (0); 34283 stored bytes,42480
CHUNK_SAMPLE_POPULATED,info,community-uploads/forrest/volcomp/PHerc0500P2/volumes/20250821110041-0.550um-0.1m-65keV-masked.zarr,1,36.24.8,center 16^3 block: 4096/4096 differ from fill (0); 54560 stored bytes,54560
CHUNK_SAMPLE_POPULATED,info,community-uploads/forrest/volcomp/PHerc0500P2/volumes/20250821110041-0.550um-0.1m-65keV-masked.zarr,1,39.31.15,425984/425984 valid voxels differ from fill (0); 3777 stored bytes,3777
CHUNK_SAMPLE_MISSING,info,community-uploads/forrest/volcomp/PHerc0500P2/volumes/20250821110041-0.550um-0.1m-65keV-masked.zarr,1,48.40.8,inner chunk absent from shard index,0
CHUNK_SAMPLE_MISSING,info,community-uploads/forrest/volcomp/PHerc0500P2/volumes/20250821110041-0.550um-0.1m-65keV-masked.zarr,1,48.41.12,inner chunk absent from shard index,0
CHUNK_SAMPLE_MISSING,info,community-uploads/forrest/volcomp/PHerc0500P2/volumes/20250821110041-0.550um-0.1m-65keV-masked.zarr,1,48.42.15,inner chunk absent from shard index,0
CHUNK_SAMPLE_POPULATED,info,community-uploads/forrest/volcomp/PHerc0500P2/volumes/20250821110041-0.550um-0.1m-65keV-masked.zarr,2,0.0.0,center 16^3 block: 4096/4096 differ from fill (0); 83805 stored bytes,92002
CHUNK_SAMPLE_POPULATED,info,community-uploads/forrest/volcomp/PHerc0500P2/volumes/20250821110041-0.550um-0.1m-65keV-masked.zarr,2,4.0.0,center 16^3 block: 4096/4096 differ from fill (0); 127407 stored bytes,127407
CHUNK_SAMPLE_POPULATED,info,community-uploads/forrest/volcomp/PHerc0500P2/volumes/20250821110041-0.550um-0.1m-65keV-masked.zarr,2,7.7.7,center 16^3 block: 3406/4096 differ from fill (0); 10938 stored bytes,10938
CHUNK_SAMPLE_POPULATED,info,community-uploads/forrest/volcomp/PHerc0500P2/volumes/20250821110041-0.550um-0.1m-65keV-masked.zarr,2,8.8.0,center 16^3 block: 4096/4096 differ from fill (0); 122547 stored bytes,130744
CHUNK_SAMPLE_POPULATED,info,community-uploads/forrest/volcomp/PHerc0500P2/volumes/20250821110041-0.550um-0.1m-65keV-masked.zarr,2,12.8.0,center 16^3 block: 4096/4096 differ from fill (0); 127537 stored bytes,127537
CHUNK_SAMPLE_POPULATED,info,community-uploads/forrest/volcomp/PHerc0500P2/volumes/20250821110041-0.550um-0.1m-65keV-masked.zarr,2,15.15.7,center 16^3 block: 3486/4096 differ from fill (0); 21217 stored bytes,21217
CHUNK_SAMPLE_POPULATED,info,community-uploads/forrest/volcomp/PHerc0500P2/volumes/20250821110041-0.550um-0.1m-65keV-masked.zarr,2,16.8.0,center 16^3 block: 4096/4096 differ from fill (0); 134632 stored bytes,142829
CHUNK_SAMPLE_POPULATED,info,community-uploads/forrest/volcomp/PHerc0500P2/volumes/20250821110041-0.550um-0.1m-65keV-masked.zarr,2,20.8.0,center 16^3 block: 4096/4096 differ from fill (0); 55435 stored bytes,55435
CHUNK_SAMPLE_POPULATED,info,community-uploads/forrest/volcomp/PHerc0500P2/volumes/20250821110041-0.550um-0.1m-65keV-masked.zarr,2,23.15.7,center 16^3 block: 3454/4096 differ from fill (0); 13448 stored bytes,13448
CHUNK_SAMPLE_MISSING,info,community-uploads/forrest/volcomp/PHerc0500P2/volumes/20250821110041-0.550um-0.1m-65keV-masked.zarr,2,24.16.0,inner chunk absent from shard index,0
CHUNK_SAMPLE_MISSING,info,community-uploads/forrest/volcomp/PHerc0500P2/volumes/20250821110041-0.550um-0.1m-65keV-masked.zarr,2,24.19.0,inner chunk absent from shard index,0
CHUNK_SAMPLE_MISSING,info,community-uploads/forrest/volcomp/PHerc0500P2/volumes/20250821110041-0.550um-0.1m-65keV-masked.zarr,2,24.21.7,inner chunk absent from shard index,0
CHUNK_SAMPLE_POPULATED,info,community-uploads/forrest/volcomp/PHerc0500P2/volumes/20250821110041-0.550um-0.1m-65keV-masked.zarr,3,0.0.0,center 16^3 block: 4096/4096 differ from fill (0); 320744 stored bytes,324845
CHUNK_SAMPLE_POPULATED,info,community-uploads/forrest/volcomp/PHerc0500P2/volumes/20250821110041-0.550um-0.1m-65keV-masked.zarr,3,4.0.0,center 16^3 block: 4096/4096 differ from fill (0); 317128 stored bytes,317128
CHUNK_SAMPLE_MISSING,info,community-uploads/forrest/volcomp/PHerc0500P2/volumes/20250821110041-0.550um-0.1m-65keV-masked.zarr,3,7.7.3,inner chunk absent from shard index,0
CHUNK_SAMPLE_MISSING,info,community-uploads/forrest/volcomp/PHerc0500P2/volumes/20250821110041-0.550um-0.1m-65keV-masked.zarr,3,0.8.0,inner chunk absent from shard index,0
CHUNK_SAMPLE_POPULATED,info,community-uploads/forrest/volcomp/PHerc0500P2/volumes/20250821110041-0.550um-0.1m-65keV-masked.zarr,3,4.8.0,center 16^3 block: 2767/4096 differ from fill (0); 176394 stored bytes,177935
CHUNK_SAMPLE_MISSING,info,community-uploads/forrest/volcomp/PHerc0500P2/volumes/20250821110041-0.550um-0.1m-65keV-masked.zarr,3,7.10.3,inner chunk absent from shard index,0
CHUNK_SAMPLE_MISSING,info,community-uploads/forrest/volcomp/PHerc0500P2/volumes/20250821110041-0.550um-0.1m-65keV-masked.zarr,3,8.0.0,inner chunk absent from shard index,0
CHUNK_SAMPLE_MISSING,info,community-uploads/forrest/volcomp/PHerc0500P2/volumes/20250821110041-0.550um-0.1m-65keV-masked.zarr,3,10.4.0,inner chunk absent from shard index,0
CHUNK_SAMPLE_MISSING,info,community-uploads/forrest/volcomp/PHerc0500P2/volumes/20250821110041-0.550um-0.1m-65keV-masked.zarr,3,12.7.3,inner chunk absent from shard index,0
CHUNK_SAMPLE_MISSING,info,community-uploads/forrest/volcomp/PHerc0500P2/volumes/20250821110041-0.550um-0.1m-65keV-masked.zarr,3,8.8.0,inner chunk absent from shard index,0
CHUNK_SAMPLE_MISSING,info,community-uploads/forrest/volcomp/PHerc0500P2/volumes/20250821110041-0.550um-0.1m-65keV-masked.zarr,3,10.9.2,inner chunk absent from shard index,0
CHUNK_SAMPLE_MISSING,info,community-uploads/forrest/volcomp/PHerc0500P2/volumes/20250821110041-0.550um-0.1m-65keV-masked.zarr,3,12.10.3,inner chunk absent from shard index,0
CHUNK_SAMPLE_MISSING,info,community-uploads/forrest/volcomp/PHerc0500P2/volumes/20250821110041-0.550um-0.1m-65keV-masked.zarr,4,0.0.0,inner chunk absent from shard index,0
CHUNK_SAMPLE_MISSING,info,community-uploads/forrest/volcomp/PHerc0500P2/volumes/20250821110041-0.550um-0.1m-65keV-masked.zarr,4,3.3.0,inner chunk absent from shard index,0
CHUNK_SAMPLE_MISSING,info,community-uploads/forrest/volcomp/PHerc0500P2/volumes/20250821110041-0.550um-0.1m-65keV-masked.zarr,4,6.5.1,inner chunk absent from shard index,0
CHUNK_SAMPLE_MISSING,info,community-uploads/forrest/volcomp/PHerc0500P2/volumes/20250821110041-0.550um-0.1m-65keV-masked.zarr,5,0.0.0,inner chunk absent from shard index,0
CHUNK_SAMPLE_MISSING,info,community-uploads/forrest/volcomp/PHerc0500P2/volumes/20250821110041-0.550um-0.1m-65keV-masked.zarr,5,2.0.0,inner chunk absent from shard index,0
CHUNK_SAMPLE_MISSING,info,community-uploads/forrest/volcomp/PHerc0500P2/volumes/20250821110041-0.550um-0.1m-65keV-masked.zarr,5,3.2.0,inner chunk absent from shard index,0
CHUNK_SAMPLE_POPULATED,info,community-uploads/forrest/volcomp/PHerc0500P2/volumes/20250821110041-0.500um-masked.zarr,0,0.0.0,center 16^3 block: 4096/4096 differ from fill (0); 3126 stored bytes,11323
CHUNK_SAMPLE_POPULATED,info,community-uploads/forrest/volcomp/PHerc0500P2/volumes/20250821110041-0.500um-masked.zarr,0,4.0.0,center 16^3 block: 4096/4096 differ from fill (0); 14915 stored bytes,14915
CHUNK_SAMPLE_POPULATED,info,community-uploads/forrest/volcomp/PHerc0500P2/volumes/20250821110041-0.500um-masked.zarr,0,7.7.7,center 16^3 block: 4096/4096 differ from fill (0); 23783 stored bytes,23783
CHUNK_SAMPLE_POPULATED,info,community-uploads/forrest/volcomp/PHerc0500P2/volumes/20250821110041-0.500um-masked.zarr,0,32.24.16,center 16^3 block: 4096/4096 differ from fill (0); 7733 stored bytes,15930
CHUNK_SAMPLE_POPULATED,info,community-uploads/forrest/volcomp/PHerc0500P2/volumes/20250821110041-0.500um-masked.zarr,0,36.24.16,center 16^3 block: 4096/4096 differ from fill (0); 13597 stored bytes,13597
CHUNK_SAMPLE_POPULATED,info,community-uploads/forrest/volcomp/PHerc0500P2/volumes/20250821110041-0.500um-masked.zarr,0,39.31.23,center 16^3 block: 4096/4096 differ from fill (0); 3405 stored bytes,3405
CHUNK_SAMPLE_POPULATED,info,community-uploads/forrest/volcomp/PHerc0500P2/volumes/20250821110041-0.500um-masked.zarr,0,64.56.8,center 16^3 block: 4096/4096 differ from fill (0); 3977 stored bytes,12174
CHUNK_SAMPLE_POPULATED,info,community-uploads/forrest/volcomp/PHerc0500P2/volumes/20250821110041-0.500um-masked.zarr,0,68.56.8,center 16^3 block: 4096/4096 differ from fill (0); 7946 stored bytes,7946
CHUNK_SAMPLE_POPULATED,info,community-uploads/forrest/volcomp/PHerc0500P2/volumes/20250821110041-0.500um-masked.zarr,0,71.63.15,center 16^3 block: 4096/4096 differ from fill (0); 16204 stored bytes,16204
CHUNK_SAMPLE_MISSING,info,community-uploads/forrest/volcomp/PHerc0500P2/volumes/20250821110041-0.500um-masked.zarr,0,96.80.24,inner chunk absent from shard index,0
CHUNK_SAMPLE_MISSING,info,community-uploads/forrest/volcomp/PHerc0500P2/volumes/20250821110041-0.500um-masked.zarr,0,96.82.27,inner chunk absent from shard index,0
CHUNK_SAMPLE_MISSING,info,community-uploads/forrest/volcomp/PHerc0500P2/volumes/20250821110041-0.500um-masked.zarr,0,96.84.30,inner chunk absent from shard index,0
CHUNK_SAMPLE_POPULATED,info,community-uploads/forrest/volcomp/PHerc0500P2/volumes/20250821110041-0.500um-masked.zarr,1,0.0.0,center 16^3 block: 4096/4096 differ from fill (0); 15766 stored bytes,23963
CHUNK_SAMPLE_POPULATED,info,community-uploads/forrest/volcomp/PHerc0500P2/volumes/20250821110041-0.500um-masked.zarr,1,4.0.0,center 16^3 block: 4096/4096 differ from fill (0); 23722 stored bytes,23722
CHUNK_SAMPLE_POPULATED,info,community-uploads/forrest/volcomp/PHerc0500P2/volumes/20250821110041-0.500um-masked.zarr,1,7.7.7,center 16^3 block: 4096/4096 differ from fill (0); 10837 stored bytes,10837
CHUNK_SAMPLE_POPULATED,info,community-uploads/forrest/volcomp/PHerc0500P2/volumes/20250821110041-0.500um-masked.zarr,1,16.16.0,center 16^3 block: 4096/4096 differ from fill (0); 51977 stored bytes,60174
CHUNK_SAMPLE_POPULATED,info,community-uploads/forrest/volcomp/PHerc0500P2/volumes/20250821110041-0.500um-masked.zarr,1,20.16.0,center 16^3 block: 4096/4096 differ from fill (0); 36406 stored bytes,36406
CHUNK_SAMPLE_POPULATED,info,community-uploads/forrest/volcomp/PHerc0500P2/volumes/20250821110041-0.500um-masked.zarr,1,23.23.7,center 16^3 block: 4096/4096 differ from fill (0); 26965 stored bytes,26965
CHUNK_SAMPLE_POPULATED,info,community-uploads/forrest/volcomp/PHerc0500P2/volumes/20250821110041-0.500um-masked.zarr,1,32.24.8,center 16^3 block: 4096/4096 differ from fill (0); 34283 stored bytes,42480
CHUNK_SAMPLE_POPULATED,info,community-uploads/forrest/volcomp/PHerc0500P2/volumes/20250821110041-0.500um-masked.zarr,1,36.24.8,center 16^3 block: 4096/4096 differ from fill (0); 54560 stored bytes,54560
CHUNK_SAMPLE_POPULATED,info,community-uploads/forrest/volcomp/PHerc0500P2/volumes/20250821110041-0.500um-masked.zarr,1,39.31.15,425984/425984 valid voxels differ from fill (0); 3777 stored bytes,3777
CHUNK_SAMPLE_MISSING,info,community-uploads/forrest/volcomp/PHerc0500P2/volumes/20250821110041-0.500um-masked.zarr,1,48.40.8,inner chunk absent from shard index,0
CHUNK_SAMPLE_MISSING,info,community-uploads/forrest/volcomp/PHerc0500P2/volumes/20250821110041-0.500um-masked.zarr,1,48.41.12,inner chunk absent from shard index,0
CHUNK_SAMPLE_MISSING,info,community-uploads/forrest/volcomp/PHerc0500P2/volumes/20250821110041-0.500um-masked.zarr,1,48.42.15,inner chunk absent from shard index,0
CHUNK_SAMPLE_POPULATED,info,community-uploads/forrest/volcomp/PHerc0500P2/volumes/20250821110041-0.500um-masked.zarr,2,0.0.0,center 16^3 block: 4096/4096 differ from fill (0); 83805 stored bytes,92002
CHUNK_SAMPLE_POPULATED,info,community-uploads/forrest/volcomp/PHerc0500P2/volumes/20250821110041-0.500um-masked.zarr,2,4.0.0,center 16^3 block: 4096/4096 differ from fill (0); 127407 stored bytes,127407
CHUNK_SAMPLE_POPULATED,info,community-uploads/forrest/volcomp/PHerc0500P2/volumes/20250821110041-0.500um-masked.zarr,2,7.7.7,center 16^3 block: 3406/4096 differ from fill (0); 10938 stored bytes,10938
CHUNK_SAMPLE_POPULATED,info,community-uploads/forrest/volcomp/PHerc0500P2/volumes/20250821110041-0.500um-masked.zarr,2,8.8.0,center 16^3 block: 4096/4096 differ from fill (0); 122547 stored bytes,130744
CHUNK_SAMPLE_POPULATED,info,community-uploads/forrest/volcomp/PHerc0500P2/volumes/20250821110041-0.500um-masked.zarr,2,12.8.0,center 16^3 block: 4096/4096 differ from fill (0); 127537 stored bytes,127537
CHUNK_SAMPLE_POPULATED,info,community-uploads/forrest/volcomp/PHerc0500P2/volumes/20250821110041-0.500um-masked.zarr,2,15.15.7,center 16^3 block: 3486/4096 differ from fill (0); 21217 stored bytes,21217
CHUNK_SAMPLE_POPULATED,info,community-uploads/forrest/volcomp/PHerc0500P2/volumes/20250821110041-0.500um-masked.zarr,2,16.8.0,center 16^3 block: 4096/4096 differ from fill (0); 134632 stored bytes,142829
CHUNK_SAMPLE_POPULATED,info,community-uploads/forrest/volcomp/PHerc0500P2/volumes/20250821110041-0.500um-masked.zarr,2,20.8.0,center 16^3 block: 4096/4096 differ from fill (0); 55435 stored bytes,55435
CHUNK_SAMPLE_POPULATED,info,community-uploads/forrest/volcomp/PHerc0500P2/volumes/20250821110041-0.500um-masked.zarr,2,23.15.7,center 16^3 block: 3454/4096 differ from fill (0); 13448 stored bytes,13448
CHUNK_SAMPLE_MISSING,info,community-uploads/forrest/volcomp/PHerc0500P2/volumes/20250821110041-0.500um-masked.zarr,2,24.16.0,inner chunk absent from shard index,0
CHUNK_SAMPLE_MISSING,info,community-uploads/forrest/volcomp/PHerc0500P2/volumes/20250821110041-0.500um-masked.zarr,2,24.19.0,inner chunk absent from shard index,0
CHUNK_SAMPLE_MISSING,info,community-uploads/forrest/volcomp/PHerc0500P2/volumes/20250821110041-0.500um-masked.zarr,2,24.21.7,inner chunk absent from shard index,0
CHUNK_SAMPLE_POPULATED,info,community-uploads/forrest/volcomp/PHerc0500P2/volumes/20250821110041-0.500um-masked.zarr,3,0.0.0,center 16^3 block: 4096/4096 differ from fill (0); 320744 stored bytes,324845
CHUNK_SAMPLE_POPULATED,info,community-uploads/forrest/volcomp/PHerc0500P2/volumes/20250821110041-0.500um-masked.zarr,3,4.0.0,center 16^3 block: 4096/4096 differ from fill (0); 317128 stored bytes,317128
CHUNK_SAMPLE_MISSING,info,community-uploads/forrest/volcomp/PHerc0500P2/volumes/20250821110041-0.500um-masked.zarr,3,7.7.3,inner chunk absent from shard index,0
CHUNK_SAMPLE_MISSING,info,community-uploads/forrest/volcomp/PHerc0500P2/volumes/20250821110041-0.500um-masked.zarr,3,0.8.0,inner chunk absent from shard index,0
CHUNK_SAMPLE_POPULATED,info,community-uploads/forrest/volcomp/PHerc0500P2/volumes/20250821110041-0.500um-masked.zarr,3,4.8.0,center 16^3 block: 2767/4096 differ from fill (0); 176394 stored bytes,177935
CHUNK_SAMPLE_MISSING,info,community-uploads/forrest/volcomp/PHerc0500P2/volumes/20250821110041-0.500um-masked.zarr,3,7.10.3,inner chunk absent from shard index,0
CHUNK_SAMPLE_MISSING,info,community-uploads/forrest/volcomp/PHerc0500P2/volumes/20250821110041-0.500um-masked.zarr,3,8.0.0,inner chunk absent from shard index,0
CHUNK_SAMPLE_MISSING,info,community-uploads/forrest/volcomp/PHerc0500P2/volumes/20250821110041-0.500um-masked.zarr,3,10.4.0,inner chunk absent from shard index,0
CHUNK_SAMPLE_MISSING,info,community-uploads/forrest/volcomp/PHerc0500P2/volumes/20250821110041-0.500um-masked.zarr,3,12.7.3,inner chunk absent from shard index,0
CHUNK_SAMPLE_MISSING,info,community-uploads/forrest/volcomp/PHerc0500P2/volumes/20250821110041-0.500um-masked.zarr,3,8.8.0,inner chunk absent from shard index,0
CHUNK_SAMPLE_MISSING,info,community-uploads/forrest/volcomp/PHerc0500P2/volumes/20250821110041-0.500um-masked.zarr,3,10.9.2,inner chunk absent from shard index,0
CHUNK_SAMPLE_MISSING,info,community-uploads/forrest/volcomp/PHerc0500P2/volumes/20250821110041-0.500um-masked.zarr,3,12.10.3,inner chunk absent from shard index,0
CHUNK_SAMPLE_MISSING,info,community-uploads/forrest/volcomp/PHerc0500P2/volumes/20250821110041-0.500um-masked.zarr,4,0.0.0,inner chunk absent from shard index,0
CHUNK_SAMPLE_MISSING,info,community-uploads/forrest/volcomp/PHerc0500P2/volumes/20250821110041-0.500um-masked.zarr,4,3.3.0,inner chunk absent from shard index,0
CHUNK_SAMPLE_MISSING,info,community-uploads/forrest/volcomp/PHerc0500P2/volumes/20250821110041-0.500um-masked.zarr,4,6.5.1,inner chunk absent from shard index,0
CHUNK_SAMPLE_MISSING,info,community-uploads/forrest/volcomp/PHerc0500P2/volumes/20250821110041-0.500um-masked.zarr,5,0.0.0,inner chunk absent from shard index,0
CHUNK_SAMPLE_MISSING,info,community-uploads/forrest/volcomp/PHerc0500P2/volumes/20250821110041-0.500um-masked.zarr,5,2.0.0,inner chunk absent from shard index,0
CHUNK_SAMPLE_MISSING,info,community-uploads/forrest/volcomp/PHerc0500P2/volumes/20250821110041-0.500um-masked.zarr,5,3.2.0,inner chunk absent from shard index,0
CHUNK_SAMPLE_MISSING,info,community-uploads/forrest/volcomp/PHerc0814/volumes/20260309142202-2.399um-0.2m-78keV-masked.zarr,0,0.0.0,shard object absent (reads as fill),0
CHUNK_SAMPLE_MISSING,info,community-uploads/forrest/volcomp/PHerc0814/volumes/20260309142202-2.399um-0.2m-78keV-masked.zarr,0,24.8.0,shard object absent (reads as fill),0
CHUNK_SAMPLE_MISSING,info,community-uploads/forrest/volcomp/PHerc0814/volumes/20260309142202-2.399um-0.2m-78keV-masked.zarr,0,48.15.23,shard object absent (reads as fill),0
CHUNK_SAMPLE_MISSING,info,community-uploads/forrest/volcomp/PHerc0814/volumes/20260309142202-2.399um-0.2m-78keV-masked.zarr,0,72.23.23,shard object absent (reads as fill),0
CHUNK_SAMPLE_MISSING,info,community-uploads/forrest/volcomp/PHerc0814/volumes/20260309142202-2.399um-0.2m-78keV-masked.zarr,1,0.0.0,shard object absent (reads as fill),0
CHUNK_SAMPLE_MISSING,info,community-uploads/forrest/volcomp/PHerc0814/volumes/20260309142202-2.399um-0.2m-78keV-masked.zarr,1,12.4.0,shard object absent (reads as fill),0
CHUNK_SAMPLE_MISSING,info,community-uploads/forrest/volcomp/PHerc0814/volumes/20260309142202-2.399um-0.2m-78keV-masked.zarr,1,24.7.11,shard object absent (reads as fill),0
CHUNK_SAMPLE_MISSING,info,community-uploads/forrest/volcomp/PHerc0814/volumes/20260309142202-2.399um-0.2m-78keV-masked.zarr,1,36.11.11,shard object absent (reads as fill),0
CHUNK_SAMPLE_MISSING,info,community-uploads/forrest/volcomp/PHerc0814/volumes/20260309142202-2.399um-0.2m-78keV-masked.zarr,2,0.0.0,shard object absent (reads as fill),0
CHUNK_SAMPLE_MISSING,info,community-uploads/forrest/volcomp/PHerc0814/volumes/20260309142202-2.399um-0.2m-78keV-masked.zarr,2,48.16.0,inner chunk absent from shard index,0
CHUNK_SAMPLE_MISSING,info,community-uploads/forrest/volcomp/PHerc0814/volumes/20260309142202-2.399um-0.2m-78keV-masked.zarr,2,52.16.0,inner chunk absent from shard index,0
CHUNK_SAMPLE_POPULATED,info,community-uploads/forrest/volcomp/PHerc0814/volumes/20260309142202-2.399um-0.2m-78keV-masked.zarr,2,55.23.7,center 16^3 block: 3265/4096 differ from fill (0); 153155 stored bytes,161352
CHUNK_SAMPLE_MISSING,info,community-uploads/forrest/volcomp/PHerc0814/volumes/20260309142202-2.399um-0.2m-78keV-masked.zarr,2,96.24.40,inner chunk absent from shard index,0
CHUNK_SAMPLE_MISSING,info,community-uploads/forrest/volcomp/PHerc0814/volumes/20260309142202-2.399um-0.2m-78keV-masked.zarr,2,100.24.40,inner chunk absent from shard index,0
CHUNK_SAMPLE_MISSING,info,community-uploads/forrest/volcomp/PHerc0814/volumes/20260309142202-2.399um-0.2m-78keV-masked.zarr,2,103.31.46,inner chunk absent from shard index,0
CHUNK_SAMPLE_MISSING,info,community-uploads/forrest/volcomp/PHerc0814/volumes/20260309142202-2.399um-0.2m-78keV-masked.zarr,2,18.5.5,shard object absent (reads as fill),0
CHUNK_SAMPLE_MISSING,info,community-uploads/forrest/volcomp/PHerc0814/volumes/20260309142202-2.399um-0.2m-78keV-masked.zarr,3,0.0.0,inner chunk absent from shard index,0
CHUNK_SAMPLE_MISSING,info,community-uploads/forrest/volcomp/PHerc0814/volumes/20260309142202-2.399um-0.2m-78keV-masked.zarr,3,4.0.0,inner chunk absent from shard index,0
CHUNK_SAMPLE_POPULATED,info,community-uploads/forrest/volcomp/PHerc0814/volumes/20260309142202-2.399um-0.2m-78keV-masked.zarr,3,7.7.7,center 16^3 block: 4096/4096 differ from fill (0); 647250 stored bytes,655447
CHUNK_SAMPLE_MISSING,info,community-uploads/forrest/volcomp/PHerc0814/volumes/20260309142202-2.399um-0.2m-78keV-masked.zarr,3,24.8.0,inner chunk absent from shard index,0
CHUNK_SAMPLE_MISSING,info,community-uploads/forrest/volcomp/PHerc0814/volumes/20260309142202-2.399um-0.2m-78keV-masked.zarr,3,28.8.0,inner chunk absent from shard index,0
CHUNK_SAMPLE_POPULATED,info,community-uploads/forrest/volcomp/PHerc0814/volumes/20260309142202-2.399um-0.2m-78keV-masked.zarr,3,31.15.7,center 16^3 block: 4096/4096 differ from fill (0); 842501 stored bytes,850698
CHUNK_SAMPLE_POPULATED,info,community-uploads/forrest/volcomp/PHerc0814/volumes/20260309142202-2.399um-0.2m-78keV-masked.zarr,3,48.8.16,center 16^3 block: 4096/4096 differ from fill (0); 795501 stored bytes,803698
CHUNK_SAMPLE_POPULATED,info,community-uploads/forrest/volcomp/PHerc0814/volumes/20260309142202-2.399um-0.2m-78keV-masked.zarr,3,52.8.16,center 16^3 block: 4096/4096 differ from fill (0); 806811 stored bytes,806811
CHUNK_SAMPLE_MISSING,info,community-uploads/forrest/volcomp/PHerc0814/volumes/20260309142202-2.399um-0.2m-78keV-masked.zarr,3,55.15.23,inner chunk absent from shard index,0
CHUNK_SAMPLE_MISSING,info,community-uploads/forrest/volcomp/PHerc0814/volumes/20260309142202-2.399um-0.2m-78keV-masked.zarr,3,9.2.2,shard object absent (reads as fill),0
CHUNK_SAMPLE_MISSING,info,community-uploads/forrest/volcomp/PHerc0814/volumes/20260309142202-2.399um-0.2m-78keV-masked.zarr,4,0.0.0,inner chunk absent from shard index,0
CHUNK_SAMPLE_MISSING,info,community-uploads/forrest/volcomp/PHerc0814/volumes/20260309142202-2.399um-0.2m-78keV-masked.zarr,4,4.0.0,inner chunk absent from shard index,0
CHUNK_SAMPLE_POPULATED,info,community-uploads/forrest/volcomp/PHerc0814/volumes/20260309142202-2.399um-0.2m-78keV-masked.zarr,4,7.7.7,center 16^3 block: 4096/4096 differ from fill (0); 840665 stored bytes,848862
CHUNK_SAMPLE_MISSING,info,community-uploads/forrest/volcomp/PHerc0814/volumes/20260309142202-2.399um-0.2m-78keV-masked.zarr,4,8.8.0,inner chunk absent from shard index,0
CHUNK_SAMPLE_MISSING,info,community-uploads/forrest/volcomp/PHerc0814/volumes/20260309142202-2.399um-0.2m-78keV-masked.zarr,4,12.8.0,inner chunk absent from shard index,0
CHUNK_SAMPLE_MISSING,info,community-uploads/forrest/volcomp/PHerc0814/volumes/20260309142202-2.399um-0.2m-78keV-masked.zarr,4,15.11.7,inner chunk absent from shard index,0
CHUNK_SAMPLE_MISSING,info,community-uploads/forrest/volcomp/PHerc0814/volumes/20260309142202-2.399um-0.2m-78keV-masked.zarr,4,24.0.8,inner chunk absent from shard index,0
CHUNK_SAMPLE_MISSING,info,community-uploads/forrest/volcomp/PHerc0814/volumes/20260309142202-2.399um-0.2m-78keV-masked.zarr,4,28.0.8,inner chunk absent from shard index,0
CHUNK_SAMPLE_MISSING,info,community-uploads/forrest/volcomp/PHerc0814/volumes/20260309142202-2.399um-0.2m-78keV-masked.zarr,4,31.7.11,inner chunk absent from shard index,0
CHUNK_SAMPLE_MISSING,info,community-uploads/forrest/volcomp/PHerc0814/volumes/20260309142202-2.399um-0.2m-78keV-masked.zarr,4,32.8.8,inner chunk absent from shard index,0
CHUNK_SAMPLE_MISSING,info,community-uploads/forrest/volcomp/PHerc0814/volumes/20260309142202-2.399um-0.2m-78keV-masked.zarr,4,34.10.8,inner chunk absent from shard index,0
CHUNK_SAMPLE_MISSING,info,community-uploads/forrest/volcomp/PHerc0814/volumes/20260309142202-2.399um-0.2m-78keV-masked.zarr,4,36.11.11,inner chunk absent from shard index,0
CHUNK_SAMPLE_POPULATED,info,community-uploads/forrest/volcomp/PHerc0814/volumes/20260309142202-2.399um-0.2m-78keV-masked.zarr,5,0.0.0,5191/2097152 valid voxels differ from fill (0); 2369 stored bytes,6982
CHUNK_SAMPLE_MISSING,info,community-uploads/forrest/volcomp/PHerc0814/volumes/20260309142202-2.399um-0.2m-78keV-masked.zarr,5,4.0.0,inner chunk absent from shard index,0
CHUNK_SAMPLE_MISSING,info,community-uploads/forrest/volcomp/PHerc0814/volumes/20260309142202-2.399um-0.2m-78keV-masked.zarr,5,7.5.5,inner chunk absent from shard index,0
CHUNK_SAMPLE_MISSING,info,community-uploads/forrest/volcomp/PHerc0814/volumes/20260309142202-2.399um-0.2m-78keV-masked.zarr,5,8.0.0,inner chunk absent from shard index,0
CHUNK_SAMPLE_MISSING,info,community-uploads/forrest/volcomp/PHerc0814/volumes/20260309142202-2.399um-0.2m-78keV-masked.zarr,5,12.0.0,inner chunk absent from shard index,0
CHUNK_SAMPLE_MISSING,info,community-uploads/forrest/volcomp/PHerc0814/volumes/20260309142202-2.399um-0.2m-78keV-masked.zarr,5,15.5.5,inner chunk absent from shard index,0
CHUNK_SAMPLE_MISSING,info,community-uploads/forrest/volcomp/PHerc0814/volumes/20260309142202-2.399um-0.2m-78keV-masked.zarr,5,16.0.0,inner chunk absent from shard index,0
CHUNK_SAMPLE_MISSING,info,community-uploads/forrest/volcomp/PHerc0814/volumes/20260309142202-2.399um-0.2m-78keV-masked.zarr,5,17.3.0,inner chunk absent from shard index,0
CHUNK_SAMPLE_MISSING,info,community-uploads/forrest/volcomp/PHerc0814/volumes/20260309142202-2.399um-0.2m-78keV-masked.zarr,5,18.5.5,inner chunk absent from shard index,0
CHUNK_SAMPLE_MISSING,info,community-uploads/forrest/volcomp/PHerc0841/volumes/20250821151531-9.366um-1.2m-113keV-masked.zarr,0,0.0.0,shard object absent (reads as fill),0
CHUNK_SAMPLE_POPULATED,info,community-uploads/forrest/volcomp/PHerc0841/volumes/20250821151531-9.366um-1.2m-113keV-masked.zarr,0,48.16.40,center 16^3 block: 4096/4096 differ from fill (0); 81811 stored bytes,90008
CHUNK_SAMPLE_POPULATED,info,community-uploads/forrest/volcomp/PHerc0841/volumes/20250821151531-9.366um-1.2m-113keV-masked.zarr,0,52.16.40,center 16^3 block: 4096/4096 differ from fill (0); 74310 stored bytes,74310
CHUNK_SAMPLE_POPULATED,info,community-uploads/forrest/volcomp/PHerc0841/volumes/20250821151531-9.366um-1.2m-113keV-masked.zarr,0,55.23.47,center 16^3 block: 4096/4096 differ from fill (0); 67471 stored bytes,67471
CHUNK_SAMPLE_MISSING,info,community-uploads/forrest/volcomp/PHerc0841/volumes/20250821151531-9.366um-1.2m-113keV-masked.zarr,0,96.40.16,inner chunk absent from shard index,0
CHUNK_SAMPLE_POPULATED,info,community-uploads/forrest/volcomp/PHerc0841/volumes/20250821151531-9.366um-1.2m-113keV-masked.zarr,0,100.40.16,316034/2097152 valid voxels differ from fill (0); 2675 stored bytes,10872
CHUNK_SAMPLE_POPULATED,info,community-uploads/forrest/volcomp/PHerc0841/volumes/20250821151531-9.366um-1.2m-113keV-masked.zarr,0,103.47.23,center 16^3 block: 4096/4096 differ from fill (0); 22720 stored bytes,22720
CHUNK_SAMPLE_MISSING,info,community-uploads/forrest/volcomp/PHerc0841/volumes/20250821151531-9.366um-1.2m-113keV-masked.zarr,0,18.7.7,shard object absent (reads as fill),0
CHUNK_SAMPLE_MISSING,info,community-uploads/forrest/volcomp/PHerc0841/volumes/20250821151531-9.366um-1.2m-113keV-masked.zarr,1,0.0.0,inner chunk absent from shard index,0
CHUNK_SAMPLE_MISSING,info,community-uploads/forrest/volcomp/PHerc0841/volumes/20250821151531-9.366um-1.2m-113keV-masked.zarr,1,4.0.0,inner chunk absent from shard index,0
CHUNK_SAMPLE_POPULATED,info,community-uploads/forrest/volcomp/PHerc0841/volumes/20250821151531-9.366um-1.2m-113keV-masked.zarr,1,7.7.7,center 16^3 block: 3530/4096 differ from fill (0); 75741 stored bytes,83938
CHUNK_SAMPLE_MISSING,info,community-uploads/forrest/volcomp/PHerc0841/volumes/20250821151531-9.366um-1.2m-113keV-masked.zarr,1,24.8.8,inner chunk absent from shard index,0
CHUNK_SAMPLE_MISSING,info,community-uploads/forrest/volcomp/PHerc0841/volumes/20250821151531-9.366um-1.2m-113keV-masked.zarr,1,28.8.8,inner chunk absent from shard index,0
CHUNK_SAMPLE_POPULATED,info,community-uploads/forrest/volcomp/PHerc0841/volumes/20250821151531-9.366um-1.2m-113keV-masked.zarr,1,31.15.15,center 16^3 block: 4092/4096 differ from fill (0); 276716 stored bytes,284913
CHUNK_SAMPLE_POPULATED,info,community-uploads/forrest/volcomp/PHerc0841/volumes/20250821151531-9.366um-1.2m-113keV-masked.zarr,1,48.16.16,center 16^3 block: 4096/4096 differ from fill (0); 278512 stored bytes,286709
CHUNK_SAMPLE_POPULATED,info,community-uploads/forrest/volcomp/PHerc0841/volumes/20250821151531-9.366um-1.2m-113keV-masked.zarr,1,52.16.16,center 16^3 block: 4095/4096 differ from fill (0); 302319 stored bytes,302319
CHUNK_SAMPLE_MISSING,info,community-uploads/forrest/volcomp/PHerc0841/volumes/20250821151531-9.366um-1.2m-113keV-masked.zarr,1,55.23.23,inner chunk absent from shard index,0
CHUNK_SAMPLE_MISSING,info,community-uploads/forrest/volcomp/PHerc0841/volumes/20250821151531-9.366um-1.2m-113keV-masked.zarr,1,9.3.3,shard object absent (reads as fill),0
CHUNK_SAMPLE_MISSING,info,community-uploads/forrest/volcomp/PHerc0841/volumes/20250821151531-9.366um-1.2m-113keV-masked.zarr,2,0.0.0,inner chunk absent from shard index,0
CHUNK_SAMPLE_MISSING,info,community-uploads/forrest/volcomp/PHerc0841/volumes/20250821151531-9.366um-1.2m-113keV-masked.zarr,2,4.0.0,inner chunk absent from shard index,0
CHUNK_SAMPLE_POPULATED,info,community-uploads/forrest/volcomp/PHerc0841/volumes/20250821151531-9.366um-1.2m-113keV-masked.zarr,2,7.7.7,center 16^3 block: 4096/4096 differ from fill (0); 587093 stored bytes,595290
CHUNK_SAMPLE_MISSING,info,community-uploads/forrest/volcomp/PHerc0841/volumes/20250821151531-9.366um-1.2m-113keV-masked.zarr,2,8.8.0,inner chunk absent from shard index,0
CHUNK_SAMPLE_MISSING,info,community-uploads/forrest/volcomp/PHerc0841/volumes/20250821151531-9.366um-1.2m-113keV-masked.zarr,2,12.8.0,inner chunk absent from shard index,0
CHUNK_SAMPLE_MISSING,info,community-uploads/forrest/volcomp/PHerc0841/volumes/20250821151531-9.366um-1.2m-113keV-masked.zarr,2,15.15.7,inner chunk absent from shard index,0
CHUNK_SAMPLE_MISSING,info,community-uploads/forrest/volcomp/PHerc0841/volumes/20250821151531-9.366um-1.2m-113keV-masked.zarr,2,24.0.8,inner chunk absent from shard index,0
CHUNK_SAMPLE_MISSING,info,community-uploads/forrest/volcomp/PHerc0841/volumes/20250821151531-9.366um-1.2m-113keV-masked.zarr,2,28.0.8,inner chunk absent from shard index,0
CHUNK_SAMPLE_MISSING,info,community-uploads/forrest/volcomp/PHerc0841/volumes/20250821151531-9.366um-1.2m-113keV-masked.zarr,2,31.7.15,inner chunk absent from shard index,0
CHUNK_SAMPLE_POPULATED,info,community-uploads/forrest/volcomp/PHerc0841/volumes/20250821151531-9.366um-1.2m-113keV-masked.zarr,2,32.8.8,center 16^3 block: 4096/4096 differ from fill (0); 449897 stored bytes,456046
CHUNK_SAMPLE_MISSING,info,community-uploads/forrest/volcomp/PHerc0841/volumes/20250821151531-9.366um-1.2m-113keV-masked.zarr,2,35.8.8,inner chunk absent from shard index,0
CHUNK_SAMPLE_MISSING,info,community-uploads/forrest/volcomp/PHerc0841/volumes/20250821151531-9.366um-1.2m-113keV-masked.zarr,2,37.15.15,inner chunk absent from shard index,0
CHUNK_SAMPLE_MISSING,info,community-uploads/forrest/volcomp/PHerc0841/volumes/20250821151531-9.366um-1.2m-113keV-masked.zarr,3,0.0.0,inner chunk absent from shard index,0
CHUNK_SAMPLE_MISSING,info,community-uploads/forrest/volcomp/PHerc0841/volumes/20250821151531-9.366um-1.2m-113keV-masked.zarr,3,4.0.0,inner chunk absent from shard index,0
CHUNK_SAMPLE_MISSING,info,community-uploads/forrest/volcomp/PHerc0841/volumes/20250821151531-9.366um-1.2m-113keV-masked.zarr,3,7.7.7,inner chunk absent from shard index,0
CHUNK_SAMPLE_MISSING,info,community-uploads/forrest/volcomp/PHerc0841/volumes/20250821151531-9.366um-1.2m-113keV-masked.zarr,3,8.0.0,inner chunk absent from shard index,0
CHUNK_SAMPLE_MISSING,info,community-uploads/forrest/volcomp/PHerc0841/volumes/20250821151531-9.366um-1.2m-113keV-masked.zarr,3,12.0.0,inner chunk absent from shard index,0
CHUNK_SAMPLE_MISSING,info,community-uploads/forrest/volcomp/PHerc0841/volumes/20250821151531-9.366um-1.2m-113keV-masked.zarr,3,15.7.7,inner chunk absent from shard index,0
CHUNK_SAMPLE_MISSING,info,community-uploads/forrest/volcomp/PHerc0841/volumes/20250821151531-9.366um-1.2m-113keV-masked.zarr,3,16.0.0,inner chunk absent from shard index,0
CHUNK_SAMPLE_MISSING,info,community-uploads/forrest/volcomp/PHerc0841/volumes/20250821151531-9.366um-1.2m-113keV-masked.zarr,3,17.4.0,inner chunk absent from shard index,0
CHUNK_SAMPLE_MISSING,info,community-uploads/forrest/volcomp/PHerc0841/volumes/20250821151531-9.366um-1.2m-113keV-masked.zarr,3,18.7.7,inner chunk absent from shard index,0
CHUNK_SAMPLE_POPULATED,info,community-uploads/forrest/volcomp/PHerc0841/volumes/20250821151531-9.366um-1.2m-113keV-masked.zarr,4,0.0.0,58268/2097152 valid voxels differ from fill (0); 20598 stored bytes,22651
CHUNK_SAMPLE_POPULATED,info,community-uploads/forrest/volcomp/PHerc0841/volumes/20250821151531-9.366um-1.2m-113keV-masked.zarr,4,4.0.0,148205/2097152 valid voxels differ from fill (0); 49346 stored bytes,49346
CHUNK_SAMPLE_MISSING,info,community-uploads/forrest/volcomp/PHerc0841/volumes/20250821151531-9.366um-1.2m-113keV-masked.zarr,4,7.3.3,inner chunk absent from shard index,0
CHUNK_SAMPLE_MISSING,info,community-uploads/forrest/volcomp/PHerc0841/volumes/20250821151531-9.366um-1.2m-113keV-masked.zarr,4,8.0.0,inner chunk absent from shard index,0
CHUNK_SAMPLE_MISSING,info,community-uploads/forrest/volcomp/PHerc0841/volumes/20250821151531-9.366um-1.2m-113keV-masked.zarr,4,9.0.0,inner chunk absent from shard index,0
CHUNK_SAMPLE_MISSING,info,community-uploads/forrest/volcomp/PHerc0841/volumes/20250821151531-9.366um-1.2m-113keV-masked.zarr,4,9.3.3,inner chunk absent from shard index,0
CHUNK_SAMPLE_MISSING,info,community-uploads/forrest/volcomp/PHerc0841/volumes/20250821151531-9.366um-1.2m-113keV-masked.zarr,5,0.0.0,inner chunk absent from shard index,0
CHUNK_SAMPLE_MISSING,info,community-uploads/forrest/volcomp/PHerc0841/volumes/20250821151531-9.366um-1.2m-113keV-masked.zarr,5,2.1.0,inner chunk absent from shard index,0
CHUNK_SAMPLE_MISSING,info,community-uploads/forrest/volcomp/PHerc0841/volumes/20250821151531-9.366um-1.2m-113keV-masked.zarr,5,4.1.1,inner chunk absent from shard index,0
CHUNK_SAMPLE_MISSING,info,community-uploads/forrest/volcomp/PHerc0846A/volumes/20250728152254-9.362um-1.2m-113keV-masked.zarr,0,0.0.0,inner chunk absent from shard index,0
CHUNK_SAMPLE_MISSING,info,community-uploads/forrest/volcomp/PHerc0846A/volumes/20250728152254-9.362um-1.2m-113keV-masked.zarr,0,4.0.0,inner chunk absent from shard index,0
CHUNK_SAMPLE_MISSING,info,community-uploads/forrest/volcomp/PHerc0846A/volumes/20250728152254-9.362um-1.2m-113keV-masked.zarr,0,7.7.7,inner chunk absent from shard index,0
CHUNK_SAMPLE_POPULATED,info,community-uploads/forrest/volcomp/PHerc0846A/volumes/20250728152254-9.362um-1.2m-113keV-masked.zarr,0,32.40.16,center 16^3 block: 4096/4096 differ from fill (0); 83267 stored bytes,91464
CHUNK_SAMPLE_POPULATED,info,community-uploads/forrest/volcomp/PHerc0846A/volumes/20250728152254-9.362um-1.2m-113keV-masked.zarr,0,36.40.16,center 16^3 block: 4096/4096 differ from fill (0); 73137 stored bytes,73137
CHUNK_SAMPLE_POPULATED,info,community-uploads/forrest/volcomp/PHerc0846A/volumes/20250728152254-9.362um-1.2m-113keV-masked.zarr,0,39.47.23,494249/2097152 valid voxels differ from fill (0); 10849 stored bytes,10849
CHUNK_SAMPLE_MISSING,info,community-uploads/forrest/volcomp/PHerc0846A/volumes/20250728152254-9.362um-1.2m-113keV-masked.zarr,0,72.16.40,inner chunk absent from shard index,0
CHUNK_SAMPLE_MISSING,info,community-uploads/forrest/volcomp/PHerc0846A/volumes/20250728152254-9.362um-1.2m-113keV-masked.zarr,0,76.16.40,inner chunk absent from shard index,0
CHUNK_SAMPLE_POPULATED,info,community-uploads/forrest/volcomp/PHerc0846A/volumes/20250728152254-9.362um-1.2m-113keV-masked.zarr,0,79.23.47,center 16^3 block: 4096/4096 differ from fill (0); 92971 stored bytes,101168
CHUNK_SAMPLE_MISSING,info,community-uploads/forrest/volcomp/PHerc0846A/volumes/20250728152254-9.362um-1.2m-113keV-masked.zarr,0,13.7.7,shard object absent (reads as fill),0
CHUNK_SAMPLE_MISSING,info,community-uploads/forrest/volcomp/PHerc0846A/volumes/20250728152254-9.362um-1.2m-113keV-masked.zarr,1,0.0.0,inner chunk absent from shard index,0
CHUNK_SAMPLE_MISSING,info,community-uploads/forrest/volcomp/PHerc0846A/volumes/20250728152254-9.362um-1.2m-113keV-masked.zarr,1,4.0.0,inner chunk absent from shard index,0
CHUNK_SAMPLE_MISSING,info,community-uploads/forrest/volcomp/PHerc0846A/volumes/20250728152254-9.362um-1.2m-113keV-masked.zarr,1,7.7.7,inner chunk absent from shard index,0
CHUNK_SAMPLE_POPULATED,info,community-uploads/forrest/volcomp/PHerc0846A/volumes/20250728152254-9.362um-1.2m-113keV-masked.zarr,1,16.8.8,366233/2097152 valid voxels differ from fill (0); 38890 stored bytes,47087
CHUNK_SAMPLE_MISSING,info,community-uploads/forrest/volcomp/PHerc0846A/volumes/20250728152254-9.362um-1.2m-113keV-masked.zarr,1,20.8.8,inner chunk absent from shard index,0
CHUNK_SAMPLE_POPULATED,info,community-uploads/forrest/volcomp/PHerc0846A/volumes/20250728152254-9.362um-1.2m-113keV-masked.zarr,1,23.15.15,center 16^3 block: 4096/4096 differ from fill (0); 290905 stored bytes,290905
CHUNK_SAMPLE_POPULATED,info,community-uploads/forrest/volcomp/PHerc0846A/volumes/20250728152254-9.362um-1.2m-113keV-masked.zarr,1,32.16.16,center 16^3 block: 4096/4096 differ from fill (0); 232517 stored bytes,240714
CHUNK_SAMPLE_POPULATED,info,community-uploads/forrest/volcomp/PHerc0846A/volumes/20250728152254-9.362um-1.2m-113keV-masked.zarr,1,36.16.16,center 16^3 block: 4096/4096 differ from fill (0); 317042 stored bytes,317042
CHUNK_SAMPLE_MISSING,info,community-uploads/forrest/volcomp/PHerc0846A/volumes/20250728152254-9.362um-1.2m-113keV-masked.zarr,1,39.23.23,inner chunk absent from shard index,0
CHUNK_SAMPLE_MISSING,info,community-uploads/forrest/volcomp/PHerc0846A/volumes/20250728152254-9.362um-1.2m-113keV-masked.zarr,1,6.3.3,shard object absent (reads as fill),0
CHUNK_SAMPLE_MISSING,info,community-uploads/forrest/volcomp/PHerc0846A/volumes/20250728152254-9.362um-1.2m-113keV-masked.zarr,2,0.0.0,inner chunk absent from shard index,0
CHUNK_SAMPLE_MISSING,info,community-uploads/forrest/volcomp/PHerc0846A/volumes/20250728152254-9.362um-1.2m-113keV-masked.zarr,2,4.0.0,inner chunk absent from shard index,0
CHUNK_SAMPLE_POPULATED,info,community-uploads/forrest/volcomp/PHerc0846A/volumes/20250728152254-9.362um-1.2m-113keV-masked.zarr,2,7.7.7,center 16^3 block: 4096/4096 differ from fill (0); 560212 stored bytes,568409
CHUNK_SAMPLE_MISSING,info,community-uploads/forrest/volcomp/PHerc0846A/volumes/20250728152254-9.362um-1.2m-113keV-masked.zarr,2,8.0.8,inner chunk absent from shard index,0
CHUNK_SAMPLE_MISSING,info,community-uploads/forrest/volcomp/PHerc0846A/volumes/20250728152254-9.362um-1.2m-113keV-masked.zarr,2,12.0.8,inner chunk absent from shard index,0
CHUNK_SAMPLE_MISSING,info,community-uploads/forrest/volcomp/PHerc0846A/volumes/20250728152254-9.362um-1.2m-113keV-masked.zarr,2,15.7.15,inner chunk absent from shard index,0
CHUNK_SAMPLE_MISSING,info,community-uploads/forrest/volcomp/PHerc0846A/volumes/20250728152254-9.362um-1.2m-113keV-masked.zarr,2,16.8.0,inner chunk absent from shard index,0
CHUNK_SAMPLE_MISSING,info,community-uploads/forrest/volcomp/PHerc0846A/volumes/20250728152254-9.362um-1.2m-113keV-masked.zarr,2,20.8.0,inner chunk absent from shard index,0
CHUNK_SAMPLE_MISSING,info,community-uploads/forrest/volcomp/PHerc0846A/volumes/20250728152254-9.362um-1.2m-113keV-masked.zarr,2,23.15.7,inner chunk absent from shard index,0
CHUNK_SAMPLE_MISSING,info,community-uploads/forrest/volcomp/PHerc0846A/volumes/20250728152254-9.362um-1.2m-113keV-masked.zarr,2,24.8.8,inner chunk absent from shard index,0
CHUNK_SAMPLE_MISSING,info,community-uploads/forrest/volcomp/PHerc0846A/volumes/20250728152254-9.362um-1.2m-113keV-masked.zarr,2,26.8.8,inner chunk absent from shard index,0
CHUNK_SAMPLE_MISSING,info,community-uploads/forrest/volcomp/PHerc0846A/volumes/20250728152254-9.362um-1.2m-113keV-masked.zarr,2,27.15.15,inner chunk absent from shard index,0
CHUNK_SAMPLE_POPULATED,info,community-uploads/forrest/volcomp/PHerc0846A/volumes/20250728152254-9.362um-1.2m-113keV-masked.zarr,3,0.0.0,195/2097152 valid voxels differ from fill (0); 578 stored bytes,8775
CHUNK_SAMPLE_MISSING,info,community-uploads/forrest/volcomp/PHerc0846A/volumes/20250728152254-9.362um-1.2m-113keV-masked.zarr,3,4.0.0,inner chunk absent from shard index,0
CHUNK_SAMPLE_MISSING,info,community-uploads/forrest/volcomp/PHerc0846A/volumes/20250728152254-9.362um-1.2m-113keV-masked.zarr,3,7.7.7,inner chunk absent from shard index,0
CHUNK_SAMPLE_MISSING,info,community-uploads/forrest/volcomp/PHerc0846A/volumes/20250728152254-9.362um-1.2m-113keV-masked.zarr,3,8.0.0,inner chunk absent from shard index,0
CHUNK_SAMPLE_MISSING,info,community-uploads/forrest/volcomp/PHerc0846A/volumes/20250728152254-9.362um-1.2m-113keV-masked.zarr,3,11.0.0,inner chunk absent from shard index,0
CHUNK_SAMPLE_MISSING,info,community-uploads/forrest/volcomp/PHerc0846A/volumes/20250728152254-9.362um-1.2m-113keV-masked.zarr,3,13.7.7,inner chunk absent from shard index,0
CHUNK_SAMPLE_POPULATED,info,community-uploads/forrest/volcomp/PHerc0846A/volumes/20250728152254-9.362um-1.2m-113keV-masked.zarr,4,0.0.0,161636/2097152 valid voxels differ from fill (0); 46882 stored bytes,48679
CHUNK_SAMPLE_MISSING,info,community-uploads/forrest/volcomp/PHerc0846A/volumes/20250728152254-9.362um-1.2m-113keV-masked.zarr,4,3.2.0,inner chunk absent from shard index,0
CHUNK_SAMPLE_MISSING,info,community-uploads/forrest/volcomp/PHerc0846A/volumes/20250728152254-9.362um-1.2m-113keV-masked.zarr,4,6.3.3,inner chunk absent from shard index,0
CHUNK_SAMPLE_MISSING,info,community-uploads/forrest/volcomp/PHerc0846A/volumes/20250728152254-9.362um-1.2m-113keV-masked.zarr,5,0.0.0,inner chunk absent from shard index,0
CHUNK_SAMPLE_MISSING,info,community-uploads/forrest/volcomp/PHerc0846A/volumes/20250728152254-9.362um-1.2m-113keV-masked.zarr,5,2.0.0,inner chunk absent from shard index,0
CHUNK_SAMPLE_MISSING,info,community-uploads/forrest/volcomp/PHerc0846A/volumes/20250728152254-9.362um-1.2m-113keV-masked.zarr,5,3.1.1,inner chunk absent from shard index,0
CHUNK_SAMPLE_MISSING,info,community-uploads/forrest/volcomp/PHerc0826/volumes/20250821151701-9.362um-1.2m-113keV-masked.zarr,0,0.0.0,shard object absent (reads as fill),0
CHUNK_SAMPLE_MISSING,info,community-uploads/forrest/volcomp/PHerc0826/volumes/20250821151701-9.362um-1.2m-113keV-masked.zarr,0,40.40.16,inner chunk absent from shard index,0
CHUNK_SAMPLE_POPULATED,info,community-uploads/forrest/volcomp/PHerc0826/volumes/20250821151701-9.362um-1.2m-113keV-masked.zarr,0,44.40.16,center 16^3 block: 4096/4096 differ from fill (0); 42433 stored bytes,50630
CHUNK_SAMPLE_MISSING,info,community-uploads/forrest/volcomp/PHerc0826/volumes/20250821151701-9.362um-1.2m-113keV-masked.zarr,0,47.47.23,inner chunk absent from shard index,0
CHUNK_SAMPLE_MISSING,info,community-uploads/forrest/volcomp/PHerc0826/volumes/20250821151701-9.362um-1.2m-113keV-masked.zarr,0,11.2.5,shard object absent (reads as fill),0
CHUNK_SAMPLE_MISSING,info,community-uploads/forrest/volcomp/PHerc0826/volumes/20250821151701-9.362um-1.2m-113keV-masked.zarr,0,16.7.7,shard object absent (reads as fill),0
CHUNK_SAMPLE_MISSING,info,community-uploads/forrest/volcomp/PHerc0826/volumes/20250821151701-9.362um-1.2m-113keV-masked.zarr,1,0.0.0,inner chunk absent from shard index,0
CHUNK_SAMPLE_MISSING,info,community-uploads/forrest/volcomp/PHerc0826/volumes/20250821151701-9.362um-1.2m-113keV-masked.zarr,1,4.0.0,inner chunk absent from shard index,0
CHUNK_SAMPLE_MISSING,info,community-uploads/forrest/volcomp/PHerc0826/volumes/20250821151701-9.362um-1.2m-113keV-masked.zarr,1,7.7.7,inner chunk absent from shard index,0
CHUNK_SAMPLE_MISSING,info,community-uploads/forrest/volcomp/PHerc0826/volumes/20250821151701-9.362um-1.2m-113keV-masked.zarr,1,3.0.0,shard object absent (reads as fill),0
CHUNK_SAMPLE_MISSING,info,community-uploads/forrest/volcomp/PHerc0826/volumes/20250821151701-9.362um-1.2m-113keV-masked.zarr,1,5.3.3,shard object absent (reads as fill),0
CHUNK_SAMPLE_MISSING,info,community-uploads/forrest/volcomp/PHerc0826/volumes/20250821151701-9.362um-1.2m-113keV-masked.zarr,1,8.3.3,shard object absent (reads as fill),0
CHUNK_SAMPLE_MISSING,info,community-uploads/forrest/volcomp/PHerc0826/volumes/20250821151701-9.362um-1.2m-113keV-masked.zarr,2,0.0.0,inner chunk absent from shard index,0
CHUNK_SAMPLE_MISSING,info,community-uploads/forrest/volcomp/PHerc0826/volumes/20250821151701-9.362um-1.2m-113keV-masked.zarr,2,4.0.0,inner chunk absent from shard index,0
CHUNK_SAMPLE_POPULATED,info,community-uploads/forrest/volcomp/PHerc0826/volumes/20250821151701-9.362um-1.2m-113keV-masked.zarr,2,7.7.7,center 16^3 block: 4096/4096 differ from fill (0); 503332 stored bytes,511529
CHUNK_SAMPLE_MISSING,info,community-uploads/forrest/volcomp/PHerc0826/volumes/20250821151701-9.362um-1.2m-113keV-masked.zarr,2,8.8.0,inner chunk absent from shard index,0
CHUNK_SAMPLE_MISSING,info,community-uploads/forrest/volcomp/PHerc0826/volumes/20250821151701-9.362um-1.2m-113keV-masked.zarr,2,12.8.0,inner chunk absent from shard index,0
CHUNK_SAMPLE_MISSING,info,community-uploads/forrest/volcomp/PHerc0826/volumes/20250821151701-9.362um-1.2m-113keV-masked.zarr,2,15.15.7,inner chunk absent from shard index,0
CHUNK_SAMPLE_MISSING,info,community-uploads/forrest/volcomp/PHerc0826/volumes/20250821151701-9.362um-1.2m-113keV-masked.zarr,2,24.0.8,inner chunk absent from shard index,0
CHUNK_SAMPLE_MISSING,info,community-uploads/forrest/volcomp/PHerc0826/volumes/20250821151701-9.362um-1.2m-113keV-masked.zarr,2,28.0.8,inner chunk absent from shard index,0
CHUNK_SAMPLE_MISSING,info,community-uploads/forrest/volcomp/PHerc0826/volumes/20250821151701-9.362um-1.2m-113keV-masked.zarr,2,31.7.15,inner chunk absent from shard index,0
CHUNK_SAMPLE_MISSING,info,community-uploads/forrest/volcomp/PHerc0826/volumes/20250821151701-9.362um-1.2m-113keV-masked.zarr,2,32.8.8,inner chunk absent from shard index,0
CHUNK_SAMPLE_MISSING,info,community-uploads/forrest/volcomp/PHerc0826/volumes/20250821151701-9.362um-1.2m-113keV-masked.zarr,2,33.8.8,inner chunk absent from shard index,0
CHUNK_SAMPLE_MISSING,info,community-uploads/forrest/volcomp/PHerc0826/volumes/20250821151701-9.362um-1.2m-113keV-masked.zarr,2,33.15.15,inner chunk absent from shard index,0
CHUNK_SAMPLE_MISSING,info,community-uploads/forrest/volcomp/PHerc0826/volumes/20250821151701-9.362um-1.2m-113keV-masked.zarr,3,0.0.0,inner chunk absent from shard index,0
CHUNK_SAMPLE_MISSING,info,community-uploads/forrest/volcomp/PHerc0826/volumes/20250821151701-9.362um-1.2m-113keV-masked.zarr,3,4.0.0,inner chunk absent from shard index,0
CHUNK_SAMPLE_MISSING,info,community-uploads/forrest/volcomp/PHerc0826/volumes/20250821151701-9.362um-1.2m-113keV-masked.zarr,3,7.7.7,inner chunk absent from shard index,0
CHUNK_SAMPLE_MISSING,info,community-uploads/forrest/volcomp/PHerc0826/volumes/20250821151701-9.362um-1.2m-113keV-masked.zarr,3,8.0.0,inner chunk absent from shard index,0
CHUNK_SAMPLE_MISSING,info,community-uploads/forrest/volcomp/PHerc0826/volumes/20250821151701-9.362um-1.2m-113keV-masked.zarr,3,12.0.0,inner chunk absent from shard index,0
CHUNK_SAMPLE_MISSING,info,community-uploads/forrest/volcomp/PHerc0826/volumes/20250821151701-9.362um-1.2m-113keV-masked.zarr,3,15.7.7,inner chunk absent from shard index,0
CHUNK_SAMPLE_MISSING,info,community-uploads/forrest/volcomp/PHerc0826/volumes/20250821151701-9.362um-1.2m-113keV-masked.zarr,3,16.0.0,inner chunk absent from shard index,0
CHUNK_SAMPLE_MISSING,info,community-uploads/forrest/volcomp/PHerc0826/volumes/20250821151701-9.362um-1.2m-113keV-masked.zarr,3,16.4.0,inner chunk absent from shard index,0
CHUNK_SAMPLE_MISSING,info,community-uploads/forrest/volcomp/PHerc0826/volumes/20250821151701-9.362um-1.2m-113keV-masked.zarr,3,16.7.7,inner chunk absent from shard index,0
CHUNK_SAMPLE_MISSING,info,community-uploads/forrest/volcomp/PHerc0826/volumes/20250821151701-9.362um-1.2m-113keV-masked.zarr,4,0.0.0,inner chunk absent from shard index,0
CHUNK_SAMPLE_MISSING,info,community-uploads/forrest/volcomp/PHerc0826/volumes/20250821151701-9.362um-1.2m-113keV-masked.zarr,4,4.0.0,inner chunk absent from shard index,0
CHUNK_SAMPLE_MISSING,info,community-uploads/forrest/volcomp/PHerc0826/volumes/20250821151701-9.362um-1.2m-113keV-masked.zarr,4,7.3.3,inner chunk absent from shard index,0
CHUNK_SAMPLE_MISSING,info,community-uploads/forrest/volcomp/PHerc0826/volumes/20250821151701-9.362um-1.2m-113keV-masked.zarr,4,8.0.0,inner chunk absent from shard index,0
CHUNK_SAMPLE_MISSING,info,community-uploads/forrest/volcomp/PHerc0826/volumes/20250821151701-9.362um-1.2m-113keV-masked.zarr,4,8.2.0,inner chunk absent from shard index,0
CHUNK_SAMPLE_MISSING,info,community-uploads/forrest/volcomp/PHerc0826/volumes/20250821151701-9.362um-1.2m-113keV-masked.zarr,4,8.3.3,inner chunk absent from shard index,0
CHUNK_SAMPLE_MISSING,info,community-uploads/forrest/volcomp/PHerc0826/volumes/20250821151701-9.362um-1.2m-113keV-masked.zarr,5,0.0.0,inner chunk absent from shard index,0
CHUNK_SAMPLE_MISSING,info,community-uploads/forrest/volcomp/PHerc0826/volumes/20250821151701-9.362um-1.2m-113keV-masked.zarr,5,2.1.0,inner chunk absent from shard index,0
CHUNK_SAMPLE_MISSING,info,community-uploads/forrest/volcomp/PHerc0826/volumes/20250821151701-9.362um-1.2m-113keV-masked.zarr,5,4.1.1,inner chunk absent from shard index,0
CHUNK_SAMPLE_MISSING,info,community-uploads/forrest/volcomp/PHerc0814/volumes/20260521123630-1.129um-0.2m-59keV-masked.zarr,0,0.0.0,shard object absent (reads as fill),0
CHUNK_SAMPLE_POPULATED,info,community-uploads/forrest/volcomp/PHerc0814/volumes/20260521123630-1.129um-0.2m-59keV-masked.zarr,0,120.56.48,center 16^3 block: 4096/4096 differ from fill (0); 15059 stored bytes,23256
CHUNK_SAMPLE_POPULATED,info,community-uploads/forrest/volcomp/PHerc0814/volumes/20260521123630-1.129um-0.2m-59keV-masked.zarr,0,124.56.48,center 16^3 block: 4096/4096 differ from fill (0); 15051 stored bytes,15051
CHUNK_SAMPLE_POPULATED,info,community-uploads/forrest/volcomp/PHerc0814/volumes/20260521123630-1.129um-0.2m-59keV-masked.zarr,0,127.63.55,center 16^3 block: 4096/4096 differ from fill (0); 20712 stored bytes,20712
CHUNK_SAMPLE_POPULATED,info,community-uploads/forrest/volcomp/PHerc0814/volumes/20260521123630-1.129um-0.2m-59keV-masked.zarr,0,240.112.104,center 16^3 block: 4096/4096 differ from fill (0); 18283 stored bytes,26480
CHUNK_SAMPLE_POPULATED,info,community-uploads/forrest/volcomp/PHerc0814/volumes/20260521123630-1.129um-0.2m-59keV-masked.zarr,0,244.112.104,center 16^3 block: 4096/4096 differ from fill (0); 19340 stored bytes,19340
CHUNK_SAMPLE_POPULATED,info,community-uploads/forrest/volcomp/PHerc0814/volumes/20260521123630-1.129um-0.2m-59keV-masked.zarr,0,247.119.111,center 16^3 block: 4096/4096 differ from fill (0); 18001 stored bytes,18001
CHUNK_SAMPLE_MISSING,info,community-uploads/forrest/volcomp/PHerc0814/volumes/20260521123630-1.129um-0.2m-59keV-masked.zarr,0,45.21.19,shard object absent (reads as fill),0
CHUNK_SAMPLE_MISSING,info,community-uploads/forrest/volcomp/PHerc0814/volumes/20260521123630-1.129um-0.2m-59keV-masked.zarr,1,0.0.0,shard object absent (reads as fill),0
CHUNK_SAMPLE_POPULATED,info,community-uploads/forrest/volcomp/PHerc0814/volumes/20260521123630-1.129um-0.2m-59keV-masked.zarr,1,56.56.24,center 16^3 block: 4096/4096 differ from fill (0); 56158 stored bytes,64355
CHUNK_SAMPLE_POPULATED,info,community-uploads/forrest/volcomp/PHerc0814/volumes/20260521123630-1.129um-0.2m-59keV-masked.zarr,1,60.56.24,center 16^3 block: 4096/4096 differ from fill (0); 63392 stored bytes,63392
CHUNK_SAMPLE_POPULATED,info,community-uploads/forrest/volcomp/PHerc0814/volumes/20260521123630-1.129um-0.2m-59keV-masked.zarr,1,63.63.31,center 16^3 block: 4096/4096 differ from fill (0); 55321 stored bytes,55321
CHUNK_SAMPLE_POPULATED,info,community-uploads/forrest/volcomp/PHerc0814/volumes/20260521123630-1.129um-0.2m-59keV-masked.zarr,1,120.24.48,center 16^3 block: 4096/4096 differ from fill (0); 52860 stored bytes,61057
CHUNK_SAMPLE_POPULATED,info,community-uploads/forrest/volcomp/PHerc0814/volumes/20260521123630-1.129um-0.2m-59keV-masked.zarr,1,124.24.48,center 16^3 block: 4096/4096 differ from fill (0); 55537 stored bytes,55537
CHUNK_SAMPLE_POPULATED,info,community-uploads/forrest/volcomp/PHerc0814/volumes/20260521123630-1.129um-0.2m-59keV-masked.zarr,1,127.31.55,center 16^3 block: 4096/4096 differ from fill (0); 54657 stored bytes,54657
CHUNK_SAMPLE_MISSING,info,community-uploads/forrest/volcomp/PHerc0814/volumes/20260521123630-1.129um-0.2m-59keV-masked.zarr,1,22.10.9,shard object absent (reads as fill),0
CHUNK_SAMPLE_MISSING,info,community-uploads/forrest/volcomp/PHerc0814/volumes/20260521123630-1.129um-0.2m-59keV-masked.zarr,2,0.0.0,shard object absent (reads as fill),0
CHUNK_SAMPLE_MISSING,info,community-uploads/forrest/volcomp/PHerc0814/volumes/20260521123630-1.129um-0.2m-59keV-masked.zarr,2,32.0.0,inner chunk absent from shard index,0
CHUNK_SAMPLE_MISSING,info,community-uploads/forrest/volcomp/PHerc0814/volumes/20260521123630-1.129um-0.2m-59keV-masked.zarr,2,36.0.0,inner chunk absent from shard index,0
CHUNK_SAMPLE_POPULATED,info,community-uploads/forrest/volcomp/PHerc0814/volumes/20260521123630-1.129um-0.2m-59keV-masked.zarr,2,39.7.7,center 16^3 block: 4096/4096 differ from fill (0); 169223 stored bytes,177420
CHUNK_SAMPLE_MISSING,info,community-uploads/forrest/volcomp/PHerc0814/volumes/20260521123630-1.129um-0.2m-59keV-masked.zarr,2,7.5.4,shard object absent (reads as fill),0
CHUNK_SAMPLE_MISSING,info,community-uploads/forrest/volcomp/PHerc0814/volumes/20260521123630-1.129um-0.2m-59keV-masked.zarr,2,11.5.4,shard object absent (reads as fill),0
CHUNK_SAMPLE_MISSING,info,community-uploads/forrest/volcomp/PHerc0814/volumes/20260521123630-1.129um-0.2m-59keV-masked.zarr,3,0.0.0,inner chunk absent from shard index,0
CHUNK_SAMPLE_MISSING,info,community-uploads/forrest/volcomp/PHerc0814/volumes/20260521123630-1.129um-0.2m-59keV-masked.zarr,3,4.0.0,inner chunk absent from shard index,0
CHUNK_SAMPLE_POPULATED,info,community-uploads/forrest/volcomp/PHerc0814/volumes/20260521123630-1.129um-0.2m-59keV-masked.zarr,3,7.7.7,center 16^3 block: 4096/4096 differ from fill (0); 611555 stored bytes,619752
CHUNK_SAMPLE_MISSING,info,community-uploads/forrest/volcomp/PHerc0814/volumes/20260521123630-1.129um-0.2m-59keV-masked.zarr,3,16.0.0,inner chunk absent from shard index,0
CHUNK_SAMPLE_MISSING,info,community-uploads/forrest/volcomp/PHerc0814/volumes/20260521123630-1.129um-0.2m-59keV-masked.zarr,3,20.0.0,inner chunk absent from shard index,0
CHUNK_SAMPLE_POPULATED,info,community-uploads/forrest/volcomp/PHerc0814/volumes/20260521123630-1.129um-0.2m-59keV-masked.zarr,3,23.7.7,center 16^3 block: 4096/4096 differ from fill (0); 554008 stored bytes,562205
CHUNK_SAMPLE_POPULATED,info,community-uploads/forrest/volcomp/PHerc0814/volumes/20260521123630-1.129um-0.2m-59keV-masked.zarr,3,24.16.16,center 16^3 block: 4096/4096 differ from fill (0); 568861 stored bytes,571938
CHUNK_SAMPLE_MISSING,info,community-uploads/forrest/volcomp/PHerc0814/volumes/20260521123630-1.129um-0.2m-59keV-masked.zarr,3,28.16.16,inner chunk absent from shard index,0
CHUNK_SAMPLE_MISSING,info,community-uploads/forrest/volcomp/PHerc0814/volumes/20260521123630-1.129um-0.2m-59keV-masked.zarr,3,31.21.19,inner chunk absent from shard index,0
CHUNK_SAMPLE_MISSING,info,community-uploads/forrest/volcomp/PHerc0814/volumes/20260521123630-1.129um-0.2m-59keV-masked.zarr,3,40.16.16,inner chunk absent from shard index,0
CHUNK_SAMPLE_MISSING,info,community-uploads/forrest/volcomp/PHerc0814/volumes/20260521123630-1.129um-0.2m-59keV-masked.zarr,3,43.16.16,inner chunk absent from shard index,0
CHUNK_SAMPLE_MISSING,info,community-uploads/forrest/volcomp/PHerc0814/volumes/20260521123630-1.129um-0.2m-59keV-masked.zarr,3,45.21.19,inner chunk absent from shard index,0
CHUNK_SAMPLE_MISSING,info,community-uploads/forrest/volcomp/PHerc0814/volumes/20260521123630-1.129um-0.2m-59keV-masked.zarr,4,0.0.0,inner chunk absent from shard index,0
CHUNK_SAMPLE_MISSING,info,community-uploads/forrest/volcomp/PHerc0814/volumes/20260521123630-1.129um-0.2m-59keV-masked.zarr,4,4.0.0,inner chunk absent from shard index,0
CHUNK_SAMPLE_POPULATED,info,community-uploads/forrest/volcomp/PHerc0814/volumes/20260521123630-1.129um-0.2m-59keV-masked.zarr,4,7.7.7,center 16^3 block: 4095/4096 differ from fill (0); 761724 stored bytes,769921
CHUNK_SAMPLE_MISSING,info,community-uploads/forrest/volcomp/PHerc0814/volumes/20260521123630-1.129um-0.2m-59keV-masked.zarr,4,8.0.0,inner chunk absent from shard index,0
CHUNK_SAMPLE_MISSING,info,community-uploads/forrest/volcomp/PHerc0814/volumes/20260521123630-1.129um-0.2m-59keV-masked.zarr,4,12.0.0,inner chunk absent from shard index,0
CHUNK_SAMPLE_POPULATED,info,community-uploads/forrest/volcomp/PHerc0814/volumes/20260521123630-1.129um-0.2m-59keV-masked.zarr,4,15.7.7,center 16^3 block: 4096/4096 differ from fill (0); 721656 stored bytes,729853
CHUNK_SAMPLE_MISSING,info,community-uploads/forrest/volcomp/PHerc0814/volumes/20260521123630-1.129um-0.2m-59keV-masked.zarr,4,8.8.8,inner chunk absent from shard index,0
CHUNK_SAMPLE_MISSING,info,community-uploads/forrest/volcomp/PHerc0814/volumes/20260521123630-1.129um-0.2m-59keV-masked.zarr,4,12.8.8,inner chunk absent from shard index,0
CHUNK_SAMPLE_MISSING,info,community-uploads/forrest/volcomp/PHerc0814/volumes/20260521123630-1.129um-0.2m-59keV-masked.zarr,4,15.10.9,inner chunk absent from shard index,0
CHUNK_SAMPLE_MISSING,info,community-uploads/forrest/volcomp/PHerc0814/volumes/20260521123630-1.129um-0.2m-59keV-masked.zarr,4,16.8.8,inner chunk absent from shard index,0
CHUNK_SAMPLE_MISSING,info,community-uploads/forrest/volcomp/PHerc0814/volumes/20260521123630-1.129um-0.2m-59keV-masked.zarr,4,19.9.8,inner chunk absent from shard index,0
CHUNK_SAMPLE_MISSING,info,community-uploads/forrest/volcomp/PHerc0814/volumes/20260521123630-1.129um-0.2m-59keV-masked.zarr,4,22.10.9,inner chunk absent from shard index,0
CHUNK_SAMPLE_POPULATED,info,community-uploads/forrest/volcomp/PHerc0814/volumes/20260521123630-1.129um-0.2m-59keV-masked.zarr,5,0.0.0,center 16^3 block: 4096/4096 differ from fill (0); 701456 stored bytes,705301
CHUNK_SAMPLE_POPULATED,info,community-uploads/forrest/volcomp/PHerc0814/volumes/20260521123630-1.129um-0.2m-59keV-masked.zarr,5,4.0.0,center 16^3 block: 4096/4096 differ from fill (0); 748966 stored bytes,748966
CHUNK_SAMPLE_MISSING,info,community-uploads/forrest/volcomp/PHerc0814/volumes/20260521123630-1.129um-0.2m-59keV-masked.zarr,5,7.5.4,inner chunk absent from shard index,0
CHUNK_SAMPLE_MISSING,info,community-uploads/forrest/volcomp/PHerc0814/volumes/20260521123630-1.129um-0.2m-59keV-masked.zarr,5,8.0.0,inner chunk absent from shard index,0
CHUNK_SAMPLE_MISSING,info,community-uploads/forrest/volcomp/PHerc0814/volumes/20260521123630-1.129um-0.2m-59keV-masked.zarr,5,10.0.0,inner chunk absent from shard index,0
CHUNK_SAMPLE_MISSING,info,community-uploads/forrest/volcomp/PHerc0814/volumes/20260521123630-1.129um-0.2m-59keV-masked.zarr,5,11.5.4,inner chunk absent from shard index,0
CHUNK_SAMPLE_MISSING,info,community-uploads/forrest/volcomp/PHerc0846B/volumes/20250804142305-9.362um-1.2m-113keV-masked.zarr,0,0.0.0,shard object absent (reads as fill),0
CHUNK_SAMPLE_POPULATED,info,community-uploads/forrest/volcomp/PHerc0846B/volumes/20250804142305-9.362um-1.2m-113keV-masked.zarr,0,32.40.16,center 16^3 block: 4096/4096 differ from fill (0); 65969 stored bytes,74166
CHUNK_SAMPLE_POPULATED,info,community-uploads/forrest/volcomp/PHerc0846B/volumes/20250804142305-9.362um-1.2m-113keV-masked.zarr,0,36.40.16,center 16^3 block: 4096/4096 differ from fill (0); 66430 stored bytes,66430
CHUNK_SAMPLE_MISSING,info,community-uploads/forrest/volcomp/PHerc0846B/volumes/20250804142305-9.362um-1.2m-113keV-masked.zarr,0,39.47.23,inner chunk absent from shard index,0
CHUNK_SAMPLE_POPULATED,info,community-uploads/forrest/volcomp/PHerc0846B/volumes/20250804142305-9.362um-1.2m-113keV-masked.zarr,0,72.16.40,center 16^3 block: 4096/4096 differ from fill (0); 63151 stored bytes,71348
CHUNK_SAMPLE_POPULATED,info,community-uploads/forrest/volcomp/PHerc0846B/volumes/20250804142305-9.362um-1.2m-113keV-masked.zarr,0,76.16.40,center 16^3 block: 4094/4096 differ from fill (0); 64456 stored bytes,64456
CHUNK_SAMPLE_POPULATED,info,community-uploads/forrest/volcomp/PHerc0846B/volumes/20250804142305-9.362um-1.2m-113keV-masked.zarr,0,79.23.47,center 16^3 block: 4096/4096 differ from fill (0); 63916 stored bytes,63916
CHUNK_SAMPLE_MISSING,info,community-uploads/forrest/volcomp/PHerc0846B/volumes/20250804142305-9.362um-1.2m-113keV-masked.zarr,0,13.7.7,shard object absent (reads as fill),0
CHUNK_SAMPLE_MISSING,info,community-uploads/forrest/volcomp/PHerc0846B/volumes/20250804142305-9.362um-1.2m-113keV-masked.zarr,1,0.0.0,shard object absent (reads as fill),0
CHUNK_SAMPLE_MISSING,info,community-uploads/forrest/volcomp/PHerc0846B/volumes/20250804142305-9.362um-1.2m-113keV-masked.zarr,1,16.8.8,inner chunk absent from shard index,0
CHUNK_SAMPLE_MISSING,info,community-uploads/forrest/volcomp/PHerc0846B/volumes/20250804142305-9.362um-1.2m-113keV-masked.zarr,1,20.8.8,inner chunk absent from shard index,0
CHUNK_SAMPLE_POPULATED,info,community-uploads/forrest/volcomp/PHerc0846B/volumes/20250804142305-9.362um-1.2m-113keV-masked.zarr,1,23.15.15,center 16^3 block: 4096/4096 differ from fill (0); 223111 stored bytes,231308
CHUNK_SAMPLE_POPULATED,info,community-uploads/forrest/volcomp/PHerc0846B/volumes/20250804142305-9.362um-1.2m-113keV-masked.zarr,1,32.16.16,center 16^3 block: 4095/4096 differ from fill (0); 216964 stored bytes,225161
CHUNK_SAMPLE_POPULATED,info,community-uploads/forrest/volcomp/PHerc0846B/volumes/20250804142305-9.362um-1.2m-113keV-masked.zarr,1,36.16.16,center 16^3 block: 4096/4096 differ from fill (0); 272096 stored bytes,272096
CHUNK_SAMPLE_MISSING,info,community-uploads/forrest/volcomp/PHerc0846B/volumes/20250804142305-9.362um-1.2m-113keV-masked.zarr,1,39.23.23,inner chunk absent from shard index,0
CHUNK_SAMPLE_MISSING,info,community-uploads/forrest/volcomp/PHerc0846B/volumes/20250804142305-9.362um-1.2m-113keV-masked.zarr,1,6.3.3,shard object absent (reads as fill),0
CHUNK_SAMPLE_MISSING,info,community-uploads/forrest/volcomp/PHerc0846B/volumes/20250804142305-9.362um-1.2m-113keV-masked.zarr,2,0.0.0,inner chunk absent from shard index,0
CHUNK_SAMPLE_MISSING,info,community-uploads/forrest/volcomp/PHerc0846B/volumes/20250804142305-9.362um-1.2m-113keV-masked.zarr,2,4.0.0,inner chunk absent from shard index,0
CHUNK_SAMPLE_POPULATED,info,community-uploads/forrest/volcomp/PHerc0846B/volumes/20250804142305-9.362um-1.2m-113keV-masked.zarr,2,7.7.7,center 16^3 block: 4096/4096 differ from fill (0); 476637 stored bytes,484834
CHUNK_SAMPLE_MISSING,info,community-uploads/forrest/volcomp/PHerc0846B/volumes/20250804142305-9.362um-1.2m-113keV-masked.zarr,2,8.0.8,inner chunk absent from shard index,0
CHUNK_SAMPLE_MISSING,info,community-uploads/forrest/volcomp/PHerc0846B/volumes/20250804142305-9.362um-1.2m-113keV-masked.zarr,2,12.0.8,inner chunk absent from shard index,0
CHUNK_SAMPLE_POPULATED,info,community-uploads/forrest/volcomp/PHerc0846B/volumes/20250804142305-9.362um-1.2m-113keV-masked.zarr,2,15.7.15,184257/737280 valid voxels differ from fill (0); 56027 stored bytes,64224
CHUNK_SAMPLE_POPULATED,info,community-uploads/forrest/volcomp/PHerc0846B/volumes/20250804142305-9.362um-1.2m-113keV-masked.zarr,2,16.8.0,46599/2097152 valid voxels differ from fill (0); 6847 stored bytes,15044
CHUNK_SAMPLE_POPULATED,info,community-uploads/forrest/volcomp/PHerc0846B/volumes/20250804142305-9.362um-1.2m-113keV-masked.zarr,2,20.8.0,center 16^3 block: 1730/4096 differ from fill (0); 166619 stored bytes,166619
CHUNK_SAMPLE_MISSING,info,community-uploads/forrest/volcomp/PHerc0846B/volumes/20250804142305-9.362um-1.2m-113keV-masked.zarr,2,23.15.7,inner chunk absent from shard index,0
CHUNK_SAMPLE_MISSING,info,community-uploads/forrest/volcomp/PHerc0846B/volumes/20250804142305-9.362um-1.2m-113keV-masked.zarr,2,24.8.8,inner chunk absent from shard index,0
CHUNK_SAMPLE_MISSING,info,community-uploads/forrest/volcomp/PHerc0846B/volumes/20250804142305-9.362um-1.2m-113keV-masked.zarr,2,26.8.8,inner chunk absent from shard index,0
CHUNK_SAMPLE_MISSING,info,community-uploads/forrest/volcomp/PHerc0846B/volumes/20250804142305-9.362um-1.2m-113keV-masked.zarr,2,27.15.15,inner chunk absent from shard index,0
CHUNK_SAMPLE_MISSING,info,community-uploads/forrest/volcomp/PHerc0846B/volumes/20250804142305-9.362um-1.2m-113keV-masked.zarr,3,0.0.0,inner chunk absent from shard index,0
CHUNK_SAMPLE_MISSING,info,community-uploads/forrest/volcomp/PHerc0846B/volumes/20250804142305-9.362um-1.2m-113keV-masked.zarr,3,4.0.0,inner chunk absent from shard index,0
CHUNK_SAMPLE_MISSING,info,community-uploads/forrest/volcomp/PHerc0846B/volumes/20250804142305-9.362um-1.2m-113keV-masked.zarr,3,7.7.7,inner chunk absent from shard index,0
CHUNK_SAMPLE_MISSING,info,community-uploads/forrest/volcomp/PHerc0846B/volumes/20250804142305-9.362um-1.2m-113keV-masked.zarr,3,8.0.0,inner chunk absent from shard index,0
CHUNK_SAMPLE_MISSING,info,community-uploads/forrest/volcomp/PHerc0846B/volumes/20250804142305-9.362um-1.2m-113keV-masked.zarr,3,11.0.0,inner chunk absent from shard index,0
CHUNK_SAMPLE_MISSING,info,community-uploads/forrest/volcomp/PHerc0846B/volumes/20250804142305-9.362um-1.2m-113keV-masked.zarr,3,13.7.7,inner chunk absent from shard index,0
CHUNK_SAMPLE_POPULATED,info,community-uploads/forrest/volcomp/PHerc0846B/volumes/20250804142305-9.362um-1.2m-113keV-masked.zarr,4,0.0.0,505856/2097152 valid voxels differ from fill (0); 148755 stored bytes,150552
CHUNK_SAMPLE_MISSING,info,community-uploads/forrest/volcomp/PHerc0846B/volumes/20250804142305-9.362um-1.2m-113keV-masked.zarr,4,3.2.0,inner chunk absent from shard index,0
CHUNK_SAMPLE_MISSING,info,community-uploads/forrest/volcomp/PHerc0846B/volumes/20250804142305-9.362um-1.2m-113keV-masked.zarr,4,6.3.3,inner chunk absent from shard index,0
CHUNK_SAMPLE_MISSING,info,community-uploads/forrest/volcomp/PHerc0846B/volumes/20250804142305-9.362um-1.2m-113keV-masked.zarr,5,0.0.0,inner chunk absent from shard index,0
CHUNK_SAMPLE_MISSING,info,community-uploads/forrest/volcomp/PHerc0846B/volumes/20250804142305-9.362um-1.2m-113keV-masked.zarr,5,2.0.0,inner chunk absent from shard index,0
CHUNK_SAMPLE_MISSING,info,community-uploads/forrest/volcomp/PHerc0846B/volumes/20250804142305-9.362um-1.2m-113keV-masked.zarr,5,3.1.1,inner chunk absent from shard index,0
CHUNK_SAMPLE_MISSING,info,community-uploads/forrest/volcomp/PHerc0841/volumes/20260319124803-2.403um-0.2m-77keV-masked.zarr,0,0.0.0,shard object absent (reads as fill),0
CHUNK_SAMPLE_MISSING,info,community-uploads/forrest/volcomp/PHerc0841/volumes/20260319124803-2.403um-0.2m-77keV-masked.zarr,0,5.0.0,shard object absent (reads as fill),0
CHUNK_SAMPLE_MISSING,info,community-uploads/forrest/volcomp/PHerc0841/volumes/20260319124803-2.403um-0.2m-77keV-masked.zarr,0,9.29.29,shard object absent (reads as fill),0
CHUNK_SAMPLE_MISSING,info,community-uploads/forrest/volcomp/PHerc0841/volumes/20260319124803-2.403um-0.2m-77keV-masked.zarr,0,14.29.29,shard object absent (reads as fill),0
CHUNK_SAMPLE_MISSING,info,community-uploads/forrest/volcomp/PHerc0841/volumes/20260319124803-2.403um-0.2m-77keV-masked.zarr,1,0.0.0,shard object absent (reads as fill),0
CHUNK_SAMPLE_MISSING,info,community-uploads/forrest/volcomp/PHerc0841/volumes/20260319124803-2.403um-0.2m-77keV-masked.zarr,1,2.10.0,shard object absent (reads as fill),0
CHUNK_SAMPLE_MISSING,info,community-uploads/forrest/volcomp/PHerc0841/volumes/20260319124803-2.403um-0.2m-77keV-masked.zarr,1,5.4.14,shard object absent (reads as fill),0
CHUNK_SAMPLE_MISSING,info,community-uploads/forrest/volcomp/PHerc0841/volumes/20260319124803-2.403um-0.2m-77keV-masked.zarr,1,7.14.14,shard object absent (reads as fill),0
CHUNK_SAMPLE_MISSING,info,community-uploads/forrest/volcomp/PHerc0841/volumes/20260319124803-2.403um-0.2m-77keV-masked.zarr,2,0.0.0,shard object absent (reads as fill),0
CHUNK_SAMPLE_MISSING,info,community-uploads/forrest/volcomp/PHerc0841/volumes/20260319124803-2.403um-0.2m-77keV-masked.zarr,2,8.16.40,inner chunk absent from shard index,0
CHUNK_SAMPLE_MISSING,info,community-uploads/forrest/volcomp/PHerc0841/volumes/20260319124803-2.403um-0.2m-77keV-masked.zarr,2,12.16.40,inner chunk absent from shard index,0
CHUNK_SAMPLE_MISSING,info,community-uploads/forrest/volcomp/PHerc0841/volumes/20260319124803-2.403um-0.2m-77keV-masked.zarr,2,15.23.47,inner chunk absent from shard index,0
CHUNK_SAMPLE_POPULATED,info,community-uploads/forrest/volcomp/PHerc0841/volumes/20260319124803-2.403um-0.2m-77keV-masked.zarr,2,16.40.16,center 16^3 block: 4089/4096 differ from fill (0); 468123 stored bytes,476320
CHUNK_SAMPLE_POPULATED,info,community-uploads/forrest/volcomp/PHerc0841/volumes/20260319124803-2.403um-0.2m-77keV-masked.zarr,2,20.40.16,center 16^3 block: 4096/4096 differ from fill (0); 408399 stored bytes,408399
CHUNK_SAMPLE_MISSING,info,community-uploads/forrest/volcomp/PHerc0841/volumes/20260319124803-2.403um-0.2m-77keV-masked.zarr,2,23.47.23,inner chunk absent from shard index,0
CHUNK_SAMPLE_MISSING,info,community-uploads/forrest/volcomp/PHerc0841/volumes/20260319124803-2.403um-0.2m-77keV-masked.zarr,2,3.7.7,shard object absent (reads as fill),0
CHUNK_SAMPLE_MISSING,info,community-uploads/forrest/volcomp/PHerc0841/volumes/20260319124803-2.403um-0.2m-77keV-masked.zarr,3,0.0.0,inner chunk absent from shard index,0
CHUNK_SAMPLE_MISSING,info,community-uploads/forrest/volcomp/PHerc0841/volumes/20260319124803-2.403um-0.2m-77keV-masked.zarr,3,4.0.0,inner chunk absent from shard index,0
CHUNK_SAMPLE_POPULATED,info,community-uploads/forrest/volcomp/PHerc0841/volumes/20260319124803-2.403um-0.2m-77keV-masked.zarr,3,7.7.7,center 16^3 block: 4096/4096 differ from fill (0); 869237 stored bytes,877434
CHUNK_SAMPLE_POPULATED,info,community-uploads/forrest/volcomp/PHerc0841/volumes/20260319124803-2.403um-0.2m-77keV-masked.zarr,3,0.16.16,center 16^3 block: 4096/4096 differ from fill (0); 783515 stored bytes,791712
CHUNK_SAMPLE_POPULATED,info,community-uploads/forrest/volcomp/PHerc0841/volumes/20260319124803-2.403um-0.2m-77keV-masked.zarr,3,4.16.16,center 16^3 block: 4096/4096 differ from fill (0); 839605 stored bytes,839605
CHUNK_SAMPLE_MISSING,info,community-uploads/forrest/volcomp/PHerc0841/volumes/20260319124803-2.403um-0.2m-77keV-masked.zarr,3,7.23.23,inner chunk absent from shard index,0
CHUNK_SAMPLE_POPULATED,info,community-uploads/forrest/volcomp/PHerc0841/volumes/20260319124803-2.403um-0.2m-77keV-masked.zarr,3,8.8.8,center 16^3 block: 4096/4096 differ from fill (0); 796898 stored bytes,804071
CHUNK_SAMPLE_POPULATED,info,community-uploads/forrest/volcomp/PHerc0841/volumes/20260319124803-2.403um-0.2m-77keV-masked.zarr,3,11.12.8,center 16^3 block: 4096/4096 differ from fill (0); 739958 stored bytes,739958
CHUNK_SAMPLE_MISSING,info,community-uploads/forrest/volcomp/PHerc0841/volumes/20260319124803-2.403um-0.2m-77keV-masked.zarr,3,14.15.15,inner chunk absent from shard index,0
CHUNK_SAMPLE_MISSING,info,community-uploads/forrest/volcomp/PHerc0841/volumes/20260319124803-2.403um-0.2m-77keV-masked.zarr,3,1.3.3,shard object absent (reads as fill),0
CHUNK_SAMPLE_MISSING,info,community-uploads/forrest/volcomp/PHerc0841/volumes/20260319124803-2.403um-0.2m-77keV-masked.zarr,4,0.0.0,inner chunk absent from shard index,0
CHUNK_SAMPLE_MISSING,info,community-uploads/forrest/volcomp/PHerc0841/volumes/20260319124803-2.403um-0.2m-77keV-masked.zarr,4,4.0.0,inner chunk absent from shard index,0
CHUNK_SAMPLE_POPULATED,info,community-uploads/forrest/volcomp/PHerc0841/volumes/20260319124803-2.403um-0.2m-77keV-masked.zarr,4,7.7.7,819200/819200 valid voxels differ from fill (0); 396772 stored bytes,404969
CHUNK_SAMPLE_MISSING,info,community-uploads/forrest/volcomp/PHerc0841/volumes/20260319124803-2.403um-0.2m-77keV-masked.zarr,4,0.0.8,inner chunk absent from shard index,0
CHUNK_SAMPLE_POPULATED,info,community-uploads/forrest/volcomp/PHerc0841/volumes/20260319124803-2.403um-0.2m-77keV-masked.zarr,4,4.0.8,142722/2097152 valid voxels differ from fill (0); 19766 stored bytes,26939
CHUNK_SAMPLE_MISSING,info,community-uploads/forrest/volcomp/PHerc0841/volumes/20260319124803-2.403um-0.2m-77keV-masked.zarr,4,7.7.14,inner chunk absent from shard index,0
CHUNK_SAMPLE_MISSING,info,community-uploads/forrest/volcomp/PHerc0841/volumes/20260319124803-2.403um-0.2m-77keV-masked.zarr,4,0.8.0,inner chunk absent from shard index,0
CHUNK_SAMPLE_MISSING,info,community-uploads/forrest/volcomp/PHerc0841/volumes/20260319124803-2.403um-0.2m-77keV-masked.zarr,4,4.8.0,inner chunk absent from shard index,0
CHUNK_SAMPLE_MISSING,info,community-uploads/forrest/volcomp/PHerc0841/volumes/20260319124803-2.403um-0.2m-77keV-masked.zarr,4,7.14.7,inner chunk absent from shard index,0
CHUNK_SAMPLE_MISSING,info,community-uploads/forrest/volcomp/PHerc0841/volumes/20260319124803-2.403um-0.2m-77keV-masked.zarr,4,0.8.8,inner chunk absent from shard index,0
CHUNK_SAMPLE_MISSING,info,community-uploads/forrest/volcomp/PHerc0841/volumes/20260319124803-2.403um-0.2m-77keV-masked.zarr,4,4.8.8,inner chunk absent from shard index,0
CHUNK_SAMPLE_MISSING,info,community-uploads/forrest/volcomp/PHerc0841/volumes/20260319124803-2.403um-0.2m-77keV-masked.zarr,4,7.14.14,inner chunk absent from shard index,0
CHUNK_SAMPLE_MISSING,info,community-uploads/forrest/volcomp/PHerc0841/volumes/20260319124803-2.403um-0.2m-77keV-masked.zarr,5,0.0.0,inner chunk absent from shard index,0
CHUNK_SAMPLE_MISSING,info,community-uploads/forrest/volcomp/PHerc0841/volumes/20260319124803-2.403um-0.2m-77keV-masked.zarr,5,2.0.0,inner chunk absent from shard index,0
CHUNK_SAMPLE_MISSING,info,community-uploads/forrest/volcomp/PHerc0841/volumes/20260319124803-2.403um-0.2m-77keV-masked.zarr,5,3.7.7,inner chunk absent from shard index,0
CHUNK_SAMPLE_MISSING,info,community-uploads/forrest/volcomp/PHerc1203/volumes/20250820131727-9.362um-1.2m-113keV-masked.zarr,0,0.0.0,shard object absent (reads as fill),0
CHUNK_SAMPLE_MISSING,info,community-uploads/forrest/volcomp/PHerc1203/volumes/20250820131727-9.362um-1.2m-113keV-masked.zarr,0,48.16.16,inner chunk absent from shard index,0
CHUNK_SAMPLE_MISSING,info,community-uploads/forrest/volcomp/PHerc1203/volumes/20250820131727-9.362um-1.2m-113keV-masked.zarr,0,52.16.16,inner chunk absent from shard index,0
CHUNK_SAMPLE_POPULATED,info,community-uploads/forrest/volcomp/PHerc1203/volumes/20250820131727-9.362um-1.2m-113keV-masked.zarr,0,55.23.23,center 16^3 block: 4096/4096 differ from fill (0); 67063 stored bytes,75260
CHUNK_SAMPLE_POPULATED,info,community-uploads/forrest/volcomp/PHerc1203/volumes/20250820131727-9.362um-1.2m-113keV-masked.zarr,0,96.32.32,center 16^3 block: 4096/4096 differ from fill (0); 72810 stored bytes,81007
CHUNK_SAMPLE_POPULATED,info,community-uploads/forrest/volcomp/PHerc1203/volumes/20250820131727-9.362um-1.2m-113keV-masked.zarr,0,100.32.32,center 16^3 block: 4096/4096 differ from fill (0); 65819 stored bytes,65819
CHUNK_SAMPLE_MISSING,info,community-uploads/forrest/volcomp/PHerc1203/volumes/20250820131727-9.362um-1.2m-113keV-masked.zarr,0,103.39.39,inner chunk absent from shard index,0
CHUNK_SAMPLE_MISSING,info,community-uploads/forrest/volcomp/PHerc1203/volumes/20250820131727-9.362um-1.2m-113keV-masked.zarr,0,18.6.6,shard object absent (reads as fill),0
CHUNK_SAMPLE_MISSING,info,community-uploads/forrest/volcomp/PHerc1203/volumes/20250820131727-9.362um-1.2m-113keV-masked.zarr,1,0.0.0,inner chunk absent from shard index,0
CHUNK_SAMPLE_MISSING,info,community-uploads/forrest/volcomp/PHerc1203/volumes/20250820131727-9.362um-1.2m-113keV-masked.zarr,1,4.0.0,inner chunk absent from shard index,0
CHUNK_SAMPLE_POPULATED,info,community-uploads/forrest/volcomp/PHerc1203/volumes/20250820131727-9.362um-1.2m-113keV-masked.zarr,1,7.7.7,center 16^3 block: 4096/4096 differ from fill (0); 240133 stored bytes,248330
CHUNK_SAMPLE_POPULATED,info,community-uploads/forrest/volcomp/PHerc1203/volumes/20250820131727-9.362um-1.2m-113keV-masked.zarr,1,24.8.8,325095/2097152 valid voxels differ from fill (0); 21554 stored bytes,29751
CHUNK_SAMPLE_POPULATED,info,community-uploads/forrest/volcomp/PHerc1203/volumes/20250820131727-9.362um-1.2m-113keV-masked.zarr,1,28.8.8,117691/2097152 valid voxels differ from fill (0); 4426 stored bytes,4426
CHUNK_SAMPLE_POPULATED,info,community-uploads/forrest/volcomp/PHerc1203/volumes/20250820131727-9.362um-1.2m-113keV-masked.zarr,1,31.15.15,center 16^3 block: 4096/4096 differ from fill (0); 227040 stored bytes,227040
CHUNK_SAMPLE_POPULATED,info,community-uploads/forrest/volcomp/PHerc1203/volumes/20250820131727-9.362um-1.2m-113keV-masked.zarr,1,48.16.16,center 16^3 block: 4096/4096 differ from fill (0); 228771 stored bytes,236968
CHUNK_SAMPLE_POPULATED,info,community-uploads/forrest/volcomp/PHerc1203/volumes/20250820131727-9.362um-1.2m-113keV-masked.zarr,1,52.16.16,center 16^3 block: 4096/4096 differ from fill (0); 218164 stored bytes,218164
CHUNK_SAMPLE_MISSING,info,community-uploads/forrest/volcomp/PHerc1203/volumes/20250820131727-9.362um-1.2m-113keV-masked.zarr,1,55.23.23,inner chunk absent from shard index,0
CHUNK_SAMPLE_MISSING,info,community-uploads/forrest/volcomp/PHerc1203/volumes/20250820131727-9.362um-1.2m-113keV-masked.zarr,1,9.3.3,shard object absent (reads as fill),0
CHUNK_SAMPLE_MISSING,info,community-uploads/forrest/volcomp/PHerc1203/volumes/20250820131727-9.362um-1.2m-113keV-masked.zarr,2,0.0.0,inner chunk absent from shard index,0
CHUNK_SAMPLE_MISSING,info,community-uploads/forrest/volcomp/PHerc1203/volumes/20250820131727-9.362um-1.2m-113keV-masked.zarr,2,4.0.0,inner chunk absent from shard index,0
CHUNK_SAMPLE_POPULATED,info,community-uploads/forrest/volcomp/PHerc1203/volumes/20250820131727-9.362um-1.2m-113keV-masked.zarr,2,7.7.7,center 16^3 block: 4096/4096 differ from fill (0); 535319 stored bytes,543516
CHUNK_SAMPLE_MISSING,info,community-uploads/forrest/volcomp/PHerc1203/volumes/20250820131727-9.362um-1.2m-113keV-masked.zarr,2,8.8.0,inner chunk absent from shard index,0
CHUNK_SAMPLE_MISSING,info,community-uploads/forrest/volcomp/PHerc1203/volumes/20250820131727-9.362um-1.2m-113keV-masked.zarr,2,12.8.0,inner chunk absent from shard index,0
CHUNK_SAMPLE_MISSING,info,community-uploads/forrest/volcomp/PHerc1203/volumes/20250820131727-9.362um-1.2m-113keV-masked.zarr,2,15.13.7,inner chunk absent from shard index,0
CHUNK_SAMPLE_MISSING,info,community-uploads/forrest/volcomp/PHerc1203/volumes/20250820131727-9.362um-1.2m-113keV-masked.zarr,2,24.0.8,inner chunk absent from shard index,0
CHUNK_SAMPLE_MISSING,info,community-uploads/forrest/volcomp/PHerc1203/volumes/20250820131727-9.362um-1.2m-113keV-masked.zarr,2,28.0.8,inner chunk absent from shard index,0
CHUNK_SAMPLE_MISSING,info,community-uploads/forrest/volcomp/PHerc1203/volumes/20250820131727-9.362um-1.2m-113keV-masked.zarr,2,31.7.13,inner chunk absent from shard index,0
CHUNK_SAMPLE_MISSING,info,community-uploads/forrest/volcomp/PHerc1203/volumes/20250820131727-9.362um-1.2m-113keV-masked.zarr,2,32.8.8,inner chunk absent from shard index,0
CHUNK_SAMPLE_MISSING,info,community-uploads/forrest/volcomp/PHerc1203/volumes/20250820131727-9.362um-1.2m-113keV-masked.zarr,2,35.8.8,inner chunk absent from shard index,0
CHUNK_SAMPLE_MISSING,info,community-uploads/forrest/volcomp/PHerc1203/volumes/20250820131727-9.362um-1.2m-113keV-masked.zarr,2,37.13.13,inner chunk absent from shard index,0
CHUNK_SAMPLE_MISSING,info,community-uploads/forrest/volcomp/PHerc1203/volumes/20250820131727-9.362um-1.2m-113keV-masked.zarr,3,0.0.0,inner chunk absent from shard index,0
CHUNK_SAMPLE_MISSING,info,community-uploads/forrest/volcomp/PHerc1203/volumes/20250820131727-9.362um-1.2m-113keV-masked.zarr,3,4.0.0,inner chunk absent from shard index,0
CHUNK_SAMPLE_MISSING,info,community-uploads/forrest/volcomp/PHerc1203/volumes/20250820131727-9.362um-1.2m-113keV-masked.zarr,3,7.6.6,inner chunk absent from shard index,0
CHUNK_SAMPLE_MISSING,info,community-uploads/forrest/volcomp/PHerc1203/volumes/20250820131727-9.362um-1.2m-113keV-masked.zarr,3,8.0.0,inner chunk absent from shard index,0
CHUNK_SAMPLE_MISSING,info,community-uploads/forrest/volcomp/PHerc1203/volumes/20250820131727-9.362um-1.2m-113keV-masked.zarr,3,12.0.0,inner chunk absent from shard index,0
CHUNK_SAMPLE_MISSING,info,community-uploads/forrest/volcomp/PHerc1203/volumes/20250820131727-9.362um-1.2m-113keV-masked.zarr,3,15.6.6,inner chunk absent from shard index,0
CHUNK_SAMPLE_MISSING,info,community-uploads/forrest/volcomp/PHerc1203/volumes/20250820131727-9.362um-1.2m-113keV-masked.zarr,3,16.0.0,inner chunk absent from shard index,0
CHUNK_SAMPLE_MISSING,info,community-uploads/forrest/volcomp/PHerc1203/volumes/20250820131727-9.362um-1.2m-113keV-masked.zarr,3,17.3.3,inner chunk absent from shard index,0
CHUNK_SAMPLE_MISSING,info,community-uploads/forrest/volcomp/PHerc1203/volumes/20250820131727-9.362um-1.2m-113keV-masked.zarr,3,18.6.6,inner chunk absent from shard index,0
CHUNK_SAMPLE_POPULATED,info,community-uploads/forrest/volcomp/PHerc1203/volumes/20250820131727-9.362um-1.2m-113keV-masked.zarr,4,0.0.0,20764/2097152 valid voxels differ from fill (0); 7333 stored bytes,9386
CHUNK_SAMPLE_POPULATED,info,community-uploads/forrest/volcomp/PHerc1203/volumes/20250820131727-9.362um-1.2m-113keV-masked.zarr,4,4.0.0,68126/2097152 valid voxels differ from fill (0); 22550 stored bytes,22550
CHUNK_SAMPLE_MISSING,info,community-uploads/forrest/volcomp/PHerc1203/volumes/20250820131727-9.362um-1.2m-113keV-masked.zarr,4,7.3.3,inner chunk absent from shard index,0
CHUNK_SAMPLE_MISSING,info,community-uploads/forrest/volcomp/PHerc1203/volumes/20250820131727-9.362um-1.2m-113keV-masked.zarr,4,8.0.0,inner chunk absent from shard index,0
CHUNK_SAMPLE_MISSING,info,community-uploads/forrest/volcomp/PHerc1203/volumes/20250820131727-9.362um-1.2m-113keV-masked.zarr,4,9.0.0,inner chunk absent from shard index,0
CHUNK_SAMPLE_MISSING,info,community-uploads/forrest/volcomp/PHerc1203/volumes/20250820131727-9.362um-1.2m-113keV-masked.zarr,4,9.3.3,inner chunk absent from shard index,0
CHUNK_SAMPLE_MISSING,info,community-uploads/forrest/volcomp/PHerc1203/volumes/20250820131727-9.362um-1.2m-113keV-masked.zarr,5,0.0.0,inner chunk absent from shard index,0
CHUNK_SAMPLE_MISSING,info,community-uploads/forrest/volcomp/PHerc1203/volumes/20250820131727-9.362um-1.2m-113keV-masked.zarr,5,2.1.0,inner chunk absent from shard index,0
CHUNK_SAMPLE_MISSING,info,community-uploads/forrest/volcomp/PHerc1203/volumes/20250820131727-9.362um-1.2m-113keV-masked.zarr,5,4.1.1,inner chunk absent from shard index,0
CHUNK_SAMPLE_MISSING,info,community-uploads/forrest/volcomp/PHerc0846A/volumes/20260319102732-2.403um-0.2m-77keV-masked.zarr,0,0.0.0,shard object absent (reads as fill),0
CHUNK_SAMPLE_MISSING,info,community-uploads/forrest/volcomp/PHerc0846A/volumes/20260319102732-2.403um-0.2m-77keV-masked.zarr,0,5.0.0,shard object absent (reads as fill),0
CHUNK_SAMPLE_MISSING,info,community-uploads/forrest/volcomp/PHerc0846A/volumes/20260319102732-2.403um-0.2m-77keV-masked.zarr,0,9.28.28,shard object absent (reads as fill),0
CHUNK_SAMPLE_MISSING,info,community-uploads/forrest/volcomp/PHerc0846A/volumes/20260319102732-2.403um-0.2m-77keV-masked.zarr,0,14.28.28,shard object absent (reads as fill),0
CHUNK_SAMPLE_MISSING,info,community-uploads/forrest/volcomp/PHerc0846A/volumes/20260319102732-2.403um-0.2m-77keV-masked.zarr,1,0.0.0,shard object absent (reads as fill),0
CHUNK_SAMPLE_MISSING,info,community-uploads/forrest/volcomp/PHerc0846A/volumes/20260319102732-2.403um-0.2m-77keV-masked.zarr,1,2.10.0,shard object absent (reads as fill),0
CHUNK_SAMPLE_MISSING,info,community-uploads/forrest/volcomp/PHerc0846A/volumes/20260319102732-2.403um-0.2m-77keV-masked.zarr,1,5.4.14,shard object absent (reads as fill),0
CHUNK_SAMPLE_MISSING,info,community-uploads/forrest/volcomp/PHerc0846A/volumes/20260319102732-2.403um-0.2m-77keV-masked.zarr,1,7.14.14,shard object absent (reads as fill),0
CHUNK_SAMPLE_MISSING,info,community-uploads/forrest/volcomp/PHerc0846A/volumes/20260319102732-2.403um-0.2m-77keV-masked.zarr,2,0.0.0,shard object absent (reads as fill),0
CHUNK_SAMPLE_POPULATED,info,community-uploads/forrest/volcomp/PHerc0846A/volumes/20260319102732-2.403um-0.2m-77keV-masked.zarr,2,8.16.40,center 16^3 block: 4094/4096 differ from fill (0); 556029 stored bytes,564226
CHUNK_SAMPLE_POPULATED,info,community-uploads/forrest/volcomp/PHerc0846A/volumes/20260319102732-2.403um-0.2m-77keV-masked.zarr,2,12.16.40,center 16^3 block: 4090/4096 differ from fill (0); 414967 stored bytes,414967
CHUNK_SAMPLE_POPULATED,info,community-uploads/forrest/volcomp/PHerc0846A/volumes/20260319102732-2.403um-0.2m-77keV-masked.zarr,2,15.23.47,center 16^3 block: 4094/4096 differ from fill (0); 400956 stored bytes,400956
CHUNK_SAMPLE_POPULATED,info,community-uploads/forrest/volcomp/PHerc0846A/volumes/20260319102732-2.403um-0.2m-77keV-masked.zarr,2,16.40.16,center 16^3 block: 4096/4096 differ from fill (0); 407234 stored bytes,415431
CHUNK_SAMPLE_POPULATED,info,community-uploads/forrest/volcomp/PHerc0846A/volumes/20260319102732-2.403um-0.2m-77keV-masked.zarr,2,20.40.16,center 16^3 block: 4096/4096 differ from fill (0); 409330 stored bytes,409330
CHUNK_SAMPLE_MISSING,info,community-uploads/forrest/volcomp/PHerc0846A/volumes/20260319102732-2.403um-0.2m-77keV-masked.zarr,2,23.47.23,inner chunk absent from shard index,0
CHUNK_SAMPLE_MISSING,info,community-uploads/forrest/volcomp/PHerc0846A/volumes/20260319102732-2.403um-0.2m-77keV-masked.zarr,2,3.7.7,shard object absent (reads as fill),0
CHUNK_SAMPLE_MISSING,info,community-uploads/forrest/volcomp/PHerc0846A/volumes/20260319102732-2.403um-0.2m-77keV-masked.zarr,3,0.0.0,inner chunk absent from shard index,0
CHUNK_SAMPLE_MISSING,info,community-uploads/forrest/volcomp/PHerc0846A/volumes/20260319102732-2.403um-0.2m-77keV-masked.zarr,3,4.0.0,inner chunk absent from shard index,0
CHUNK_SAMPLE_POPULATED,info,community-uploads/forrest/volcomp/PHerc0846A/volumes/20260319102732-2.403um-0.2m-77keV-masked.zarr,3,7.7.7,350566/2097152 valid voxels differ from fill (0); 117844 stored bytes,126041
CHUNK_SAMPLE_POPULATED,info,community-uploads/forrest/volcomp/PHerc0846A/volumes/20260319102732-2.403um-0.2m-77keV-masked.zarr,3,0.16.16,center 16^3 block: 4096/4096 differ from fill (0); 736510 stored bytes,744707
CHUNK_SAMPLE_POPULATED,info,community-uploads/forrest/volcomp/PHerc0846A/volumes/20260319102732-2.403um-0.2m-77keV-masked.zarr,3,4.16.16,center 16^3 block: 4096/4096 differ from fill (0); 760452 stored bytes,760452
CHUNK_SAMPLE_MISSING,info,community-uploads/forrest/volcomp/PHerc0846A/volumes/20260319102732-2.403um-0.2m-77keV-masked.zarr,3,7.23.23,inner chunk absent from shard index,0
CHUNK_SAMPLE_POPULATED,info,community-uploads/forrest/volcomp/PHerc0846A/volumes/20260319102732-2.403um-0.2m-77keV-masked.zarr,3,8.8.8,center 16^3 block: 1600/4096 differ from fill (0); 151277 stored bytes,158450
CHUNK_SAMPLE_POPULATED,info,community-uploads/forrest/volcomp/PHerc0846A/volumes/20260319102732-2.403um-0.2m-77keV-masked.zarr,3,11.12.8,center 16^3 block: 4096/4096 differ from fill (0); 728813 stored bytes,728813
CHUNK_SAMPLE_MISSING,info,community-uploads/forrest/volcomp/PHerc0846A/volumes/20260319102732-2.403um-0.2m-77keV-masked.zarr,3,14.15.15,inner chunk absent from shard index,0
CHUNK_SAMPLE_MISSING,info,community-uploads/forrest/volcomp/PHerc0846A/volumes/20260319102732-2.403um-0.2m-77keV-masked.zarr,3,1.3.3,shard object absent (reads as fill),0
CHUNK_SAMPLE_MISSING,info,community-uploads/forrest/volcomp/PHerc0846A/volumes/20260319102732-2.403um-0.2m-77keV-masked.zarr,4,0.0.0,inner chunk absent from shard index,0
CHUNK_SAMPLE_MISSING,info,community-uploads/forrest/volcomp/PHerc0846A/volumes/20260319102732-2.403um-0.2m-77keV-masked.zarr,4,4.0.0,inner chunk absent from shard index,0
CHUNK_SAMPLE_POPULATED,info,community-uploads/forrest/volcomp/PHerc0846A/volumes/20260319102732-2.403um-0.2m-77keV-masked.zarr,4,7.7.7,835580/835584 valid voxels differ from fill (0); 365598 stored bytes,373795
CHUNK_SAMPLE_MISSING,info,community-uploads/forrest/volcomp/PHerc0846A/volumes/20260319102732-2.403um-0.2m-77keV-masked.zarr,4,0.0.8,inner chunk absent from shard index,0
CHUNK_SAMPLE_POPULATED,info,community-uploads/forrest/volcomp/PHerc0846A/volumes/20260319102732-2.403um-0.2m-77keV-masked.zarr,4,4.0.8,center 16^3 block: 4096/4096 differ from fill (0); 759177 stored bytes,766350
CHUNK_SAMPLE_MISSING,info,community-uploads/forrest/volcomp/PHerc0846A/volumes/20260319102732-2.403um-0.2m-77keV-masked.zarr,4,7.7.14,inner chunk absent from shard index,0
CHUNK_SAMPLE_MISSING,info,community-uploads/forrest/volcomp/PHerc0846A/volumes/20260319102732-2.403um-0.2m-77keV-masked.zarr,4,0.8.0,inner chunk absent from shard index,0
CHUNK_SAMPLE_MISSING,info,community-uploads/forrest/volcomp/PHerc0846A/volumes/20260319102732-2.403um-0.2m-77keV-masked.zarr,4,4.8.0,inner chunk absent from shard index,0
CHUNK_SAMPLE_MISSING,info,community-uploads/forrest/volcomp/PHerc0846A/volumes/20260319102732-2.403um-0.2m-77keV-masked.zarr,4,7.14.7,inner chunk absent from shard index,0
CHUNK_SAMPLE_MISSING,info,community-uploads/forrest/volcomp/PHerc0846A/volumes/20260319102732-2.403um-0.2m-77keV-masked.zarr,4,0.8.8,inner chunk absent from shard index,0
CHUNK_SAMPLE_MISSING,info,community-uploads/forrest/volcomp/PHerc0846A/volumes/20260319102732-2.403um-0.2m-77keV-masked.zarr,4,4.8.8,inner chunk absent from shard index,0
CHUNK_SAMPLE_MISSING,info,community-uploads/forrest/volcomp/PHerc0846A/volumes/20260319102732-2.403um-0.2m-77keV-masked.zarr,4,7.14.14,inner chunk absent from shard index,0
CHUNK_SAMPLE_MISSING,info,community-uploads/forrest/volcomp/PHerc0846A/volumes/20260319102732-2.403um-0.2m-77keV-masked.zarr,5,0.0.0,inner chunk absent from shard index,0
CHUNK_SAMPLE_MISSING,info,community-uploads/forrest/volcomp/PHerc0846A/volumes/20260319102732-2.403um-0.2m-77keV-masked.zarr,5,2.0.0,inner chunk absent from shard index,0
CHUNK_SAMPLE_MISSING,info,community-uploads/forrest/volcomp/PHerc0846A/volumes/20260319102732-2.403um-0.2m-77keV-masked.zarr,5,3.7.7,inner chunk absent from shard index,0
CHUNK_SAMPLE_MISSING,info,community-uploads/forrest/volcomp/PHerc1218/volumes/20250521120456-8.640um-1.2m-116keV-masked.zarr,0,0.0.0,shard object absent (reads as fill),0
CHUNK_SAMPLE_MISSING,info,community-uploads/forrest/volcomp/PHerc1218/volumes/20250521120456-8.640um-1.2m-116keV-masked.zarr,0,56.40.16,inner chunk absent from shard index,0
CHUNK_SAMPLE_POPULATED,info,community-uploads/forrest/volcomp/PHerc1218/volumes/20250521120456-8.640um-1.2m-116keV-masked.zarr,0,60.40.16,231089/2097152 valid voxels differ from fill (0); 8781 stored bytes,16978
CHUNK_SAMPLE_MISSING,info,community-uploads/forrest/volcomp/PHerc1218/volumes/20250521120456-8.640um-1.2m-116keV-masked.zarr,0,63.47.23,inner chunk absent from shard index,0
CHUNK_SAMPLE_MISSING,info,community-uploads/forrest/volcomp/PHerc1218/volumes/20250521120456-8.640um-1.2m-116keV-masked.zarr,0,120.16.40,inner chunk absent from shard index,0
CHUNK_SAMPLE_MISSING,info,community-uploads/forrest/volcomp/PHerc1218/volumes/20250521120456-8.640um-1.2m-116keV-masked.zarr,0,124.16.40,inner chunk absent from shard index,0
CHUNK_SAMPLE_MISSING,info,community-uploads/forrest/volcomp/PHerc1218/volumes/20250521120456-8.640um-1.2m-116keV-masked.zarr,0,127.23.47,inner chunk absent from shard index,0
CHUNK_SAMPLE_MISSING,info,community-uploads/forrest/volcomp/PHerc1218/volumes/20250521120456-8.640um-1.2m-116keV-masked.zarr,0,22.7.7,shard object absent (reads as fill),0
CHUNK_SAMPLE_MISSING,info,community-uploads/forrest/volcomp/PHerc1218/volumes/20250521120456-8.640um-1.2m-116keV-masked.zarr,1,0.0.0,inner chunk absent from shard index,0
CHUNK_SAMPLE_MISSING,info,community-uploads/forrest/volcomp/PHerc1218/volumes/20250521120456-8.640um-1.2m-116keV-masked.zarr,1,4.0.0,inner chunk absent from shard index,0
CHUNK_SAMPLE_MISSING,info,community-uploads/forrest/volcomp/PHerc1218/volumes/20250521120456-8.640um-1.2m-116keV-masked.zarr,1,7.7.7,inner chunk absent from shard index,0
CHUNK_SAMPLE_MISSING,info,community-uploads/forrest/volcomp/PHerc1218/volumes/20250521120456-8.640um-1.2m-116keV-masked.zarr,1,4.0.0,shard object absent (reads as fill),0
CHUNK_SAMPLE_MISSING,info,community-uploads/forrest/volcomp/PHerc1218/volumes/20250521120456-8.640um-1.2m-116keV-masked.zarr,1,7.3.3,shard object absent (reads as fill),0
CHUNK_SAMPLE_MISSING,info,community-uploads/forrest/volcomp/PHerc1218/volumes/20250521120456-8.640um-1.2m-116keV-masked.zarr,1,88.24.24,inner chunk absent from shard index,0
CHUNK_SAMPLE_MISSING,info,community-uploads/forrest/volcomp/PHerc1218/volumes/20250521120456-8.640um-1.2m-116keV-masked.zarr,1,89.27.24,inner chunk absent from shard index,0
CHUNK_SAMPLE_MISSING,info,community-uploads/forrest/volcomp/PHerc1218/volumes/20250521120456-8.640um-1.2m-116keV-masked.zarr,1,90.29.29,inner chunk absent from shard index,0
CHUNK_SAMPLE_MISSING,info,community-uploads/forrest/volcomp/PHerc1218/volumes/20250521120456-8.640um-1.2m-116keV-masked.zarr,2,0.0.0,inner chunk absent from shard index,0
CHUNK_SAMPLE_MISSING,info,community-uploads/forrest/volcomp/PHerc1218/volumes/20250521120456-8.640um-1.2m-116keV-masked.zarr,2,4.0.0,inner chunk absent from shard index,0
CHUNK_SAMPLE_POPULATED,info,community-uploads/forrest/volcomp/PHerc1218/volumes/20250521120456-8.640um-1.2m-116keV-masked.zarr,2,7.7.7,center 16^3 block: 4096/4096 differ from fill (0); 457347 stored bytes,465544
CHUNK_SAMPLE_MISSING,info,community-uploads/forrest/volcomp/PHerc1218/volumes/20250521120456-8.640um-1.2m-116keV-masked.zarr,2,16.0.0,inner chunk absent from shard index,0
CHUNK_SAMPLE_MISSING,info,community-uploads/forrest/volcomp/PHerc1218/volumes/20250521120456-8.640um-1.2m-116keV-masked.zarr,2,20.0.0,inner chunk absent from shard index,0
CHUNK_SAMPLE_POPULATED,info,community-uploads/forrest/volcomp/PHerc1218/volumes/20250521120456-8.640um-1.2m-116keV-masked.zarr,2,23.7.7,center 16^3 block: 4096/4096 differ from fill (0); 414918 stored bytes,423115
CHUNK_SAMPLE_MISSING,info,community-uploads/forrest/volcomp/PHerc1218/volumes/20250521120456-8.640um-1.2m-116keV-masked.zarr,2,24.8.8,inner chunk absent from shard index,0
CHUNK_SAMPLE_MISSING,info,community-uploads/forrest/volcomp/PHerc1218/volumes/20250521120456-8.640um-1.2m-116keV-masked.zarr,2,28.8.8,inner chunk absent from shard index,0
CHUNK_SAMPLE_MISSING,info,community-uploads/forrest/volcomp/PHerc1218/volumes/20250521120456-8.640um-1.2m-116keV-masked.zarr,2,31.14.14,inner chunk absent from shard index,0
CHUNK_SAMPLE_MISSING,info,community-uploads/forrest/volcomp/PHerc1218/volumes/20250521120456-8.640um-1.2m-116keV-masked.zarr,2,40.8.8,inner chunk absent from shard index,0
CHUNK_SAMPLE_POPULATED,info,community-uploads/forrest/volcomp/PHerc1218/volumes/20250521120456-8.640um-1.2m-116keV-masked.zarr,2,42.14.14,27699/1465472 valid voxels differ from fill (0); 5736 stored bytes,10445
CHUNK_SAMPLE_MISSING,info,community-uploads/forrest/volcomp/PHerc1218/volumes/20250521120456-8.640um-1.2m-116keV-masked.zarr,2,45.14.14,inner chunk absent from shard index,0
CHUNK_SAMPLE_MISSING,info,community-uploads/forrest/volcomp/PHerc1218/volumes/20250521120456-8.640um-1.2m-116keV-masked.zarr,3,0.0.0,inner chunk absent from shard index,0
CHUNK_SAMPLE_MISSING,info,community-uploads/forrest/volcomp/PHerc1218/volumes/20250521120456-8.640um-1.2m-116keV-masked.zarr,3,4.0.0,inner chunk absent from shard index,0
CHUNK_SAMPLE_MISSING,info,community-uploads/forrest/volcomp/PHerc1218/volumes/20250521120456-8.640um-1.2m-116keV-masked.zarr,3,7.7.7,inner chunk absent from shard index,0
CHUNK_SAMPLE_MISSING,info,community-uploads/forrest/volcomp/PHerc1218/volumes/20250521120456-8.640um-1.2m-116keV-masked.zarr,3,8.0.0,inner chunk absent from shard index,0
CHUNK_SAMPLE_MISSING,info,community-uploads/forrest/volcomp/PHerc1218/volumes/20250521120456-8.640um-1.2m-116keV-masked.zarr,3,12.0.0,inner chunk absent from shard index,0
CHUNK_SAMPLE_MISSING,info,community-uploads/forrest/volcomp/PHerc1218/volumes/20250521120456-8.640um-1.2m-116keV-masked.zarr,3,15.7.7,inner chunk absent from shard index,0
CHUNK_SAMPLE_MISSING,info,community-uploads/forrest/volcomp/PHerc1218/volumes/20250521120456-8.640um-1.2m-116keV-masked.zarr,3,16.0.0,inner chunk absent from shard index,0
CHUNK_SAMPLE_POPULATED,info,community-uploads/forrest/volcomp/PHerc1218/volumes/20250521120456-8.640um-1.2m-116keV-masked.zarr,3,19.4.0,59220/2097152 valid voxels differ from fill (0); 22853 stored bytes,30026
CHUNK_SAMPLE_MISSING,info,community-uploads/forrest/volcomp/PHerc1218/volumes/20250521120456-8.640um-1.2m-116keV-masked.zarr,3,22.7.7,inner chunk absent from shard index,0
CHUNK_SAMPLE_MISSING,info,community-uploads/forrest/volcomp/PHerc1218/volumes/20250521120456-8.640um-1.2m-116keV-masked.zarr,4,0.0.0,inner chunk absent from shard index,0
CHUNK_SAMPLE_MISSING,info,community-uploads/forrest/volcomp/PHerc1218/volumes/20250521120456-8.640um-1.2m-116keV-masked.zarr,4,4.0.0,inner chunk absent from shard index,0
CHUNK_SAMPLE_MISSING,info,community-uploads/forrest/volcomp/PHerc1218/volumes/20250521120456-8.640um-1.2m-116keV-masked.zarr,4,7.3.3,inner chunk absent from shard index,0
CHUNK_SAMPLE_MISSING,info,community-uploads/forrest/volcomp/PHerc1218/volumes/20250521120456-8.640um-1.2m-116keV-masked.zarr,4,8.0.0,inner chunk absent from shard index,0
CHUNK_SAMPLE_MISSING,info,community-uploads/forrest/volcomp/PHerc1218/volumes/20250521120456-8.640um-1.2m-116keV-masked.zarr,4,10.0.0,inner chunk absent from shard index,0
CHUNK_SAMPLE_MISSING,info,community-uploads/forrest/volcomp/PHerc1218/volumes/20250521120456-8.640um-1.2m-116keV-masked.zarr,4,11.3.3,inner chunk absent from shard index,0
CHUNK_SAMPLE_MISSING,info,community-uploads/forrest/volcomp/PHerc1218/volumes/20250521120456-8.640um-1.2m-116keV-masked.zarr,5,0.0.0,inner chunk absent from shard index,0
CHUNK_SAMPLE_MISSING,info,community-uploads/forrest/volcomp/PHerc1218/volumes/20250521120456-8.640um-1.2m-116keV-masked.zarr,5,3.0.0,inner chunk absent from shard index,0
CHUNK_SAMPLE_MISSING,info,community-uploads/forrest/volcomp/PHerc1218/volumes/20250521120456-8.640um-1.2m-116keV-masked.zarr,5,5.1.1,inner chunk absent from shard index,0
CHUNK_SAMPLE_MISSING,info,community-uploads/forrest/volcomp/PHerc1451/volumes/20250521151225-8.640um-1.2m-116keV-masked.zarr,0,0.0.0,inner chunk absent from shard index,0
CHUNK_SAMPLE_MISSING,info,community-uploads/forrest/volcomp/PHerc1451/volumes/20250521151225-8.640um-1.2m-116keV-masked.zarr,0,4.0.0,inner chunk absent from shard index,0
CHUNK_SAMPLE_MISSING,info,community-uploads/forrest/volcomp/PHerc1451/volumes/20250521151225-8.640um-1.2m-116keV-masked.zarr,0,7.7.7,inner chunk absent from shard index,0
CHUNK_SAMPLE_MISSING,info,community-uploads/forrest/volcomp/PHerc1451/volumes/20250521151225-8.640um-1.2m-116keV-masked.zarr,0,6.0.0,shard object absent (reads as fill),0
CHUNK_SAMPLE_MISSING,info,community-uploads/forrest/volcomp/PHerc1451/volumes/20250521151225-8.640um-1.2m-116keV-masked.zarr,0,11.5.5,shard object absent (reads as fill),0
CHUNK_SAMPLE_MISSING,info,community-uploads/forrest/volcomp/PHerc1451/volumes/20250521151225-8.640um-1.2m-116keV-masked.zarr,0,17.5.5,shard object absent (reads as fill),0
CHUNK_SAMPLE_MISSING,info,community-uploads/forrest/volcomp/PHerc1451/volumes/20250521151225-8.640um-1.2m-116keV-masked.zarr,1,0.0.0,inner chunk absent from shard index,0
CHUNK_SAMPLE_MISSING,info,community-uploads/forrest/volcomp/PHerc1451/volumes/20250521151225-8.640um-1.2m-116keV-masked.zarr,1,4.0.0,inner chunk absent from shard index,0
CHUNK_SAMPLE_POPULATED,info,community-uploads/forrest/volcomp/PHerc1451/volumes/20250521151225-8.640um-1.2m-116keV-masked.zarr,1,7.7.7,center 16^3 block: 4096/4096 differ from fill (0); 141520 stored bytes,149717
CHUNK_SAMPLE_MISSING,info,community-uploads/forrest/volcomp/PHerc1451/volumes/20250521151225-8.640um-1.2m-116keV-masked.zarr,1,24.0.0,inner chunk absent from shard index,0
CHUNK_SAMPLE_MISSING,info,community-uploads/forrest/volcomp/PHerc1451/volumes/20250521151225-8.640um-1.2m-116keV-masked.zarr,1,28.0.0,inner chunk absent from shard index,0
CHUNK_SAMPLE_POPULATED,info,community-uploads/forrest/volcomp/PHerc1451/volumes/20250521151225-8.640um-1.2m-116keV-masked.zarr,1,31.7.7,center 16^3 block: 4096/4096 differ from fill (0); 250721 stored bytes,258918
CHUNK_SAMPLE_MISSING,info,community-uploads/forrest/volcomp/PHerc1451/volumes/20250521151225-8.640um-1.2m-116keV-masked.zarr,1,5.2.2,shard object absent (reads as fill),0
CHUNK_SAMPLE_MISSING,info,community-uploads/forrest/volcomp/PHerc1451/volumes/20250521151225-8.640um-1.2m-116keV-masked.zarr,1,64.16.16,inner chunk absent from shard index,0
CHUNK_SAMPLE_MISSING,info,community-uploads/forrest/volcomp/PHerc1451/volumes/20250521151225-8.640um-1.2m-116keV-masked.zarr,1,67.19.19,inner chunk absent from shard index,0
CHUNK_SAMPLE_MISSING,info,community-uploads/forrest/volcomp/PHerc1451/volumes/20250521151225-8.640um-1.2m-116keV-masked.zarr,1,70.22.22,inner chunk absent from shard index,0
CHUNK_SAMPLE_MISSING,info,community-uploads/forrest/volcomp/PHerc1451/volumes/20250521151225-8.640um-1.2m-116keV-masked.zarr,2,0.0.0,inner chunk absent from shard index,0
CHUNK_SAMPLE_MISSING,info,community-uploads/forrest/volcomp/PHerc1451/volumes/20250521151225-8.640um-1.2m-116keV-masked.zarr,2,4.0.0,inner chunk absent from shard index,0
CHUNK_SAMPLE_POPULATED,info,community-uploads/forrest/volcomp/PHerc1451/volumes/20250521151225-8.640um-1.2m-116keV-masked.zarr,2,7.7.7,center 16^3 block: 4096/4096 differ from fill (0); 421922 stored bytes,430119
CHUNK_SAMPLE_MISSING,info,community-uploads/forrest/volcomp/PHerc1451/volumes/20250521151225-8.640um-1.2m-116keV-masked.zarr,2,8.8.0,inner chunk absent from shard index,0
CHUNK_SAMPLE_MISSING,info,community-uploads/forrest/volcomp/PHerc1451/volumes/20250521151225-8.640um-1.2m-116keV-masked.zarr,2,12.8.0,inner chunk absent from shard index,0
CHUNK_SAMPLE_MISSING,info,community-uploads/forrest/volcomp/PHerc1451/volumes/20250521151225-8.640um-1.2m-116keV-masked.zarr,2,15.11.7,inner chunk absent from shard index,0
CHUNK_SAMPLE_MISSING,info,community-uploads/forrest/volcomp/PHerc1451/volumes/20250521151225-8.640um-1.2m-116keV-masked.zarr,2,24.0.8,inner chunk absent from shard index,0
CHUNK_SAMPLE_MISSING,info,community-uploads/forrest/volcomp/PHerc1451/volumes/20250521151225-8.640um-1.2m-116keV-masked.zarr,2,28.0.8,inner chunk absent from shard index,0
CHUNK_SAMPLE_MISSING,info,community-uploads/forrest/volcomp/PHerc1451/volumes/20250521151225-8.640um-1.2m-116keV-masked.zarr,2,31.7.11,inner chunk absent from shard index,0
CHUNK_SAMPLE_MISSING,info,community-uploads/forrest/volcomp/PHerc1451/volumes/20250521151225-8.640um-1.2m-116keV-masked.zarr,2,32.8.8,inner chunk absent from shard index,0
CHUNK_SAMPLE_MISSING,info,community-uploads/forrest/volcomp/PHerc1451/volumes/20250521151225-8.640um-1.2m-116keV-masked.zarr,2,34.8.8,inner chunk absent from shard index,0
CHUNK_SAMPLE_MISSING,info,community-uploads/forrest/volcomp/PHerc1451/volumes/20250521151225-8.640um-1.2m-116keV-masked.zarr,2,35.11.11,inner chunk absent from shard index,0
CHUNK_SAMPLE_MISSING,info,community-uploads/forrest/volcomp/PHerc1451/volumes/20250521151225-8.640um-1.2m-116keV-masked.zarr,3,0.0.0,inner chunk absent from shard index,0
CHUNK_SAMPLE_MISSING,info,community-uploads/forrest/volcomp/PHerc1451/volumes/20250521151225-8.640um-1.2m-116keV-masked.zarr,3,4.0.0,inner chunk absent from shard index,0
CHUNK_SAMPLE_MISSING,info,community-uploads/forrest/volcomp/PHerc1451/volumes/20250521151225-8.640um-1.2m-116keV-masked.zarr,3,7.5.5,inner chunk absent from shard index,0
CHUNK_SAMPLE_MISSING,info,community-uploads/forrest/volcomp/PHerc1451/volumes/20250521151225-8.640um-1.2m-116keV-masked.zarr,3,8.0.0,inner chunk absent from shard index,0
CHUNK_SAMPLE_MISSING,info,community-uploads/forrest/volcomp/PHerc1451/volumes/20250521151225-8.640um-1.2m-116keV-masked.zarr,3,12.0.0,inner chunk absent from shard index,0
CHUNK_SAMPLE_MISSING,info,community-uploads/forrest/volcomp/PHerc1451/volumes/20250521151225-8.640um-1.2m-116keV-masked.zarr,3,15.5.5,inner chunk absent from shard index,0
CHUNK_SAMPLE_MISSING,info,community-uploads/forrest/volcomp/PHerc1451/volumes/20250521151225-8.640um-1.2m-116keV-masked.zarr,3,16.0.0,inner chunk absent from shard index,0
CHUNK_SAMPLE_MISSING,info,community-uploads/forrest/volcomp/PHerc1451/volumes/20250521151225-8.640um-1.2m-116keV-masked.zarr,3,17.0.0,inner chunk absent from shard index,0
CHUNK_SAMPLE_MISSING,info,community-uploads/forrest/volcomp/PHerc1451/volumes/20250521151225-8.640um-1.2m-116keV-masked.zarr,3,17.5.5,inner chunk absent from shard index,0
CHUNK_SAMPLE_MISSING,info,community-uploads/forrest/volcomp/PHerc1451/volumes/20250521151225-8.640um-1.2m-116keV-masked.zarr,4,0.0.0,inner chunk absent from shard index,0
CHUNK_SAMPLE_MISSING,info,community-uploads/forrest/volcomp/PHerc1451/volumes/20250521151225-8.640um-1.2m-116keV-masked.zarr,4,4.0.0,inner chunk absent from shard index,0
CHUNK_SAMPLE_MISSING,info,community-uploads/forrest/volcomp/PHerc1451/volumes/20250521151225-8.640um-1.2m-116keV-masked.zarr,4,7.2.2,inner chunk absent from shard index,0
CHUNK_SAMPLE_MISSING,info,community-uploads/forrest/volcomp/PHerc1451/volumes/20250521151225-8.640um-1.2m-116keV-masked.zarr,4,8.0.0,inner chunk absent from shard index,0
CHUNK_SAMPLE_MISSING,info,community-uploads/forrest/volcomp/PHerc1451/volumes/20250521151225-8.640um-1.2m-116keV-masked.zarr,4,8.1.1,inner chunk absent from shard index,0
CHUNK_SAMPLE_MISSING,info,community-uploads/forrest/volcomp/PHerc1451/volumes/20250521151225-8.640um-1.2m-116keV-masked.zarr,4,8.2.2,inner chunk absent from shard index,0
CHUNK_SAMPLE_MISSING,info,community-uploads/forrest/volcomp/PHerc1451/volumes/20250521151225-8.640um-1.2m-116keV-masked.zarr,5,0.0.0,inner chunk absent from shard index,0
CHUNK_SAMPLE_MISSING,info,community-uploads/forrest/volcomp/PHerc1451/volumes/20250521151225-8.640um-1.2m-116keV-masked.zarr,5,2.1.0,inner chunk absent from shard index,0
CHUNK_SAMPLE_MISSING,info,community-uploads/forrest/volcomp/PHerc1451/volumes/20250521151225-8.640um-1.2m-116keV-masked.zarr,5,4.1.1,inner chunk absent from shard index,0
CHUNK_SAMPLE_MISSING,info,community-uploads/forrest/volcomp/PHerc1203/volumes/20260319130212-2.403um-0.2m-77keV-masked.zarr,0,0.0.0,shard object absent (reads as fill),0
CHUNK_SAMPLE_MISSING,info,community-uploads/forrest/volcomp/PHerc1203/volumes/20260319130212-2.403um-0.2m-77keV-masked.zarr,0,5.0.0,shard object absent (reads as fill),0
CHUNK_SAMPLE_MISSING,info,community-uploads/forrest/volcomp/PHerc1203/volumes/20260319130212-2.403um-0.2m-77keV-masked.zarr,0,9.25.25,shard object absent (reads as fill),0
CHUNK_SAMPLE_MISSING,info,community-uploads/forrest/volcomp/PHerc1203/volumes/20260319130212-2.403um-0.2m-77keV-masked.zarr,0,14.25.25,shard object absent (reads as fill),0
CHUNK_SAMPLE_MISSING,info,community-uploads/forrest/volcomp/PHerc1203/volumes/20260319130212-2.403um-0.2m-77keV-masked.zarr,1,0.0.0,shard object absent (reads as fill),0
CHUNK_SAMPLE_POPULATED,info,community-uploads/forrest/volcomp/PHerc1203/volumes/20260319130212-2.403um-0.2m-77keV-masked.zarr,1,16.64.64,center 16^3 block: 4096/4096 differ from fill (0); 107524 stored bytes,115721
CHUNK_SAMPLE_POPULATED,info,community-uploads/forrest/volcomp/PHerc1203/volumes/20260319130212-2.403um-0.2m-77keV-masked.zarr,1,20.64.64,center 16^3 block: 4096/4096 differ from fill (0); 129181 stored bytes,129181
CHUNK_SAMPLE_MISSING,info,community-uploads/forrest/volcomp/PHerc1203/volumes/20260319130212-2.403um-0.2m-77keV-masked.zarr,1,23.71.71,inner chunk absent from shard index,0
CHUNK_SAMPLE_MISSING,info,community-uploads/forrest/volcomp/PHerc1203/volumes/20260319130212-2.403um-0.2m-77keV-masked.zarr,1,40.32.32,inner chunk absent from shard index,0
CHUNK_SAMPLE_MISSING,info,community-uploads/forrest/volcomp/PHerc1203/volumes/20260319130212-2.403um-0.2m-77keV-masked.zarr,1,44.32.32,inner chunk absent from shard index,0
CHUNK_SAMPLE_POPULATED,info,community-uploads/forrest/volcomp/PHerc1203/volumes/20260319130212-2.403um-0.2m-77keV-masked.zarr,1,47.39.39,center 16^3 block: 4096/4096 differ from fill (0); 115425 stored bytes,123622
CHUNK_SAMPLE_MISSING,info,community-uploads/forrest/volcomp/PHerc1203/volumes/20260319130212-2.403um-0.2m-77keV-masked.zarr,1,7.12.12,shard object absent (reads as fill),0
CHUNK_SAMPLE_MISSING,info,community-uploads/forrest/volcomp/PHerc1203/volumes/20260319130212-2.403um-0.2m-77keV-masked.zarr,2,0.0.0,shard object absent (reads as fill),0
CHUNK_SAMPLE_MISSING,info,community-uploads/forrest/volcomp/PHerc1203/volumes/20260319130212-2.403um-0.2m-77keV-masked.zarr,2,8.16.16,inner chunk absent from shard index,0
CHUNK_SAMPLE_POPULATED,info,community-uploads/forrest/volcomp/PHerc1203/volumes/20260319130212-2.403um-0.2m-77keV-masked.zarr,2,12.16.16,20304/2097152 valid voxels differ from fill (0); 2491 stored bytes,10688
CHUNK_SAMPLE_POPULATED,info,community-uploads/forrest/volcomp/PHerc1203/volumes/20260319130212-2.403um-0.2m-77keV-masked.zarr,2,15.23.23,center 16^3 block: 4096/4096 differ from fill (0); 348226 stored bytes,348226
CHUNK_SAMPLE_POPULATED,info,community-uploads/forrest/volcomp/PHerc1203/volumes/20260319130212-2.403um-0.2m-77keV-masked.zarr,2,16.32.32,center 16^3 block: 4096/4096 differ from fill (0); 361034 stored bytes,369231
CHUNK_SAMPLE_POPULATED,info,community-uploads/forrest/volcomp/PHerc1203/volumes/20260319130212-2.403um-0.2m-77keV-masked.zarr,2,20.32.32,center 16^3 block: 4096/4096 differ from fill (0); 345279 stored bytes,345279
CHUNK_SAMPLE_MISSING,info,community-uploads/forrest/volcomp/PHerc1203/volumes/20260319130212-2.403um-0.2m-77keV-masked.zarr,2,23.39.39,inner chunk absent from shard index,0
CHUNK_SAMPLE_MISSING,info,community-uploads/forrest/volcomp/PHerc1203/volumes/20260319130212-2.403um-0.2m-77keV-masked.zarr,2,3.6.6,shard object absent (reads as fill),0
CHUNK_SAMPLE_MISSING,info,community-uploads/forrest/volcomp/PHerc1203/volumes/20260319130212-2.403um-0.2m-77keV-masked.zarr,3,0.0.0,inner chunk absent from shard index,0
CHUNK_SAMPLE_MISSING,info,community-uploads/forrest/volcomp/PHerc1203/volumes/20260319130212-2.403um-0.2m-77keV-masked.zarr,3,4.0.0,inner chunk absent from shard index,0
CHUNK_SAMPLE_POPULATED,info,community-uploads/forrest/volcomp/PHerc1203/volumes/20260319130212-2.403um-0.2m-77keV-masked.zarr,3,7.7.7,17145/2097152 valid voxels differ from fill (0); 4021 stored bytes,12218
CHUNK_SAMPLE_POPULATED,info,community-uploads/forrest/volcomp/PHerc1203/volumes/20260319130212-2.403um-0.2m-77keV-masked.zarr,3,0.16.16,center 16^3 block: 4096/4096 differ from fill (0); 676025 stored bytes,684222
CHUNK_SAMPLE_POPULATED,info,community-uploads/forrest/volcomp/PHerc1203/volumes/20260319130212-2.403um-0.2m-77keV-masked.zarr,3,4.16.16,center 16^3 block: 4096/4096 differ from fill (0); 738224 stored bytes,738224
CHUNK_SAMPLE_MISSING,info,community-uploads/forrest/volcomp/PHerc1203/volumes/20260319130212-2.403um-0.2m-77keV-masked.zarr,3,7.23.23,inner chunk absent from shard index,0
CHUNK_SAMPLE_POPULATED,info,community-uploads/forrest/volcomp/PHerc1203/volumes/20260319130212-2.403um-0.2m-77keV-masked.zarr,3,8.8.8,center 16^3 block: 4096/4096 differ from fill (0); 639029 stored bytes,646202
CHUNK_SAMPLE_POPULATED,info,community-uploads/forrest/volcomp/PHerc1203/volumes/20260319130212-2.403um-0.2m-77keV-masked.zarr,3,11.12.8,center 16^3 block: 4096/4096 differ from fill (0); 715949 stored bytes,715949
CHUNK_SAMPLE_MISSING,info,community-uploads/forrest/volcomp/PHerc1203/volumes/20260319130212-2.403um-0.2m-77keV-masked.zarr,3,14.15.15,inner chunk absent from shard index,0
CHUNK_SAMPLE_MISSING,info,community-uploads/forrest/volcomp/PHerc1203/volumes/20260319130212-2.403um-0.2m-77keV-masked.zarr,3,1.3.3,shard object absent (reads as fill),0
CHUNK_SAMPLE_MISSING,info,community-uploads/forrest/volcomp/PHerc1203/volumes/20260319130212-2.403um-0.2m-77keV-masked.zarr,4,0.0.0,inner chunk absent from shard index,0
CHUNK_SAMPLE_MISSING,info,community-uploads/forrest/volcomp/PHerc1203/volumes/20260319130212-2.403um-0.2m-77keV-masked.zarr,4,4.0.0,inner chunk absent from shard index,0
CHUNK_SAMPLE_POPULATED,info,community-uploads/forrest/volcomp/PHerc1203/volumes/20260319130212-2.403um-0.2m-77keV-masked.zarr,4,7.7.7,835582/835584 valid voxels differ from fill (0); 362261 stored bytes,370458
CHUNK_SAMPLE_MISSING,info,community-uploads/forrest/volcomp/PHerc1203/volumes/20260319130212-2.403um-0.2m-77keV-masked.zarr,4,0.0.8,inner chunk absent from shard index,0
CHUNK_SAMPLE_POPULATED,info,community-uploads/forrest/volcomp/PHerc1203/volumes/20260319130212-2.403um-0.2m-77keV-masked.zarr,4,4.0.8,center 16^3 block: 4096/4096 differ from fill (0); 764851 stored bytes,769976
CHUNK_SAMPLE_MISSING,info,community-uploads/forrest/volcomp/PHerc1203/volumes/20260319130212-2.403um-0.2m-77keV-masked.zarr,4,7.7.12,inner chunk absent from shard index,0
CHUNK_SAMPLE_MISSING,info,community-uploads/forrest/volcomp/PHerc1203/volumes/20260319130212-2.403um-0.2m-77keV-masked.zarr,4,0.8.0,inner chunk absent from shard index,0
CHUNK_SAMPLE_MISSING,info,community-uploads/forrest/volcomp/PHerc1203/volumes/20260319130212-2.403um-0.2m-77keV-masked.zarr,4,4.8.0,inner chunk absent from shard index,0
CHUNK_SAMPLE_MISSING,info,community-uploads/forrest/volcomp/PHerc1203/volumes/20260319130212-2.403um-0.2m-77keV-masked.zarr,4,7.12.7,inner chunk absent from shard index,0
CHUNK_SAMPLE_MISSING,info,community-uploads/forrest/volcomp/PHerc1203/volumes/20260319130212-2.403um-0.2m-77keV-masked.zarr,4,0.8.8,inner chunk absent from shard index,0
CHUNK_SAMPLE_MISSING,info,community-uploads/forrest/volcomp/PHerc1203/volumes/20260319130212-2.403um-0.2m-77keV-masked.zarr,4,4.8.8,inner chunk absent from shard index,0
CHUNK_SAMPLE_MISSING,info,community-uploads/forrest/volcomp/PHerc1203/volumes/20260319130212-2.403um-0.2m-77keV-masked.zarr,4,7.12.12,inner chunk absent from shard index,0
CHUNK_SAMPLE_MISSING,info,community-uploads/forrest/volcomp/PHerc1203/volumes/20260319130212-2.403um-0.2m-77keV-masked.zarr,5,0.0.0,inner chunk absent from shard index,0
CHUNK_SAMPLE_MISSING,info,community-uploads/forrest/volcomp/PHerc1203/volumes/20260319130212-2.403um-0.2m-77keV-masked.zarr,5,2.0.0,inner chunk absent from shard index,0
CHUNK_SAMPLE_MISSING,info,community-uploads/forrest/volcomp/PHerc1203/volumes/20260319130212-2.403um-0.2m-77keV-masked.zarr,5,3.6.6,inner chunk absent from shard index,0
CHUNK_SAMPLE_MISSING,info,community-uploads/forrest/volcomp/PHerc1299/volumes/20260309130042-2.399um-0.2m-78keV-masked.zarr,0,0.0.0,shard object absent (reads as fill),0
CHUNK_SAMPLE_MISSING,info,community-uploads/forrest/volcomp/PHerc1299/volumes/20260309130042-2.399um-0.2m-78keV-masked.zarr,0,16.7.0,shard object absent (reads as fill),0
CHUNK_SAMPLE_MISSING,info,community-uploads/forrest/volcomp/PHerc1299/volumes/20260309130042-2.399um-0.2m-78keV-masked.zarr,0,32.13.20,shard object absent (reads as fill),0
CHUNK_SAMPLE_MISSING,info,community-uploads/forrest/volcomp/PHerc1299/volumes/20260309130042-2.399um-0.2m-78keV-masked.zarr,0,48.20.20,shard object absent (reads as fill),0
CHUNK_SAMPLE_MISSING,info,community-uploads/forrest/volcomp/PHerc1299/volumes/20260309130042-2.399um-0.2m-78keV-masked.zarr,1,0.0.0,shard object absent (reads as fill),0
CHUNK_SAMPLE_MISSING,info,community-uploads/forrest/volcomp/PHerc1299/volumes/20260309130042-2.399um-0.2m-78keV-masked.zarr,1,8.3.7,shard object absent (reads as fill),0
CHUNK_SAMPLE_MISSING,info,community-uploads/forrest/volcomp/PHerc1299/volumes/20260309130042-2.399um-0.2m-78keV-masked.zarr,1,16.7.3,shard object absent (reads as fill),0
CHUNK_SAMPLE_MISSING,info,community-uploads/forrest/volcomp/PHerc1299/volumes/20260309130042-2.399um-0.2m-78keV-masked.zarr,1,24.10.10,shard object absent (reads as fill),0
CHUNK_SAMPLE_MISSING,info,community-uploads/forrest/volcomp/PHerc1299/volumes/20260309130042-2.399um-0.2m-78keV-masked.zarr,2,0.0.0,shard object absent (reads as fill),0
CHUNK_SAMPLE_MISSING,info,community-uploads/forrest/volcomp/PHerc1299/volumes/20260309130042-2.399um-0.2m-78keV-masked.zarr,2,4.2.0,shard object absent (reads as fill),0
CHUNK_SAMPLE_MISSING,info,community-uploads/forrest/volcomp/PHerc1299/volumes/20260309130042-2.399um-0.2m-78keV-masked.zarr,2,8.3.5,shard object absent (reads as fill),0
CHUNK_SAMPLE_MISSING,info,community-uploads/forrest/volcomp/PHerc1299/volumes/20260309130042-2.399um-0.2m-78keV-masked.zarr,2,12.5.5,shard object absent (reads as fill),0
CHUNK_SAMPLE_MISSING,info,community-uploads/forrest/volcomp/PHerc1299/volumes/20260309130042-2.399um-0.2m-78keV-masked.zarr,3,0.0.0,inner chunk absent from shard index,0
CHUNK_SAMPLE_MISSING,info,community-uploads/forrest/volcomp/PHerc1299/volumes/20260309130042-2.399um-0.2m-78keV-masked.zarr,3,4.0.0,inner chunk absent from shard index,0
CHUNK_SAMPLE_POPULATED,info,community-uploads/forrest/volcomp/PHerc1299/volumes/20260309130042-2.399um-0.2m-78keV-masked.zarr,3,7.7.7,center 16^3 block: 4096/4096 differ from fill (0); 724690 stored bytes,732887
CHUNK_SAMPLE_MISSING,info,community-uploads/forrest/volcomp/PHerc1299/volumes/20260309130042-2.399um-0.2m-78keV-masked.zarr,3,16.8.0,inner chunk absent from shard index,0
CHUNK_SAMPLE_MISSING,info,community-uploads/forrest/volcomp/PHerc1299/volumes/20260309130042-2.399um-0.2m-78keV-masked.zarr,3,20.8.0,inner chunk absent from shard index,0
CHUNK_SAMPLE_MISSING,info,community-uploads/forrest/volcomp/PHerc1299/volumes/20260309130042-2.399um-0.2m-78keV-masked.zarr,3,23.15.7,inner chunk absent from shard index,0
CHUNK_SAMPLE_MISSING,info,community-uploads/forrest/volcomp/PHerc1299/volumes/20260309130042-2.399um-0.2m-78keV-masked.zarr,3,32.8.16,inner chunk absent from shard index,0
CHUNK_SAMPLE_MISSING,info,community-uploads/forrest/volcomp/PHerc1299/volumes/20260309130042-2.399um-0.2m-78keV-masked.zarr,3,36.8.16,inner chunk absent from shard index,0
CHUNK_SAMPLE_MISSING,info,community-uploads/forrest/volcomp/PHerc1299/volumes/20260309130042-2.399um-0.2m-78keV-masked.zarr,3,39.15.20,inner chunk absent from shard index,0
CHUNK_SAMPLE_MISSING,info,community-uploads/forrest/volcomp/PHerc1299/volumes/20260309130042-2.399um-0.2m-78keV-masked.zarr,3,6.2.2,shard object absent (reads as fill),0
CHUNK_SAMPLE_MISSING,info,community-uploads/forrest/volcomp/PHerc1299/volumes/20260309130042-2.399um-0.2m-78keV-masked.zarr,4,0.0.0,inner chunk absent from shard index,0
CHUNK_SAMPLE_MISSING,info,community-uploads/forrest/volcomp/PHerc1299/volumes/20260309130042-2.399um-0.2m-78keV-masked.zarr,4,4.0.0,inner chunk absent from shard index,0
CHUNK_SAMPLE_POPULATED,info,community-uploads/forrest/volcomp/PHerc1299/volumes/20260309130042-2.399um-0.2m-78keV-masked.zarr,4,7.7.7,center 16^3 block: 4096/4096 differ from fill (0); 533030 stored bytes,541227
CHUNK_SAMPLE_MISSING,info,community-uploads/forrest/volcomp/PHerc1299/volumes/20260309130042-2.399um-0.2m-78keV-masked.zarr,4,8.0.8,inner chunk absent from shard index,0
CHUNK_SAMPLE_MISSING,info,community-uploads/forrest/volcomp/PHerc1299/volumes/20260309130042-2.399um-0.2m-78keV-masked.zarr,4,12.0.8,inner chunk absent from shard index,0
CHUNK_SAMPLE_MISSING,info,community-uploads/forrest/volcomp/PHerc1299/volumes/20260309130042-2.399um-0.2m-78keV-masked.zarr,4,15.7.10,inner chunk absent from shard index,0
CHUNK_SAMPLE_MISSING,info,community-uploads/forrest/volcomp/PHerc1299/volumes/20260309130042-2.399um-0.2m-78keV-masked.zarr,4,16.8.0,inner chunk absent from shard index,0
CHUNK_SAMPLE_MISSING,info,community-uploads/forrest/volcomp/PHerc1299/volumes/20260309130042-2.399um-0.2m-78keV-masked.zarr,4,20.8.0,inner chunk absent from shard index,0
CHUNK_SAMPLE_MISSING,info,community-uploads/forrest/volcomp/PHerc1299/volumes/20260309130042-2.399um-0.2m-78keV-masked.zarr,4,23.10.7,inner chunk absent from shard index,0
CHUNK_SAMPLE_MISSING,info,community-uploads/forrest/volcomp/PHerc1299/volumes/20260309130042-2.399um-0.2m-78keV-masked.zarr,4,3.1.1,shard object absent (reads as fill),0
CHUNK_SAMPLE_MISSING,info,community-uploads/forrest/volcomp/PHerc1299/volumes/20260309130042-2.399um-0.2m-78keV-masked.zarr,5,0.0.0,inner chunk absent from shard index,0
CHUNK_SAMPLE_MISSING,info,community-uploads/forrest/volcomp/PHerc1299/volumes/20260309130042-2.399um-0.2m-78keV-masked.zarr,5,4.0.0,inner chunk absent from shard index,0
CHUNK_SAMPLE_MISSING,info,community-uploads/forrest/volcomp/PHerc1299/volumes/20260309130042-2.399um-0.2m-78keV-masked.zarr,5,7.5.5,inner chunk absent from shard index,0
CHUNK_SAMPLE_MISSING,info,community-uploads/forrest/volcomp/PHerc1299/volumes/20260309130042-2.399um-0.2m-78keV-masked.zarr,5,8.0.0,inner chunk absent from shard index,0
CHUNK_SAMPLE_MISSING,info,community-uploads/forrest/volcomp/PHerc1299/volumes/20260309130042-2.399um-0.2m-78keV-masked.zarr,5,10.3.0,inner chunk absent from shard index,0
CHUNK_SAMPLE_MISSING,info,community-uploads/forrest/volcomp/PHerc1299/volumes/20260309130042-2.399um-0.2m-78keV-masked.zarr,5,12.5.5,inner chunk absent from shard index,0
CHUNK_SAMPLE_MISSING,info,community-uploads/forrest/volcomp/PHerc1451/volumes/20260319101107-2.399um-0.2m-78keV-masked.zarr,0,0.0.0,shard object absent (reads as fill),0
CHUNK_SAMPLE_MISSING,info,community-uploads/forrest/volcomp/PHerc1451/volumes/20260319101107-2.399um-0.2m-78keV-masked.zarr,0,19.14.0,shard object absent (reads as fill),0
CHUNK_SAMPLE_MISSING,info,community-uploads/forrest/volcomp/PHerc1451/volumes/20260319101107-2.399um-0.2m-78keV-masked.zarr,0,39.6.20,shard object absent (reads as fill),0
CHUNK_SAMPLE_MISSING,info,community-uploads/forrest/volcomp/PHerc1451/volumes/20260319101107-2.399um-0.2m-78keV-masked.zarr,0,58.20.20,shard object absent (reads as fill),0
CHUNK_SAMPLE_MISSING,info,community-uploads/forrest/volcomp/PHerc1451/volumes/20260319101107-2.399um-0.2m-78keV-masked.zarr,1,0.0.0,shard object absent (reads as fill),0
CHUNK_SAMPLE_MISSING,info,community-uploads/forrest/volcomp/PHerc1451/volumes/20260319101107-2.399um-0.2m-78keV-masked.zarr,1,10.0.0,shard object absent (reads as fill),0
CHUNK_SAMPLE_MISSING,info,community-uploads/forrest/volcomp/PHerc1451/volumes/20260319101107-2.399um-0.2m-78keV-masked.zarr,1,19.10.10,shard object absent (reads as fill),0
CHUNK_SAMPLE_MISSING,info,community-uploads/forrest/volcomp/PHerc1451/volumes/20260319101107-2.399um-0.2m-78keV-masked.zarr,1,29.10.10,shard object absent (reads as fill),0
CHUNK_SAMPLE_MISSING,info,community-uploads/forrest/volcomp/PHerc1451/volumes/20260319101107-2.399um-0.2m-78keV-masked.zarr,2,0.0.0,shard object absent (reads as fill),0
CHUNK_SAMPLE_MISSING,info,community-uploads/forrest/volcomp/PHerc1451/volumes/20260319101107-2.399um-0.2m-78keV-masked.zarr,2,5.0.0,shard object absent (reads as fill),0
CHUNK_SAMPLE_MISSING,info,community-uploads/forrest/volcomp/PHerc1451/volumes/20260319101107-2.399um-0.2m-78keV-masked.zarr,2,9.5.5,shard object absent (reads as fill),0
CHUNK_SAMPLE_MISSING,info,community-uploads/forrest/volcomp/PHerc1451/volumes/20260319101107-2.399um-0.2m-78keV-masked.zarr,2,14.5.5,shard object absent (reads as fill),0
CHUNK_SAMPLE_MISSING,info,community-uploads/forrest/volcomp/PHerc1451/volumes/20260319101107-2.399um-0.2m-78keV-masked.zarr,3,0.0.0,inner chunk absent from shard index,0
CHUNK_SAMPLE_MISSING,info,community-uploads/forrest/volcomp/PHerc1451/volumes/20260319101107-2.399um-0.2m-78keV-masked.zarr,3,4.0.0,inner chunk absent from shard index,0
CHUNK_SAMPLE_POPULATED,info,community-uploads/forrest/volcomp/PHerc1451/volumes/20260319101107-2.399um-0.2m-78keV-masked.zarr,3,7.7.7,center 16^3 block: 4096/4096 differ from fill (0); 820239 stored bytes,828436
CHUNK_SAMPLE_MISSING,info,community-uploads/forrest/volcomp/PHerc1451/volumes/20260319101107-2.399um-0.2m-78keV-masked.zarr,3,2.2.0,shard object absent (reads as fill),0
CHUNK_SAMPLE_MISSING,info,community-uploads/forrest/volcomp/PHerc1451/volumes/20260319101107-2.399um-0.2m-78keV-masked.zarr,3,40.0.16,inner chunk absent from shard index,0
CHUNK_SAMPLE_MISSING,info,community-uploads/forrest/volcomp/PHerc1451/volumes/20260319101107-2.399um-0.2m-78keV-masked.zarr,3,44.0.16,inner chunk absent from shard index,0
CHUNK_SAMPLE_MISSING,info,community-uploads/forrest/volcomp/PHerc1451/volumes/20260319101107-2.399um-0.2m-78keV-masked.zarr,3,47.7.20,inner chunk absent from shard index,0
CHUNK_SAMPLE_MISSING,info,community-uploads/forrest/volcomp/PHerc1451/volumes/20260319101107-2.399um-0.2m-78keV-masked.zarr,3,7.2.2,shard object absent (reads as fill),0
CHUNK_SAMPLE_MISSING,info,community-uploads/forrest/volcomp/PHerc1451/volumes/20260319101107-2.399um-0.2m-78keV-masked.zarr,4,0.0.0,inner chunk absent from shard index,0
CHUNK_SAMPLE_MISSING,info,community-uploads/forrest/volcomp/PHerc1451/volumes/20260319101107-2.399um-0.2m-78keV-masked.zarr,4,4.0.0,inner chunk absent from shard index,0
CHUNK_SAMPLE_MISSING,info,community-uploads/forrest/volcomp/PHerc1451/volumes/20260319101107-2.399um-0.2m-78keV-masked.zarr,4,7.7.7,inner chunk absent from shard index,0
CHUNK_SAMPLE_MISSING,info,community-uploads/forrest/volcomp/PHerc1451/volumes/20260319101107-2.399um-0.2m-78keV-masked.zarr,4,8.0.8,inner chunk absent from shard index,0
CHUNK_SAMPLE_MISSING,info,community-uploads/forrest/volcomp/PHerc1451/volumes/20260319101107-2.399um-0.2m-78keV-masked.zarr,4,12.0.8,inner chunk absent from shard index,0
CHUNK_SAMPLE_MISSING,info,community-uploads/forrest/volcomp/PHerc1451/volumes/20260319101107-2.399um-0.2m-78keV-masked.zarr,4,15.7.10,inner chunk absent from shard index,0
CHUNK_SAMPLE_MISSING,info,community-uploads/forrest/volcomp/PHerc1451/volumes/20260319101107-2.399um-0.2m-78keV-masked.zarr,4,2.1.0,shard object absent (reads as fill),0
CHUNK_SAMPLE_MISSING,info,community-uploads/forrest/volcomp/PHerc1451/volumes/20260319101107-2.399um-0.2m-78keV-masked.zarr,4,3.1.1,shard object absent (reads as fill),0
CHUNK_SAMPLE_MISSING,info,community-uploads/forrest/volcomp/PHerc1451/volumes/20260319101107-2.399um-0.2m-78keV-masked.zarr,5,0.0.0,inner chunk absent from shard index,0
CHUNK_SAMPLE_MISSING,info,community-uploads/forrest/volcomp/PHerc1451/volumes/20260319101107-2.399um-0.2m-78keV-masked.zarr,5,4.0.0,inner chunk absent from shard index,0
CHUNK_SAMPLE_MISSING,info,community-uploads/forrest/volcomp/PHerc1451/volumes/20260319101107-2.399um-0.2m-78keV-masked.zarr,5,7.5.5,inner chunk absent from shard index,0
CHUNK_SAMPLE_MISSING,info,community-uploads/forrest/volcomp/PHerc1451/volumes/20260319101107-2.399um-0.2m-78keV-masked.zarr,5,8.0.0,inner chunk absent from shard index,0
CHUNK_SAMPLE_MISSING,info,community-uploads/forrest/volcomp/PHerc1451/volumes/20260319101107-2.399um-0.2m-78keV-masked.zarr,5,11.3.0,inner chunk absent from shard index,0
CHUNK_SAMPLE_MISSING,info,community-uploads/forrest/volcomp/PHerc1451/volumes/20260319101107-2.399um-0.2m-78keV-masked.zarr,5,14.5.5,inner chunk absent from shard index,0
CHUNK_SAMPLE_MISSING,info,community-uploads/forrest/volcomp/PHerc1447/volumes/20250521151220-8.640um-1.2m-116keV-masked.zarr,0,0.0.0,shard object absent (reads as fill),0
CHUNK_SAMPLE_MISSING,info,community-uploads/forrest/volcomp/PHerc1447/volumes/20250521151220-8.640um-1.2m-116keV-masked.zarr,0,8.0.0,shard object absent (reads as fill),0
CHUNK_SAMPLE_MISSING,info,community-uploads/forrest/volcomp/PHerc1447/volumes/20250521151220-8.640um-1.2m-116keV-masked.zarr,0,15.8.8,shard object absent (reads as fill),0
CHUNK_SAMPLE_MISSING,info,community-uploads/forrest/volcomp/PHerc1447/volumes/20250521151220-8.640um-1.2m-116keV-masked.zarr,0,23.8.8,shard object absent (reads as fill),0
CHUNK_SAMPLE_MISSING,info,community-uploads/forrest/volcomp/PHerc1447/volumes/20250521151220-8.640um-1.2m-116keV-masked.zarr,1,0.0.0,inner chunk absent from shard index,0
CHUNK_SAMPLE_MISSING,info,community-uploads/forrest/volcomp/PHerc1447/volumes/20250521151220-8.640um-1.2m-116keV-masked.zarr,1,4.0.0,inner chunk absent from shard index,0
CHUNK_SAMPLE_MISSING,info,community-uploads/forrest/volcomp/PHerc1447/volumes/20250521151220-8.640um-1.2m-116keV-masked.zarr,1,7.7.7,inner chunk absent from shard index,0
CHUNK_SAMPLE_MISSING,info,community-uploads/forrest/volcomp/PHerc1447/volumes/20250521151220-8.640um-1.2m-116keV-masked.zarr,1,32.0.0,inner chunk absent from shard index,0
CHUNK_SAMPLE_MISSING,info,community-uploads/forrest/volcomp/PHerc1447/volumes/20250521151220-8.640um-1.2m-116keV-masked.zarr,1,36.0.0,inner chunk absent from shard index,0
CHUNK_SAMPLE_POPULATED,info,community-uploads/forrest/volcomp/PHerc1447/volumes/20250521151220-8.640um-1.2m-116keV-masked.zarr,1,39.7.7,353315/2097152 valid voxels differ from fill (0); 23452 stored bytes,31649
CHUNK_SAMPLE_MISSING,info,community-uploads/forrest/volcomp/PHerc1447/volumes/20250521151220-8.640um-1.2m-116keV-masked.zarr,1,7.4.4,shard object absent (reads as fill),0
CHUNK_SAMPLE_MISSING,info,community-uploads/forrest/volcomp/PHerc1447/volumes/20250521151220-8.640um-1.2m-116keV-masked.zarr,1,11.4.4,shard object absent (reads as fill),0
CHUNK_SAMPLE_MISSING,info,community-uploads/forrest/volcomp/PHerc1447/volumes/20250521151220-8.640um-1.2m-116keV-masked.zarr,2,0.0.0,inner chunk absent from shard index,0
CHUNK_SAMPLE_MISSING,info,community-uploads/forrest/volcomp/PHerc1447/volumes/20250521151220-8.640um-1.2m-116keV-masked.zarr,2,4.0.0,inner chunk absent from shard index,0
CHUNK_SAMPLE_POPULATED,info,community-uploads/forrest/volcomp/PHerc1447/volumes/20250521151220-8.640um-1.2m-116keV-masked.zarr,2,7.7.7,center 16^3 block: 4096/4096 differ from fill (0); 433826 stored bytes,442023
CHUNK_SAMPLE_MISSING,info,community-uploads/forrest/volcomp/PHerc1447/volumes/20250521151220-8.640um-1.2m-116keV-masked.zarr,2,16.0.0,inner chunk absent from shard index,0
CHUNK_SAMPLE_MISSING,info,community-uploads/forrest/volcomp/PHerc1447/volumes/20250521151220-8.640um-1.2m-116keV-masked.zarr,2,20.0.0,inner chunk absent from shard index,0
CHUNK_SAMPLE_POPULATED,info,community-uploads/forrest/volcomp/PHerc1447/volumes/20250521151220-8.640um-1.2m-116keV-masked.zarr,2,23.7.7,center 16^3 block: 4096/4096 differ from fill (0); 498018 stored bytes,506215
CHUNK_SAMPLE_MISSING,info,community-uploads/forrest/volcomp/PHerc1447/volumes/20250521151220-8.640um-1.2m-116keV-masked.zarr,2,3.2.2,shard object absent (reads as fill),0
CHUNK_SAMPLE_MISSING,info,community-uploads/forrest/volcomp/PHerc1447/volumes/20250521151220-8.640um-1.2m-116keV-masked.zarr,2,5.2.2,shard object absent (reads as fill),0
CHUNK_SAMPLE_MISSING,info,community-uploads/forrest/volcomp/PHerc1447/volumes/20250521151220-8.640um-1.2m-116keV-masked.zarr,3,0.0.0,inner chunk absent from shard index,0
CHUNK_SAMPLE_MISSING,info,community-uploads/forrest/volcomp/PHerc1447/volumes/20250521151220-8.640um-1.2m-116keV-masked.zarr,3,4.0.0,inner chunk absent from shard index,0
CHUNK_SAMPLE_MISSING,info,community-uploads/forrest/volcomp/PHerc1447/volumes/20250521151220-8.640um-1.2m-116keV-masked.zarr,3,7.7.7,inner chunk absent from shard index,0
CHUNK_SAMPLE_MISSING,info,community-uploads/forrest/volcomp/PHerc1447/volumes/20250521151220-8.640um-1.2m-116keV-masked.zarr,3,8.0.0,inner chunk absent from shard index,0
CHUNK_SAMPLE_MISSING,info,community-uploads/forrest/volcomp/PHerc1447/volumes/20250521151220-8.640um-1.2m-116keV-masked.zarr,3,12.0.0,inner chunk absent from shard index,0
CHUNK_SAMPLE_MISSING,info,community-uploads/forrest/volcomp/PHerc1447/volumes/20250521151220-8.640um-1.2m-116keV-masked.zarr,3,15.7.7,inner chunk absent from shard index,0
CHUNK_SAMPLE_MISSING,info,community-uploads/forrest/volcomp/PHerc1447/volumes/20250521151220-8.640um-1.2m-116keV-masked.zarr,3,1.1.1,shard object absent (reads as fill),0
CHUNK_SAMPLE_MISSING,info,community-uploads/forrest/volcomp/PHerc1447/volumes/20250521151220-8.640um-1.2m-116keV-masked.zarr,3,2.1.1,shard object absent (reads as fill),0
CHUNK_SAMPLE_MISSING,info,community-uploads/forrest/volcomp/PHerc1447/volumes/20250521151220-8.640um-1.2m-116keV-masked.zarr,4,0.0.0,inner chunk absent from shard index,0
CHUNK_SAMPLE_MISSING,info,community-uploads/forrest/volcomp/PHerc1447/volumes/20250521151220-8.640um-1.2m-116keV-masked.zarr,4,4.0.0,inner chunk absent from shard index,0
CHUNK_SAMPLE_MISSING,info,community-uploads/forrest/volcomp/PHerc1447/volumes/20250521151220-8.640um-1.2m-116keV-masked.zarr,4,7.4.4,inner chunk absent from shard index,0
CHUNK_SAMPLE_MISSING,info,community-uploads/forrest/volcomp/PHerc1447/volumes/20250521151220-8.640um-1.2m-116keV-masked.zarr,4,8.0.0,inner chunk absent from shard index,0
CHUNK_SAMPLE_MISSING,info,community-uploads/forrest/volcomp/PHerc1447/volumes/20250521151220-8.640um-1.2m-116keV-masked.zarr,4,10.0.0,inner chunk absent from shard index,0
CHUNK_SAMPLE_MISSING,info,community-uploads/forrest/volcomp/PHerc1447/volumes/20250521151220-8.640um-1.2m-116keV-masked.zarr,4,11.4.4,inner chunk absent from shard index,0
CHUNK_SAMPLE_MISSING,info,community-uploads/forrest/volcomp/PHerc1447/volumes/20250521151220-8.640um-1.2m-116keV-masked.zarr,5,0.0.0,inner chunk absent from shard index,0
CHUNK_SAMPLE_MISSING,info,community-uploads/forrest/volcomp/PHerc1447/volumes/20250521151220-8.640um-1.2m-116keV-masked.zarr,5,2.2.2,inner chunk absent from shard index,0
CHUNK_SAMPLE_MISSING,info,community-uploads/forrest/volcomp/PHerc1447/volumes/20250521151220-8.640um-1.2m-116keV-masked.zarr,5,5.2.2,inner chunk absent from shard index,0
CHUNK_SAMPLE_MISSING,info,community-uploads/forrest/volcomp/PHercMAN5/volumes/20260311104824-2.399um-0.2m-78keV-masked.zarr,0,0.0.0,shard object absent (reads as fill),0
CHUNK_SAMPLE_MISSING,info,community-uploads/forrest/volcomp/PHercMAN5/volumes/20260311104824-2.399um-0.2m-78keV-masked.zarr,0,10.6.0,shard object absent (reads as fill),0
CHUNK_SAMPLE_MISSING,info,community-uploads/forrest/volcomp/PHercMAN5/volumes/20260311104824-2.399um-0.2m-78keV-masked.zarr,0,20.11.17,shard object absent (reads as fill),0
CHUNK_SAMPLE_MISSING,info,community-uploads/forrest/volcomp/PHercMAN5/volumes/20260311104824-2.399um-0.2m-78keV-masked.zarr,0,30.17.17,shard object absent (reads as fill),0
CHUNK_SAMPLE_MISSING,info,community-uploads/forrest/volcomp/PHercMAN5/volumes/20260311104824-2.399um-0.2m-78keV-masked.zarr,1,0.0.0,shard object absent (reads as fill),0
CHUNK_SAMPLE_MISSING,info,community-uploads/forrest/volcomp/PHercMAN5/volumes/20260311104824-2.399um-0.2m-78keV-masked.zarr,1,5.3.0,shard object absent (reads as fill),0
CHUNK_SAMPLE_MISSING,info,community-uploads/forrest/volcomp/PHercMAN5/volumes/20260311104824-2.399um-0.2m-78keV-masked.zarr,1,10.5.8,shard object absent (reads as fill),0
CHUNK_SAMPLE_MISSING,info,community-uploads/forrest/volcomp/PHercMAN5/volumes/20260311104824-2.399um-0.2m-78keV-masked.zarr,1,15.8.8,shard object absent (reads as fill),0
CHUNK_SAMPLE_MISSING,info,community-uploads/forrest/volcomp/PHercMAN5/volumes/20260311104824-2.399um-0.2m-78keV-masked.zarr,2,0.0.0,shard object absent (reads as fill),0
CHUNK_SAMPLE_MISSING,info,community-uploads/forrest/volcomp/PHercMAN5/volumes/20260311104824-2.399um-0.2m-78keV-masked.zarr,2,2.3.1,shard object absent (reads as fill),0
CHUNK_SAMPLE_MISSING,info,community-uploads/forrest/volcomp/PHercMAN5/volumes/20260311104824-2.399um-0.2m-78keV-masked.zarr,2,40.8.24,inner chunk absent from shard index,0
CHUNK_SAMPLE_MISSING,info,community-uploads/forrest/volcomp/PHercMAN5/volumes/20260311104824-2.399um-0.2m-78keV-masked.zarr,2,44.8.24,inner chunk absent from shard index,0
CHUNK_SAMPLE_MISSING,info,community-uploads/forrest/volcomp/PHercMAN5/volumes/20260311104824-2.399um-0.2m-78keV-masked.zarr,2,47.15.31,inner chunk absent from shard index,0
CHUNK_SAMPLE_MISSING,info,community-uploads/forrest/volcomp/PHercMAN5/volumes/20260311104824-2.399um-0.2m-78keV-masked.zarr,2,7.4.4,shard object absent (reads as fill),0
CHUNK_SAMPLE_MISSING,info,community-uploads/forrest/volcomp/PHercMAN5/volumes/20260311104824-2.399um-0.2m-78keV-masked.zarr,3,0.0.0,inner chunk absent from shard index,0
CHUNK_SAMPLE_MISSING,info,community-uploads/forrest/volcomp/PHercMAN5/volumes/20260311104824-2.399um-0.2m-78keV-masked.zarr,3,4.0.0,inner chunk absent from shard index,0
CHUNK_SAMPLE_POPULATED,info,community-uploads/forrest/volcomp/PHercMAN5/volumes/20260311104824-2.399um-0.2m-78keV-masked.zarr,3,7.7.7,center 16^3 block: 4096/4096 differ from fill (0); 729775 stored bytes,737972
CHUNK_SAMPLE_MISSING,info,community-uploads/forrest/volcomp/PHercMAN5/volumes/20260311104824-2.399um-0.2m-78keV-masked.zarr,3,8.8.0,inner chunk absent from shard index,0
CHUNK_SAMPLE_MISSING,info,community-uploads/forrest/volcomp/PHercMAN5/volumes/20260311104824-2.399um-0.2m-78keV-masked.zarr,3,12.8.0,inner chunk absent from shard index,0
CHUNK_SAMPLE_MISSING,info,community-uploads/forrest/volcomp/PHercMAN5/volumes/20260311104824-2.399um-0.2m-78keV-masked.zarr,3,15.15.7,inner chunk absent from shard index,0
CHUNK_SAMPLE_MISSING,info,community-uploads/forrest/volcomp/PHercMAN5/volumes/20260311104824-2.399um-0.2m-78keV-masked.zarr,3,2.1.2,shard object absent (reads as fill),0
CHUNK_SAMPLE_MISSING,info,community-uploads/forrest/volcomp/PHercMAN5/volumes/20260311104824-2.399um-0.2m-78keV-masked.zarr,3,3.2.2,shard object absent (reads as fill),0
CHUNK_SAMPLE_MISSING,info,community-uploads/forrest/volcomp/PHercMAN5/volumes/20260311104824-2.399um-0.2m-78keV-masked.zarr,4,0.0.0,inner chunk absent from shard index,0
CHUNK_SAMPLE_MISSING,info,community-uploads/forrest/volcomp/PHercMAN5/volumes/20260311104824-2.399um-0.2m-78keV-masked.zarr,4,4.0.0,inner chunk absent from shard index,0
CHUNK_SAMPLE_MISSING,info,community-uploads/forrest/volcomp/PHercMAN5/volumes/20260311104824-2.399um-0.2m-78keV-masked.zarr,4,7.7.7,inner chunk absent from shard index,0
CHUNK_SAMPLE_MISSING,info,community-uploads/forrest/volcomp/PHercMAN5/volumes/20260311104824-2.399um-0.2m-78keV-masked.zarr,4,0.1.0,shard object absent (reads as fill),0
CHUNK_SAMPLE_MISSING,info,community-uploads/forrest/volcomp/PHercMAN5/volumes/20260311104824-2.399um-0.2m-78keV-masked.zarr,4,1.0.1,shard object absent (reads as fill),0
CHUNK_SAMPLE_MISSING,info,community-uploads/forrest/volcomp/PHercMAN5/volumes/20260311104824-2.399um-0.2m-78keV-masked.zarr,4,1.1.1,shard object absent (reads as fill),0
CHUNK_SAMPLE_MISSING,info,community-uploads/forrest/volcomp/PHercMAN5/volumes/20260311104824-2.399um-0.2m-78keV-masked.zarr,5,0.0.0,inner chunk absent from shard index,0
CHUNK_SAMPLE_MISSING,info,community-uploads/forrest/volcomp/PHercMAN5/volumes/20260311104824-2.399um-0.2m-78keV-masked.zarr,5,4.0.0,inner chunk absent from shard index,0
CHUNK_SAMPLE_MISSING,info,community-uploads/forrest/volcomp/PHercMAN5/volumes/20260311104824-2.399um-0.2m-78keV-masked.zarr,5,7.4.4,inner chunk absent from shard index,0
CHUNK_SAMPLE_MISSING,info,community-uploads/forrest/volcomp/PHerc1545/volumes/20250821151648-9.362um-1.2m-113keV-masked.zarr,0,0.0.0,inner chunk absent from shard index,0
CHUNK_SAMPLE_MISSING,info,community-uploads/forrest/volcomp/PHerc1545/volumes/20250821151648-9.362um-1.2m-113keV-masked.zarr,0,4.0.0,inner chunk absent from shard index,0
CHUNK_SAMPLE_POPULATED,info,community-uploads/forrest/volcomp/PHerc1545/volumes/20250821151648-9.362um-1.2m-113keV-masked.zarr,0,7.7.7,center 16^3 block: 4096/4096 differ from fill (0); 1330 stored bytes,9527
CHUNK_SAMPLE_MISSING,info,community-uploads/forrest/volcomp/PHerc1545/volumes/20250821151648-9.362um-1.2m-113keV-masked.zarr,0,7.0.0,shard object absent (reads as fill),0
CHUNK_SAMPLE_MISSING,info,community-uploads/forrest/volcomp/PHerc1545/volumes/20250821151648-9.362um-1.2m-113keV-masked.zarr,0,13.7.7,shard object absent (reads as fill),0
CHUNK_SAMPLE_MISSING,info,community-uploads/forrest/volcomp/PHerc1545/volumes/20250821151648-9.362um-1.2m-113keV-masked.zarr,0,20.7.7,shard object absent (reads as fill),0
CHUNK_SAMPLE_MISSING,info,community-uploads/forrest/volcomp/PHerc1545/volumes/20250821151648-9.362um-1.2m-113keV-masked.zarr,1,0.0.0,inner chunk absent from shard index,0
CHUNK_SAMPLE_MISSING,info,community-uploads/forrest/volcomp/PHerc1545/volumes/20250821151648-9.362um-1.2m-113keV-masked.zarr,1,4.0.0,inner chunk absent from shard index,0
CHUNK_SAMPLE_POPULATED,info,community-uploads/forrest/volcomp/PHerc1545/volumes/20250821151648-9.362um-1.2m-113keV-masked.zarr,1,7.7.7,148385/2097152 valid voxels differ from fill (0); 9121 stored bytes,17318
CHUNK_SAMPLE_POPULATED,info,community-uploads/forrest/volcomp/PHerc1545/volumes/20250821151648-9.362um-1.2m-113keV-masked.zarr,1,24.16.16,center 16^3 block: 4096/4096 differ from fill (0); 251772 stored bytes,259969
CHUNK_SAMPLE_POPULATED,info,community-uploads/forrest/volcomp/PHerc1545/volumes/20250821151648-9.362um-1.2m-113keV-masked.zarr,1,28.16.16,center 16^3 block: 4096/4096 differ from fill (0); 285561 stored bytes,285561
CHUNK_SAMPLE_MISSING,info,community-uploads/forrest/volcomp/PHerc1545/volumes/20250821151648-9.362um-1.2m-113keV-masked.zarr,1,31.23.23,inner chunk absent from shard index,0
CHUNK_SAMPLE_MISSING,info,community-uploads/forrest/volcomp/PHerc1545/volumes/20250821151648-9.362um-1.2m-113keV-masked.zarr,1,56.8.8,inner chunk absent from shard index,0
CHUNK_SAMPLE_MISSING,info,community-uploads/forrest/volcomp/PHerc1545/volumes/20250821151648-9.362um-1.2m-113keV-masked.zarr,1,60.8.8,inner chunk absent from shard index,0
CHUNK_SAMPLE_POPULATED,info,community-uploads/forrest/volcomp/PHerc1545/volumes/20250821151648-9.362um-1.2m-113keV-masked.zarr,1,63.15.15,center 16^3 block: 4096/4096 differ from fill (0); 269104 stored bytes,277301
CHUNK_SAMPLE_MISSING,info,community-uploads/forrest/volcomp/PHerc1545/volumes/20250821151648-9.362um-1.2m-113keV-masked.zarr,1,10.3.3,shard object absent (reads as fill),0
CHUNK_SAMPLE_MISSING,info,community-uploads/forrest/volcomp/PHerc1545/volumes/20250821151648-9.362um-1.2m-113keV-masked.zarr,2,0.0.0,inner chunk absent from shard index,0
CHUNK_SAMPLE_MISSING,info,community-uploads/forrest/volcomp/PHerc1545/volumes/20250821151648-9.362um-1.2m-113keV-masked.zarr,2,4.0.0,inner chunk absent from shard index,0
CHUNK_SAMPLE_POPULATED,info,community-uploads/forrest/volcomp/PHerc1545/volumes/20250821151648-9.362um-1.2m-113keV-masked.zarr,2,7.7.7,center 16^3 block: 4096/4096 differ from fill (0); 588749 stored bytes,596946
CHUNK_SAMPLE_MISSING,info,community-uploads/forrest/volcomp/PHerc1545/volumes/20250821151648-9.362um-1.2m-113keV-masked.zarr,2,16.0.0,inner chunk absent from shard index,0
CHUNK_SAMPLE_MISSING,info,community-uploads/forrest/volcomp/PHerc1545/volumes/20250821151648-9.362um-1.2m-113keV-masked.zarr,2,20.0.0,inner chunk absent from shard index,0
CHUNK_SAMPLE_POPULATED,info,community-uploads/forrest/volcomp/PHerc1545/volumes/20250821151648-9.362um-1.2m-113keV-masked.zarr,2,23.7.7,center 16^3 block: 4096/4096 differ from fill (0); 501780 stored bytes,509977
CHUNK_SAMPLE_MISSING,info,community-uploads/forrest/volcomp/PHerc1545/volumes/20250821151648-9.362um-1.2m-113keV-masked.zarr,2,24.8.8,inner chunk absent from shard index,0
CHUNK_SAMPLE_MISSING,info,community-uploads/forrest/volcomp/PHerc1545/volumes/20250821151648-9.362um-1.2m-113keV-masked.zarr,2,28.8.8,inner chunk absent from shard index,0
CHUNK_SAMPLE_MISSING,info,community-uploads/forrest/volcomp/PHerc1545/volumes/20250821151648-9.362um-1.2m-113keV-masked.zarr,2,31.14.14,inner chunk absent from shard index,0
CHUNK_SAMPLE_MISSING,info,community-uploads/forrest/volcomp/PHerc1545/volumes/20250821151648-9.362um-1.2m-113keV-masked.zarr,2,40.8.8,inner chunk absent from shard index,0
CHUNK_SAMPLE_MISSING,info,community-uploads/forrest/volcomp/PHerc1545/volumes/20250821151648-9.362um-1.2m-113keV-masked.zarr,2,40.11.11,inner chunk absent from shard index,0
CHUNK_SAMPLE_MISSING,info,community-uploads/forrest/volcomp/PHerc1545/volumes/20250821151648-9.362um-1.2m-113keV-masked.zarr,2,40.14.14,inner chunk absent from shard index,0
CHUNK_SAMPLE_POPULATED,info,community-uploads/forrest/volcomp/PHerc1545/volumes/20250821151648-9.362um-1.2m-113keV-masked.zarr,3,0.0.0,262144/2097152 valid voxels differ from fill (0); 3999 stored bytes,12196
CHUNK_SAMPLE_MISSING,info,community-uploads/forrest/volcomp/PHerc1545/volumes/20250821151648-9.362um-1.2m-113keV-masked.zarr,3,4.0.0,inner chunk absent from shard index,0
CHUNK_SAMPLE_MISSING,info,community-uploads/forrest/volcomp/PHerc1545/volumes/20250821151648-9.362um-1.2m-113keV-masked.zarr,3,7.7.7,inner chunk absent from shard index,0
CHUNK_SAMPLE_MISSING,info,community-uploads/forrest/volcomp/PHerc1545/volumes/20250821151648-9.362um-1.2m-113keV-masked.zarr,3,8.0.0,inner chunk absent from shard index,0
CHUNK_SAMPLE_MISSING,info,community-uploads/forrest/volcomp/PHerc1545/volumes/20250821151648-9.362um-1.2m-113keV-masked.zarr,3,12.0.0,inner chunk absent from shard index,0
CHUNK_SAMPLE_MISSING,info,community-uploads/forrest/volcomp/PHerc1545/volumes/20250821151648-9.362um-1.2m-113keV-masked.zarr,3,15.7.7,inner chunk absent from shard index,0
CHUNK_SAMPLE_MISSING,info,community-uploads/forrest/volcomp/PHerc1545/volumes/20250821151648-9.362um-1.2m-113keV-masked.zarr,3,16.0.0,inner chunk absent from shard index,0
CHUNK_SAMPLE_MISSING,info,community-uploads/forrest/volcomp/PHerc1545/volumes/20250821151648-9.362um-1.2m-113keV-masked.zarr,3,18.4.0,inner chunk absent from shard index,0
CHUNK_SAMPLE_MISSING,info,community-uploads/forrest/volcomp/PHerc1545/volumes/20250821151648-9.362um-1.2m-113keV-masked.zarr,3,20.7.7,inner chunk absent from shard index,0
CHUNK_SAMPLE_MISSING,info,community-uploads/forrest/volcomp/PHerc1545/volumes/20250821151648-9.362um-1.2m-113keV-masked.zarr,4,0.0.0,inner chunk absent from shard index,0
CHUNK_SAMPLE_MISSING,info,community-uploads/forrest/volcomp/PHerc1545/volumes/20250821151648-9.362um-1.2m-113keV-masked.zarr,4,4.0.0,inner chunk absent from shard index,0
CHUNK_SAMPLE_MISSING,info,community-uploads/forrest/volcomp/PHerc1545/volumes/20250821151648-9.362um-1.2m-113keV-masked.zarr,4,7.3.3,inner chunk absent from shard index,0
CHUNK_SAMPLE_MISSING,info,community-uploads/forrest/volcomp/PHerc1545/volumes/20250821151648-9.362um-1.2m-113keV-masked.zarr,4,8.0.0,inner chunk absent from shard index,0
CHUNK_SAMPLE_MISSING,info,community-uploads/forrest/volcomp/PHerc1545/volumes/20250821151648-9.362um-1.2m-113keV-masked.zarr,4,9.2.0,inner chunk absent from shard index,0
CHUNK_SAMPLE_MISSING,info,community-uploads/forrest/volcomp/PHerc1545/volumes/20250821151648-9.362um-1.2m-113keV-masked.zarr,4,10.3.3,inner chunk absent from shard index,0
CHUNK_SAMPLE_MISSING,info,community-uploads/forrest/volcomp/PHerc1545/volumes/20250821151648-9.362um-1.2m-113keV-masked.zarr,5,0.0.0,inner chunk absent from shard index,0
CHUNK_SAMPLE_MISSING,info,community-uploads/forrest/volcomp/PHerc1545/volumes/20250821151648-9.362um-1.2m-113keV-masked.zarr,5,3.0.0,inner chunk absent from shard index,0
CHUNK_SAMPLE_MISSING,info,community-uploads/forrest/volcomp/PHerc1545/volumes/20250821151648-9.362um-1.2m-113keV-masked.zarr,5,5.1.1,inner chunk absent from shard index,0
CHUNK_SAMPLE_MISSING,info,community-uploads/forrest/volcomp/PHercMANBp/volumes/20251216152116-2.399um-0.2m-78keV-masked.zarr,0,0.0.0,shard object absent (reads as fill),0
CHUNK_SAMPLE_MISSING,info,community-uploads/forrest/volcomp/PHercMANBp/volumes/20251216152116-2.399um-0.2m-78keV-masked.zarr,0,5.8.8,shard object absent (reads as fill),0
CHUNK_SAMPLE_MISSING,info,community-uploads/forrest/volcomp/PHercMANBp/volumes/20251216152116-2.399um-0.2m-78keV-masked.zarr,0,11.4.4,shard object absent (reads as fill),0
CHUNK_SAMPLE_MISSING,info,community-uploads/forrest/volcomp/PHercMANBp/volumes/20251216152116-2.399um-0.2m-78keV-masked.zarr,0,16.12.12,shard object absent (reads as fill),0
CHUNK_SAMPLE_MISSING,info,community-uploads/forrest/volcomp/PHercMANBp/volumes/20251216152116-2.399um-0.2m-78keV-masked.zarr,1,0.0.0,shard object absent (reads as fill),0
CHUNK_SAMPLE_MISSING,info,community-uploads/forrest/volcomp/PHercMANBp/volumes/20251216152116-2.399um-0.2m-78keV-masked.zarr,1,3.0.0,shard object absent (reads as fill),0
CHUNK_SAMPLE_MISSING,info,community-uploads/forrest/volcomp/PHercMANBp/volumes/20251216152116-2.399um-0.2m-78keV-masked.zarr,1,5.6.6,shard object absent (reads as fill),0
CHUNK_SAMPLE_MISSING,info,community-uploads/forrest/volcomp/PHercMANBp/volumes/20251216152116-2.399um-0.2m-78keV-masked.zarr,1,8.6.6,shard object absent (reads as fill),0
CHUNK_SAMPLE_MISSING,info,community-uploads/forrest/volcomp/PHercMANBp/volumes/20251216152116-2.399um-0.2m-78keV-masked.zarr,2,0.0.0,shard object absent (reads as fill),0
CHUNK_SAMPLE_MISSING,info,community-uploads/forrest/volcomp/PHercMANBp/volumes/20251216152116-2.399um-0.2m-78keV-masked.zarr,2,8.16.16,inner chunk absent from shard index,0
CHUNK_SAMPLE_MISSING,info,community-uploads/forrest/volcomp/PHercMANBp/volumes/20251216152116-2.399um-0.2m-78keV-masked.zarr,2,12.16.16,inner chunk absent from shard index,0
CHUNK_SAMPLE_MISSING,info,community-uploads/forrest/volcomp/PHercMANBp/volumes/20251216152116-2.399um-0.2m-78keV-masked.zarr,2,15.23.23,inner chunk absent from shard index,0
CHUNK_SAMPLE_MISSING,info,community-uploads/forrest/volcomp/PHercMANBp/volumes/20251216152116-2.399um-0.2m-78keV-masked.zarr,2,24.8.8,inner chunk absent from shard index,0
CHUNK_SAMPLE_MISSING,info,community-uploads/forrest/volcomp/PHercMANBp/volumes/20251216152116-2.399um-0.2m-78keV-masked.zarr,2,28.8.8,inner chunk absent from shard index,0
CHUNK_SAMPLE_MISSING,info,community-uploads/forrest/volcomp/PHercMANBp/volumes/20251216152116-2.399um-0.2m-78keV-masked.zarr,2,31.15.15,inner chunk absent from shard index,0
CHUNK_SAMPLE_MISSING,info,community-uploads/forrest/volcomp/PHercMANBp/volumes/20251216152116-2.399um-0.2m-78keV-masked.zarr,2,4.3.3,shard object absent (reads as fill),0
CHUNK_SAMPLE_MISSING,info,community-uploads/forrest/volcomp/PHercMANBp/volumes/20251216152116-2.399um-0.2m-78keV-masked.zarr,3,0.0.0,inner chunk absent from shard index,0
CHUNK_SAMPLE_MISSING,info,community-uploads/forrest/volcomp/PHercMANBp/volumes/20251216152116-2.399um-0.2m-78keV-masked.zarr,3,4.0.0,inner chunk absent from shard index,0
CHUNK_SAMPLE_POPULATED,info,community-uploads/forrest/volcomp/PHercMANBp/volumes/20251216152116-2.399um-0.2m-78keV-masked.zarr,3,7.7.7,center 16^3 block: 3308/4096 differ from fill (0); 407335 stored bytes,415532
CHUNK_SAMPLE_MISSING,info,community-uploads/forrest/volcomp/PHercMANBp/volumes/20251216152116-2.399um-0.2m-78keV-masked.zarr,3,8.0.0,inner chunk absent from shard index,0
CHUNK_SAMPLE_MISSING,info,community-uploads/forrest/volcomp/PHercMANBp/volumes/20251216152116-2.399um-0.2m-78keV-masked.zarr,3,12.0.0,inner chunk absent from shard index,0
CHUNK_SAMPLE_MISSING,info,community-uploads/forrest/volcomp/PHercMANBp/volumes/20251216152116-2.399um-0.2m-78keV-masked.zarr,3,15.7.7,inner chunk absent from shard index,0
CHUNK_SAMPLE_MISSING,info,community-uploads/forrest/volcomp/PHercMANBp/volumes/20251216152116-2.399um-0.2m-78keV-masked.zarr,3,8.8.8,inner chunk absent from shard index,0
CHUNK_SAMPLE_MISSING,info,community-uploads/forrest/volcomp/PHercMANBp/volumes/20251216152116-2.399um-0.2m-78keV-masked.zarr,3,12.8.8,inner chunk absent from shard index,0
CHUNK_SAMPLE_MISSING,info,community-uploads/forrest/volcomp/PHercMANBp/volumes/20251216152116-2.399um-0.2m-78keV-masked.zarr,3,15.12.12,inner chunk absent from shard index,0
CHUNK_SAMPLE_MISSING,info,community-uploads/forrest/volcomp/PHercMANBp/volumes/20251216152116-2.399um-0.2m-78keV-masked.zarr,3,2.1.1,shard object absent (reads as fill),0
CHUNK_SAMPLE_MISSING,info,community-uploads/forrest/volcomp/PHercMANBp/volumes/20251216152116-2.399um-0.2m-78keV-masked.zarr,4,0.0.0,inner chunk absent from shard index,0
CHUNK_SAMPLE_MISSING,info,community-uploads/forrest/volcomp/PHercMANBp/volumes/20251216152116-2.399um-0.2m-78keV-masked.zarr,4,4.0.0,inner chunk absent from shard index,0
CHUNK_SAMPLE_MISSING,info,community-uploads/forrest/volcomp/PHercMANBp/volumes/20251216152116-2.399um-0.2m-78keV-masked.zarr,4,7.6.6,inner chunk absent from shard index,0
CHUNK_SAMPLE_MISSING,info,community-uploads/forrest/volcomp/PHercMANBp/volumes/20251216152116-2.399um-0.2m-78keV-masked.zarr,4,8.0.0,inner chunk absent from shard index,0
CHUNK_SAMPLE_MISSING,info,community-uploads/forrest/volcomp/PHercMANBp/volumes/20251216152116-2.399um-0.2m-78keV-masked.zarr,4,8.3.3,inner chunk absent from shard index,0
CHUNK_SAMPLE_MISSING,info,community-uploads/forrest/volcomp/PHercMANBp/volumes/20251216152116-2.399um-0.2m-78keV-masked.zarr,4,8.6.6,inner chunk absent from shard index,0
CHUNK_SAMPLE_MISSING,info,community-uploads/forrest/volcomp/PHercMANBp/volumes/20251216152116-2.399um-0.2m-78keV-masked.zarr,5,0.0.0,inner chunk absent from shard index,0
CHUNK_SAMPLE_MISSING,info,community-uploads/forrest/volcomp/PHercMANBp/volumes/20251216152116-2.399um-0.2m-78keV-masked.zarr,5,2.2.0,inner chunk absent from shard index,0
CHUNK_SAMPLE_MISSING,info,community-uploads/forrest/volcomp/PHercMANBp/volumes/20251216152116-2.399um-0.2m-78keV-masked.zarr,5,4.3.3,inner chunk absent from shard index,0
CHUNK_SAMPLE_MISSING,info,community-uploads/forrest/volcomp/PHerc1667/volumes/20260323082859-1.129um-0.2m-59keV-masked.zarr,0,0.0.0,shard object absent (reads as fill),0
CHUNK_SAMPLE_MISSING,info,community-uploads/forrest/volcomp/PHerc1667/volumes/20260323082859-1.129um-0.2m-59keV-masked.zarr,0,14.0.0,shard object absent (reads as fill),0
CHUNK_SAMPLE_MISSING,info,community-uploads/forrest/volcomp/PHerc1667/volumes/20260323082859-1.129um-0.2m-59keV-masked.zarr,0,27.21.19,shard object absent (reads as fill),0
CHUNK_SAMPLE_MISSING,info,community-uploads/forrest/volcomp/PHerc1667/volumes/20260323082859-1.129um-0.2m-59keV-masked.zarr,0,41.21.19,shard object absent (reads as fill),0
CHUNK_SAMPLE_MISSING,info,community-uploads/forrest/volcomp/PHerc1667/volumes/20260323082859-1.129um-0.2m-59keV-masked.zarr,1,0.0.0,shard object absent (reads as fill),0
CHUNK_SAMPLE_MISSING,info,community-uploads/forrest/volcomp/PHerc1667/volumes/20260323082859-1.129um-0.2m-59keV-masked.zarr,1,7.0.0,shard object absent (reads as fill),0
CHUNK_SAMPLE_MISSING,info,community-uploads/forrest/volcomp/PHerc1667/volumes/20260323082859-1.129um-0.2m-59keV-masked.zarr,1,13.10.9,shard object absent (reads as fill),0
CHUNK_SAMPLE_MISSING,info,community-uploads/forrest/volcomp/PHerc1667/volumes/20260323082859-1.129um-0.2m-59keV-masked.zarr,1,20.10.9,shard object absent (reads as fill),0
CHUNK_SAMPLE_MISSING,info,community-uploads/forrest/volcomp/PHerc1667/volumes/20260323082859-1.129um-0.2m-59keV-masked.zarr,2,0.0.0,inner chunk absent from shard index,0
CHUNK_SAMPLE_MISSING,info,community-uploads/forrest/volcomp/PHerc1667/volumes/20260323082859-1.129um-0.2m-59keV-masked.zarr,2,4.0.0,inner chunk absent from shard index,0
CHUNK_SAMPLE_POPULATED,info,community-uploads/forrest/volcomp/PHerc1667/volumes/20260323082859-1.129um-0.2m-59keV-masked.zarr,2,7.7.7,center 16^3 block: 4002/4096 differ from fill (0); 167365 stored bytes,175562
CHUNK_SAMPLE_MISSING,info,community-uploads/forrest/volcomp/PHerc1667/volumes/20260323082859-1.129um-0.2m-59keV-masked.zarr,2,24.32.0,inner chunk absent from shard index,0
CHUNK_SAMPLE_MISSING,info,community-uploads/forrest/volcomp/PHerc1667/volumes/20260323082859-1.129um-0.2m-59keV-masked.zarr,2,28.32.0,inner chunk absent from shard index,0
CHUNK_SAMPLE_MISSING,info,community-uploads/forrest/volcomp/PHerc1667/volumes/20260323082859-1.129um-0.2m-59keV-masked.zarr,2,31.39.7,inner chunk absent from shard index,0
CHUNK_SAMPLE_POPULATED,info,community-uploads/forrest/volcomp/PHerc1667/volumes/20260323082859-1.129um-0.2m-59keV-masked.zarr,2,56.8.32,center 16^3 block: 4096/4096 differ from fill (0); 116649 stored bytes,124846
CHUNK_SAMPLE_POPULATED,info,community-uploads/forrest/volcomp/PHerc1667/volumes/20260323082859-1.129um-0.2m-59keV-masked.zarr,2,60.8.32,center 16^3 block: 4096/4096 differ from fill (0); 113604 stored bytes,113604
CHUNK_SAMPLE_POPULATED,info,community-uploads/forrest/volcomp/PHerc1667/volumes/20260323082859-1.129um-0.2m-59keV-masked.zarr,2,63.15.39,center 16^3 block: 2317/4096 differ from fill (0); 68723 stored bytes,68723
CHUNK_SAMPLE_MISSING,info,community-uploads/forrest/volcomp/PHerc1667/volumes/20260323082859-1.129um-0.2m-59keV-masked.zarr,2,10.5.4,shard object absent (reads as fill),0
CHUNK_SAMPLE_MISSING,info,community-uploads/forrest/volcomp/PHerc1667/volumes/20260323082859-1.129um-0.2m-59keV-masked.zarr,3,0.0.0,inner chunk absent from shard index,0
CHUNK_SAMPLE_MISSING,info,community-uploads/forrest/volcomp/PHerc1667/volumes/20260323082859-1.129um-0.2m-59keV-masked.zarr,3,4.0.0,inner chunk absent from shard index,0
CHUNK_SAMPLE_POPULATED,info,community-uploads/forrest/volcomp/PHerc1667/volumes/20260323082859-1.129um-0.2m-59keV-masked.zarr,3,7.7.7,center 16^3 block: 4096/4096 differ from fill (0); 348629 stored bytes,356826
CHUNK_SAMPLE_MISSING,info,community-uploads/forrest/volcomp/PHerc1667/volumes/20260323082859-1.129um-0.2m-59keV-masked.zarr,3,16.0.0,inner chunk absent from shard index,0
CHUNK_SAMPLE_MISSING,info,community-uploads/forrest/volcomp/PHerc1667/volumes/20260323082859-1.129um-0.2m-59keV-masked.zarr,3,20.0.0,inner chunk absent from shard index,0
CHUNK_SAMPLE_POPULATED,info,community-uploads/forrest/volcomp/PHerc1667/volumes/20260323082859-1.129um-0.2m-59keV-masked.zarr,3,23.7.7,center 16^3 block: 4096/4096 differ from fill (0); 371867 stored bytes,380064
CHUNK_SAMPLE_POPULATED,info,community-uploads/forrest/volcomp/PHerc1667/volumes/20260323082859-1.129um-0.2m-59keV-masked.zarr,3,24.16.16,310896/2097152 valid voxels differ from fill (0); 59070 stored bytes,62147
CHUNK_SAMPLE_MISSING,info,community-uploads/forrest/volcomp/PHerc1667/volumes/20260323082859-1.129um-0.2m-59keV-masked.zarr,3,28.16.16,inner chunk absent from shard index,0
CHUNK_SAMPLE_MISSING,info,community-uploads/forrest/volcomp/PHerc1667/volumes/20260323082859-1.129um-0.2m-59keV-masked.zarr,3,31.21.19,inner chunk absent from shard index,0
CHUNK_SAMPLE_MISSING,info,community-uploads/forrest/volcomp/PHerc1667/volumes/20260323082859-1.129um-0.2m-59keV-masked.zarr,3,40.16.16,inner chunk absent from shard index,0
CHUNK_SAMPLE_MISSING,info,community-uploads/forrest/volcomp/PHerc1667/volumes/20260323082859-1.129um-0.2m-59keV-masked.zarr,3,41.16.16,inner chunk absent from shard index,0
CHUNK_SAMPLE_MISSING,info,community-uploads/forrest/volcomp/PHerc1667/volumes/20260323082859-1.129um-0.2m-59keV-masked.zarr,3,41.21.19,inner chunk absent from shard index,0
CHUNK_SAMPLE_MISSING,info,community-uploads/forrest/volcomp/PHerc1667/volumes/20260323082859-1.129um-0.2m-59keV-masked.zarr,4,0.0.0,inner chunk absent from shard index,0
CHUNK_SAMPLE_MISSING,info,community-uploads/forrest/volcomp/PHerc1667/volumes/20260323082859-1.129um-0.2m-59keV-masked.zarr,4,4.0.0,inner chunk absent from shard index,0
CHUNK_SAMPLE_POPULATED,info,community-uploads/forrest/volcomp/PHerc1667/volumes/20260323082859-1.129um-0.2m-59keV-masked.zarr,4,7.7.7,center 16^3 block: 4095/4096 differ from fill (0); 516741 stored bytes,524938
CHUNK_SAMPLE_MISSING,info,community-uploads/forrest/volcomp/PHerc1667/volumes/20260323082859-1.129um-0.2m-59keV-masked.zarr,4,8.0.0,inner chunk absent from shard index,0
CHUNK_SAMPLE_MISSING,info,community-uploads/forrest/volcomp/PHerc1667/volumes/20260323082859-1.129um-0.2m-59keV-masked.zarr,4,12.0.0,inner chunk absent from shard index,0
CHUNK_SAMPLE_POPULATED,info,community-uploads/forrest/volcomp/PHerc1667/volumes/20260323082859-1.129um-0.2m-59keV-masked.zarr,4,15.7.7,center 16^3 block: 4096/4096 differ from fill (0); 536981 stored bytes,545178
CHUNK_SAMPLE_MISSING,info,community-uploads/forrest/volcomp/PHerc1667/volumes/20260323082859-1.129um-0.2m-59keV-masked.zarr,4,8.8.8,inner chunk absent from shard index,0
CHUNK_SAMPLE_MISSING,info,community-uploads/forrest/volcomp/PHerc1667/volumes/20260323082859-1.129um-0.2m-59keV-masked.zarr,4,12.8.8,inner chunk absent from shard index,0
CHUNK_SAMPLE_MISSING,info,community-uploads/forrest/volcomp/PHerc1667/volumes/20260323082859-1.129um-0.2m-59keV-masked.zarr,4,15.10.9,inner chunk absent from shard index,0
CHUNK_SAMPLE_MISSING,info,community-uploads/forrest/volcomp/PHerc1667/volumes/20260323082859-1.129um-0.2m-59keV-masked.zarr,4,16.8.8,inner chunk absent from shard index,0
CHUNK_SAMPLE_MISSING,info,community-uploads/forrest/volcomp/PHerc1667/volumes/20260323082859-1.129um-0.2m-59keV-masked.zarr,4,18.9.8,inner chunk absent from shard index,0
CHUNK_SAMPLE_MISSING,info,community-uploads/forrest/volcomp/PHerc1667/volumes/20260323082859-1.129um-0.2m-59keV-masked.zarr,4,20.10.9,inner chunk absent from shard index,0
CHUNK_SAMPLE_POPULATED,info,community-uploads/forrest/volcomp/PHerc1667/volumes/20260323082859-1.129um-0.2m-59keV-masked.zarr,5,0.0.0,center 16^3 block: 4096/4096 differ from fill (0); 606465 stored bytes,610310
CHUNK_SAMPLE_POPULATED,info,community-uploads/forrest/volcomp/PHerc1667/volumes/20260323082859-1.129um-0.2m-59keV-masked.zarr,5,4.0.0,center 16^3 block: 4096/4096 differ from fill (0); 523655 stored bytes,523655
CHUNK_SAMPLE_MISSING,info,community-uploads/forrest/volcomp/PHerc1667/volumes/20260323082859-1.129um-0.2m-59keV-masked.zarr,5,7.5.4,inner chunk absent from shard index,0
CHUNK_SAMPLE_MISSING,info,community-uploads/forrest/volcomp/PHerc1667/volumes/20260323082859-1.129um-0.2m-59keV-masked.zarr,5,8.0.0,inner chunk absent from shard index,0
CHUNK_SAMPLE_MISSING,info,community-uploads/forrest/volcomp/PHerc1667/volumes/20260323082859-1.129um-0.2m-59keV-masked.zarr,5,9.2.4,inner chunk absent from shard index,0
CHUNK_SAMPLE_MISSING,info,community-uploads/forrest/volcomp/PHerc1667/volumes/20260323082859-1.129um-0.2m-59keV-masked.zarr,5,10.5.4,inner chunk absent from shard index,0
CHUNK_SAMPLE_MISSING,info,community-uploads/forrest/volcomp/PHercMANBp/volumes/20260427100434-1.129um-0.2m-59keV-masked.zarr,0,0.0.0,shard object absent (reads as fill),0
CHUNK_SAMPLE_MISSING,info,community-uploads/forrest/volcomp/PHercMANBp/volumes/20260427100434-1.129um-0.2m-59keV-masked.zarr,0,11.14.13,shard object absent (reads as fill),0
CHUNK_SAMPLE_MISSING,info,community-uploads/forrest/volcomp/PHercMANBp/volumes/20260427100434-1.129um-0.2m-59keV-masked.zarr,0,23.7.6,shard object absent (reads as fill),0
CHUNK_SAMPLE_MISSING,info,community-uploads/forrest/volcomp/PHercMANBp/volumes/20260427100434-1.129um-0.2m-59keV-masked.zarr,0,34.21.19,shard object absent (reads as fill),0
CHUNK_SAMPLE_MISSING,info,community-uploads/forrest/volcomp/PHercMANBp/volumes/20260427100434-1.129um-0.2m-59keV-masked.zarr,1,0.0.0,shard object absent (reads as fill),0
CHUNK_SAMPLE_MISSING,info,community-uploads/forrest/volcomp/PHercMANBp/volumes/20260427100434-1.129um-0.2m-59keV-masked.zarr,1,6.0.0,shard object absent (reads as fill),0
CHUNK_SAMPLE_MISSING,info,community-uploads/forrest/volcomp/PHercMANBp/volumes/20260427100434-1.129um-0.2m-59keV-masked.zarr,1,11.10.9,shard object absent (reads as fill),0
CHUNK_SAMPLE_MISSING,info,community-uploads/forrest/volcomp/PHercMANBp/volumes/20260427100434-1.129um-0.2m-59keV-masked.zarr,1,17.10.9,shard object absent (reads as fill),0
CHUNK_SAMPLE_MISSING,info,community-uploads/forrest/volcomp/PHercMANBp/volumes/20260427100434-1.129um-0.2m-59keV-masked.zarr,2,0.0.0,shard object absent (reads as fill),0
CHUNK_SAMPLE_MISSING,info,community-uploads/forrest/volcomp/PHercMANBp/volumes/20260427100434-1.129um-0.2m-59keV-masked.zarr,2,3.0.0,shard object absent (reads as fill),0
CHUNK_SAMPLE_MISSING,info,community-uploads/forrest/volcomp/PHercMANBp/volumes/20260427100434-1.129um-0.2m-59keV-masked.zarr,2,5.5.4,shard object absent (reads as fill),0
CHUNK_SAMPLE_MISSING,info,community-uploads/forrest/volcomp/PHercMANBp/volumes/20260427100434-1.129um-0.2m-59keV-masked.zarr,2,8.5.4,shard object absent (reads as fill),0
CHUNK_SAMPLE_MISSING,info,community-uploads/forrest/volcomp/PHercMANBp/volumes/20260427100434-1.129um-0.2m-59keV-masked.zarr,3,0.0.0,inner chunk absent from shard index,0
CHUNK_SAMPLE_MISSING,info,community-uploads/forrest/volcomp/PHercMANBp/volumes/20260427100434-1.129um-0.2m-59keV-masked.zarr,3,4.0.0,inner chunk absent from shard index,0
CHUNK_SAMPLE_POPULATED,info,community-uploads/forrest/volcomp/PHercMANBp/volumes/20260427100434-1.129um-0.2m-59keV-masked.zarr,3,7.7.7,207712/2097152 valid voxels differ from fill (0); 30940 stored bytes,39137
CHUNK_SAMPLE_MISSING,info,community-uploads/forrest/volcomp/PHercMANBp/volumes/20260427100434-1.129um-0.2m-59keV-masked.zarr,3,1.2.0,shard object absent (reads as fill),0
CHUNK_SAMPLE_MISSING,info,community-uploads/forrest/volcomp/PHercMANBp/volumes/20260427100434-1.129um-0.2m-59keV-masked.zarr,3,3.0.2,shard object absent (reads as fill),0
CHUNK_SAMPLE_MISSING,info,community-uploads/forrest/volcomp/PHercMANBp/volumes/20260427100434-1.129um-0.2m-59keV-masked.zarr,3,4.2.2,shard object absent (reads as fill),0
CHUNK_SAMPLE_MISSING,info,community-uploads/forrest/volcomp/PHercMANBp/volumes/20260427100434-1.129um-0.2m-59keV-masked.zarr,4,0.0.0,inner chunk absent from shard index,0
CHUNK_SAMPLE_MISSING,info,community-uploads/forrest/volcomp/PHercMANBp/volumes/20260427100434-1.129um-0.2m-59keV-masked.zarr,4,4.0.0,inner chunk absent from shard index,0
CHUNK_SAMPLE_POPULATED,info,community-uploads/forrest/volcomp/PHercMANBp/volumes/20260427100434-1.129um-0.2m-59keV-masked.zarr,4,7.7.7,308458/2097152 valid voxels differ from fill (0); 96401 stored bytes,104598
CHUNK_SAMPLE_MISSING,info,community-uploads/forrest/volcomp/PHercMANBp/volumes/20260427100434-1.129um-0.2m-59keV-masked.zarr,4,8.0.0,inner chunk absent from shard index,0
CHUNK_SAMPLE_MISSING,info,community-uploads/forrest/volcomp/PHercMANBp/volumes/20260427100434-1.129um-0.2m-59keV-masked.zarr,4,12.0.0,inner chunk absent from shard index,0
CHUNK_SAMPLE_MISSING,info,community-uploads/forrest/volcomp/PHercMANBp/volumes/20260427100434-1.129um-0.2m-59keV-masked.zarr,4,15.7.7,inner chunk absent from shard index,0
CHUNK_SAMPLE_MISSING,info,community-uploads/forrest/volcomp/PHercMANBp/volumes/20260427100434-1.129um-0.2m-59keV-masked.zarr,4,1.1.1,shard object absent (reads as fill),0
CHUNK_SAMPLE_MISSING,info,community-uploads/forrest/volcomp/PHercMANBp/volumes/20260427100434-1.129um-0.2m-59keV-masked.zarr,4,2.1.1,shard object absent (reads as fill),0
CHUNK_SAMPLE_POPULATED,info,community-uploads/forrest/volcomp/PHercMANBp/volumes/20260427100434-1.129um-0.2m-59keV-masked.zarr,5,0.0.0,136867/2097152 valid voxels differ from fill (0); 37525 stored bytes,41370
CHUNK_SAMPLE_MISSING,info,community-uploads/forrest/volcomp/PHercMANBp/volumes/20260427100434-1.129um-0.2m-59keV-masked.zarr,5,4.0.0,inner chunk absent from shard index,0
CHUNK_SAMPLE_MISSING,info,community-uploads/forrest/volcomp/PHercMANBp/volumes/20260427100434-1.129um-0.2m-59keV-masked.zarr,5,7.5.4,inner chunk absent from shard index,0
CHUNK_SAMPLE_MISSING,info,community-uploads/forrest/volcomp/PHercMANBp/volumes/20260427100434-1.129um-0.2m-59keV-masked.zarr,5,8.0.0,inner chunk absent from shard index,0
CHUNK_SAMPLE_MISSING,info,community-uploads/forrest/volcomp/PHercMANBp/volumes/20260427100434-1.129um-0.2m-59keV-masked.zarr,5,8.2.4,inner chunk absent from shard index,0
CHUNK_SAMPLE_MISSING,info,community-uploads/forrest/volcomp/PHercMANBp/volumes/20260427100434-1.129um-0.2m-59keV-masked.zarr,5,8.5.4,inner chunk absent from shard index,0
CHUNK_SAMPLE_MISSING,info,community-uploads/forrest/volcomp/PHercMANB/volumes/20260323091048-2.399um-0.2m-78keV-masked.zarr,0,0.0.0,shard object absent (reads as fill),0
CHUNK_SAMPLE_MISSING,info,community-uploads/forrest/volcomp/PHercMANB/volumes/20260323091048-2.399um-0.2m-78keV-masked.zarr,0,23.18.0,shard object absent (reads as fill),0
CHUNK_SAMPLE_MISSING,info,community-uploads/forrest/volcomp/PHercMANB/volumes/20260323091048-2.399um-0.2m-78keV-masked.zarr,0,47.8.26,shard object absent (reads as fill),0
CHUNK_SAMPLE_MISSING,info,community-uploads/forrest/volcomp/PHercMANB/volumes/20260323091048-2.399um-0.2m-78keV-masked.zarr,0,70.26.26,shard object absent (reads as fill),0
CHUNK_SAMPLE_MISSING,info,community-uploads/forrest/volcomp/PHercMANB/volumes/20260323091048-2.399um-0.2m-78keV-masked.zarr,1,0.0.0,shard object absent (reads as fill),0
CHUNK_SAMPLE_MISSING,info,community-uploads/forrest/volcomp/PHercMANB/volumes/20260323091048-2.399um-0.2m-78keV-masked.zarr,1,12.0.0,shard object absent (reads as fill),0
CHUNK_SAMPLE_MISSING,info,community-uploads/forrest/volcomp/PHercMANB/volumes/20260323091048-2.399um-0.2m-78keV-masked.zarr,1,23.13.13,shard object absent (reads as fill),0
CHUNK_SAMPLE_MISSING,info,community-uploads/forrest/volcomp/PHercMANB/volumes/20260323091048-2.399um-0.2m-78keV-masked.zarr,1,35.13.13,shard object absent (reads as fill),0
CHUNK_SAMPLE_MISSING,info,community-uploads/forrest/volcomp/PHercMANB/volumes/20260323091048-2.399um-0.2m-78keV-masked.zarr,2,0.0.0,shard object absent (reads as fill),0
CHUNK_SAMPLE_MISSING,info,community-uploads/forrest/volcomp/PHercMANB/volumes/20260323091048-2.399um-0.2m-78keV-masked.zarr,2,48.0.0,inner chunk absent from shard index,0
CHUNK_SAMPLE_MISSING,info,community-uploads/forrest/volcomp/PHercMANB/volumes/20260323091048-2.399um-0.2m-78keV-masked.zarr,2,52.0.0,inner chunk absent from shard index,0
CHUNK_SAMPLE_POPULATED,info,community-uploads/forrest/volcomp/PHercMANB/volumes/20260323091048-2.399um-0.2m-78keV-masked.zarr,2,55.7.7,14315/2097152 valid voxels differ from fill (0); 2151 stored bytes,10348
CHUNK_SAMPLE_MISSING,info,community-uploads/forrest/volcomp/PHercMANB/volumes/20260323091048-2.399um-0.2m-78keV-masked.zarr,2,88.48.48,inner chunk absent from shard index,0
CHUNK_SAMPLE_MISSING,info,community-uploads/forrest/volcomp/PHercMANB/volumes/20260323091048-2.399um-0.2m-78keV-masked.zarr,2,92.48.48,inner chunk absent from shard index,0
CHUNK_SAMPLE_MISSING,info,community-uploads/forrest/volcomp/PHercMANB/volumes/20260323091048-2.399um-0.2m-78keV-masked.zarr,2,95.52.52,inner chunk absent from shard index,0
CHUNK_SAMPLE_MISSING,info,community-uploads/forrest/volcomp/PHercMANB/volumes/20260323091048-2.399um-0.2m-78keV-masked.zarr,2,17.6.6,shard object absent (reads as fill),0
CHUNK_SAMPLE_MISSING,info,community-uploads/forrest/volcomp/PHercMANB/volumes/20260323091048-2.399um-0.2m-78keV-masked.zarr,3,0.0.0,inner chunk absent from shard index,0
CHUNK_SAMPLE_MISSING,info,community-uploads/forrest/volcomp/PHercMANB/volumes/20260323091048-2.399um-0.2m-78keV-masked.zarr,3,4.0.0,inner chunk absent from shard index,0
CHUNK_SAMPLE_POPULATED,info,community-uploads/forrest/volcomp/PHercMANB/volumes/20260323091048-2.399um-0.2m-78keV-masked.zarr,3,7.7.7,461088/2097152 valid voxels differ from fill (0); 48489 stored bytes,56686
CHUNK_SAMPLE_MISSING,info,community-uploads/forrest/volcomp/PHercMANB/volumes/20260323091048-2.399um-0.2m-78keV-masked.zarr,3,24.0.0,inner chunk absent from shard index,0
CHUNK_SAMPLE_MISSING,info,community-uploads/forrest/volcomp/PHercMANB/volumes/20260323091048-2.399um-0.2m-78keV-masked.zarr,3,28.0.0,inner chunk absent from shard index,0
CHUNK_SAMPLE_POPULATED,info,community-uploads/forrest/volcomp/PHercMANB/volumes/20260323091048-2.399um-0.2m-78keV-masked.zarr,3,31.7.7,490856/2097152 valid voxels differ from fill (0); 45334 stored bytes,53531
CHUNK_SAMPLE_MISSING,info,community-uploads/forrest/volcomp/PHercMANB/volumes/20260323091048-2.399um-0.2m-78keV-masked.zarr,3,40.24.24,inner chunk absent from shard index,0
CHUNK_SAMPLE_MISSING,info,community-uploads/forrest/volcomp/PHercMANB/volumes/20260323091048-2.399um-0.2m-78keV-masked.zarr,3,44.24.24,inner chunk absent from shard index,0
CHUNK_SAMPLE_MISSING,info,community-uploads/forrest/volcomp/PHercMANB/volumes/20260323091048-2.399um-0.2m-78keV-masked.zarr,3,47.26.26,inner chunk absent from shard index,0
CHUNK_SAMPLE_MISSING,info,community-uploads/forrest/volcomp/PHercMANB/volumes/20260323091048-2.399um-0.2m-78keV-masked.zarr,3,8.3.3,shard object absent (reads as fill),0
CHUNK_SAMPLE_MISSING,info,community-uploads/forrest/volcomp/PHercMANB/volumes/20260323091048-2.399um-0.2m-78keV-masked.zarr,4,0.0.0,inner chunk absent from shard index,0
CHUNK_SAMPLE_MISSING,info,community-uploads/forrest/volcomp/PHercMANB/volumes/20260323091048-2.399um-0.2m-78keV-masked.zarr,4,4.0.0,inner chunk absent from shard index,0
CHUNK_SAMPLE_POPULATED,info,community-uploads/forrest/volcomp/PHercMANB/volumes/20260323091048-2.399um-0.2m-78keV-masked.zarr,4,7.7.7,center 16^3 block: 4096/4096 differ from fill (0); 679630 stored bytes,687827
CHUNK_SAMPLE_MISSING,info,community-uploads/forrest/volcomp/PHercMANB/volumes/20260323091048-2.399um-0.2m-78keV-masked.zarr,4,8.8.0,inner chunk absent from shard index,0
CHUNK_SAMPLE_POPULATED,info,community-uploads/forrest/volcomp/PHercMANB/volumes/20260323091048-2.399um-0.2m-78keV-masked.zarr,4,12.8.0,229033/2097152 valid voxels differ from fill (0); 24901 stored bytes,31050
CHUNK_SAMPLE_MISSING,info,community-uploads/forrest/volcomp/PHercMANB/volumes/20260323091048-2.399um-0.2m-78keV-masked.zarr,4,15.13.7,inner chunk absent from shard index,0
CHUNK_SAMPLE_MISSING,info,community-uploads/forrest/volcomp/PHercMANB/volumes/20260323091048-2.399um-0.2m-78keV-masked.zarr,4,24.0.8,inner chunk absent from shard index,0
CHUNK_SAMPLE_MISSING,info,community-uploads/forrest/volcomp/PHercMANB/volumes/20260323091048-2.399um-0.2m-78keV-masked.zarr,4,28.0.8,inner chunk absent from shard index,0
CHUNK_SAMPLE_MISSING,info,community-uploads/forrest/volcomp/PHercMANB/volumes/20260323091048-2.399um-0.2m-78keV-masked.zarr,4,31.7.13,inner chunk absent from shard index,0
CHUNK_SAMPLE_MISSING,info,community-uploads/forrest/volcomp/PHercMANB/volumes/20260323091048-2.399um-0.2m-78keV-masked.zarr,4,32.8.8,inner chunk absent from shard index,0
CHUNK_SAMPLE_MISSING,info,community-uploads/forrest/volcomp/PHercMANB/volumes/20260323091048-2.399um-0.2m-78keV-masked.zarr,4,34.8.8,inner chunk absent from shard index,0
CHUNK_SAMPLE_MISSING,info,community-uploads/forrest/volcomp/PHercMANB/volumes/20260323091048-2.399um-0.2m-78keV-masked.zarr,4,35.13.13,inner chunk absent from shard index,0
CHUNK_SAMPLE_MISSING,info,community-uploads/forrest/volcomp/PHercMANB/volumes/20260323091048-2.399um-0.2m-78keV-masked.zarr,5,0.0.0,inner chunk absent from shard index,0
CHUNK_SAMPLE_MISSING,info,community-uploads/forrest/volcomp/PHercMANB/volumes/20260323091048-2.399um-0.2m-78keV-masked.zarr,5,4.0.0,inner chunk absent from shard index,0
CHUNK_SAMPLE_MISSING,info,community-uploads/forrest/volcomp/PHercMANB/volumes/20260323091048-2.399um-0.2m-78keV-masked.zarr,5,7.6.6,inner chunk absent from shard index,0
CHUNK_SAMPLE_MISSING,info,community-uploads/forrest/volcomp/PHercMANB/volumes/20260323091048-2.399um-0.2m-78keV-masked.zarr,5,8.0.0,inner chunk absent from shard index,0
CHUNK_SAMPLE_MISSING,info,community-uploads/forrest/volcomp/PHercMANB/volumes/20260323091048-2.399um-0.2m-78keV-masked.zarr,5,12.0.0,inner chunk absent from shard index,0
CHUNK_SAMPLE_MISSING,info,community-uploads/forrest/volcomp/PHercMANB/volumes/20260323091048-2.399um-0.2m-78keV-masked.zarr,5,15.6.6,inner chunk absent from shard index,0
CHUNK_SAMPLE_MISSING,info,community-uploads/forrest/volcomp/PHercMANB/volumes/20260323091048-2.399um-0.2m-78keV-masked.zarr,5,16.0.0,inner chunk absent from shard index,0
CHUNK_SAMPLE_MISSING,info,community-uploads/forrest/volcomp/PHercMANB/volumes/20260323091048-2.399um-0.2m-78keV-masked.zarr,5,16.6.6,inner chunk absent from shard index,0
CHUNK_SAMPLE_MISSING,info,community-uploads/forrest/volcomp/PHercMANB/volumes/20260323091048-2.399um-0.2m-78keV-masked.zarr,5,17.6.6,inner chunk absent from shard index,0
CHUNK_SAMPLE_MISSING,info,community-uploads/forrest/volcomp/PHerc1667/volumes/20251217075048-2.399um-0.2m-78keV-masked.zarr,0,0.0.0,shard object absent (reads as fill),0
CHUNK_SAMPLE_MISSING,info,community-uploads/forrest/volcomp/PHerc1667/volumes/20251217075048-2.399um-0.2m-78keV-masked.zarr,0,12.5.0,shard object absent (reads as fill),0
CHUNK_SAMPLE_MISSING,info,community-uploads/forrest/volcomp/PHerc1667/volumes/20251217075048-2.399um-0.2m-78keV-masked.zarr,0,24.9.14,shard object absent (reads as fill),0
CHUNK_SAMPLE_MISSING,info,community-uploads/forrest/volcomp/PHerc1667/volumes/20251217075048-2.399um-0.2m-78keV-masked.zarr,0,36.14.14,shard object absent (reads as fill),0
CHUNK_SAMPLE_MISSING,info,community-uploads/forrest/volcomp/PHerc1667/volumes/20251217075048-2.399um-0.2m-78keV-masked.zarr,1,0.0.0,shard object absent (reads as fill),0
CHUNK_SAMPLE_MISSING,info,community-uploads/forrest/volcomp/PHerc1667/volumes/20251217075048-2.399um-0.2m-78keV-masked.zarr,1,48.16.40,inner chunk absent from shard index,0
CHUNK_SAMPLE_MISSING,info,community-uploads/forrest/volcomp/PHerc1667/volumes/20251217075048-2.399um-0.2m-78keV-masked.zarr,1,52.16.40,inner chunk absent from shard index,0
CHUNK_SAMPLE_MISSING,info,community-uploads/forrest/volcomp/PHerc1667/volumes/20251217075048-2.399um-0.2m-78keV-masked.zarr,1,55.23.47,inner chunk absent from shard index,0
CHUNK_SAMPLE_POPULATED,info,community-uploads/forrest/volcomp/PHerc1667/volumes/20251217075048-2.399um-0.2m-78keV-masked.zarr,1,96.40.16,center 16^3 block: 4096/4096 differ from fill (0); 98262 stored bytes,106459
CHUNK_SAMPLE_POPULATED,info,community-uploads/forrest/volcomp/PHerc1667/volumes/20251217075048-2.399um-0.2m-78keV-masked.zarr,1,100.40.16,center 16^3 block: 4096/4096 differ from fill (0); 127673 stored bytes,127673
CHUNK_SAMPLE_MISSING,info,community-uploads/forrest/volcomp/PHerc1667/volumes/20251217075048-2.399um-0.2m-78keV-masked.zarr,1,103.47.23,inner chunk absent from shard index,0
CHUNK_SAMPLE_MISSING,info,community-uploads/forrest/volcomp/PHerc1667/volumes/20251217075048-2.399um-0.2m-78keV-masked.zarr,1,18.7.7,shard object absent (reads as fill),0
CHUNK_SAMPLE_MISSING,info,community-uploads/forrest/volcomp/PHerc1667/volumes/20251217075048-2.399um-0.2m-78keV-masked.zarr,2,0.0.0,shard object absent (reads as fill),0
CHUNK_SAMPLE_POPULATED,info,community-uploads/forrest/volcomp/PHerc1667/volumes/20251217075048-2.399um-0.2m-78keV-masked.zarr,2,24.8.8,center 16^3 block: 4096/4096 differ from fill (0); 337180 stored bytes,345377
CHUNK_SAMPLE_POPULATED,info,community-uploads/forrest/volcomp/PHerc1667/volumes/20251217075048-2.399um-0.2m-78keV-masked.zarr,2,28.8.8,center 16^3 block: 4096/4096 differ from fill (0); 423707 stored bytes,423707
CHUNK_SAMPLE_POPULATED,info,community-uploads/forrest/volcomp/PHerc1667/volumes/20251217075048-2.399um-0.2m-78keV-masked.zarr,2,31.15.15,center 16^3 block: 4096/4096 differ from fill (0); 197519 stored bytes,197519
CHUNK_SAMPLE_POPULATED,info,community-uploads/forrest/volcomp/PHerc1667/volumes/20251217075048-2.399um-0.2m-78keV-masked.zarr,2,48.16.16,center 16^3 block: 4096/4096 differ from fill (0); 359086 stored bytes,367283
CHUNK_SAMPLE_POPULATED,info,community-uploads/forrest/volcomp/PHerc1667/volumes/20251217075048-2.399um-0.2m-78keV-masked.zarr,2,52.16.16,center 16^3 block: 4096/4096 differ from fill (0); 325834 stored bytes,325834
CHUNK_SAMPLE_MISSING,info,community-uploads/forrest/volcomp/PHerc1667/volumes/20251217075048-2.399um-0.2m-78keV-masked.zarr,2,55.23.23,inner chunk absent from shard index,0
CHUNK_SAMPLE_MISSING,info,community-uploads/forrest/volcomp/PHerc1667/volumes/20251217075048-2.399um-0.2m-78keV-masked.zarr,2,9.3.3,shard object absent (reads as fill),0
CHUNK_SAMPLE_MISSING,info,community-uploads/forrest/volcomp/PHerc1667/volumes/20251217075048-2.399um-0.2m-78keV-masked.zarr,3,0.0.0,inner chunk absent from shard index,0
CHUNK_SAMPLE_MISSING,info,community-uploads/forrest/volcomp/PHerc1667/volumes/20251217075048-2.399um-0.2m-78keV-masked.zarr,3,4.0.0,inner chunk absent from shard index,0
CHUNK_SAMPLE_POPULATED,info,community-uploads/forrest/volcomp/PHerc1667/volumes/20251217075048-2.399um-0.2m-78keV-masked.zarr,3,7.7.7,center 16^3 block: 4096/4096 differ from fill (0); 776486 stored bytes,784683
CHUNK_SAMPLE_POPULATED,info,community-uploads/forrest/volcomp/PHerc1667/volumes/20251217075048-2.399um-0.2m-78keV-masked.zarr,3,8.8.0,1761/2097152 valid voxels differ from fill (0); 1205 stored bytes,8378
CHUNK_SAMPLE_MISSING,info,community-uploads/forrest/volcomp/PHerc1667/volumes/20251217075048-2.399um-0.2m-78keV-masked.zarr,3,12.8.0,inner chunk absent from shard index,0
CHUNK_SAMPLE_MISSING,info,community-uploads/forrest/volcomp/PHerc1667/volumes/20251217075048-2.399um-0.2m-78keV-masked.zarr,3,15.14.7,inner chunk absent from shard index,0
CHUNK_SAMPLE_MISSING,info,community-uploads/forrest/volcomp/PHerc1667/volumes/20251217075048-2.399um-0.2m-78keV-masked.zarr,3,24.0.8,inner chunk absent from shard index,0
CHUNK_SAMPLE_POPULATED,info,community-uploads/forrest/volcomp/PHerc1667/volumes/20251217075048-2.399um-0.2m-78keV-masked.zarr,3,28.0.8,center 16^3 block: 4096/4096 differ from fill (0); 698055 stored bytes,705228
CHUNK_SAMPLE_MISSING,info,community-uploads/forrest/volcomp/PHerc1667/volumes/20251217075048-2.399um-0.2m-78keV-masked.zarr,3,31.7.14,inner chunk absent from shard index,0
CHUNK_SAMPLE_MISSING,info,community-uploads/forrest/volcomp/PHerc1667/volumes/20251217075048-2.399um-0.2m-78keV-masked.zarr,3,32.8.8,inner chunk absent from shard index,0
CHUNK_SAMPLE_MISSING,info,community-uploads/forrest/volcomp/PHerc1667/volumes/20251217075048-2.399um-0.2m-78keV-masked.zarr,3,34.11.11,inner chunk absent from shard index,0
CHUNK_SAMPLE_MISSING,info,community-uploads/forrest/volcomp/PHerc1667/volumes/20251217075048-2.399um-0.2m-78keV-masked.zarr,3,36.14.14,inner chunk absent from shard index,0
CHUNK_SAMPLE_MISSING,info,community-uploads/forrest/volcomp/PHerc1667/volumes/20251217075048-2.399um-0.2m-78keV-masked.zarr,4,0.0.0,inner chunk absent from shard index,0
CHUNK_SAMPLE_MISSING,info,community-uploads/forrest/volcomp/PHerc1667/volumes/20251217075048-2.399um-0.2m-78keV-masked.zarr,4,4.0.0,inner chunk absent from shard index,0
CHUNK_SAMPLE_MISSING,info,community-uploads/forrest/volcomp/PHerc1667/volumes/20251217075048-2.399um-0.2m-78keV-masked.zarr,4,7.7.7,inner chunk absent from shard index,0
CHUNK_SAMPLE_MISSING,info,community-uploads/forrest/volcomp/PHerc1667/volumes/20251217075048-2.399um-0.2m-78keV-masked.zarr,4,8.0.0,inner chunk absent from shard index,0
CHUNK_SAMPLE_MISSING,info,community-uploads/forrest/volcomp/PHerc1667/volumes/20251217075048-2.399um-0.2m-78keV-masked.zarr,4,12.0.0,inner chunk absent from shard index,0
CHUNK_SAMPLE_MISSING,info,community-uploads/forrest/volcomp/PHerc1667/volumes/20251217075048-2.399um-0.2m-78keV-masked.zarr,4,15.7.7,inner chunk absent from shard index,0
CHUNK_SAMPLE_MISSING,info,community-uploads/forrest/volcomp/PHerc1667/volumes/20251217075048-2.399um-0.2m-78keV-masked.zarr,4,16.0.0,inner chunk absent from shard index,0
CHUNK_SAMPLE_MISSING,info,community-uploads/forrest/volcomp/PHerc1667/volumes/20251217075048-2.399um-0.2m-78keV-masked.zarr,4,17.4.0,inner chunk absent from shard index,0
CHUNK_SAMPLE_MISSING,info,community-uploads/forrest/volcomp/PHerc1667/volumes/20251217075048-2.399um-0.2m-78keV-masked.zarr,4,18.7.7,inner chunk absent from shard index,0
CHUNK_SAMPLE_MISSING,info,community-uploads/forrest/volcomp/PHerc1667/volumes/20251217075048-2.399um-0.2m-78keV-masked.zarr,5,0.0.0,inner chunk absent from shard index,0
CHUNK_SAMPLE_MISSING,info,community-uploads/forrest/volcomp/PHerc1667/volumes/20251217075048-2.399um-0.2m-78keV-masked.zarr,5,4.0.0,inner chunk absent from shard index,0
CHUNK_SAMPLE_MISSING,info,community-uploads/forrest/volcomp/PHerc1667/volumes/20251217075048-2.399um-0.2m-78keV-masked.zarr,5,7.3.3,inner chunk absent from shard index,0
CHUNK_SAMPLE_MISSING,info,community-uploads/forrest/volcomp/PHerc1667/volumes/20251217075048-2.399um-0.2m-78keV-masked.zarr,5,8.0.0,inner chunk absent from shard index,0
CHUNK_SAMPLE_MISSING,info,community-uploads/forrest/volcomp/PHerc1667/volumes/20251217075048-2.399um-0.2m-78keV-masked.zarr,5,9.0.0,inner chunk absent from shard index,0
CHUNK_SAMPLE_MISSING,info,community-uploads/forrest/volcomp/PHerc1667/volumes/20251217075048-2.399um-0.2m-78keV-masked.zarr,5,9.3.3,inner chunk absent from shard index,0
CHUNK_SAMPLE_MISSING,info,community-uploads/forrest/volcomp/PHercParis4/volumes/20260310170716-45.532um-11.0m-74keV-masked.zarr,0,0.0.0,inner chunk absent from shard index,0
CHUNK_SAMPLE_MISSING,info,community-uploads/forrest/volcomp/PHercParis4/volumes/20260310170716-45.532um-11.0m-74keV-masked.zarr,0,4.0.0,inner chunk absent from shard index,0
CHUNK_SAMPLE_POPULATED,info,community-uploads/forrest/volcomp/PHercParis4/volumes/20260310170716-45.532um-11.0m-74keV-masked.zarr,0,7.7.7,center 16^3 block: 4096/4096 differ from fill (0); 48216 stored bytes,56413
CHUNK_SAMPLE_MISSING,info,community-uploads/forrest/volcomp/PHercParis4/volumes/20260310170716-45.532um-11.0m-74keV-masked.zarr,0,8.8.0,inner chunk absent from shard index,0
CHUNK_SAMPLE_MISSING,info,community-uploads/forrest/volcomp/PHercParis4/volumes/20260310170716-45.532um-11.0m-74keV-masked.zarr,0,12.8.0,inner chunk absent from shard index,0
CHUNK_SAMPLE_MISSING,info,community-uploads/forrest/volcomp/PHercParis4/volumes/20260310170716-45.532um-11.0m-74keV-masked.zarr,0,15.15.7,inner chunk absent from shard index,0
CHUNK_SAMPLE_MISSING,info,community-uploads/forrest/volcomp/PHercParis4/volumes/20260310170716-45.532um-11.0m-74keV-masked.zarr,0,16.8.16,inner chunk absent from shard index,0
CHUNK_SAMPLE_MISSING,info,community-uploads/forrest/volcomp/PHercParis4/volumes/20260310170716-45.532um-11.0m-74keV-masked.zarr,0,20.8.16,inner chunk absent from shard index,0
CHUNK_SAMPLE_MISSING,info,community-uploads/forrest/volcomp/PHercParis4/volumes/20260310170716-45.532um-11.0m-74keV-masked.zarr,0,23.15.17,inner chunk absent from shard index,0
CHUNK_SAMPLE_MISSING,info,community-uploads/forrest/volcomp/PHercParis4/volumes/20260310170716-45.532um-11.0m-74keV-masked.zarr,0,24.16.16,inner chunk absent from shard index,0
CHUNK_SAMPLE_MISSING,info,community-uploads/forrest/volcomp/PHercParis4/volumes/20260310170716-45.532um-11.0m-74keV-masked.zarr,0,28.16.16,inner chunk absent from shard index,0
CHUNK_SAMPLE_MISSING,info,community-uploads/forrest/volcomp/PHercParis4/volumes/20260310170716-45.532um-11.0m-74keV-masked.zarr,0,31.17.17,inner chunk absent from shard index,0
CHUNK_SAMPLE_MISSING,info,community-uploads/forrest/volcomp/PHercParis4/volumes/20260310170716-45.532um-11.0m-74keV-masked.zarr,1,0.0.0,inner chunk absent from shard index,0
CHUNK_SAMPLE_MISSING,info,community-uploads/forrest/volcomp/PHercParis4/volumes/20260310170716-45.532um-11.0m-74keV-masked.zarr,1,4.0.0,inner chunk absent from shard index,0
CHUNK_SAMPLE_MISSING,info,community-uploads/forrest/volcomp/PHercParis4/volumes/20260310170716-45.532um-11.0m-74keV-masked.zarr,1,7.7.7,inner chunk absent from shard index,0
CHUNK_SAMPLE_MISSING,info,community-uploads/forrest/volcomp/PHercParis4/volumes/20260310170716-45.532um-11.0m-74keV-masked.zarr,1,0.8.0,inner chunk absent from shard index,0
CHUNK_SAMPLE_MISSING,info,community-uploads/forrest/volcomp/PHercParis4/volumes/20260310170716-45.532um-11.0m-74keV-masked.zarr,1,4.8.0,inner chunk absent from shard index,0
CHUNK_SAMPLE_MISSING,info,community-uploads/forrest/volcomp/PHercParis4/volumes/20260310170716-45.532um-11.0m-74keV-masked.zarr,1,7.8.7,inner chunk absent from shard index,0
CHUNK_SAMPLE_MISSING,info,community-uploads/forrest/volcomp/PHercParis4/volumes/20260310170716-45.532um-11.0m-74keV-masked.zarr,1,8.0.8,inner chunk absent from shard index,0
CHUNK_SAMPLE_MISSING,info,community-uploads/forrest/volcomp/PHercParis4/volumes/20260310170716-45.532um-11.0m-74keV-masked.zarr,1,12.0.8,inner chunk absent from shard index,0
CHUNK_SAMPLE_MISSING,info,community-uploads/forrest/volcomp/PHercParis4/volumes/20260310170716-45.532um-11.0m-74keV-masked.zarr,1,15.7.8,inner chunk absent from shard index,0
CHUNK_SAMPLE_MISSING,info,community-uploads/forrest/volcomp/PHercParis4/volumes/20260310170716-45.532um-11.0m-74keV-masked.zarr,1,8.8.8,inner chunk absent from shard index,0
CHUNK_SAMPLE_MISSING,info,community-uploads/forrest/volcomp/PHercParis4/volumes/20260310170716-45.532um-11.0m-74keV-masked.zarr,1,12.8.8,inner chunk absent from shard index,0
CHUNK_SAMPLE_MISSING,info,community-uploads/forrest/volcomp/PHercParis4/volumes/20260310170716-45.532um-11.0m-74keV-masked.zarr,1,15.8.8,inner chunk absent from shard index,0
CHUNK_SAMPLE_MISSING,info,community-uploads/forrest/volcomp/PHercParis4/volumes/20260310170716-45.532um-11.0m-74keV-masked.zarr,2,0.0.0,inner chunk absent from shard index,0
CHUNK_SAMPLE_MISSING,info,community-uploads/forrest/volcomp/PHercParis4/volumes/20260310170716-45.532um-11.0m-74keV-masked.zarr,2,4.0.0,inner chunk absent from shard index,0
CHUNK_SAMPLE_MISSING,info,community-uploads/forrest/volcomp/PHercParis4/volumes/20260310170716-45.532um-11.0m-74keV-masked.zarr,2,7.4.4,inner chunk absent from shard index,0
CHUNK_SAMPLE_MISSING,info,community-uploads/forrest/volcomp/PHercParis4/volumes/20260310170716-45.532um-11.0m-74keV-masked.zarr,3,0.0.0,inner chunk absent from shard index,0
CHUNK_SAMPLE_MISSING,info,community-uploads/forrest/volcomp/PHercParis4/volumes/20260310170716-45.532um-11.0m-74keV-masked.zarr,3,2.0.0,inner chunk absent from shard index,0
CHUNK_SAMPLE_MISSING,info,community-uploads/forrest/volcomp/PHercParis4/volumes/20260310170716-45.532um-11.0m-74keV-masked.zarr,3,3.2.2,inner chunk absent from shard index,0
CHUNK_SAMPLE_MISSING,info,community-uploads/forrest/volcomp/PHercParis4/volumes/20260310170716-45.532um-11.0m-74keV-masked.zarr,4,0.0.0,inner chunk absent from shard index,0
CHUNK_SAMPLE_MISSING,info,community-uploads/forrest/volcomp/PHercParis4/volumes/20260310170716-45.532um-11.0m-74keV-masked.zarr,4,1.0.0,inner chunk absent from shard index,0
CHUNK_SAMPLE_MISSING,info,community-uploads/forrest/volcomp/PHercParis4/volumes/20260310170716-45.532um-11.0m-74keV-masked.zarr,4,1.1.1,inner chunk absent from shard index,0
CHUNK_SAMPLE_MISSING,info,community-uploads/forrest/volcomp/PHercParis4/volumes/20260310170716-45.532um-11.0m-74keV-masked.zarr,5,0.0.0,inner chunk absent from shard index,0
CHUNK_SAMPLE_MISSING,info,community-uploads/forrest/volcomp/PHercParis4/volumes/20260310173927-45.532um-11.0m-110keV-masked.zarr,0,0.0.0,inner chunk absent from shard index,0
CHUNK_SAMPLE_MISSING,info,community-uploads/forrest/volcomp/PHercParis4/volumes/20260310173927-45.532um-11.0m-110keV-masked.zarr,0,4.0.0,inner chunk absent from shard index,0
CHUNK_SAMPLE_POPULATED,info,community-uploads/forrest/volcomp/PHercParis4/volumes/20260310173927-45.532um-11.0m-110keV-masked.zarr,0,7.7.7,center 16^3 block: 4096/4096 differ from fill (0); 100163 stored bytes,108360
CHUNK_SAMPLE_MISSING,info,community-uploads/forrest/volcomp/PHercParis4/volumes/20260310173927-45.532um-11.0m-110keV-masked.zarr,0,8.8.0,inner chunk absent from shard index,0
CHUNK_SAMPLE_MISSING,info,community-uploads/forrest/volcomp/PHercParis4/volumes/20260310173927-45.532um-11.0m-110keV-masked.zarr,0,12.8.0,inner chunk absent from shard index,0
CHUNK_SAMPLE_MISSING,info,community-uploads/forrest/volcomp/PHercParis4/volumes/20260310173927-45.532um-11.0m-110keV-masked.zarr,0,15.15.7,inner chunk absent from shard index,0
CHUNK_SAMPLE_MISSING,info,community-uploads/forrest/volcomp/PHercParis4/volumes/20260310173927-45.532um-11.0m-110keV-masked.zarr,0,2.1.2,shard object absent (reads as fill),0
CHUNK_SAMPLE_MISSING,info,community-uploads/forrest/volcomp/PHercParis4/volumes/20260310173927-45.532um-11.0m-110keV-masked.zarr,0,3.2.2,shard object absent (reads as fill),0
CHUNK_SAMPLE_MISSING,info,community-uploads/forrest/volcomp/PHercParis4/volumes/20260310173927-45.532um-11.0m-110keV-masked.zarr,1,0.0.0,inner chunk absent from shard index,0
CHUNK_SAMPLE_MISSING,info,community-uploads/forrest/volcomp/PHercParis4/volumes/20260310173927-45.532um-11.0m-110keV-masked.zarr,1,4.0.0,inner chunk absent from shard index,0
CHUNK_SAMPLE_MISSING,info,community-uploads/forrest/volcomp/PHercParis4/volumes/20260310173927-45.532um-11.0m-110keV-masked.zarr,1,7.7.7,inner chunk absent from shard index,0
CHUNK_SAMPLE_MISSING,info,community-uploads/forrest/volcomp/PHercParis4/volumes/20260310173927-45.532um-11.0m-110keV-masked.zarr,1,0.1.0,shard object absent (reads as fill),0
CHUNK_SAMPLE_MISSING,info,community-uploads/forrest/volcomp/PHercParis4/volumes/20260310173927-45.532um-11.0m-110keV-masked.zarr,1,1.0.1,shard object absent (reads as fill),0
CHUNK_SAMPLE_MISSING,info,community-uploads/forrest/volcomp/PHercParis4/volumes/20260310173927-45.532um-11.0m-110keV-masked.zarr,1,1.1.1,shard object absent (reads as fill),0
CHUNK_SAMPLE_MISSING,info,community-uploads/forrest/volcomp/PHercParis4/volumes/20260310173927-45.532um-11.0m-110keV-masked.zarr,2,0.0.0,inner chunk absent from shard index,0
CHUNK_SAMPLE_MISSING,info,community-uploads/forrest/volcomp/PHercParis4/volumes/20260310173927-45.532um-11.0m-110keV-masked.zarr,2,4.0.0,inner chunk absent from shard index,0
CHUNK_SAMPLE_MISSING,info,community-uploads/forrest/volcomp/PHercParis4/volumes/20260310173927-45.532um-11.0m-110keV-masked.zarr,2,7.4.4,inner chunk absent from shard index,0
CHUNK_SAMPLE_MISSING,info,community-uploads/forrest/volcomp/PHercParis4/volumes/20260310173927-45.532um-11.0m-110keV-masked.zarr,3,0.0.0,inner chunk absent from shard index,0
CHUNK_SAMPLE_MISSING,info,community-uploads/forrest/volcomp/PHercParis4/volumes/20260310173927-45.532um-11.0m-110keV-masked.zarr,3,2.0.0,inner chunk absent from shard index,0
CHUNK_SAMPLE_MISSING,info,community-uploads/forrest/volcomp/PHercParis4/volumes/20260310173927-45.532um-11.0m-110keV-masked.zarr,3,3.2.2,inner chunk absent from shard index,0
CHUNK_SAMPLE_MISSING,info,community-uploads/forrest/volcomp/PHercParis4/volumes/20260310173927-45.532um-11.0m-110keV-masked.zarr,4,0.0.0,inner chunk absent from shard index,0
CHUNK_SAMPLE_MISSING,info,community-uploads/forrest/volcomp/PHercParis4/volumes/20260310173927-45.532um-11.0m-110keV-masked.zarr,4,1.0.0,inner chunk absent from shard index,0
CHUNK_SAMPLE_MISSING,info,community-uploads/forrest/volcomp/PHercParis4/volumes/20260310173927-45.532um-11.0m-110keV-masked.zarr,4,1.1.1,inner chunk absent from shard index,0
CHUNK_SAMPLE_MISSING,info,community-uploads/forrest/volcomp/PHercParis4/volumes/20260310173927-45.532um-11.0m-110keV-masked.zarr,5,0.0.0,inner chunk absent from shard index,0
CHUNK_SAMPLE_MISSING,info,community-uploads/forrest/volcomp/PHercParis3/volumes/20260427095331-2.400um-0.2m-78keV-masked.zarr,0,0.0.0,shard object absent (reads as fill),0
CHUNK_SAMPLE_MISSING,info,community-uploads/forrest/volcomp/PHercParis3/volumes/20260427095331-2.400um-0.2m-78keV-masked.zarr,0,22.14.0,shard object absent (reads as fill),0
CHUNK_SAMPLE_MISSING,info,community-uploads/forrest/volcomp/PHercParis3/volumes/20260427095331-2.400um-0.2m-78keV-masked.zarr,0,44.27.41,shard object absent (reads as fill),0
CHUNK_SAMPLE_MISSING,info,community-uploads/forrest/volcomp/PHercParis3/volumes/20260427095331-2.400um-0.2m-78keV-masked.zarr,0,66.41.41,shard object absent (reads as fill),0
CHUNK_SAMPLE_MISSING,info,community-uploads/forrest/volcomp/PHercParis3/volumes/20260427095331-2.400um-0.2m-78keV-masked.zarr,1,0.0.0,shard object absent (reads as fill),0
CHUNK_SAMPLE_MISSING,info,community-uploads/forrest/volcomp/PHercParis3/volumes/20260427095331-2.400um-0.2m-78keV-masked.zarr,1,11.7.0,shard object absent (reads as fill),0
CHUNK_SAMPLE_MISSING,info,community-uploads/forrest/volcomp/PHercParis3/volumes/20260427095331-2.400um-0.2m-78keV-masked.zarr,1,22.13.20,shard object absent (reads as fill),0
CHUNK_SAMPLE_MISSING,info,community-uploads/forrest/volcomp/PHercParis3/volumes/20260427095331-2.400um-0.2m-78keV-masked.zarr,1,33.20.20,shard object absent (reads as fill),0
CHUNK_SAMPLE_MISSING,info,community-uploads/forrest/volcomp/PHercParis3/volumes/20260427095331-2.400um-0.2m-78keV-masked.zarr,2,0.0.0,shard object absent (reads as fill),0
CHUNK_SAMPLE_POPULATED,info,community-uploads/forrest/volcomp/PHercParis3/volumes/20260427095331-2.400um-0.2m-78keV-masked.zarr,2,40.56.24,center 16^3 block: 4096/4096 differ from fill (0); 504386 stored bytes,512583
CHUNK_SAMPLE_POPULATED,info,community-uploads/forrest/volcomp/PHercParis3/volumes/20260427095331-2.400um-0.2m-78keV-masked.zarr,2,44.56.24,center 16^3 block: 4096/4096 differ from fill (0); 360889 stored bytes,360889
CHUNK_SAMPLE_POPULATED,info,community-uploads/forrest/volcomp/PHercParis3/volumes/20260427095331-2.400um-0.2m-78keV-masked.zarr,2,47.63.31,center 16^3 block: 4096/4096 differ from fill (0); 365002 stored bytes,365002
CHUNK_SAMPLE_MISSING,info,community-uploads/forrest/volcomp/PHercParis3/volumes/20260427095331-2.400um-0.2m-78keV-masked.zarr,2,88.24.56,inner chunk absent from shard index,0
CHUNK_SAMPLE_MISSING,info,community-uploads/forrest/volcomp/PHercParis3/volumes/20260427095331-2.400um-0.2m-78keV-masked.zarr,2,92.24.56,inner chunk absent from shard index,0
CHUNK_SAMPLE_POPULATED,info,community-uploads/forrest/volcomp/PHercParis3/volumes/20260427095331-2.400um-0.2m-78keV-masked.zarr,2,95.31.63,center 16^3 block: 4096/4096 differ from fill (0); 361204 stored bytes,369401
CHUNK_SAMPLE_MISSING,info,community-uploads/forrest/volcomp/PHercParis3/volumes/20260427095331-2.400um-0.2m-78keV-masked.zarr,2,16.10.10,shard object absent (reads as fill),0
CHUNK_SAMPLE_MISSING,info,community-uploads/forrest/volcomp/PHercParis3/volumes/20260427095331-2.400um-0.2m-78keV-masked.zarr,3,0.0.0,shard object absent (reads as fill),0
CHUNK_SAMPLE_MISSING,info,community-uploads/forrest/volcomp/PHercParis3/volumes/20260427095331-2.400um-0.2m-78keV-masked.zarr,3,3.0.0,shard object absent (reads as fill),0
CHUNK_SAMPLE_MISSING,info,community-uploads/forrest/volcomp/PHercParis3/volumes/20260427095331-2.400um-0.2m-78keV-masked.zarr,3,5.5.5,shard object absent (reads as fill),0
CHUNK_SAMPLE_MISSING,info,community-uploads/forrest/volcomp/PHercParis3/volumes/20260427095331-2.400um-0.2m-78keV-masked.zarr,3,8.5.5,shard object absent (reads as fill),0
CHUNK_SAMPLE_MISSING,info,community-uploads/forrest/volcomp/PHercParis3/volumes/20260427095331-2.400um-0.2m-78keV-masked.zarr,4,0.0.0,inner chunk absent from shard index,0
CHUNK_SAMPLE_MISSING,info,community-uploads/forrest/volcomp/PHercParis3/volumes/20260427095331-2.400um-0.2m-78keV-masked.zarr,4,4.0.0,inner chunk absent from shard index,0
CHUNK_SAMPLE_POPULATED,info,community-uploads/forrest/volcomp/PHercParis3/volumes/20260427095331-2.400um-0.2m-78keV-masked.zarr,4,7.7.7,center 16^3 block: 4096/4096 differ from fill (0); 738244 stored bytes,746441
CHUNK_SAMPLE_MISSING,info,community-uploads/forrest/volcomp/PHercParis3/volumes/20260427095331-2.400um-0.2m-78keV-masked.zarr,4,8.16.0,inner chunk absent from shard index,0
CHUNK_SAMPLE_MISSING,info,community-uploads/forrest/volcomp/PHercParis3/volumes/20260427095331-2.400um-0.2m-78keV-masked.zarr,4,12.16.0,inner chunk absent from shard index,0
CHUNK_SAMPLE_MISSING,info,community-uploads/forrest/volcomp/PHercParis3/volumes/20260427095331-2.400um-0.2m-78keV-masked.zarr,4,15.20.7,inner chunk absent from shard index,0
CHUNK_SAMPLE_MISSING,info,community-uploads/forrest/volcomp/PHercParis3/volumes/20260427095331-2.400um-0.2m-78keV-masked.zarr,4,24.0.16,inner chunk absent from shard index,0
CHUNK_SAMPLE_POPULATED,info,community-uploads/forrest/volcomp/PHercParis3/volumes/20260427095331-2.400um-0.2m-78keV-masked.zarr,4,28.0.16,center 16^3 block: 4096/4096 differ from fill (0); 496267 stored bytes,501392
CHUNK_SAMPLE_MISSING,info,community-uploads/forrest/volcomp/PHercParis3/volumes/20260427095331-2.400um-0.2m-78keV-masked.zarr,4,31.7.20,inner chunk absent from shard index,0
CHUNK_SAMPLE_MISSING,info,community-uploads/forrest/volcomp/PHercParis3/volumes/20260427095331-2.400um-0.2m-78keV-masked.zarr,4,4.2.2,shard object absent (reads as fill),0
CHUNK_SAMPLE_MISSING,info,community-uploads/forrest/volcomp/PHercParis3/volumes/20260427095331-2.400um-0.2m-78keV-masked.zarr,5,0.0.0,inner chunk absent from shard index,0
CHUNK_SAMPLE_MISSING,info,community-uploads/forrest/volcomp/PHercParis3/volumes/20260427095331-2.400um-0.2m-78keV-masked.zarr,5,4.0.0,inner chunk absent from shard index,0
CHUNK_SAMPLE_POPULATED,info,community-uploads/forrest/volcomp/PHercParis3/volumes/20260427095331-2.400um-0.2m-78keV-masked.zarr,5,7.7.7,center 16^3 block: 4096/4096 differ from fill (0); 666215 stored bytes,674412
CHUNK_SAMPLE_MISSING,info,community-uploads/forrest/volcomp/PHercParis3/volumes/20260427095331-2.400um-0.2m-78keV-masked.zarr,5,8.0.0,inner chunk absent from shard index,0
CHUNK_SAMPLE_MISSING,info,community-uploads/forrest/volcomp/PHercParis3/volumes/20260427095331-2.400um-0.2m-78keV-masked.zarr,5,12.0.0,inner chunk absent from shard index,0
CHUNK_SAMPLE_POPULATED,info,community-uploads/forrest/volcomp/PHercParis3/volumes/20260427095331-2.400um-0.2m-78keV-masked.zarr,5,15.7.7,811937/2097152 valid voxels differ from fill (0); 244140 stored bytes,252337
CHUNK_SAMPLE_MISSING,info,community-uploads/forrest/volcomp/PHercParis3/volumes/20260427095331-2.400um-0.2m-78keV-masked.zarr,5,8.8.8,inner chunk absent from shard index,0
CHUNK_SAMPLE_MISSING,info,community-uploads/forrest/volcomp/PHercParis3/volumes/20260427095331-2.400um-0.2m-78keV-masked.zarr,5,12.8.8,inner chunk absent from shard index,0
CHUNK_SAMPLE_MISSING,info,community-uploads/forrest/volcomp/PHercParis3/volumes/20260427095331-2.400um-0.2m-78keV-masked.zarr,5,15.10.10,inner chunk absent from shard index,0
CHUNK_SAMPLE_MISSING,info,community-uploads/forrest/volcomp/PHercParis3/volumes/20260427095331-2.400um-0.2m-78keV-masked.zarr,5,2.1.1,shard object absent (reads as fill),0
CHUNK_SAMPLE_MISSING,info,community-uploads/forrest/volcomp/PHercParis4/volumes/20260323153942-2.400um-0.2m-137keV-masked.zarr,0,0.0.0,shard object absent (reads as fill),0
CHUNK_SAMPLE_POPULATED,info,community-uploads/forrest/volcomp/PHercParis4/volumes/20260323153942-2.400um-0.2m-137keV-masked.zarr,0,16.24.0,13115/2097152 valid voxels differ from fill (0); 1139 stored bytes,9336
CHUNK_SAMPLE_POPULATED,info,community-uploads/forrest/volcomp/PHercParis4/volumes/20260323153942-2.400um-0.2m-137keV-masked.zarr,0,20.24.0,13786/2097152 valid voxels differ from fill (0); 1026 stored bytes,1026
CHUNK_SAMPLE_POPULATED,info,community-uploads/forrest/volcomp/PHercParis4/volumes/20260323153942-2.400um-0.2m-137keV-masked.zarr,0,23.31.7,center 16^3 block: 4096/4096 differ from fill (0); 43427 stored bytes,43427
CHUNK_SAMPLE_POPULATED,info,community-uploads/forrest/volcomp/PHercParis4/volumes/20260323153942-2.400um-0.2m-137keV-masked.zarr,0,32.40.64,center 16^3 block: 4096/4096 differ from fill (0); 36529 stored bytes,38582
CHUNK_SAMPLE_POPULATED,info,community-uploads/forrest/volcomp/PHercParis4/volumes/20260323153942-2.400um-0.2m-137keV-masked.zarr,0,36.40.64,center 16^3 block: 4096/4096 differ from fill (0); 38238 stored bytes,38238
CHUNK_SAMPLE_MISSING,info,community-uploads/forrest/volcomp/PHercParis4/volumes/20260323153942-2.400um-0.2m-137keV-masked.zarr,0,39.47.65,inner chunk absent from shard index,0
CHUNK_SAMPLE_MISSING,info,community-uploads/forrest/volcomp/PHercParis4/volumes/20260323153942-2.400um-0.2m-137keV-masked.zarr,0,6.8.8,shard object absent (reads as fill),0
CHUNK_SAMPLE_MISSING,info,community-uploads/forrest/volcomp/PHercParis4/volumes/20260323153942-2.400um-0.2m-137keV-masked.zarr,1,0.0.0,inner chunk absent from shard index,0
CHUNK_SAMPLE_MISSING,info,community-uploads/forrest/volcomp/PHercParis4/volumes/20260323153942-2.400um-0.2m-137keV-masked.zarr,1,4.0.0,inner chunk absent from shard index,0
CHUNK_SAMPLE_POPULATED,info,community-uploads/forrest/volcomp/PHercParis4/volumes/20260323153942-2.400um-0.2m-137keV-masked.zarr,1,7.7.7,center 16^3 block: 4096/4096 differ from fill (0); 158430 stored bytes,166627
CHUNK_SAMPLE_POPULATED,info,community-uploads/forrest/volcomp/PHercParis4/volumes/20260323153942-2.400um-0.2m-137keV-masked.zarr,1,8.8.24,center 16^3 block: 4096/4096 differ from fill (0); 125896 stored bytes,134093
CHUNK_SAMPLE_POPULATED,info,community-uploads/forrest/volcomp/PHercParis4/volumes/20260323153942-2.400um-0.2m-137keV-masked.zarr,1,12.8.24,center 16^3 block: 4096/4096 differ from fill (0); 110249 stored bytes,110249
CHUNK_SAMPLE_POPULATED,info,community-uploads/forrest/volcomp/PHercParis4/volumes/20260323153942-2.400um-0.2m-137keV-masked.zarr,1,15.15.31,center 16^3 block: 4096/4096 differ from fill (0); 108340 stored bytes,108340
CHUNK_SAMPLE_POPULATED,info,community-uploads/forrest/volcomp/PHercParis4/volumes/20260323153942-2.400um-0.2m-137keV-masked.zarr,1,16.24.8,center 16^3 block: 4096/4096 differ from fill (0); 134602 stored bytes,142799
CHUNK_SAMPLE_POPULATED,info,community-uploads/forrest/volcomp/PHercParis4/volumes/20260323153942-2.400um-0.2m-137keV-masked.zarr,1,20.24.8,center 16^3 block: 4096/4096 differ from fill (0); 135463 stored bytes,135463
CHUNK_SAMPLE_POPULATED,info,community-uploads/forrest/volcomp/PHercParis4/volumes/20260323153942-2.400um-0.2m-137keV-masked.zarr,1,23.31.15,center 16^3 block: 4096/4096 differ from fill (0); 118308 stored bytes,118308
CHUNK_SAMPLE_MISSING,info,community-uploads/forrest/volcomp/PHercParis4/volumes/20260323153942-2.400um-0.2m-137keV-masked.zarr,1,3.4.4,shard object absent (reads as fill),0
CHUNK_SAMPLE_MISSING,info,community-uploads/forrest/volcomp/PHercParis4/volumes/20260323153942-2.400um-0.2m-137keV-masked.zarr,2,0.0.0,inner chunk absent from shard index,0
CHUNK_SAMPLE_MISSING,info,community-uploads/forrest/volcomp/PHercParis4/volumes/20260323153942-2.400um-0.2m-137keV-masked.zarr,2,4.0.0,inner chunk absent from shard index,0
CHUNK_SAMPLE_POPULATED,info,community-uploads/forrest/volcomp/PHercParis4/volumes/20260323153942-2.400um-0.2m-137keV-masked.zarr,2,7.7.7,center 16^3 block: 4096/4096 differ from fill (0); 359411 stored bytes,367608
CHUNK_SAMPLE_MISSING,info,community-uploads/forrest/volcomp/PHercParis4/volumes/20260323153942-2.400um-0.2m-137keV-masked.zarr,2,0.16.0,inner chunk absent from shard index,0
CHUNK_SAMPLE_MISSING,info,community-uploads/forrest/volcomp/PHercParis4/volumes/20260323153942-2.400um-0.2m-137keV-masked.zarr,2,4.16.0,inner chunk absent from shard index,0
CHUNK_SAMPLE_MISSING,info,community-uploads/forrest/volcomp/PHercParis4/volumes/20260323153942-2.400um-0.2m-137keV-masked.zarr,2,7.16.7,inner chunk absent from shard index,0
CHUNK_SAMPLE_MISSING,info,community-uploads/forrest/volcomp/PHercParis4/volumes/20260323153942-2.400um-0.2m-137keV-masked.zarr,2,8.0.16,inner chunk absent from shard index,0
CHUNK_SAMPLE_MISSING,info,community-uploads/forrest/volcomp/PHercParis4/volumes/20260323153942-2.400um-0.2m-137keV-masked.zarr,2,10.4.16,inner chunk absent from shard index,0
CHUNK_SAMPLE_MISSING,info,community-uploads/forrest/volcomp/PHercParis4/volumes/20260323153942-2.400um-0.2m-137keV-masked.zarr,2,12.7.16,inner chunk absent from shard index,0
CHUNK_SAMPLE_MISSING,info,community-uploads/forrest/volcomp/PHercParis4/volumes/20260323153942-2.400um-0.2m-137keV-masked.zarr,2,1.2.2,shard object absent (reads as fill),0
CHUNK_SAMPLE_MISSING,info,community-uploads/forrest/volcomp/PHercParis4/volumes/20260323153942-2.400um-0.2m-137keV-masked.zarr,3,0.0.0,inner chunk absent from shard index,0
CHUNK_SAMPLE_POPULATED,info,community-uploads/forrest/volcomp/PHercParis4/volumes/20260323153942-2.400um-0.2m-137keV-masked.zarr,3,3.4.0,center 16^3 block: 4096/4096 differ from fill (0); 694827 stored bytes,702000
CHUNK_SAMPLE_MISSING,info,community-uploads/forrest/volcomp/PHercParis4/volumes/20260323153942-2.400um-0.2m-137keV-masked.zarr,3,6.7.7,inner chunk absent from shard index,0
CHUNK_SAMPLE_MISSING,info,community-uploads/forrest/volcomp/PHercParis4/volumes/20260323153942-2.400um-0.2m-137keV-masked.zarr,3,0.0.8,inner chunk absent from shard index,0
CHUNK_SAMPLE_MISSING,info,community-uploads/forrest/volcomp/PHercParis4/volumes/20260323153942-2.400um-0.2m-137keV-masked.zarr,3,3.4.8,inner chunk absent from shard index,0
CHUNK_SAMPLE_MISSING,info,community-uploads/forrest/volcomp/PHercParis4/volumes/20260323153942-2.400um-0.2m-137keV-masked.zarr,3,6.7.8,inner chunk absent from shard index,0
CHUNK_SAMPLE_MISSING,info,community-uploads/forrest/volcomp/PHercParis4/volumes/20260323153942-2.400um-0.2m-137keV-masked.zarr,3,0.8.0,inner chunk absent from shard index,0
CHUNK_SAMPLE_MISSING,info,community-uploads/forrest/volcomp/PHercParis4/volumes/20260323153942-2.400um-0.2m-137keV-masked.zarr,3,3.8.4,inner chunk absent from shard index,0
CHUNK_SAMPLE_MISSING,info,community-uploads/forrest/volcomp/PHercParis4/volumes/20260323153942-2.400um-0.2m-137keV-masked.zarr,3,6.8.7,inner chunk absent from shard index,0
CHUNK_SAMPLE_MISSING,info,community-uploads/forrest/volcomp/PHercParis4/volumes/20260323153942-2.400um-0.2m-137keV-masked.zarr,3,0.1.1,shard object absent (reads as fill),0
CHUNK_SAMPLE_MISSING,info,community-uploads/forrest/volcomp/PHercParis4/volumes/20260323153942-2.400um-0.2m-137keV-masked.zarr,4,0.0.0,inner chunk absent from shard index,0
CHUNK_SAMPLE_MISSING,info,community-uploads/forrest/volcomp/PHercParis4/volumes/20260323153942-2.400um-0.2m-137keV-masked.zarr,4,2.0.0,inner chunk absent from shard index,0
CHUNK_SAMPLE_MISSING,info,community-uploads/forrest/volcomp/PHercParis4/volumes/20260323153942-2.400um-0.2m-137keV-masked.zarr,4,3.4.4,inner chunk absent from shard index,0
CHUNK_SAMPLE_MISSING,info,community-uploads/forrest/volcomp/PHercParis4/volumes/20260323153942-2.400um-0.2m-137keV-masked.zarr,5,0.0.0,inner chunk absent from shard index,0
CHUNK_SAMPLE_MISSING,info,community-uploads/forrest/volcomp/PHercParis4/volumes/20260323153942-2.400um-0.2m-137keV-masked.zarr,5,0.2.2,inner chunk absent from shard index,0
CHUNK_SAMPLE_MISSING,info,community-uploads/forrest/volcomp/PHercParis4/volumes/20260323153942-2.400um-0.2m-137keV-masked.zarr,5,1.2.2,inner chunk absent from shard index,0
CHUNK_SAMPLE_MISSING,info,community-uploads/forrest/volcomp/PHercParis4/volumes/20260411134726-2.400um-0.2m-78keV-masked.zarr,0,0.0.0,shard object absent (reads as fill),0
CHUNK_SAMPLE_MISSING,info,community-uploads/forrest/volcomp/PHercParis4/volumes/20260411134726-2.400um-0.2m-78keV-masked.zarr,0,25.0.0,shard object absent (reads as fill),0
CHUNK_SAMPLE_MISSING,info,community-uploads/forrest/volcomp/PHercParis4/volumes/20260411134726-2.400um-0.2m-78keV-masked.zarr,0,49.31.31,shard object absent (reads as fill),0
CHUNK_SAMPLE_MISSING,info,community-uploads/forrest/volcomp/PHercParis4/volumes/20260411134726-2.400um-0.2m-78keV-masked.zarr,0,74.31.31,shard object absent (reads as fill),0
CHUNK_SAMPLE_MISSING,info,community-uploads/forrest/volcomp/PHercParis4/volumes/20260411134726-2.400um-0.2m-78keV-masked.zarr,1,0.0.0,shard object absent (reads as fill),0
CHUNK_SAMPLE_POPULATED,info,community-uploads/forrest/volcomp/PHercParis4/volumes/20260411134726-2.400um-0.2m-78keV-masked.zarr,1,96.80.80,center 16^3 block: 4096/4096 differ from fill (0); 113176 stored bytes,121373
CHUNK_SAMPLE_POPULATED,info,community-uploads/forrest/volcomp/PHercParis4/volumes/20260411134726-2.400um-0.2m-78keV-masked.zarr,1,100.80.80,center 16^3 block: 4096/4096 differ from fill (0); 115406 stored bytes,115406
CHUNK_SAMPLE_POPULATED,info,community-uploads/forrest/volcomp/PHercParis4/volumes/20260411134726-2.400um-0.2m-78keV-masked.zarr,1,103.87.87,center 16^3 block: 4095/4096 differ from fill (0); 116827 stored bytes,116827
CHUNK_SAMPLE_POPULATED,info,community-uploads/forrest/volcomp/PHercParis4/volumes/20260411134726-2.400um-0.2m-78keV-masked.zarr,1,200.40.40,center 16^3 block: 4096/4096 differ from fill (0); 121582 stored bytes,129779
CHUNK_SAMPLE_POPULATED,info,community-uploads/forrest/volcomp/PHercParis4/volumes/20260411134726-2.400um-0.2m-78keV-masked.zarr,1,204.40.40,center 16^3 block: 4096/4096 differ from fill (0); 57616 stored bytes,57616
CHUNK_SAMPLE_POPULATED,info,community-uploads/forrest/volcomp/PHercParis4/volumes/20260411134726-2.400um-0.2m-78keV-masked.zarr,1,207.47.47,center 16^3 block: 4096/4096 differ from fill (0); 109443 stored bytes,109443
CHUNK_SAMPLE_MISSING,info,community-uploads/forrest/volcomp/PHercParis4/volumes/20260411134726-2.400um-0.2m-78keV-masked.zarr,1,37.15.15,shard object absent (reads as fill),0
CHUNK_SAMPLE_MISSING,info,community-uploads/forrest/volcomp/PHercParis4/volumes/20260411134726-2.400um-0.2m-78keV-masked.zarr,2,0.0.0,shard object absent (reads as fill),0
CHUNK_SAMPLE_POPULATED,info,community-uploads/forrest/volcomp/PHercParis4/volumes/20260411134726-2.400um-0.2m-78keV-masked.zarr,2,48.16.40,center 16^3 block: 4096/4096 differ from fill (0); 361446 stored bytes,369643
CHUNK_SAMPLE_POPULATED,info,community-uploads/forrest/volcomp/PHercParis4/volumes/20260411134726-2.400um-0.2m-78keV-masked.zarr,2,52.16.40,center 16^3 block: 4096/4096 differ from fill (0); 337836 stored bytes,337836
CHUNK_SAMPLE_POPULATED,info,community-uploads/forrest/volcomp/PHercParis4/volumes/20260411134726-2.400um-0.2m-78keV-masked.zarr,2,55.23.47,center 16^3 block: 4096/4096 differ from fill (0); 380535 stored bytes,380535
CHUNK_SAMPLE_POPULATED,info,community-uploads/forrest/volcomp/PHercParis4/volumes/20260411134726-2.400um-0.2m-78keV-masked.zarr,2,96.40.16,22578/2097152 valid voxels differ from fill (0); 3034 stored bytes,11231
CHUNK_SAMPLE_POPULATED,info,community-uploads/forrest/volcomp/PHercParis4/volumes/20260411134726-2.400um-0.2m-78keV-masked.zarr,2,100.40.16,center 16^3 block: 4096/4096 differ from fill (0); 396841 stored bytes,396841
CHUNK_SAMPLE_POPULATED,info,community-uploads/forrest/volcomp/PHercParis4/volumes/20260411134726-2.400um-0.2m-78keV-masked.zarr,2,103.47.23,center 16^3 block: 4096/4096 differ from fill (0); 393841 stored bytes,393841
CHUNK_SAMPLE_MISSING,info,community-uploads/forrest/volcomp/PHercParis4/volumes/20260411134726-2.400um-0.2m-78keV-masked.zarr,2,18.7.7,shard object absent (reads as fill),0
CHUNK_SAMPLE_MISSING,info,community-uploads/forrest/volcomp/PHercParis4/volumes/20260411134726-2.400um-0.2m-78keV-masked.zarr,3,0.0.0,shard object absent (reads as fill),0
CHUNK_SAMPLE_POPULATED,info,community-uploads/forrest/volcomp/PHercParis4/volumes/20260411134726-2.400um-0.2m-78keV-masked.zarr,3,24.8.8,center 16^3 block: 4096/4096 differ from fill (0); 632437 stored bytes,640634
CHUNK_SAMPLE_POPULATED,info,community-uploads/forrest/volcomp/PHercParis4/volumes/20260411134726-2.400um-0.2m-78keV-masked.zarr,3,28.8.8,center 16^3 block: 4096/4096 differ from fill (0); 667345 stored bytes,667345
CHUNK_SAMPLE_POPULATED,info,community-uploads/forrest/volcomp/PHercParis4/volumes/20260411134726-2.400um-0.2m-78keV-masked.zarr,3,31.15.15,center 16^3 block: 4096/4096 differ from fill (0); 653090 stored bytes,653090
CHUNK_SAMPLE_POPULATED,info,community-uploads/forrest/volcomp/PHercParis4/volumes/20260411134726-2.400um-0.2m-78keV-masked.zarr,3,48.16.16,center 16^3 block: 4096/4096 differ from fill (0); 695964 stored bytes,704161
CHUNK_SAMPLE_POPULATED,info,community-uploads/forrest/volcomp/PHercParis4/volumes/20260411134726-2.400um-0.2m-78keV-masked.zarr,3,52.16.16,center 16^3 block: 4096/4096 differ from fill (0); 612906 stored bytes,612906
CHUNK_SAMPLE_POPULATED,info,community-uploads/forrest/volcomp/PHercParis4/volumes/20260411134726-2.400um-0.2m-78keV-masked.zarr,3,55.23.23,858436/2097152 valid voxels differ from fill (0); 149756 stored bytes,149756
CHUNK_SAMPLE_MISSING,info,community-uploads/forrest/volcomp/PHercParis4/volumes/20260411134726-2.400um-0.2m-78keV-masked.zarr,3,9.3.3,shard object absent (reads as fill),0
CHUNK_SAMPLE_MISSING,info,community-uploads/forrest/volcomp/PHercParis4/volumes/20260411134726-2.400um-0.2m-78keV-masked.zarr,4,0.0.0,inner chunk absent from shard index,0
CHUNK_SAMPLE_MISSING,info,community-uploads/forrest/volcomp/PHercParis4/volumes/20260411134726-2.400um-0.2m-78keV-masked.zarr,4,4.0.0,inner chunk absent from shard index,0
CHUNK_SAMPLE_POPULATED,info,community-uploads/forrest/volcomp/PHercParis4/volumes/20260411134726-2.400um-0.2m-78keV-masked.zarr,4,7.7.7,center 16^3 block: 4096/4096 differ from fill (0); 686991 stored bytes,695188
CHUNK_SAMPLE_MISSING,info,community-uploads/forrest/volcomp/PHercParis4/volumes/20260411134726-2.400um-0.2m-78keV-masked.zarr,4,8.8.0,inner chunk absent from shard index,0
CHUNK_SAMPLE_MISSING,info,community-uploads/forrest/volcomp/PHercParis4/volumes/20260411134726-2.400um-0.2m-78keV-masked.zarr,4,12.8.0,inner chunk absent from shard index,0
CHUNK_SAMPLE_MISSING,info,community-uploads/forrest/volcomp/PHercParis4/volumes/20260411134726-2.400um-0.2m-78keV-masked.zarr,4,15.15.7,inner chunk absent from shard index,0
CHUNK_SAMPLE_MISSING,info,community-uploads/forrest/volcomp/PHercParis4/volumes/20260411134726-2.400um-0.2m-78keV-masked.zarr,4,24.0.8,inner chunk absent from shard index,0
CHUNK_SAMPLE_MISSING,info,community-uploads/forrest/volcomp/PHercParis4/volumes/20260411134726-2.400um-0.2m-78keV-masked.zarr,4,28.0.8,inner chunk absent from shard index,0
CHUNK_SAMPLE_MISSING,info,community-uploads/forrest/volcomp/PHercParis4/volumes/20260411134726-2.400um-0.2m-78keV-masked.zarr,4,31.7.15,inner chunk absent from shard index,0
CHUNK_SAMPLE_POPULATED,info,community-uploads/forrest/volcomp/PHercParis4/volumes/20260411134726-2.400um-0.2m-78keV-masked.zarr,4,32.8.8,center 16^3 block: 4096/4096 differ from fill (0); 659792 stored bytes,665941
CHUNK_SAMPLE_MISSING,info,community-uploads/forrest/volcomp/PHercParis4/volumes/20260411134726-2.400um-0.2m-78keV-masked.zarr,4,35.8.8,inner chunk absent from shard index,0
CHUNK_SAMPLE_MISSING,info,community-uploads/forrest/volcomp/PHercParis4/volumes/20260411134726-2.400um-0.2m-78keV-masked.zarr,4,37.15.15,inner chunk absent from shard index,0
CHUNK_SAMPLE_MISSING,info,community-uploads/forrest/volcomp/PHercParis4/volumes/20260411134726-2.400um-0.2m-78keV-masked.zarr,5,0.0.0,inner chunk absent from shard index,0
CHUNK_SAMPLE_MISSING,info,community-uploads/forrest/volcomp/PHercParis4/volumes/20260411134726-2.400um-0.2m-78keV-masked.zarr,5,4.0.0,inner chunk absent from shard index,0
CHUNK_SAMPLE_MISSING,info,community-uploads/forrest/volcomp/PHercParis4/volumes/20260411134726-2.400um-0.2m-78keV-masked.zarr,5,7.7.7,inner chunk absent from shard index,0
CHUNK_SAMPLE_MISSING,info,community-uploads/forrest/volcomp/PHercParis4/volumes/20260411134726-2.400um-0.2m-78keV-masked.zarr,5,8.0.0,inner chunk absent from shard index,0
CHUNK_SAMPLE_MISSING,info,community-uploads/forrest/volcomp/PHercParis4/volumes/20260411134726-2.400um-0.2m-78keV-masked.zarr,5,12.0.0,inner chunk absent from shard index,0
CHUNK_SAMPLE_MISSING,info,community-uploads/forrest/volcomp/PHercParis4/volumes/20260411134726-2.400um-0.2m-78keV-masked.zarr,5,15.7.7,inner chunk absent from shard index,0
CHUNK_SAMPLE_MISSING,info,community-uploads/forrest/volcomp/PHercParis4/volumes/20260411134726-2.400um-0.2m-78keV-masked.zarr,5,16.0.0,inner chunk absent from shard index,0
CHUNK_SAMPLE_MISSING,info,community-uploads/forrest/volcomp/PHercParis4/volumes/20260411134726-2.400um-0.2m-78keV-masked.zarr,5,17.4.0,inner chunk absent from shard index,0
CHUNK_SAMPLE_MISSING,info,community-uploads/forrest/volcomp/PHercParis4/volumes/20260411134726-2.400um-0.2m-78keV-masked.zarr,5,18.7.7,inner chunk absent from shard index,0
CHUNK_SAMPLE_MISSING,info,community-uploads/forrest/volcomp/PHercParis4/volumes/20260608103018-1.129um-0.2m-78keV-masked.zarr,0,0.0.0,shard object absent (reads as fill),0
CHUNK_SAMPLE_MISSING,info,community-uploads/forrest/volcomp/PHercParis4/volumes/20260608103018-1.129um-0.2m-78keV-masked.zarr,0,19.24.0,shard object absent (reads as fill),0
CHUNK_SAMPLE_POPULATED,info,community-uploads/forrest/volcomp/PHercParis4/volumes/20260608103018-1.129um-0.2m-78keV-masked.zarr,0,312.88.248,center 16^3 block: 4096/4096 differ from fill (0); 27302 stored bytes,32427
CHUNK_SAMPLE_POPULATED,info,community-uploads/forrest/volcomp/PHercParis4/volumes/20260608103018-1.129um-0.2m-78keV-masked.zarr,0,316.88.248,center 16^3 block: 4096/4096 differ from fill (0); 30918 stored bytes,30918
CHUNK_SAMPLE_MISSING,info,community-uploads/forrest/volcomp/PHercParis4/volumes/20260608103018-1.129um-0.2m-78keV-masked.zarr,0,319.95.252,inner chunk absent from shard index,0
CHUNK_SAMPLE_MISSING,info,community-uploads/forrest/volcomp/PHercParis4/volumes/20260608103018-1.129um-0.2m-78keV-masked.zarr,0,58.35.31,shard object absent (reads as fill),0
CHUNK_SAMPLE_MISSING,info,community-uploads/forrest/volcomp/PHercParis4/volumes/20260608103018-1.129um-0.2m-78keV-masked.zarr,1,0.0.0,shard object absent (reads as fill),0
CHUNK_SAMPLE_MISSING,info,community-uploads/forrest/volcomp/PHercParis4/volumes/20260608103018-1.129um-0.2m-78keV-masked.zarr,1,10.0.0,shard object absent (reads as fill),0
CHUNK_SAMPLE_MISSING,info,community-uploads/forrest/volcomp/PHercParis4/volumes/20260608103018-1.129um-0.2m-78keV-masked.zarr,1,19.17.15,shard object absent (reads as fill),0
CHUNK_SAMPLE_MISSING,info,community-uploads/forrest/volcomp/PHercParis4/volumes/20260608103018-1.129um-0.2m-78keV-masked.zarr,1,29.17.15,shard object absent (reads as fill),0
CHUNK_SAMPLE_MISSING,info,community-uploads/forrest/volcomp/PHercParis4/volumes/20260608103018-1.129um-0.2m-78keV-masked.zarr,2,0.0.0,shard object absent (reads as fill),0
CHUNK_SAMPLE_MISSING,info,community-uploads/forrest/volcomp/PHercParis4/volumes/20260608103018-1.129um-0.2m-78keV-masked.zarr,2,5.0.0,shard object absent (reads as fill),0
CHUNK_SAMPLE_MISSING,info,community-uploads/forrest/volcomp/PHercParis4/volumes/20260608103018-1.129um-0.2m-78keV-masked.zarr,2,9.8.7,shard object absent (reads as fill),0
CHUNK_SAMPLE_MISSING,info,community-uploads/forrest/volcomp/PHercParis4/volumes/20260608103018-1.129um-0.2m-78keV-masked.zarr,2,14.8.7,shard object absent (reads as fill),0
CHUNK_SAMPLE_MISSING,info,community-uploads/forrest/volcomp/PHercParis4/volumes/20260608103018-1.129um-0.2m-78keV-masked.zarr,3,0.0.0,inner chunk absent from shard index,0
CHUNK_SAMPLE_MISSING,info,community-uploads/forrest/volcomp/PHercParis4/volumes/20260608103018-1.129um-0.2m-78keV-masked.zarr,3,4.0.0,inner chunk absent from shard index,0
CHUNK_SAMPLE_POPULATED,info,community-uploads/forrest/volcomp/PHercParis4/volumes/20260608103018-1.129um-0.2m-78keV-masked.zarr,3,7.7.7,center 16^3 block: 4083/4096 differ from fill (0); 696958 stored bytes,705155
CHUNK_SAMPLE_POPULATED,info,community-uploads/forrest/volcomp/PHercParis4/volumes/20260608103018-1.129um-0.2m-78keV-masked.zarr,3,16.24.8,390/2097152 valid voxels differ from fill (0); 655 stored bytes,8852
CHUNK_SAMPLE_POPULATED,info,community-uploads/forrest/volcomp/PHercParis4/volumes/20260608103018-1.129um-0.2m-78keV-masked.zarr,3,20.24.8,center 16^3 block: 4084/4096 differ from fill (0); 502685 stored bytes,502685
CHUNK_SAMPLE_POPULATED,info,community-uploads/forrest/volcomp/PHercParis4/volumes/20260608103018-1.129um-0.2m-78keV-masked.zarr,3,23.31.15,center 16^3 block: 4096/4096 differ from fill (0); 339912 stored bytes,339912
CHUNK_SAMPLE_POPULATED,info,community-uploads/forrest/volcomp/PHercParis4/volumes/20260608103018-1.129um-0.2m-78keV-masked.zarr,3,40.8.16,center 16^3 block: 4096/4096 differ from fill (0); 741757 stored bytes,749954
CHUNK_SAMPLE_POPULATED,info,community-uploads/forrest/volcomp/PHercParis4/volumes/20260608103018-1.129um-0.2m-78keV-masked.zarr,3,44.8.16,center 16^3 block: 4065/4096 differ from fill (0); 680684 stored bytes,680684
CHUNK_SAMPLE_POPULATED,info,community-uploads/forrest/volcomp/PHercParis4/volumes/20260608103018-1.129um-0.2m-78keV-masked.zarr,3,47.15.23,center 16^3 block: 4096/4096 differ from fill (0); 671365 stored bytes,671365
CHUNK_SAMPLE_MISSING,info,community-uploads/forrest/volcomp/PHercParis4/volumes/20260608103018-1.129um-0.2m-78keV-masked.zarr,3,7.4.3,shard object absent (reads as fill),0
CHUNK_SAMPLE_MISSING,info,community-uploads/forrest/volcomp/PHercParis4/volumes/20260608103018-1.129um-0.2m-78keV-masked.zarr,4,0.0.0,inner chunk absent from shard index,0
CHUNK_SAMPLE_MISSING,info,community-uploads/forrest/volcomp/PHercParis4/volumes/20260608103018-1.129um-0.2m-78keV-masked.zarr,4,4.0.0,inner chunk absent from shard index,0
CHUNK_SAMPLE_POPULATED,info,community-uploads/forrest/volcomp/PHercParis4/volumes/20260608103018-1.129um-0.2m-78keV-masked.zarr,4,7.7.7,center 16^3 block: 4096/4096 differ from fill (0); 690095 stored bytes,698292
CHUNK_SAMPLE_MISSING,info,community-uploads/forrest/volcomp/PHercParis4/volumes/20260608103018-1.129um-0.2m-78keV-masked.zarr,4,8.8.0,inner chunk absent from shard index,0
CHUNK_SAMPLE_MISSING,info,community-uploads/forrest/volcomp/PHercParis4/volumes/20260608103018-1.129um-0.2m-78keV-masked.zarr,4,12.8.0,inner chunk absent from shard index,0
CHUNK_SAMPLE_POPULATED,info,community-uploads/forrest/volcomp/PHercParis4/volumes/20260608103018-1.129um-0.2m-78keV-masked.zarr,4,15.15.7,center 16^3 block: 4096/4096 differ from fill (0); 793399 stored bytes,801596
CHUNK_SAMPLE_POPULATED,info,community-uploads/forrest/volcomp/PHercParis4/volumes/20260608103018-1.129um-0.2m-78keV-masked.zarr,4,16.8.8,center 16^3 block: 4096/4096 differ from fill (0); 797800 stored bytes,805997
CHUNK_SAMPLE_POPULATED,info,community-uploads/forrest/volcomp/PHercParis4/volumes/20260608103018-1.129um-0.2m-78keV-masked.zarr,4,20.8.8,center 16^3 block: 4096/4096 differ from fill (0); 808464 stored bytes,808464
CHUNK_SAMPLE_MISSING,info,community-uploads/forrest/volcomp/PHercParis4/volumes/20260608103018-1.129um-0.2m-78keV-masked.zarr,4,23.15.15,inner chunk absent from shard index,0
CHUNK_SAMPLE_MISSING,info,community-uploads/forrest/volcomp/PHercParis4/volumes/20260608103018-1.129um-0.2m-78keV-masked.zarr,4,24.16.8,inner chunk absent from shard index,0
CHUNK_SAMPLE_MISSING,info,community-uploads/forrest/volcomp/PHercParis4/volumes/20260608103018-1.129um-0.2m-78keV-masked.zarr,4,27.16.8,inner chunk absent from shard index,0
CHUNK_SAMPLE_MISSING,info,community-uploads/forrest/volcomp/PHercParis4/volumes/20260608103018-1.129um-0.2m-78keV-masked.zarr,4,29.17.15,inner chunk absent from shard index,0
CHUNK_SAMPLE_MISSING,info,community-uploads/forrest/volcomp/PHercParis4/volumes/20260608103018-1.129um-0.2m-78keV-masked.zarr,5,0.0.0,inner chunk absent from shard index,0
CHUNK_SAMPLE_MISSING,info,community-uploads/forrest/volcomp/PHercParis4/volumes/20260608103018-1.129um-0.2m-78keV-masked.zarr,5,4.0.0,inner chunk absent from shard index,0
CHUNK_SAMPLE_POPULATED,info,community-uploads/forrest/volcomp/PHercParis4/volumes/20260608103018-1.129um-0.2m-78keV-masked.zarr,5,7.7.7,68672/1900544 valid voxels differ from fill (0); 26591 stored bytes,34788
CHUNK_SAMPLE_MISSING,info,community-uploads/forrest/volcomp/PHercParis4/volumes/20260608103018-1.129um-0.2m-78keV-masked.zarr,5,0.8.0,inner chunk absent from shard index,0
CHUNK_SAMPLE_MISSING,info,community-uploads/forrest/volcomp/PHercParis4/volumes/20260608103018-1.129um-0.2m-78keV-masked.zarr,5,4.8.0,inner chunk absent from shard index,0
CHUNK_SAMPLE_MISSING,info,community-uploads/forrest/volcomp/PHercParis4/volumes/20260608103018-1.129um-0.2m-78keV-masked.zarr,5,7.8.7,inner chunk absent from shard index,0
CHUNK_SAMPLE_MISSING,info,community-uploads/forrest/volcomp/PHercParis4/volumes/20260608103018-1.129um-0.2m-78keV-masked.zarr,5,8.0.0,inner chunk absent from shard index,0
CHUNK_SAMPLE_POPULATED,info,community-uploads/forrest/volcomp/PHercParis4/volumes/20260608103018-1.129um-0.2m-78keV-masked.zarr,5,11.4.0,357929/2097152 valid voxels differ from fill (0); 124571 stored bytes,131744
CHUNK_SAMPLE_MISSING,info,community-uploads/forrest/volcomp/PHercParis4/volumes/20260608103018-1.129um-0.2m-78keV-masked.zarr,5,14.7.7,inner chunk absent from shard index,0
CHUNK_SAMPLE_MISSING,info,community-uploads/forrest/volcomp/PHercParis4/volumes/20260608103018-1.129um-0.2m-78keV-masked.zarr,5,8.8.0,inner chunk absent from shard index,0
CHUNK_SAMPLE_MISSING,info,community-uploads/forrest/volcomp/PHercParis4/volumes/20260608103018-1.129um-0.2m-78keV-masked.zarr,5,11.8.4,inner chunk absent from shard index,0
CHUNK_SAMPLE_MISSING,info,community-uploads/forrest/volcomp/PHercParis4/volumes/20260608103018-1.129um-0.2m-78keV-masked.zarr,5,14.8.7,inner chunk absent from shard index,0
