code,severity,root,level,chunk,detail,bytes_fetched
CHUNK_SAMPLE_POPULATED,info,community-uploads/james/PHerc0332/Scroll3_8um.zarr,0,0.0.0,nonzero byte in first 4096B prefix; full chunk not fetched,4096
CHUNK_SAMPLE_POPULATED,info,community-uploads/james/PHerc0332/Scroll3_8um.zarr,0,9.17.13,nonzero byte in first 4096B prefix; full chunk not fetched,4096
CHUNK_SAMPLE_POPULATED,info,community-uploads/james/PHerc0332/Scroll3_8um.zarr,0,19.7.0,nonzero byte in first 4096B prefix; full chunk not fetched,4096
CHUNK_SAMPLE_POPULATED,info,community-uploads/james/PHerc0332/Scroll3_8um.zarr,1,0.0.0,nonzero byte in first 4096B prefix; full chunk not fetched,4096
CHUNK_SAMPLE_POPULATED,info,community-uploads/james/PHerc0332/Scroll3_8um.zarr,1,4.12.3,nonzero byte in first 4096B prefix; full chunk not fetched,4096
CHUNK_SAMPLE_POPULATED,info,community-uploads/james/PHerc0332/Scroll3_8um.zarr,1,9.10.7,nonzero byte in first 4096B prefix; full chunk not fetched,4096
CHUNK_SAMPLE_POPULATED,info,community-uploads/james/PHerc0332/Scroll3_8um.zarr,2,0.0.0,nonzero byte in first 4096B prefix; full chunk not fetched,4096
CHUNK_SAMPLE_POPULATED,info,community-uploads/james/PHerc0332/Scroll3_8um.zarr,2,2.3.3,nonzero byte in first 4096B prefix; full chunk not fetched,4096
CHUNK_SAMPLE_POPULATED,info,community-uploads/james/PHerc0332/Scroll3_8um.zarr,2,5.0.0,nonzero byte in first 4096B prefix; full chunk not fetched,4096
CHUNK_SAMPLE_POPULATED,info,community-uploads/james/PHerc0332/Scroll3_8um.zarr,3,0.0.0,nonzero byte in first 4096B prefix; full chunk not fetched,4096
CHUNK_SAMPLE_POPULATED,info,community-uploads/james/PHerc0332/Scroll3_8um.zarr,3,1.1.0,nonzero byte in first 4096B prefix; full chunk not fetched,4096
CHUNK_SAMPLE_POPULATED,info,community-uploads/james/PHerc0332/Scroll3_8um.zarr,3,2.2.0,nonzero byte in first 4096B prefix; full chunk not fetched,4096
CHUNK_SAMPLE_POPULATED,info,community-uploads/james/PHerc0332/Scroll3_8um.zarr,4,0.0.0,nonzero byte in first 4096B prefix; full chunk not fetched,4096
CHUNK_SAMPLE_POPULATED,info,community-uploads/james/PHerc0332/Scroll3_8um.zarr,4,0.1.0,nonzero byte in first 4096B prefix; full chunk not fetched,4096
CHUNK_SAMPLE_POPULATED,info,community-uploads/james/PHerc0332/Scroll3_8um.zarr,4,1.0.1,nonzero byte in first 4096B prefix; full chunk not fetched,4096
CHUNK_SAMPLE_POPULATED,info,community-uploads/james/PHerc0332/Scroll3_8um.zarr,5,0.0.0,nonzero byte in first 4096B prefix; full chunk not fetched,4096
CHUNK_SAMPLE_POPULATED,info,community-uploads/james/PHerc0332/Scroll3_8um.zarr,5,1.0.0,nonzero byte in first 4096B prefix; full chunk not fetched,4096
CHUNK_SAMPLE_POPULATED,info,community-uploads/james/PHerc0332/Scroll3_8um.zarr,5,2.0.0,nonzero byte in first 4096B prefix; full chunk not fetched,4096
CHUNK_SAMPLE_POPULATED,info,community-uploads/youssef/1321omerot.zarr,0,0.0.0,981000/981000 values differ from fill_value,981016
CHUNK_SAMPLE_POPULATED,info,community-uploads/youssef/1321omerot.zarr,0,1.0.0,981000/981000 values differ from fill_value,981016
CHUNK_SAMPLE_POPULATED,info,community-uploads/youssef/1321omerot.zarr,0,2.0.0,981000/981000 values differ from fill_value,981016
CHUNK_SAMPLE_POPULATED,info,community-uploads/youssef/1321omerot.zarr,1,0.0.0,980914/981000 values differ from fill_value,981016
CHUNK_SAMPLE_POPULATED,info,community-uploads/youssef/1321omerot.zarr,1,0.1.0,980973/981000 values differ from fill_value,981016
CHUNK_SAMPLE_POPULATED,info,community-uploads/youssef/1321omerot.zarr,1,1.0.0,980998/981000 values differ from fill_value,981016
CHUNK_SAMPLE_POPULATED,info,community-uploads/youssef/1321omerot.zarr,2,0.0.0,981000/981000 values differ from fill_value,981016
CHUNK_SAMPLE_POPULATED,info,community-uploads/youssef/1321omerot.zarr,2,1.0.0,763000/981000 values differ from fill_value,764445
CHUNK_SAMPLE_POPULATED,info,community-uploads/youssef/1321omerot.zarr,3,0.0.0,218400/981000 values differ from fill_value,236673
CHUNK_SAMPLE_POPULATED,info,community-uploads/youssef/1321omerot.zarr,4,0.0.0,27400/981000 values differ from fill_value,35014
CHUNK_SAMPLE_POPULATED,info,community-uploads/youssef/1321omerot.zarr,5,0.0.0,3450/981000 values differ from fill_value,8453
CHUNK_SAMPLE_POPULATED,info,community-uploads/james/PHerc1667/Scroll4_8um.zarr,0,0.0.0,nonzero byte in first 4096B prefix; full chunk not fetched,4096
CHUNK_SAMPLE_POPULATED,info,community-uploads/james/PHerc1667/Scroll4_8um.zarr,0,11.0.0,nonzero byte in first 4096B prefix; full chunk not fetched,4096
CHUNK_SAMPLE_POPULATED,info,community-uploads/james/PHerc1667/Scroll4_8um.zarr,0,22.0.0,nonzero byte in first 4096B prefix; full chunk not fetched,4096
CHUNK_SAMPLE_POPULATED,info,community-uploads/james/PHerc1667/Scroll4_8um.zarr,1,0.0.0,nonzero byte in first 4096B prefix; full chunk not fetched,4096
CHUNK_SAMPLE_POPULATED,info,community-uploads/james/PHerc1667/Scroll4_8um.zarr,1,5.7.0,nonzero byte in first 4096B prefix; full chunk not fetched,4096
CHUNK_SAMPLE_POPULATED,info,community-uploads/james/PHerc1667/Scroll4_8um.zarr,1,11.0.0,nonzero byte in first 4096B prefix; full chunk not fetched,4096
CHUNK_SAMPLE_POPULATED,info,community-uploads/james/PHerc1667/Scroll4_8um.zarr,2,0.0.0,nonzero byte in first 4096B prefix; full chunk not fetched,4096
CHUNK_SAMPLE_POPULATED,info,community-uploads/james/PHerc1667/Scroll4_8um.zarr,2,2.5.2,nonzero byte in first 4096B prefix; full chunk not fetched,4096
CHUNK_SAMPLE_POPULATED,info,community-uploads/james/PHerc1667/Scroll4_8um.zarr,2,5.3.3,nonzero byte in first 4096B prefix; full chunk not fetched,4096
CHUNK_SAMPLE_POPULATED,info,community-uploads/james/PHerc1667/Scroll4_8um.zarr,3,0.0.0,nonzero byte in first 4096B prefix; full chunk not fetched,4096
CHUNK_SAMPLE_POPULATED,info,community-uploads/james/PHerc1667/Scroll4_8um.zarr,3,1.1.2,nonzero byte in first 4096B prefix; full chunk not fetched,4096
CHUNK_SAMPLE_POPULATED,info,community-uploads/james/PHerc1667/Scroll4_8um.zarr,3,2.3.0,nonzero byte in first 4096B prefix; full chunk not fetched,4096
CHUNK_SAMPLE_POPULATED,info,community-uploads/james/PHerc1667/Scroll4_8um.zarr,4,0.0.0,nonzero byte in first 4096B prefix; full chunk not fetched,4096
CHUNK_SAMPLE_POPULATED,info,community-uploads/james/PHerc1667/Scroll4_8um.zarr,4,0.1.1,nonzero byte in first 4096B prefix; full chunk not fetched,4096
CHUNK_SAMPLE_POPULATED,info,community-uploads/james/PHerc1667/Scroll4_8um.zarr,4,1.1.0,nonzero byte in first 4096B prefix; full chunk not fetched,4096
CHUNK_SAMPLE_POPULATED,info,community-uploads/james/PHerc1667/Scroll4_8um.zarr,5,0.0.0,nonzero byte in first 4096B prefix; full chunk not fetched,4096
CHUNK_SAMPLE_POPULATED,info,community-uploads/james/PHerc1667/Scroll4_8um.zarr,5,1.0.0,nonzero byte in first 4096B prefix; full chunk not fetched,4096
CHUNK_SAMPLE_POPULATED,info,community-uploads/james/PHerc1667/Scroll4_8um.zarr,5,2.0.0,nonzero byte in first 4096B prefix; full chunk not fetched,4096
CHUNK_LEVEL_NO_SAMPLES,info,fragments/PHerc0500P2/representations/111keV_1.2m_4.32_090_surf.zarr,0,,no chunk keys among 9 spread candidates; sparse level not coverable by spread sampling,0
CHUNK_SAMPLE_POPULATED,info,fragments/PHerc0500P2/representations/111keV_1.2m_4.32_090_surf.zarr,1,46.18.18,545647/2097152 values differ from fill_value,58545
CHUNK_SAMPLE_POPULATED,info,fragments/PHerc0500P2/representations/111keV_1.2m_4.32_090_surf.zarr,2,15.9.9,796780/2097152 values differ from fill_value,185016
CHUNK_LEVEL_NO_SAMPLES,info,fragments/PHerc0500P2/representations/111keV_1.2m_4.32_090_surf.zarr,3,,no chunk keys among 9 spread candidates; sparse level not coverable by spread sampling,0
CHUNK_SAMPLE_POPULATED,info,fragments/PHerc0500P2/representations/111keV_1.2m_4.32_090_surf.zarr,4,0.0.0,16253/2097152 values differ from fill_value,15201
CHUNK_SAMPLE_POPULATED,info,fragments/PHerc0500P2/representations/111keV_1.2m_4.32_090_surf.zarr,5,0.0.0,86400/2097152 values differ from fill_value,89477
CHUNK_SAMPLE_POPULATED,info,fragments/PHerc0500P2/representations/111keV_1.2m_4.32_090_surf.zarr,5,0.1.1,118613/2097152 values differ from fill_value,122618
CHUNK_SAMPLE_POPULATED,info,fragments/PHerc0500P2/representations/111keV_1.2m_4.32_090_surf.zarr,5,1.0.0,9159/2097152 values differ from fill_value,13593
CHUNK_SAMPLE_POPULATED,info,fragments/PHerc0500P2/volumes/2.215um_HEL_TA_0.4m_110keV_scroll-fragment_PHerc0500P2_TA_0001_masked.zarr,0,137.71.71,nonzero byte in first 4096B prefix; full chunk not fetched,4096
CHUNK_LEVEL_NO_SAMPLES,info,fragments/PHerc0500P2/volumes/2.215um_HEL_TA_0.4m_110keV_scroll-fragment_PHerc0500P2_TA_0001_masked.zarr,1,,no chunk keys among 9 spread candidates; sparse level not coverable by spread sampling,0
CHUNK_LEVEL_NO_SAMPLES,info,fragments/PHerc0500P2/volumes/2.215um_HEL_TA_0.4m_110keV_scroll-fragment_PHerc0500P2_TA_0001_masked.zarr,2,,no chunk keys among 9 spread candidates; sparse level not coverable by spread sampling,0
CHUNK_LEVEL_NO_SAMPLES,info,fragments/PHerc0500P2/volumes/2.215um_HEL_TA_0.4m_110keV_scroll-fragment_PHerc0500P2_TA_0001_masked.zarr,3,,no chunk keys among 9 spread candidates; sparse level not coverable by spread sampling,0
CHUNK_SAMPLE_POPULATED,info,fragments/PHerc0500P2/volumes/2.215um_HEL_TA_0.4m_110keV_scroll-fragment_PHerc0500P2_TA_0001_masked.zarr,4,3.4.4,nonzero byte in first 4096B prefix; full chunk not fetched,4096
CHUNK_SAMPLE_POPULATED,info,fragments/PHerc0500P2/volumes/2.215um_HEL_TA_0.4m_110keV_scroll-fragment_PHerc0500P2_TA_0001_masked.zarr,4,10.4.4,nonzero byte in first 4096B prefix; full chunk not fetched,4096
CHUNK_SAMPLE_POPULATED,info,fragments/PHerc0500P2/volumes/2.215um_HEL_TA_0.4m_110keV_scroll-fragment_PHerc0500P2_TA_0001_masked.zarr,5,3.2.2,nonzero byte in first 4096B prefix; full chunk not fetched,4096
CHUNK_SAMPLE_POPULATED,info,fragments/PHerc0009B/volumes/SCROLLS_TA_HEL_4.320um_1.0m_116keV_binmean_2_PHerc0009B_TA_0001_masked.zarr,0,9.23.15,533122/2097152 values differ from fill_value,2101248
CHUNK_SAMPLE_POPULATED,info,fragments/PHerc0009B/volumes/SCROLLS_TA_HEL_4.320um_1.0m_116keV_binmean_2_PHerc0009B_TA_0001_masked.zarr,1,9.15.15,nonzero byte in first 4096B prefix; full chunk not fetched,4096
CHUNK_SAMPLE_POPULATED,info,fragments/PHerc0009B/volumes/SCROLLS_TA_HEL_4.320um_1.0m_116keV_binmean_2_PHerc0009B_TA_0001_masked.zarr,1,28.15.15,nonzero byte in first 4096B prefix; full chunk not fetched,4096
CHUNK_LEVEL_NO_SAMPLES,info,fragments/PHerc0009B/volumes/SCROLLS_TA_HEL_4.320um_1.0m_116keV_binmean_2_PHerc0009B_TA_0001_masked.zarr,2,,no chunk keys among 9 spread candidates; sparse level not coverable by spread sampling,0
CHUNK_LEVEL_NO_SAMPLES,info,fragments/PHerc0009B/volumes/SCROLLS_TA_HEL_4.320um_1.0m_116keV_binmean_2_PHerc0009B_TA_0001_masked.zarr,3,,no chunk keys among 9 spread candidates; sparse level not coverable by spread sampling,0
CHUNK_SAMPLE_POPULATED,info,fragments/PHerc0009B/volumes/SCROLLS_TA_HEL_4.320um_1.0m_116keV_binmean_2_PHerc0009B_TA_0001_masked.zarr,4,0.0.0,19218/2097152 values differ from fill_value,2101248
CHUNK_SAMPLE_POPULATED,info,fragments/PHerc0009B/volumes/SCROLLS_TA_HEL_4.320um_1.0m_116keV_binmean_2_PHerc0009B_TA_0001_masked.zarr,4,0.2.2,nonzero byte in first 4096B prefix; full chunk not fetched,4096
CHUNK_SAMPLE_POPULATED,info,fragments/PHerc0009B/volumes/SCROLLS_TA_HEL_4.320um_1.0m_116keV_binmean_2_PHerc0009B_TA_0001_masked.zarr,4,1.1.0,24996/2097152 values differ from fill_value,2101248
CHUNK_SAMPLE_POPULATED,info,fragments/PHerc0009B/volumes/SCROLLS_TA_HEL_4.320um_1.0m_116keV_binmean_2_PHerc0009B_TA_0001_masked.zarr,5,0.0.0,nonzero byte in first 4096B prefix; full chunk not fetched,4096
CHUNK_SAMPLE_POPULATED,info,fragments/PHerc0009B/volumes/SCROLLS_TA_HEL_4.320um_1.0m_116keV_binmean_2_PHerc0009B_TA_0001_masked.zarr,5,0.0.1,nonzero byte in first 4096B prefix; full chunk not fetched,4096
CHUNK_SAMPLE_POPULATED,info,fragments/PHerc0009B/volumes/SCROLLS_TA_HEL_4.320um_1.0m_116keV_binmean_2_PHerc0009B_TA_0001_masked.zarr,5,0.1.1,nonzero byte in first 4096B prefix; full chunk not fetched,4096
CHUNK_LEVEL_NO_SAMPLES,info,fragments/PHerc0343P/volumes/SCROLLS_TA_HEL_4.320um_1.0m_116keV_binmean_2_PHerc0343P_TA_0001_masked.zarr,0,,no chunk keys among 9 spread candidates; sparse level not coverable by spread sampling,0
CHUNK_LEVEL_NO_SAMPLES,info,fragments/PHerc0343P/volumes/SCROLLS_TA_HEL_4.320um_1.0m_116keV_binmean_2_PHerc0343P_TA_0001_masked.zarr,1,,no chunk keys among 9 spread candidates; sparse level not coverable by spread sampling,0
CHUNK_SAMPLE_POPULATED,info,fragments/PHerc0343P/volumes/SCROLLS_TA_HEL_4.320um_1.0m_116keV_binmean_2_PHerc0343P_TA_0001_masked.zarr,2,1.3.7,8025/2097152 values differ from fill_value,2101248
CHUNK_SAMPLE_POPULATED,info,fragments/PHerc0343P/volumes/SCROLLS_TA_HEL_4.320um_1.0m_116keV_binmean_2_PHerc0343P_TA_0001_masked.zarr,3,1.2.2,nonzero byte in first 4096B prefix; full chunk not fetched,4096
CHUNK_SAMPLE_POPULATED,info,fragments/PHerc0343P/volumes/SCROLLS_TA_HEL_4.320um_1.0m_116keV_binmean_2_PHerc0343P_TA_0001_masked.zarr,3,2.1.1,230591/2097152 values differ from fill_value,2101248
CHUNK_SAMPLE_POPULATED,info,fragments/PHerc0343P/volumes/SCROLLS_TA_HEL_4.320um_1.0m_116keV_binmean_2_PHerc0343P_TA_0001_masked.zarr,3,4.2.2,703593/2097152 values differ from fill_value,2101248
CHUNK_SAMPLE_POPULATED,info,fragments/PHerc0343P/volumes/SCROLLS_TA_HEL_4.320um_1.0m_116keV_binmean_2_PHerc0343P_TA_0001_masked.zarr,4,0.0.0,nonzero byte in first 4096B prefix; full chunk not fetched,4096
CHUNK_SAMPLE_POPULATED,info,fragments/PHerc0343P/volumes/SCROLLS_TA_HEL_4.320um_1.0m_116keV_binmean_2_PHerc0343P_TA_0001_masked.zarr,4,0.1.0,119604/2097152 values differ from fill_value,2101248
CHUNK_SAMPLE_POPULATED,info,fragments/PHerc0343P/volumes/SCROLLS_TA_HEL_4.320um_1.0m_116keV_binmean_2_PHerc0343P_TA_0001_masked.zarr,4,1.0.1,116600/2097152 values differ from fill_value,2101248
CHUNK_SAMPLE_POPULATED,info,fragments/PHerc0343P/volumes/SCROLLS_TA_HEL_4.320um_1.0m_116keV_binmean_2_PHerc0343P_TA_0001_masked.zarr,5,0.0.0,nonzero byte in first 4096B prefix; full chunk not fetched,4096
CHUNK_SAMPLE_POPULATED,info,fragments/PHerc0343P/volumes/SCROLLS_TA_HEL_4.320um_1.0m_116keV_binmean_2_PHerc0343P_TA_0001_masked.zarr,5,0.0.1,nonzero byte in first 4096B prefix; full chunk not fetched,4096
CHUNK_SAMPLE_POPULATED,info,fragments/PHerc0343P/volumes/SCROLLS_TA_HEL_4.320um_1.0m_116keV_binmean_2_PHerc0343P_TA_0001_masked.zarr,5,1.0.0,97885/2097152 values differ from fill_value,2101248
CHUNK_SAMPLE_POPULATED,info,fragments/PHerc0343P/volumes/SCROLLS_HEL_2.215um_0.4m_111keV_PHerc0343P_TA_0001_masked.zarr,0,40.51.51,nonzero byte in first 4096B prefix; full chunk not fetched,4096
CHUNK_SAMPLE_POPULATED,info,fragments/PHerc0343P/volumes/SCROLLS_HEL_2.215um_0.4m_111keV_PHerc0343P_TA_0001_masked.zarr,0,121.51.51,nonzero byte in first 4096B prefix; full chunk not fetched,4096
CHUNK_SAMPLE_POPULATED,info,fragments/PHerc0343P/volumes/SCROLLS_HEL_2.215um_0.4m_111keV_PHerc0343P_TA_0001_masked.zarr,1,30.19.26,nonzero byte in first 4096B prefix; full chunk not fetched,4096
CHUNK_SAMPLE_POPULATED,info,fragments/PHerc0343P/volumes/SCROLLS_HEL_2.215um_0.4m_111keV_PHerc0343P_TA_0001_masked.zarr,1,40.26.0,262144/2097152 values differ from fill_value,2101248
CHUNK_SAMPLE_POPULATED,info,fragments/PHerc0343P/volumes/SCROLLS_HEL_2.215um_0.4m_111keV_PHerc0343P_TA_0001_masked.zarr,2,10.6.13,nonzero byte in first 4096B prefix; full chunk not fetched,4096
CHUNK_SAMPLE_POPULATED,info,fragments/PHerc0343P/volumes/SCROLLS_HEL_2.215um_0.4m_111keV_PHerc0343P_TA_0001_masked.zarr,2,15.9.19,nonzero byte in first 4096B prefix; full chunk not fetched,4096
CHUNK_SAMPLE_POPULATED,info,fragments/PHerc0343P/volumes/SCROLLS_HEL_2.215um_0.4m_111keV_PHerc0343P_TA_0001_masked.zarr,2,20.13.0,nonzero byte in first 4096B prefix; full chunk not fetched,4096
CHUNK_SAMPLE_POPULATED,info,fragments/PHerc0343P/volumes/SCROLLS_HEL_2.215um_0.4m_111keV_PHerc0343P_TA_0001_masked.zarr,3,10.6.6,nonzero byte in first 4096B prefix; full chunk not fetched,4096
CHUNK_SAMPLE_POPULATED,info,fragments/PHerc0343P/volumes/SCROLLS_HEL_2.215um_0.4m_111keV_PHerc0343P_TA_0001_masked.zarr,3,18.4.10,nonzero byte in first 4096B prefix; full chunk not fetched,4096
CHUNK_SAMPLE_POPULATED,info,fragments/PHerc0343P/volumes/SCROLLS_HEL_2.215um_0.4m_111keV_PHerc0343P_TA_0001_masked.zarr,4,0.0.0,38400/2097152 values differ from fill_value,2101248
CHUNK_SAMPLE_POPULATED,info,fragments/PHerc0343P/volumes/SCROLLS_HEL_2.215um_0.4m_111keV_PHerc0343P_TA_0001_masked.zarr,4,1.2.4,1596928/2097152 values differ from fill_value,2101248
CHUNK_SAMPLE_POPULATED,info,fragments/PHerc0343P/volumes/SCROLLS_HEL_2.215um_0.4m_111keV_PHerc0343P_TA_0001_masked.zarr,4,5.3.3,nonzero byte in first 4096B prefix; full chunk not fetched,4096
CHUNK_SAMPLE_POPULATED,info,fragments/PHerc0343P/volumes/SCROLLS_HEL_2.215um_0.4m_111keV_PHerc0343P_TA_0001_masked.zarr,5,0.0.0,nonzero byte in first 4096B prefix; full chunk not fetched,4096
CHUNK_SAMPLE_POPULATED,info,fragments/PHerc0343P/volumes/SCROLLS_HEL_2.215um_0.4m_111keV_PHerc0343P_TA_0001_masked.zarr,5,0.3.0,nonzero byte in first 4096B prefix; full chunk not fetched,4096
CHUNK_SAMPLE_POPULATED,info,fragments/PHerc0343P/volumes/SCROLLS_HEL_2.215um_0.4m_111keV_PHerc0343P_TA_0001_masked.zarr,5,2.1.0,nonzero byte in first 4096B prefix; full chunk not fetched,4096
CHUNK_SAMPLE_POPULATED,info,community-uploads/bruniss/test_vols/s5_test.zarr,0,0.0.0,2097152/2097152 values differ from fill_value,4046754
CHUNK_SAMPLE_POPULATED,info,community-uploads/bruniss/test_vols/s5_test.zarr,0,0.3.0,2097152/2097152 values differ from fill_value,4114106
CHUNK_SAMPLE_POPULATED,info,community-uploads/bruniss/test_vols/s5_test.zarr,0,1.0.0,2097152/2097152 values differ from fill_value,4007785
CHUNK_SAMPLE_POPULATED,info,community-uploads/bruniss/test_vols/s5_test.zarr,1,0.0.0,2097152/2097152 values differ from fill_value,4174162
CHUNK_SAMPLE_POPULATED,info,community-uploads/bruniss/test_vols/s5_test.zarr,1,0.0.2,1949696/2097152 values differ from fill_value,4027790
CHUNK_SAMPLE_POPULATED,info,community-uploads/bruniss/test_vols/s5_test.zarr,1,0.1.1,2097152/2097152 values differ from fill_value,4184874
CHUNK_SAMPLE_POPULATED,info,community-uploads/bruniss/test_vols/s5_test.zarr,2,0.0.0,2048000/2097152 values differ from fill_value,3975060
CHUNK_SAMPLE_POPULATED,info,community-uploads/bruniss/test_vols/s5_test.zarr,2,0.0.1,960000/2097152 values differ from fill_value,2131595
CHUNK_SAMPLE_POPULATED,info,community-uploads/bruniss/test_vols/s5_test.zarr,2,0.1.0,960000/2097152 values differ from fill_value,1861243
CHUNK_SAMPLE_POPULATED,info,community-uploads/bruniss/test_vols/s5_test.zarr,3,0.0.0,556668/2097152 values differ from fill_value,1057873
CHUNK_SAMPLE_POPULATED,info,community-uploads/bruniss/test_vols/s5_test.zarr,4,0.0.0,70688/2097152 values differ from fill_value,137142
CHUNK_SAMPLE_POPULATED,info,community-uploads/bruniss/test_vols/s5_test.zarr,5,0.0.0,9216/2097152 values differ from fill_value,19298
CHUNK_SAMPLE_POPULATED,info,community-uploads/jordi/s5_rechunked.zarr,0,82.26.71,32768/32768 values differ from fill_value,24226
CHUNK_SAMPLE_POPULATED,info,community-uploads/jordi/s5_rechunked.zarr,0,164.52.142,32768/32768 values differ from fill_value,26714
CHUNK_SAMPLE_POPULATED,info,community-uploads/jordi/s5_rechunked.zarr,0,246.78.213,32768/32768 values differ from fill_value,27028
CHUNK_SAMPLE_POPULATED,info,community-uploads/jordi/s5_rechunked.zarr,1,82.26.36,32768/32768 values differ from fill_value,26863
CHUNK_SAMPLE_POPULATED,info,community-uploads/jordi/s5_rechunked.zarr,1,123.39.53,32768/32768 values differ from fill_value,24994
CHUNK_SAMPLE_POPULATED,info,community-uploads/jordi/s5_rechunked.zarr,1,164.52.71,32768/32768 values differ from fill_value,26778
CHUNK_SAMPLE_POPULATED,info,community-uploads/jordi/s5_rechunked.zarr,2,41.13.18,32768/32768 values differ from fill_value,25052
CHUNK_SAMPLE_POPULATED,info,community-uploads/jordi/s5_rechunked.zarr,2,82.26.36,32768/32768 values differ from fill_value,26004
CHUNK_SAMPLE_POPULATED,info,community-uploads/jordi/s5_rechunked.zarr,2,123.39.53,32768/32768 values differ from fill_value,25694
CHUNK_SAMPLE_POPULATED,info,community-uploads/jordi/s5_rechunked.zarr,3,31.3.13,32768/32768 values differ from fill_value,23233
CHUNK_SAMPLE_POPULATED,info,community-uploads/jordi/s5_rechunked.zarr,3,41.13.18,32768/32768 values differ from fill_value,23621
CHUNK_SAMPLE_POPULATED,info,community-uploads/jordi/s5_rechunked.zarr,3,51.23.22,32768/32768 values differ from fill_value,23664
CHUNK_SAMPLE_POPULATED,info,community-uploads/jordi/s5_rechunked.zarr,4,5.3.9,32768/32768 values differ from fill_value,21261
CHUNK_SAMPLE_POPULATED,info,community-uploads/jordi/s5_rechunked.zarr,4,15.10.9,32768/32768 values differ from fill_value,21064
CHUNK_SAMPLE_POPULATED,info,community-uploads/jordi/s5_rechunked.zarr,4,26.3.8,32768/32768 values differ from fill_value,21361
CHUNK_SAMPLE_POPULATED,info,community-uploads/jordi/s5_rechunked.zarr,5,2.4.3,32768/32768 values differ from fill_value,19722
CHUNK_SAMPLE_POPULATED,info,community-uploads/jordi/s5_rechunked.zarr,5,5.1.6,32488/32768 values differ from fill_value,20212
CHUNK_SAMPLE_POPULATED,info,community-uploads/jordi/s5_rechunked.zarr,5,10.3.4,32768/32768 values differ from fill_value,20079
CHUNK_SAMPLE_POPULATED,info,community-uploads/james/Scroll1/Scroll1_8um.zarr,0,14.7.48,nonzero byte in first 4096B prefix; full chunk not fetched,4096
CHUNK_SAMPLE_POPULATED,info,community-uploads/james/Scroll1/Scroll1_8um.zarr,0,28.15.32,nonzero byte in first 4096B prefix; full chunk not fetched,4096
CHUNK_SAMPLE_POPULATED,info,community-uploads/james/Scroll1/Scroll1_8um.zarr,0,42.23.16,nonzero byte in first 4096B prefix; full chunk not fetched,4096
CHUNK_SAMPLE_POPULATED,info,community-uploads/james/Scroll1/Scroll1_8um.zarr,1,14.7.24,nonzero byte in first 4096B prefix; full chunk not fetched,4096
CHUNK_SAMPLE_POPULATED,info,community-uploads/james/Scroll1/Scroll1_8um.zarr,1,21.11.20,nonzero byte in first 4096B prefix; full chunk not fetched,4096
CHUNK_SAMPLE_POPULATED,info,community-uploads/james/Scroll1/Scroll1_8um.zarr,1,28.15.16,nonzero byte in first 4096B prefix; full chunk not fetched,4096
CHUNK_SAMPLE_POPULATED,info,community-uploads/james/Scroll1/Scroll1_8um.zarr,2,7.4.0,nonzero byte in first 4096B prefix; full chunk not fetched,4096
CHUNK_SAMPLE_POPULATED,info,community-uploads/james/Scroll1/Scroll1_8um.zarr,3,0.0.0,463/2097152 values differ from fill_value,4198400
CHUNK_SAMPLE_POPULATED,info,community-uploads/james/Scroll1/Scroll1_8um.zarr,3,7.4.0,nonzero byte in first 4096B prefix; full chunk not fetched,4096
CHUNK_SAMPLE_POPULATED,info,community-uploads/james/Scroll1/Scroll1_8um.zarr,3,9.2.7,322/2097152 values differ from fill_value,4198400
CHUNK_SAMPLE_POPULATED,info,community-uploads/james/Scroll1/Scroll1_8um.zarr,4,0.0.0,955744/2097152 values differ from fill_value,4198400
CHUNK_SAMPLE_POPULATED,info,community-uploads/james/Scroll1/Scroll1_8um.zarr,4,1.0.0,1153260/2097152 values differ from fill_value,4198400
CHUNK_SAMPLE_POPULATED,info,community-uploads/james/Scroll1/Scroll1_8um.zarr,4,2.0.0,954611/2097152 values differ from fill_value,4198400
CHUNK_SAMPLE_POPULATED,info,community-uploads/james/Scroll1/Scroll1_8um.zarr,5,0.0.0,nonzero byte in first 4096B prefix; full chunk not fetched,4096
CHUNK_SAMPLE_POPULATED,info,community-uploads/james/Scroll1/Scroll1_8um.zarr,5,0.1.0,nonzero byte in first 4096B prefix; full chunk not fetched,4096
CHUNK_SAMPLE_POPULATED,info,community-uploads/james/Scroll1/Scroll1_8um.zarr,5,1.0.0,nonzero byte in first 4096B prefix; full chunk not fetched,4096
CHUNK_SAMPLE_POPULATED,info,community-uploads/james/Scroll2/Scroll2_8um.zarr,0,28.19.70,nonzero byte in first 4096B prefix; full chunk not fetched,4096
CHUNK_SAMPLE_POPULATED,info,community-uploads/james/Scroll2/Scroll2_8um.zarr,0,42.29.58,nonzero byte in first 4096B prefix; full chunk not fetched,4096
CHUNK_SAMPLE_POPULATED,info,community-uploads/james/Scroll2/Scroll2_8um.zarr,0,56.39.46,nonzero byte in first 4096B prefix; full chunk not fetched,4096
CHUNK_LEVEL_NO_SAMPLES,info,community-uploads/james/Scroll2/Scroll2_8um.zarr,1,,no chunk keys among 9 spread candidates; sparse level not coverable by spread sampling,0
CHUNK_SAMPLE_POPULATED,info,community-uploads/james/Scroll2/Scroll2_8um.zarr,2,3.12.12,nonzero byte in first 4096B prefix; full chunk not fetched,4096
CHUNK_SAMPLE_POPULATED,info,community-uploads/james/Scroll2/Scroll2_8um.zarr,2,18.2.11,nonzero byte in first 4096B prefix; full chunk not fetched,4096
CHUNK_SAMPLE_POPULATED,info,community-uploads/james/Scroll2/Scroll2_8um.zarr,2,25.7.11,nonzero byte in first 4096B prefix; full chunk not fetched,4096
CHUNK_SAMPLE_POPULATED,info,community-uploads/james/Scroll2/Scroll2_8um.zarr,3,3.7.6,nonzero byte in first 4096B prefix; full chunk not fetched,4096
CHUNK_SAMPLE_POPULATED,info,community-uploads/james/Scroll2/Scroll2_8um.zarr,3,5.6.3,nonzero byte in first 4096B prefix; full chunk not fetched,4096
CHUNK_SAMPLE_POPULATED,info,community-uploads/james/Scroll2/Scroll2_8um.zarr,3,7.5.0,12671/2097152 values differ from fill_value,4198400
CHUNK_SAMPLE_POPULATED,info,community-uploads/james/Scroll2/Scroll2_8um.zarr,4,0.0.0,38217/2097152 values differ from fill_value,4198400
CHUNK_SAMPLE_POPULATED,info,community-uploads/james/Scroll2/Scroll2_8um.zarr,4,1.0.0,143368/2097152 values differ from fill_value,4198400
CHUNK_SAMPLE_POPULATED,info,community-uploads/james/Scroll2/Scroll2_8um.zarr,4,2.0.0,118422/2097152 values differ from fill_value,4198400
CHUNK_SAMPLE_POPULATED,info,community-uploads/james/Scroll2/Scroll2_8um.zarr,5,0.0.0,1109600/2097152 values differ from fill_value,4198400
CHUNK_SAMPLE_POPULATED,info,community-uploads/james/Scroll2/Scroll2_8um.zarr,5,0.1.1,nonzero byte in first 4096B prefix; full chunk not fetched,4096
CHUNK_SAMPLE_POPULATED,info,community-uploads/james/Scroll2/Scroll2_8um.zarr,5,1.0.0,nonzero byte in first 4096B prefix; full chunk not fetched,4096
CHUNK_SAMPLE_POPULATED,info,other/dev/inked_zarrs/1321_predictions_binned.zarr,0,0.0.0,40974/6221824 values differ from fill_value,36943
CHUNK_SAMPLE_POPULATED,info,other/dev/inked_zarrs/1321_predictions_binned.zarr,0,2.0.0,105508/6221824 values differ from fill_value,50553
CHUNK_SAMPLE_POPULATED,info,other/dev/inked_zarrs/1321_predictions_binned.zarr,0,4.0.0,55701/6221824 values differ from fill_value,40765
CHUNK_SAMPLE_POPULATED,info,other/dev/inked_zarrs/1321_predictions_binned.zarr,1,0.0.0,40438/6221824 values differ from fill_value,48618
CHUNK_SAMPLE_POPULATED,info,other/dev/inked_zarrs/1321_predictions_binned.zarr,1,1.0.0,47765/6221824 values differ from fill_value,51366
CHUNK_SAMPLE_POPULATED,info,other/dev/inked_zarrs/1321_predictions_binned.zarr,1,2.0.0,41041/6221824 values differ from fill_value,49823
CHUNK_SAMPLE_POPULATED,info,other/dev/inked_zarrs/1321_predictions_binned.zarr,2,0.0.0,47005/6221824 values differ from fill_value,64363
CHUNK_SAMPLE_POPULATED,info,other/dev/inked_zarrs/1321_predictions_binned.zarr,2,0.2.0,43366/6221824 values differ from fill_value,62576
CHUNK_SAMPLE_POPULATED,info,other/dev/inked_zarrs/1321_predictions_binned.zarr,2,1.0.0,59006/6221824 values differ from fill_value,76778
CHUNK_SAMPLE_POPULATED,info,other/dev/inked_zarrs/1321_predictions_binned.zarr,3,0.0.0,35234/6221824 values differ from fill_value,71151
CHUNK_SAMPLE_POPULATED,info,other/dev/inked_zarrs/1321_predictions_binned.zarr,3,0.1.0,63080/6221824 values differ from fill_value,105516
CHUNK_SAMPLE_POPULATED,info,other/dev/inked_zarrs/1321_predictions_binned.zarr,3,1.0.0,63023/6221824 values differ from fill_value,98497
CHUNK_SAMPLE_POPULATED,info,other/dev/inked_zarrs/1321_predictions_binned.zarr,4,0.0.0,35637/6221824 values differ from fill_value,87781
CHUNK_SAMPLE_POPULATED,info,other/dev/inked_zarrs/1321_predictions_binned.zarr,5,0.0.0,5258/6221824 values differ from fill_value,38754
CHUNK_SAMPLE_POPULATED,info,other/dev/inked_zarrs/20230520175435.zarr,0,2.0.12,324560/1048576 values differ from fill_value,85784
CHUNK_SAMPLE_POPULATED,info,other/dev/inked_zarrs/20230520175435.zarr,0,4.1.8,237580/1048576 values differ from fill_value,50600
CHUNK_SAMPLE_POPULATED,info,other/dev/inked_zarrs/20230520175435.zarr,0,10.3.11,322384/1048576 values differ from fill_value,53396
CHUNK_SAMPLE_POPULATED,info,other/dev/inked_zarrs/20230520175435.zarr,1,1.0.3,52864/1048576 values differ from fill_value,24020
CHUNK_SAMPLE_POPULATED,info,other/dev/inked_zarrs/20230520175435.zarr,1,2.0.6,265772/1048576 values differ from fill_value,116500
CHUNK_SAMPLE_POPULATED,info,other/dev/inked_zarrs/20230520175435.zarr,1,4.1.4,265656/1048576 values differ from fill_value,101648
CHUNK_SAMPLE_POPULATED,info,other/dev/inked_zarrs/20230520175435.zarr,2,0.1.1,4232/1048576 values differ from fill_value,3512
CHUNK_SAMPLE_POPULATED,info,other/dev/inked_zarrs/20230520175435.zarr,2,1.0.2,224716/1048576 values differ from fill_value,131456
CHUNK_SAMPLE_POPULATED,info,other/dev/inked_zarrs/20230520175435.zarr,2,3.1.1,4232/1048576 values differ from fill_value,3512
CHUNK_SAMPLE_POPULATED,info,other/dev/inked_zarrs/20230520175435.zarr,3,0.0.0,22404/1048576 values differ from fill_value,22388
CHUNK_SAMPLE_POPULATED,info,other/dev/inked_zarrs/20230520175435.zarr,3,0.0.1,95592/1048576 values differ from fill_value,88244
CHUNK_SAMPLE_POPULATED,info,other/dev/inked_zarrs/20230520175435.zarr,3,1.0.0,22404/1048576 values differ from fill_value,22388
CHUNK_SAMPLE_POPULATED,info,other/dev/inked_zarrs/20230520175435.zarr,4,0.0.0,31628/1048576 values differ from fill_value,42452
CHUNK_SAMPLE_POPULATED,info,other/dev/inked_zarrs/20230520175435.zarr,4,1.0.0,7907/1048576 values differ from fill_value,10805
CHUNK_SAMPLE_POPULATED,info,other/dev/inked_zarrs/20230520175435.zarr,5,0.0.0,6801/1048576 values differ from fill_value,11998
CHUNK_SAMPLE_POPULATED,info,other/dev/inked_zarrs/1321_predictions.zarr,0,0.0.0,3625828/6221824 values differ from fill_value,1361437
CHUNK_SAMPLE_POPULATED,info,other/dev/inked_zarrs/1321_predictions.zarr,0,2.0.0,3625828/6221824 values differ from fill_value,1399963
CHUNK_SAMPLE_POPULATED,info,other/dev/inked_zarrs/1321_predictions.zarr,0,4.0.0,3625828/6221824 values differ from fill_value,1441131
CHUNK_SAMPLE_POPULATED,info,other/dev/inked_zarrs/1321_predictions.zarr,1,0.0.0,4906152/6221824 values differ from fill_value,2378278
CHUNK_SAMPLE_POPULATED,info,other/dev/inked_zarrs/1321_predictions.zarr,1,1.0.0,4906152/6221824 values differ from fill_value,2363818
CHUNK_SAMPLE_POPULATED,info,other/dev/inked_zarrs/1321_predictions.zarr,1,2.0.0,4906152/6221824 values differ from fill_value,2365979
CHUNK_SAMPLE_POPULATED,info,other/dev/inked_zarrs/1321_predictions.zarr,2,0.0.0,5214708/6221824 values differ from fill_value,3088698
CHUNK_SAMPLE_POPULATED,info,other/dev/inked_zarrs/1321_predictions.zarr,2,0.2.0,5143028/6221824 values differ from fill_value,3019181
CHUNK_SAMPLE_POPULATED,info,other/dev/inked_zarrs/1321_predictions.zarr,2,1.0.0,5214708/6221824 values differ from fill_value,3107605
CHUNK_SAMPLE_POPULATED,info,other/dev/inked_zarrs/1321_predictions.zarr,3,0.0.0,5179860/6221824 values differ from fill_value,3638574
CHUNK_SAMPLE_POPULATED,info,other/dev/inked_zarrs/1321_predictions.zarr,3,0.1.0,5226572/6221824 values differ from fill_value,3769607
CHUNK_SAMPLE_POPULATED,info,other/dev/inked_zarrs/1321_predictions.zarr,3,1.0.0,5179860/6221824 values differ from fill_value,3671287
CHUNK_SAMPLE_POPULATED,info,other/dev/inked_zarrs/1321_predictions.zarr,4,0.0.0,2599284/6221824 values differ from fill_value,2278286
CHUNK_SAMPLE_POPULATED,info,other/dev/inked_zarrs/1321_predictions.zarr,5,0.0.0,324214/6221824 values differ from fill_value,342863
CHUNK_SAMPLE_POPULATED,info,other/dev/inked_zarrs/20230522181603.zarr,0,14.9.17,143856/1048576 values differ from fill_value,21800
CHUNK_SAMPLE_POPULATED,info,other/dev/inked_zarrs/20230522181603.zarr,1,2.1.7,112596/1048576 values differ from fill_value,34772
CHUNK_SAMPLE_POPULATED,info,other/dev/inked_zarrs/20230522181603.zarr,1,3.2.3,388916/1048576 values differ from fill_value,97832
CHUNK_SAMPLE_POPULATED,info,other/dev/inked_zarrs/20230522181603.zarr,1,5.3.11,2836/1048576 values differ from fill_value,2220
CHUNK_SAMPLE_POPULATED,info,other/dev/inked_zarrs/20230522181603.zarr,2,1.2.5,3052/1048576 values differ from fill_value,1576
CHUNK_SAMPLE_POPULATED,info,other/dev/inked_zarrs/20230522181603.zarr,2,2.1.4,76600/1048576 values differ from fill_value,37396
CHUNK_SAMPLE_POPULATED,info,other/dev/inked_zarrs/20230522181603.zarr,2,3.0.2,23972/1048576 values differ from fill_value,14048
CHUNK_SAMPLE_POPULATED,info,other/dev/inked_zarrs/20230522181603.zarr,3,0.0.0,76008/1048576 values differ from fill_value,62516
CHUNK_SAMPLE_POPULATED,info,other/dev/inked_zarrs/20230522181603.zarr,3,0.0.3,8648/1048576 values differ from fill_value,7976
CHUNK_SAMPLE_POPULATED,info,other/dev/inked_zarrs/20230522181603.zarr,3,0.1.2,25872/1048576 values differ from fill_value,21912
CHUNK_SAMPLE_POPULATED,info,other/dev/inked_zarrs/20230522181603.zarr,4,0.0.0,55148/1048576 values differ from fill_value,73888
CHUNK_SAMPLE_POPULATED,info,other/dev/inked_zarrs/20230522181603.zarr,4,0.0.1,20060/1048576 values differ from fill_value,26496
CHUNK_SAMPLE_POPULATED,info,other/dev/inked_zarrs/20230522181603.zarr,4,1.0.0,13787/1048576 values differ from fill_value,18664
CHUNK_SAMPLE_POPULATED,info,other/dev/inked_zarrs/20230522181603.zarr,5,0.0.0,16275/1048576 values differ from fill_value,31735
CHUNK_SAMPLE_POPULATED,info,other/dev/inked_zarrs/20230530212931.zarr,0,2.1.0,226228/1048576 values differ from fill_value,81628
CHUNK_SAMPLE_POPULATED,info,other/dev/inked_zarrs/20230530212931.zarr,0,4.2.0,203448/1048576 values differ from fill_value,62712
CHUNK_SAMPLE_POPULATED,info,other/dev/inked_zarrs/20230530212931.zarr,0,6.3.0,115892/1048576 values differ from fill_value,34072
CHUNK_SAMPLE_POPULATED,info,other/dev/inked_zarrs/20230530212931.zarr,1,0.0.0,114496/1048576 values differ from fill_value,61784
CHUNK_SAMPLE_POPULATED,info,other/dev/inked_zarrs/20230530212931.zarr,1,1.0.1,144072/1048576 values differ from fill_value,65600
CHUNK_SAMPLE_POPULATED,info,other/dev/inked_zarrs/20230530212931.zarr,1,2.1.0,159820/1048576 values differ from fill_value,72600
CHUNK_SAMPLE_POPULATED,info,other/dev/inked_zarrs/20230530212931.zarr,2,0.0.0,157296/1048576 values differ from fill_value,109164
CHUNK_SAMPLE_POPULATED,info,other/dev/inked_zarrs/20230530212931.zarr,2,0.1.0,39008/1048576 values differ from fill_value,24272
CHUNK_SAMPLE_POPULATED,info,other/dev/inked_zarrs/20230530212931.zarr,2,2.1.0,39008/1048576 values differ from fill_value,24272
CHUNK_SAMPLE_POPULATED,info,other/dev/inked_zarrs/20230530212931.zarr,3,0.0.0,50544/1048576 values differ from fill_value,53028
CHUNK_SAMPLE_POPULATED,info,other/dev/inked_zarrs/20230530212931.zarr,3,1.0.0,50544/1048576 values differ from fill_value,53028
CHUNK_SAMPLE_POPULATED,info,other/dev/inked_zarrs/20230530212931.zarr,3,2.0.0,12636/1048576 values differ from fill_value,13449
CHUNK_SAMPLE_POPULATED,info,other/dev/inked_zarrs/20230530212931.zarr,4,0.0.0,13548/1048576 values differ from fill_value,21548
CHUNK_SAMPLE_POPULATED,info,other/dev/inked_zarrs/20230530212931.zarr,4,1.0.0,3387/1048576 values differ from fill_value,5579
CHUNK_SAMPLE_POPULATED,info,other/dev/inked_zarrs/20230530212931.zarr,5,0.0.0,2910/1048576 values differ from fill_value,6862
CHUNK_LEVEL_NO_SAMPLES,info,fragments/PHerc0500P2/volumes/4.317um_HA2200_HEL_111keV_1.2m_scroll-fragment-PHerc0500P2_D_0001_masked.zarr,0,,no chunk keys among 9 spread candidates; sparse level not coverable by spread sampling,0
CHUNK_SAMPLE_POPULATED,info,fragments/PHerc0500P2/volumes/4.317um_HA2200_HEL_111keV_1.2m_scroll-fragment-PHerc0500P2_D_0001_masked.zarr,1,46.18.18,nonzero byte in first 4096B prefix; full chunk not fetched,4096
CHUNK_SAMPLE_POPULATED,info,fragments/PHerc0500P2/volumes/4.317um_HA2200_HEL_111keV_1.2m_scroll-fragment-PHerc0500P2_D_0001_masked.zarr,2,15.9.9,nonzero byte in first 4096B prefix; full chunk not fetched,4096
CHUNK_LEVEL_NO_SAMPLES,info,fragments/PHerc0500P2/volumes/4.317um_HA2200_HEL_111keV_1.2m_scroll-fragment-PHerc0500P2_D_0001_masked.zarr,3,,no chunk keys among 9 spread candidates; sparse level not coverable by spread sampling,0
CHUNK_SAMPLE_POPULATED,info,fragments/PHerc0500P2/volumes/4.317um_HA2200_HEL_111keV_1.2m_scroll-fragment-PHerc0500P2_D_0001_masked.zarr,4,0.0.0,26239/2097152 values differ from fill_value,2101248
CHUNK_SAMPLE_POPULATED,info,fragments/PHerc0500P2/volumes/4.317um_HA2200_HEL_111keV_1.2m_scroll-fragment-PHerc0500P2_D_0001_masked.zarr,5,0.0.0,nonzero byte in first 4096B prefix; full chunk not fetched,4096
CHUNK_SAMPLE_POPULATED,info,fragments/PHerc0500P2/volumes/4.317um_HA2200_HEL_111keV_1.2m_scroll-fragment-PHerc0500P2_D_0001_masked.zarr,5,0.1.1,nonzero byte in first 4096B prefix; full chunk not fetched,4096
CHUNK_SAMPLE_POPULATED,info,fragments/PHerc0500P2/volumes/4.317um_HA2200_HEL_111keV_1.2m_scroll-fragment-PHerc0500P2_D_0001_masked.zarr,5,1.0.0,13901/2097152 values differ from fill_value,2101248
CHUNK_LEVEL_NO_SAMPLES,info,other/dev/inked_zarrs/20230530164535.zarr,0,,no chunk keys among 9 spread candidates; sparse level not coverable by spread sampling,0
CHUNK_SAMPLE_POPULATED,info,other/dev/inked_zarrs/20230530164535.zarr,1,0.0.0,56456/1048576 values differ from fill_value,19848
CHUNK_SAMPLE_POPULATED,info,other/dev/inked_zarrs/20230530164535.zarr,1,1.0.1,45452/1048576 values differ from fill_value,12020
CHUNK_SAMPLE_POPULATED,info,other/dev/inked_zarrs/20230530164535.zarr,1,2.1.0,128348/1048576 values differ from fill_value,40080
CHUNK_SAMPLE_POPULATED,info,other/dev/inked_zarrs/20230530164535.zarr,2,0.0.0,82608/1048576 values differ from fill_value,51244
CHUNK_SAMPLE_POPULATED,info,other/dev/inked_zarrs/20230530164535.zarr,2,0.1.0,10208/1048576 values differ from fill_value,6136
CHUNK_SAMPLE_POPULATED,info,other/dev/inked_zarrs/20230530164535.zarr,2,2.1.0,10208/1048576 values differ from fill_value,6136
CHUNK_SAMPLE_POPULATED,info,other/dev/inked_zarrs/20230530164535.zarr,3,0.0.0,24496/1048576 values differ from fill_value,25040
CHUNK_SAMPLE_POPULATED,info,other/dev/inked_zarrs/20230530164535.zarr,3,1.0.0,24496/1048576 values differ from fill_value,25040
CHUNK_SAMPLE_POPULATED,info,other/dev/inked_zarrs/20230530164535.zarr,3,2.0.0,6124/1048576 values differ from fill_value,6452
CHUNK_SAMPLE_POPULATED,info,other/dev/inked_zarrs/20230530164535.zarr,4,0.0.0,6712/1048576 values differ from fill_value,10432
CHUNK_SAMPLE_POPULATED,info,other/dev/inked_zarrs/20230530164535.zarr,4,1.0.0,1678/1048576 values differ from fill_value,2800
CHUNK_SAMPLE_POPULATED,info,other/dev/inked_zarrs/20230530164535.zarr,5,0.0.0,1473/1048576 values differ from fill_value,3535
CHUNK_SAMPLE_POPULATED,info,other/dev/inked_zarrs/20230522215721.zarr,0,2.1.3,324432/1048576 values differ from fill_value,25280
CHUNK_SAMPLE_POPULATED,info,other/dev/inked_zarrs/20230522215721.zarr,0,6.4.1,227660/1048576 values differ from fill_value,80180
CHUNK_SAMPLE_POPULATED,info,other/dev/inked_zarrs/20230522215721.zarr,0,8.5.4,271924/1048576 values differ from fill_value,17144
CHUNK_SAMPLE_POPULATED,info,other/dev/inked_zarrs/20230522215721.zarr,1,0.0.0,288/1048576 values differ from fill_value,868
CHUNK_SAMPLE_POPULATED,info,other/dev/inked_zarrs/20230522215721.zarr,1,2.1.2,237348/1048576 values differ from fill_value,27396
CHUNK_SAMPLE_POPULATED,info,other/dev/inked_zarrs/20230522215721.zarr,1,3.2.1,218388/1048576 values differ from fill_value,58336
CHUNK_SAMPLE_POPULATED,info,other/dev/inked_zarrs/20230522215721.zarr,2,0.0.0,127032/1048576 values differ from fill_value,76316
CHUNK_SAMPLE_POPULATED,info,other/dev/inked_zarrs/20230522215721.zarr,2,2.1.1,148280/1048576 values differ from fill_value,67460
CHUNK_SAMPLE_POPULATED,info,other/dev/inked_zarrs/20230522215721.zarr,2,3.0.1,119548/1048576 values differ from fill_value,41488
CHUNK_SAMPLE_POPULATED,info,other/dev/inked_zarrs/20230522215721.zarr,3,0.0.0,145056/1048576 values differ from fill_value,141084
CHUNK_SAMPLE_POPULATED,info,other/dev/inked_zarrs/20230522215721.zarr,3,1.0.0,145056/1048576 values differ from fill_value,141084
CHUNK_SAMPLE_POPULATED,info,other/dev/inked_zarrs/20230522215721.zarr,3,2.0.0,36264/1048576 values differ from fill_value,35463
CHUNK_SAMPLE_POPULATED,info,other/dev/inked_zarrs/20230522215721.zarr,4,0.0.0,39552/1048576 values differ from fill_value,65008
CHUNK_SAMPLE_POPULATED,info,other/dev/inked_zarrs/20230522215721.zarr,4,1.0.0,9888/1048576 values differ from fill_value,16444
CHUNK_SAMPLE_POPULATED,info,other/dev/inked_zarrs/20230522215721.zarr,5,0.0.0,8634/1048576 values differ from fill_value,19537
CHUNK_SAMPLE_POPULATED,info,other/dev/inked_zarrs/20230531121653.zarr,0,2.0.3,136660/1048576 values differ from fill_value,3328
CHUNK_SAMPLE_POPULATED,info,other/dev/inked_zarrs/20230531121653.zarr,0,4.1.1,63400/1048576 values differ from fill_value,2520
CHUNK_SAMPLE_POPULATED,info,other/dev/inked_zarrs/20230531121653.zarr,0,8.2.2,122932/1048576 values differ from fill_value,5704
CHUNK_SAMPLE_POPULATED,info,other/dev/inked_zarrs/20230531121653.zarr,1,0.0.0,25640/1048576 values differ from fill_value,2716
CHUNK_SAMPLE_POPULATED,info,other/dev/inked_zarrs/20230531121653.zarr,1,1.0.1,149364/1048576 values differ from fill_value,16044
CHUNK_SAMPLE_POPULATED,info,other/dev/inked_zarrs/20230531121653.zarr,1,3.1.0,51444/1048576 values differ from fill_value,7644
CHUNK_SAMPLE_POPULATED,info,other/dev/inked_zarrs/20230531121653.zarr,2,0.0.0,104996/1048576 values differ from fill_value,36284
CHUNK_SAMPLE_POPULATED,info,other/dev/inked_zarrs/20230531121653.zarr,2,3.0.0,104996/1048576 values differ from fill_value,36284
CHUNK_SAMPLE_POPULATED,info,other/dev/inked_zarrs/20230531121653.zarr,3,0.0.0,27848/1048576 values differ from fill_value,24916
CHUNK_SAMPLE_POPULATED,info,other/dev/inked_zarrs/20230531121653.zarr,3,1.0.0,27848/1048576 values differ from fill_value,24916
CHUNK_SAMPLE_POPULATED,info,other/dev/inked_zarrs/20230531121653.zarr,3,2.0.0,6962/1048576 values differ from fill_value,6421
CHUNK_SAMPLE_POPULATED,info,other/dev/inked_zarrs/20230531121653.zarr,4,0.0.0,7744/1048576 values differ from fill_value,14164
CHUNK_SAMPLE_POPULATED,info,other/dev/inked_zarrs/20230531121653.zarr,4,1.0.0,1936/1048576 values differ from fill_value,3733
CHUNK_SAMPLE_POPULATED,info,other/dev/inked_zarrs/20230531121653.zarr,5,0.0.0,1773/1048576 values differ from fill_value,4447
CHUNK_SAMPLE_POPULATED,info,other/dev/inked_zarrs/20230530172803.zarr,0,12.7.3,288956/1048576 values differ from fill_value,65540
CHUNK_SAMPLE_POPULATED,info,other/dev/inked_zarrs/20230530172803.zarr,1,2.1.1,31400/1048576 values differ from fill_value,13624
CHUNK_SAMPLE_POPULATED,info,other/dev/inked_zarrs/20230530172803.zarr,2,0.0.0,8124/1048576 values differ from fill_value,6008
CHUNK_SAMPLE_POPULATED,info,other/dev/inked_zarrs/20230530172803.zarr,2,2.1.0,74204/1048576 values differ from fill_value,42348
CHUNK_SAMPLE_POPULATED,info,other/dev/inked_zarrs/20230530172803.zarr,2,3.0.0,8124/1048576 values differ from fill_value,6008
CHUNK_SAMPLE_POPULATED,info,other/dev/inked_zarrs/20230530172803.zarr,3,0.0.0,21788/1048576 values differ from fill_value,21648
CHUNK_SAMPLE_POPULATED,info,other/dev/inked_zarrs/20230530172803.zarr,3,1.0.0,21788/1048576 values differ from fill_value,21648
CHUNK_SAMPLE_POPULATED,info,other/dev/inked_zarrs/20230530172803.zarr,3,2.0.0,5447/1048576 values differ from fill_value,5604
CHUNK_SAMPLE_POPULATED,info,other/dev/inked_zarrs/20230530172803.zarr,4,0.0.0,6016/1048576 values differ from fill_value,9612
CHUNK_SAMPLE_POPULATED,info,other/dev/inked_zarrs/20230530172803.zarr,4,1.0.0,1504/1048576 values differ from fill_value,2595
CHUNK_SAMPLE_POPULATED,info,other/dev/inked_zarrs/20230530172803.zarr,5,0.0.0,1341/1048576 values differ from fill_value,3457
CHUNK_SAMPLE_POPULATED,info,other/dev/inked_zarrs/20230611014200.zarr,0,8.3.2,291824/1048576 values differ from fill_value,51116
CHUNK_SAMPLE_POPULATED,info,other/dev/inked_zarrs/20230611014200.zarr,0,10.4.2,126744/1048576 values differ from fill_value,19100
CHUNK_SAMPLE_POPULATED,info,other/dev/inked_zarrs/20230611014200.zarr,0,12.5.1,220648/1048576 values differ from fill_value,29480
CHUNK_SAMPLE_POPULATED,info,other/dev/inked_zarrs/20230611014200.zarr,1,3.1.1,97624/1048576 values differ from fill_value,30968
CHUNK_SAMPLE_POPULATED,info,other/dev/inked_zarrs/20230611014200.zarr,1,4.2.0,209180/1048576 values differ from fill_value,54092
CHUNK_SAMPLE_POPULATED,info,other/dev/inked_zarrs/20230611014200.zarr,1,5.2.1,40036/1048576 values differ from fill_value,11956
CHUNK_SAMPLE_POPULATED,info,other/dev/inked_zarrs/20230611014200.zarr,2,0.0.0,24976/1048576 values differ from fill_value,14992
CHUNK_SAMPLE_POPULATED,info,other/dev/inked_zarrs/20230611014200.zarr,2,0.1.0,63540/1048576 values differ from fill_value,30708
CHUNK_SAMPLE_POPULATED,info,other/dev/inked_zarrs/20230611014200.zarr,2,2.1.0,63540/1048576 values differ from fill_value,30708
CHUNK_SAMPLE_POPULATED,info,other/dev/inked_zarrs/20230611014200.zarr,3,0.0.0,23084/1048576 values differ from fill_value,20116
CHUNK_SAMPLE_POPULATED,info,other/dev/inked_zarrs/20230611014200.zarr,3,1.0.0,23084/1048576 values differ from fill_value,20116
CHUNK_SAMPLE_POPULATED,info,other/dev/inked_zarrs/20230611014200.zarr,3,2.0.0,5771/1048576 values differ from fill_value,5221
CHUNK_SAMPLE_POPULATED,info,other/dev/inked_zarrs/20230611014200.zarr,4,0.0.0,6188/1048576 values differ from fill_value,8532
CHUNK_SAMPLE_POPULATED,info,other/dev/inked_zarrs/20230611014200.zarr,4,1.0.0,1547/1048576 values differ from fill_value,2325
CHUNK_SAMPLE_POPULATED,info,other/dev/inked_zarrs/20230611014200.zarr,5,0.0.0,1338/1048576 values differ from fill_value,2980
CHUNK_SAMPLE_POPULATED,info,other/dev/inked_zarrs/20230531193658.zarr,0,4.1.6,231792/1048576 values differ from fill_value,75380
CHUNK_SAMPLE_POPULATED,info,other/dev/inked_zarrs/20230531193658.zarr,0,6.2.3,214696/1048576 values differ from fill_value,22456
CHUNK_SAMPLE_POPULATED,info,other/dev/inked_zarrs/20230531193658.zarr,0,10.3.8,237220/1048576 values differ from fill_value,94068
CHUNK_SAMPLE_POPULATED,info,other/dev/inked_zarrs/20230531193658.zarr,1,1.0.2,119468/1048576 values differ from fill_value,50680
CHUNK_SAMPLE_POPULATED,info,other/dev/inked_zarrs/20230531193658.zarr,1,2.0.4,67892/1048576 values differ from fill_value,36736
CHUNK_SAMPLE_POPULATED,info,other/dev/inked_zarrs/20230531193658.zarr,1,4.1.2,269828/1048576 values differ from fill_value,128200
CHUNK_SAMPLE_POPULATED,info,other/dev/inked_zarrs/20230531193658.zarr,2,0.0.0,20472/1048576 values differ from fill_value,9780
CHUNK_SAMPLE_POPULATED,info,other/dev/inked_zarrs/20230531193658.zarr,2,1.0.1,193396/1048576 values differ from fill_value,126620
CHUNK_SAMPLE_POPULATED,info,other/dev/inked_zarrs/20230531193658.zarr,2,2.0.2,130264/1048576 values differ from fill_value,85656
CHUNK_SAMPLE_POPULATED,info,other/dev/inked_zarrs/20230531193658.zarr,3,0.0.0,55536/1048576 values differ from fill_value,53980
CHUNK_SAMPLE_POPULATED,info,other/dev/inked_zarrs/20230531193658.zarr,3,0.0.1,33780/1048576 values differ from fill_value,35140
CHUNK_SAMPLE_POPULATED,info,other/dev/inked_zarrs/20230531193658.zarr,3,1.0.0,55536/1048576 values differ from fill_value,53980
CHUNK_SAMPLE_POPULATED,info,other/dev/inked_zarrs/20230531193658.zarr,4,0.0.0,24160/1048576 values differ from fill_value,34168
CHUNK_SAMPLE_POPULATED,info,other/dev/inked_zarrs/20230531193658.zarr,4,1.0.0,6040/1048576 values differ from fill_value,8734
CHUNK_SAMPLE_POPULATED,info,other/dev/inked_zarrs/20230531193658.zarr,5,0.0.0,5256/1048576 values differ from fill_value,9856
CHUNK_SAMPLE_POPULATED,info,other/dev/inked_zarrs/20230620230617.zarr,0,4.3.1,195172/1048576 values differ from fill_value,61792
CHUNK_SAMPLE_POPULATED,info,other/dev/inked_zarrs/20230620230617.zarr,0,8.6.3,220028/1048576 values differ from fill_value,66252
CHUNK_SAMPLE_POPULATED,info,other/dev/inked_zarrs/20230620230617.zarr,0,12.9.5,427760/1048576 values differ from fill_value,128664
CHUNK_SAMPLE_POPULATED,info,other/dev/inked_zarrs/20230620230617.zarr,1,4.3.2,184176/1048576 values differ from fill_value,84264
CHUNK_SAMPLE_POPULATED,info,other/dev/inked_zarrs/20230620230617.zarr,1,5.4.1,177660/1048576 values differ from fill_value,81656
CHUNK_SAMPLE_POPULATED,info,other/dev/inked_zarrs/20230620230617.zarr,2,0.0.0,49500/1048576 values differ from fill_value,35304
CHUNK_SAMPLE_POPULATED,info,other/dev/inked_zarrs/20230620230617.zarr,2,0.2.1,154348/1048576 values differ from fill_value,108768
CHUNK_SAMPLE_POPULATED,info,other/dev/inked_zarrs/20230620230617.zarr,2,1.1.0,124500/1048576 values differ from fill_value,81068
CHUNK_SAMPLE_POPULATED,info,other/dev/inked_zarrs/20230620230617.zarr,3,0.0.0,57184/1048576 values differ from fill_value,58512
CHUNK_SAMPLE_POPULATED,info,other/dev/inked_zarrs/20230620230617.zarr,3,0.1.0,57328/1048576 values differ from fill_value,61284
CHUNK_SAMPLE_POPULATED,info,other/dev/inked_zarrs/20230620230617.zarr,3,1.0.0,57184/1048576 values differ from fill_value,58512
CHUNK_SAMPLE_POPULATED,info,other/dev/inked_zarrs/20230620230617.zarr,4,0.0.0,30872/1048576 values differ from fill_value,48036
CHUNK_SAMPLE_POPULATED,info,other/dev/inked_zarrs/20230620230617.zarr,4,1.0.0,7718/1048576 values differ from fill_value,12201
CHUNK_SAMPLE_POPULATED,info,other/dev/inked_zarrs/20230620230617.zarr,5,0.0.0,6702/1048576 values differ from fill_value,14233
CHUNK_LEVEL_NO_SAMPLES,info,other/dev/inked_zarrs/20230601193301.zarr,0,,no chunk keys among 9 spread candidates; sparse level not coverable by spread sampling,0
CHUNK_LEVEL_NO_SAMPLES,info,other/dev/inked_zarrs/20230601193301.zarr,1,,no chunk keys among 9 spread candidates; sparse level not coverable by spread sampling,0
CHUNK_SAMPLE_POPULATED,info,other/dev/inked_zarrs/20230601193301.zarr,2,0.0.0,43392/1048576 values differ from fill_value,23164
CHUNK_SAMPLE_POPULATED,info,other/dev/inked_zarrs/20230601193301.zarr,2,0.1.1,9960/1048576 values differ from fill_value,4848
CHUNK_SAMPLE_POPULATED,info,other/dev/inked_zarrs/20230601193301.zarr,2,2.1.0,30608/1048576 values differ from fill_value,15104
CHUNK_SAMPLE_POPULATED,info,other/dev/inked_zarrs/20230601193301.zarr,3,0.0.0,23860/1048576 values differ from fill_value,21952
CHUNK_SAMPLE_POPULATED,info,other/dev/inked_zarrs/20230601193301.zarr,3,1.0.0,23860/1048576 values differ from fill_value,21952
CHUNK_SAMPLE_POPULATED,info,other/dev/inked_zarrs/20230601193301.zarr,3,2.0.0,5965/1048576 values differ from fill_value,5680
CHUNK_SAMPLE_POPULATED,info,other/dev/inked_zarrs/20230601193301.zarr,4,0.0.0,6452/1048576 values differ from fill_value,9380
CHUNK_SAMPLE_POPULATED,info,other/dev/inked_zarrs/20230601193301.zarr,4,1.0.0,1613/1048576 values differ from fill_value,2537
CHUNK_SAMPLE_POPULATED,info,other/dev/inked_zarrs/20230601193301.zarr,5,0.0.0,1371/1048576 values differ from fill_value,3316
CHUNK_SAMPLE_POPULATED,info,other/dev/inked_zarrs/20230620230619.zarr,0,8.6.5,414392/1048576 values differ from fill_value,134044
CHUNK_SAMPLE_POPULATED,info,other/dev/inked_zarrs/20230620230619.zarr,0,12.9.7,128592/1048576 values differ from fill_value,31000
CHUNK_SAMPLE_POPULATED,info,other/dev/inked_zarrs/20230620230619.zarr,1,3.2.3,68388/1048576 values differ from fill_value,34732
CHUNK_SAMPLE_POPULATED,info,other/dev/inked_zarrs/20230620230619.zarr,1,4.3.2,284348/1048576 values differ from fill_value,147716
CHUNK_SAMPLE_POPULATED,info,other/dev/inked_zarrs/20230620230619.zarr,1,5.4.2,90240/1048576 values differ from fill_value,48688
CHUNK_SAMPLE_POPULATED,info,other/dev/inked_zarrs/20230620230619.zarr,2,0.2.1,102352/1048576 values differ from fill_value,80280
CHUNK_SAMPLE_POPULATED,info,other/dev/inked_zarrs/20230620230619.zarr,2,1.1.0,32736/1048576 values differ from fill_value,24520
CHUNK_SAMPLE_POPULATED,info,other/dev/inked_zarrs/20230620230619.zarr,2,3.2.2,25932/1048576 values differ from fill_value,20808
CHUNK_SAMPLE_POPULATED,info,other/dev/inked_zarrs/20230620230619.zarr,3,0.0.0,68088/1048576 values differ from fill_value,80348
CHUNK_SAMPLE_POPULATED,info,other/dev/inked_zarrs/20230620230619.zarr,3,0.0.1,7920/1048576 values differ from fill_value,7860
CHUNK_SAMPLE_POPULATED,info,other/dev/inked_zarrs/20230620230619.zarr,3,0.1.1,6720/1048576 values differ from fill_value,7780
CHUNK_SAMPLE_POPULATED,info,other/dev/inked_zarrs/20230620230619.zarr,4,0.0.0,29448/1048576 values differ from fill_value,50692
CHUNK_SAMPLE_POPULATED,info,other/dev/inked_zarrs/20230620230619.zarr,4,1.0.0,7362/1048576 values differ from fill_value,12865
CHUNK_SAMPLE_POPULATED,info,other/dev/inked_zarrs/20230620230619.zarr,5,0.0.0,6390/1048576 values differ from fill_value,14665
CHUNK_SAMPLE_POPULATED,info,other/dev/inked_zarrs/20230826170124.zarr,0,2.1.3,225604/1048576 values differ from fill_value,68604
CHUNK_SAMPLE_POPULATED,info,other/dev/inked_zarrs/20230826170124.zarr,0,12.8.1,149244/1048576 values differ from fill_value,41480
CHUNK_SAMPLE_POPULATED,info,other/dev/inked_zarrs/20230826170124.zarr,1,0.0.0,117068/1048576 values differ from fill_value,52912
CHUNK_SAMPLE_POPULATED,info,other/dev/inked_zarrs/20230826170124.zarr,1,3.2.1,239380/1048576 values differ from fill_value,121564
CHUNK_SAMPLE_POPULATED,info,other/dev/inked_zarrs/20230826170124.zarr,1,4.3.0,32844/1048576 values differ from fill_value,13304
CHUNK_SAMPLE_POPULATED,info,other/dev/inked_zarrs/20230826170124.zarr,2,0.0.0,74400/1048576 values differ from fill_value,49276
CHUNK_SAMPLE_POPULATED,info,other/dev/inked_zarrs/20230826170124.zarr,2,0.2.0,24320/1048576 values differ from fill_value,15220
CHUNK_SAMPLE_POPULATED,info,other/dev/inked_zarrs/20230826170124.zarr,2,2.1.0,157180/1048576 values differ from fill_value,111676
CHUNK_SAMPLE_POPULATED,info,other/dev/inked_zarrs/20230826170124.zarr,3,0.0.0,66940/1048576 values differ from fill_value,68460
CHUNK_SAMPLE_POPULATED,info,other/dev/inked_zarrs/20230826170124.zarr,3,0.1.0,6332/1048576 values differ from fill_value,6256
CHUNK_SAMPLE_POPULATED,info,other/dev/inked_zarrs/20230826170124.zarr,3,1.0.0,66940/1048576 values differ from fill_value,68460
CHUNK_SAMPLE_POPULATED,info,other/dev/inked_zarrs/20230826170124.zarr,4,0.0.0,19736/1048576 values differ from fill_value,28656
CHUNK_SAMPLE_POPULATED,info,other/dev/inked_zarrs/20230826170124.zarr,4,1.0.0,4934/1048576 values differ from fill_value,7356
CHUNK_SAMPLE_POPULATED,info,other/dev/inked_zarrs/20230826170124.zarr,5,0.0.0,4299/1048576 values differ from fill_value,8311
CHUNK_SAMPLE_POPULATED,info,other/dev/inked_zarrs/20230702185753.zarr,0,4.6.25,110944/1048576 values differ from fill_value,31376
CHUNK_SAMPLE_POPULATED,info,other/dev/inked_zarrs/20230702185753.zarr,0,6.10.4,325972/1048576 values differ from fill_value,87948
CHUNK_SAMPLE_POPULATED,info,other/dev/inked_zarrs/20230702185753.zarr,0,12.20.8,120144/1048576 values differ from fill_value,37528
CHUNK_SAMPLE_POPULATED,info,other/dev/inked_zarrs/20230702185753.zarr,1,2.3.8,169892/1048576 values differ from fill_value,49408
CHUNK_SAMPLE_POPULATED,info,other/dev/inked_zarrs/20230702185753.zarr,1,3.5.4,238636/1048576 values differ from fill_value,114696
CHUNK_SAMPLE_POPULATED,info,other/dev/inked_zarrs/20230702185753.zarr,1,6.10.8,201496/1048576 values differ from fill_value,83648
CHUNK_SAMPLE_POPULATED,info,other/dev/inked_zarrs/20230702185753.zarr,2,0.4.3,194276/1048576 values differ from fill_value,140208
CHUNK_SAMPLE_POPULATED,info,other/dev/inked_zarrs/20230702185753.zarr,2,1.1.6,221920/1048576 values differ from fill_value,135948
CHUNK_SAMPLE_POPULATED,info,other/dev/inked_zarrs/20230702185753.zarr,2,2.3.4,75396/1048576 values differ from fill_value,50604
CHUNK_SAMPLE_POPULATED,info,other/dev/inked_zarrs/20230702185753.zarr,3,0.1.2,100412/1048576 values differ from fill_value,103356
CHUNK_SAMPLE_POPULATED,info,other/dev/inked_zarrs/20230702185753.zarr,3,1.0.2,76232/1048576 values differ from fill_value,79152
CHUNK_SAMPLE_POPULATED,info,other/dev/inked_zarrs/20230702185753.zarr,3,1.2.0,121280/1048576 values differ from fill_value,117972
CHUNK_SAMPLE_POPULATED,info,other/dev/inked_zarrs/20230702185753.zarr,4,0.0.0,126804/1048576 values differ from fill_value,182996
CHUNK_SAMPLE_POPULATED,info,other/dev/inked_zarrs/20230702185753.zarr,4,0.0.1,109804/1048576 values differ from fill_value,170696
CHUNK_SAMPLE_POPULATED,info,other/dev/inked_zarrs/20230702185753.zarr,4,0.1.0,74252/1048576 values differ from fill_value,116224
CHUNK_SAMPLE_POPULATED,info,other/dev/inked_zarrs/20230702185753.zarr,5,0.0.0,70758/1048576 values differ from fill_value,150904
CHUNK_SAMPLE_POPULATED,info,other/dev/inked_zarrs/20230702185753.zarr,5,0.0.1,1140/1048576 values differ from fill_value,3049
CHUNK_SAMPLE_POPULATED,info,other/dev/inked_zarrs/20230701020044.zarr,0,6.4.32,139404/1048576 values differ from fill_value,28564
CHUNK_SAMPLE_POPULATED,info,other/dev/inked_zarrs/20230701020044.zarr,1,1.0.17,14912/1048576 values differ from fill_value,5092
CHUNK_SAMPLE_POPULATED,info,other/dev/inked_zarrs/20230701020044.zarr,1,2.1.14,34476/1048576 values differ from fill_value,16200
CHUNK_SAMPLE_POPULATED,info,other/dev/inked_zarrs/20230701020044.zarr,1,3.2.11,117228/1048576 values differ from fill_value,53920
CHUNK_SAMPLE_POPULATED,info,other/dev/inked_zarrs/20230701020044.zarr,2,0.2.5,25068/1048576 values differ from fill_value,22196
CHUNK_SAMPLE_POPULATED,info,other/dev/inked_zarrs/20230701020044.zarr,3,0.0.4,74076/1048576 values differ from fill_value,78948
CHUNK_SAMPLE_POPULATED,info,other/dev/inked_zarrs/20230701020044.zarr,3,0.1.2,6624/1048576 values differ from fill_value,9536
CHUNK_SAMPLE_POPULATED,info,other/dev/inked_zarrs/20230701020044.zarr,3,1.0.4,74076/1048576 values differ from fill_value,78948
CHUNK_SAMPLE_POPULATED,info,other/dev/inked_zarrs/20230701020044.zarr,4,0.0.1,47916/1048576 values differ from fill_value,68668
CHUNK_SAMPLE_POPULATED,info,other/dev/inked_zarrs/20230701020044.zarr,4,0.0.2,20160/1048576 values differ from fill_value,32972
CHUNK_SAMPLE_POPULATED,info,other/dev/inked_zarrs/20230701020044.zarr,4,1.0.1,11979/1048576 values differ from fill_value,17359
CHUNK_SAMPLE_POPULATED,info,other/dev/inked_zarrs/20230701020044.zarr,5,0.0.0,10446/1048576 values differ from fill_value,19396
CHUNK_SAMPLE_POPULATED,info,other/dev/inked_zarrs/20230701020044.zarr,5,0.0.1,4452/1048576 values differ from fill_value,9460
CHUNK_SAMPLE_POPULATED,info,other/dev/inked_zarrs/20230820203112.zarr,0,6.5.3,95068/1048576 values differ from fill_value,15492
CHUNK_SAMPLE_POPULATED,info,other/dev/inked_zarrs/20230820203112.zarr,0,8.7.2,376512/1048576 values differ from fill_value,58440
CHUNK_SAMPLE_POPULATED,info,other/dev/inked_zarrs/20230820203112.zarr,1,1.1.0,79852/1048576 values differ from fill_value,25252
CHUNK_SAMPLE_POPULATED,info,other/dev/inked_zarrs/20230820203112.zarr,1,2.2.0,115904/1048576 values differ from fill_value,31124
CHUNK_SAMPLE_POPULATED,info,other/dev/inked_zarrs/20230820203112.zarr,1,3.3.0,201132/1048576 values differ from fill_value,51128
CHUNK_SAMPLE_POPULATED,info,other/dev/inked_zarrs/20230820203112.zarr,2,0.0.0,97472/1048576 values differ from fill_value,47392
CHUNK_SAMPLE_POPULATED,info,other/dev/inked_zarrs/20230820203112.zarr,2,1.1.0,175148/1048576 values differ from fill_value,90732
CHUNK_SAMPLE_POPULATED,info,other/dev/inked_zarrs/20230820203112.zarr,2,3.0.0,97472/1048576 values differ from fill_value,47392
CHUNK_SAMPLE_POPULATED,info,other/dev/inked_zarrs/20230820203112.zarr,3,0.0.0,71104/1048576 values differ from fill_value,61356
CHUNK_SAMPLE_POPULATED,info,other/dev/inked_zarrs/20230820203112.zarr,3,1.0.0,71104/1048576 values differ from fill_value,61356
CHUNK_SAMPLE_POPULATED,info,other/dev/inked_zarrs/20230820203112.zarr,3,2.0.0,17776/1048576 values differ from fill_value,15531
CHUNK_SAMPLE_POPULATED,info,other/dev/inked_zarrs/20230820203112.zarr,4,0.0.0,19204/1048576 values differ from fill_value,26620
CHUNK_SAMPLE_POPULATED,info,other/dev/inked_zarrs/20230820203112.zarr,4,1.0.0,4801/1048576 values differ from fill_value,6847
CHUNK_SAMPLE_POPULATED,info,other/dev/inked_zarrs/20230820203112.zarr,5,0.0.0,4137/1048576 values differ from fill_value,8845
CHUNK_SAMPLE_POPULATED,info,other/dev/inked_zarrs/20230827161847.zarr,0,4.4.5,340488/1048576 values differ from fill_value,44816
CHUNK_SAMPLE_POPULATED,info,other/dev/inked_zarrs/20230827161847.zarr,0,6.6.7,509276/1048576 values differ from fill_value,80204
CHUNK_SAMPLE_POPULATED,info,other/dev/inked_zarrs/20230827161847.zarr,1,2.2.1,114356/1048576 values differ from fill_value,37328
CHUNK_SAMPLE_POPULATED,info,other/dev/inked_zarrs/20230827161847.zarr,1,3.3.2,331296/1048576 values differ from fill_value,89128
CHUNK_SAMPLE_POPULATED,info,other/dev/inked_zarrs/20230827161847.zarr,1,4.4.2,296728/1048576 values differ from fill_value,79512
CHUNK_SAMPLE_POPULATED,info,other/dev/inked_zarrs/20230827161847.zarr,2,0.0.0,64440/1048576 values differ from fill_value,28688
CHUNK_SAMPLE_POPULATED,info,other/dev/inked_zarrs/20230827161847.zarr,2,1.1.0,95936/1048576 values differ from fill_value,49012
CHUNK_SAMPLE_POPULATED,info,other/dev/inked_zarrs/20230827161847.zarr,2,2.2.1,195524/1048576 values differ from fill_value,94684
CHUNK_SAMPLE_POPULATED,info,other/dev/inked_zarrs/20230827161847.zarr,3,0.0.0,169044/1048576 values differ from fill_value,140984
CHUNK_SAMPLE_POPULATED,info,other/dev/inked_zarrs/20230827161847.zarr,3,0.1.0,65716/1048576 values differ from fill_value,56604
CHUNK_SAMPLE_POPULATED,info,other/dev/inked_zarrs/20230827161847.zarr,3,1.0.0,169044/1048576 values differ from fill_value,140984
CHUNK_SAMPLE_POPULATED,info,other/dev/inked_zarrs/20230827161847.zarr,4,0.0.0,67224/1048576 values differ from fill_value,92636
CHUNK_SAMPLE_POPULATED,info,other/dev/inked_zarrs/20230827161847.zarr,4,1.0.0,16806/1048576 values differ from fill_value,23351
CHUNK_SAMPLE_POPULATED,info,other/dev/inked_zarrs/20230827161847.zarr,5,0.0.0,14454/1048576 values differ from fill_value,28849
CHUNK_SAMPLE_POPULATED,info,other/dev/inked_zarrs/20230901184804.zarr,0,12.10.4,80752/1048576 values differ from fill_value,8720
CHUNK_SAMPLE_POPULATED,info,other/dev/inked_zarrs/20230901184804.zarr,1,4.3.2,159624/1048576 values differ from fill_value,45856
CHUNK_SAMPLE_POPULATED,info,other/dev/inked_zarrs/20230901184804.zarr,1,5.4.1,54724/1048576 values differ from fill_value,15948
CHUNK_SAMPLE_POPULATED,info,other/dev/inked_zarrs/20230901184804.zarr,1,6.5.1,85304/1048576 values differ from fill_value,21152
CHUNK_SAMPLE_POPULATED,info,other/dev/inked_zarrs/20230901184804.zarr,2,0.0.0,73464/1048576 values differ from fill_value,37508
CHUNK_SAMPLE_POPULATED,info,other/dev/inked_zarrs/20230901184804.zarr,2,0.2.1,154472/1048576 values differ from fill_value,85316
CHUNK_SAMPLE_POPULATED,info,other/dev/inked_zarrs/20230901184804.zarr,2,1.1.0,52244/1048576 values differ from fill_value,25468
CHUNK_SAMPLE_POPULATED,info,other/dev/inked_zarrs/20230901184804.zarr,3,0.0.0,44660/1048576 values differ from fill_value,39452
CHUNK_SAMPLE_POPULATED,info,other/dev/inked_zarrs/20230901184804.zarr,3,1.0.0,44660/1048576 values differ from fill_value,39452
CHUNK_SAMPLE_POPULATED,info,other/dev/inked_zarrs/20230901184804.zarr,3,1.1.0,58984/1048576 values differ from fill_value,55488
CHUNK_SAMPLE_POPULATED,info,other/dev/inked_zarrs/20230901184804.zarr,4,0.0.0,28088/1048576 values differ from fill_value,42688
CHUNK_SAMPLE_POPULATED,info,other/dev/inked_zarrs/20230901184804.zarr,4,1.0.0,7022/1048576 values differ from fill_value,10864
CHUNK_SAMPLE_POPULATED,info,other/dev/inked_zarrs/20230901184804.zarr,5,0.0.0,6072/1048576 values differ from fill_value,13324
CHUNK_SAMPLE_POPULATED,info,other/dev/inked_zarrs/20230902141231.zarr,0,6.3.6,94724/1048576 values differ from fill_value,26480
CHUNK_SAMPLE_POPULATED,info,other/dev/inked_zarrs/20230902141231.zarr,0,8.5.0,336304/1048576 values differ from fill_value,90640
CHUNK_SAMPLE_POPULATED,info,other/dev/inked_zarrs/20230902141231.zarr,0,12.7.3,12/1048576 values differ from fill_value,288
CHUNK_SAMPLE_POPULATED,info,other/dev/inked_zarrs/20230902141231.zarr,1,1.0.2,12032/1048576 values differ from fill_value,5904
CHUNK_SAMPLE_POPULATED,info,other/dev/inked_zarrs/20230902141231.zarr,1,3.1.3,59560/1048576 values differ from fill_value,31652
CHUNK_SAMPLE_POPULATED,info,other/dev/inked_zarrs/20230902141231.zarr,1,4.2.2,223668/1048576 values differ from fill_value,91452
CHUNK_SAMPLE_POPULATED,info,other/dev/inked_zarrs/20230902141231.zarr,2,0.2.0,32496/1048576 values differ from fill_value,23640
CHUNK_SAMPLE_POPULATED,info,other/dev/inked_zarrs/20230902141231.zarr,2,1.0.1,76932/1048576 values differ from fill_value,49344
CHUNK_SAMPLE_POPULATED,info,other/dev/inked_zarrs/20230902141231.zarr,2,2.1.0,71752/1048576 values differ from fill_value,43884
CHUNK_SAMPLE_POPULATED,info,other/dev/inked_zarrs/20230902141231.zarr,3,0.0.0,62084/1048576 values differ from fill_value,63864
CHUNK_SAMPLE_POPULATED,info,other/dev/inked_zarrs/20230902141231.zarr,3,0.1.0,8432/1048576 values differ from fill_value,8816
CHUNK_SAMPLE_POPULATED,info,other/dev/inked_zarrs/20230902141231.zarr,3,1.0.0,62084/1048576 values differ from fill_value,63864
CHUNK_SAMPLE_POPULATED,info,other/dev/inked_zarrs/20230902141231.zarr,4,0.0.0,19084/1048576 values differ from fill_value,30556
CHUNK_SAMPLE_POPULATED,info,other/dev/inked_zarrs/20230902141231.zarr,4,1.0.0,4771/1048576 values differ from fill_value,7831
CHUNK_SAMPLE_POPULATED,info,other/dev/inked_zarrs/20230902141231.zarr,5,0.0.0,4167/1048576 values differ from fill_value,10408
CHUNK_SAMPLE_POPULATED,info,other/dev/inked_zarrs/20230903193206.zarr,0,4.5.2,27784/1048576 values differ from fill_value,4956
CHUNK_SAMPLE_POPULATED,info,other/dev/inked_zarrs/20230903193206.zarr,0,12.15.5,40032/1048576 values differ from fill_value,20776
CHUNK_SAMPLE_POPULATED,info,other/dev/inked_zarrs/20230903193206.zarr,0,14.18.2,3224/1048576 values differ from fill_value,1924
CHUNK_SAMPLE_POPULATED,info,other/dev/inked_zarrs/20230903193206.zarr,1,1.1.1,32516/1048576 values differ from fill_value,15824
CHUNK_SAMPLE_POPULATED,info,other/dev/inked_zarrs/20230903193206.zarr,1,3.4.0,12064/1048576 values differ from fill_value,5984
CHUNK_SAMPLE_POPULATED,info,other/dev/inked_zarrs/20230903193206.zarr,1,6.8.0,58476/1048576 values differ from fill_value,18544
CHUNK_SAMPLE_POPULATED,info,other/dev/inked_zarrs/20230903193206.zarr,2,0.0.0,38224/1048576 values differ from fill_value,24896
CHUNK_SAMPLE_POPULATED,info,other/dev/inked_zarrs/20230903193206.zarr,2,0.3.1,40332/1048576 values differ from fill_value,29784
CHUNK_SAMPLE_POPULATED,info,other/dev/inked_zarrs/20230903193206.zarr,2,1.1.1,78356/1048576 values differ from fill_value,43520
CHUNK_SAMPLE_POPULATED,info,other/dev/inked_zarrs/20230903193206.zarr,3,0.0.0,57440/1048576 values differ from fill_value,57476
CHUNK_SAMPLE_POPULATED,info,other/dev/inked_zarrs/20230903193206.zarr,3,0.1.0,28172/1048576 values differ from fill_value,29888
CHUNK_SAMPLE_POPULATED,info,other/dev/inked_zarrs/20230903193206.zarr,3,0.2.0,27364/1048576 values differ from fill_value,26544
CHUNK_SAMPLE_POPULATED,info,other/dev/inked_zarrs/20230903193206.zarr,4,0.0.0,23176/1048576 values differ from fill_value,37728
CHUNK_SAMPLE_POPULATED,info,other/dev/inked_zarrs/20230903193206.zarr,4,0.1.0,7388/1048576 values differ from fill_value,11572
CHUNK_SAMPLE_POPULATED,info,other/dev/inked_zarrs/20230903193206.zarr,4,1.0.0,5794/1048576 values differ from fill_value,9624
CHUNK_SAMPLE_POPULATED,info,other/dev/inked_zarrs/20230903193206.zarr,5,0.0.0,6654/1048576 values differ from fill_value,16300
CHUNK_LEVEL_NO_SAMPLES,info,other/dev/inked_zarrs/20230904020426.zarr,0,,no chunk keys among 9 spread candidates; sparse level not coverable by spread sampling,0
CHUNK_SAMPLE_POPULATED,info,other/dev/inked_zarrs/20230904020426.zarr,1,0.0.0,50808/1048576 values differ from fill_value,17780
CHUNK_SAMPLE_POPULATED,info,other/dev/inked_zarrs/20230904020426.zarr,1,2.1.2,79572/1048576 values differ from fill_value,20192
CHUNK_SAMPLE_POPULATED,info,other/dev/inked_zarrs/20230904020426.zarr,1,6.3.7,95144/1048576 values differ from fill_value,27984
CHUNK_SAMPLE_POPULATED,info,other/dev/inked_zarrs/20230904020426.zarr,2,0.0.0,95680/1048576 values differ from fill_value,55628
CHUNK_SAMPLE_POPULATED,info,other/dev/inked_zarrs/20230904020426.zarr,2,0.1.4,45744/1048576 values differ from fill_value,22884
CHUNK_SAMPLE_POPULATED,info,other/dev/inked_zarrs/20230904020426.zarr,2,1.0.3,7616/1048576 values differ from fill_value,4240
CHUNK_SAMPLE_POPULATED,info,other/dev/inked_zarrs/20230904020426.zarr,3,0.0.0,42180/1048576 values differ from fill_value,40848
CHUNK_SAMPLE_POPULATED,info,other/dev/inked_zarrs/20230904020426.zarr,3,0.0.2,11936/1048576 values differ from fill_value,9796
CHUNK_SAMPLE_POPULATED,info,other/dev/inked_zarrs/20230904020426.zarr,3,0.1.1,576/1048576 values differ from fill_value,868
CHUNK_SAMPLE_POPULATED,info,other/dev/inked_zarrs/20230904020426.zarr,4,0.0.0,17108/1048576 values differ from fill_value,26764
CHUNK_SAMPLE_POPULATED,info,other/dev/inked_zarrs/20230904020426.zarr,4,0.0.1,4616/1048576 values differ from fill_value,6060
CHUNK_SAMPLE_POPULATED,info,other/dev/inked_zarrs/20230904020426.zarr,4,1.0.0,4277/1048576 values differ from fill_value,6883
CHUNK_SAMPLE_POPULATED,info,other/dev/inked_zarrs/20230904020426.zarr,5,0.0.0,4716/1048576 values differ from fill_value,10291
CHUNK_SAMPLE_POPULATED,info,other/dev/inked_zarrs/20230904135535.zarr,0,2.1.7,127536/1048576 values differ from fill_value,48724
CHUNK_SAMPLE_POPULATED,info,other/dev/inked_zarrs/20230904135535.zarr,0,4.3.4,56692/1048576 values differ from fill_value,9252
CHUNK_SAMPLE_POPULATED,info,other/dev/inked_zarrs/20230904135535.zarr,0,12.10.4,3124/1048576 values differ from fill_value,3340
CHUNK_SAMPLE_POPULATED,info,other/dev/inked_zarrs/20230904135535.zarr,1,1.0.4,37540/1048576 values differ from fill_value,20396
CHUNK_SAMPLE_POPULATED,info,other/dev/inked_zarrs/20230904135535.zarr,1,2.1.3,125700/1048576 values differ from fill_value,36472
CHUNK_SAMPLE_POPULATED,info,other/dev/inked_zarrs/20230904135535.zarr,1,3.2.3,5968/1048576 values differ from fill_value,3292
CHUNK_SAMPLE_POPULATED,info,other/dev/inked_zarrs/20230904135535.zarr,2,0.0.0,23540/1048576 values differ from fill_value,14332
CHUNK_SAMPLE_POPULATED,info,other/dev/inked_zarrs/20230904135535.zarr,2,0.2.1,24940/1048576 values differ from fill_value,15224
CHUNK_SAMPLE_POPULATED,info,other/dev/inked_zarrs/20230904135535.zarr,2,1.1.0,36996/1048576 values differ from fill_value,19360
CHUNK_SAMPLE_POPULATED,info,other/dev/inked_zarrs/20230904135535.zarr,3,0.0.0,88828/1048576 values differ from fill_value,87212
CHUNK_SAMPLE_POPULATED,info,other/dev/inked_zarrs/20230904135535.zarr,3,0.0.1,3984/1048576 values differ from fill_value,4784
CHUNK_SAMPLE_POPULATED,info,other/dev/inked_zarrs/20230904135535.zarr,3,1.0.0,88828/1048576 values differ from fill_value,87212
CHUNK_SAMPLE_POPULATED,info,other/dev/inked_zarrs/20230904135535.zarr,4,0.0.0,32920/1048576 values differ from fill_value,51520
CHUNK_SAMPLE_POPULATED,info,other/dev/inked_zarrs/20230904135535.zarr,4,1.0.0,8230/1048576 values differ from fill_value,13072
CHUNK_SAMPLE_POPULATED,info,other/dev/inked_zarrs/20230904135535.zarr,5,0.0.0,7173/1048576 values differ from fill_value,16297
CHUNK_LEVEL_NO_SAMPLES,info,other/dev/inked_zarrs/20230909121925.zarr,0,,no chunk keys among 9 spread candidates; sparse level not coverable by spread sampling,0
CHUNK_SAMPLE_POPULATED,info,other/dev/inked_zarrs/20230909121925.zarr,1,0.0.0,8068/1048576 values differ from fill_value,4072
CHUNK_SAMPLE_POPULATED,info,other/dev/inked_zarrs/20230909121925.zarr,1,2.3.0,91076/1048576 values differ from fill_value,28808
CHUNK_SAMPLE_POPULATED,info,other/dev/inked_zarrs/20230909121925.zarr,1,3.4.2,108588/1048576 values differ from fill_value,34656
CHUNK_SAMPLE_POPULATED,info,other/dev/inked_zarrs/20230909121925.zarr,2,0.0.0,55884/1048576 values differ from fill_value,30764
CHUNK_SAMPLE_POPULATED,info,other/dev/inked_zarrs/20230909121925.zarr,2,0.3.1,8196/1048576 values differ from fill_value,4984
CHUNK_SAMPLE_POPULATED,info,other/dev/inked_zarrs/20230909121925.zarr,2,1.1.1,3344/1048576 values differ from fill_value,2624
CHUNK_SAMPLE_POPULATED,info,other/dev/inked_zarrs/20230909121925.zarr,3,0.0.0,41284/1048576 values differ from fill_value,38652
CHUNK_SAMPLE_POPULATED,info,other/dev/inked_zarrs/20230909121925.zarr,3,0.1.0,32000/1048576 values differ from fill_value,31272
CHUNK_SAMPLE_POPULATED,info,other/dev/inked_zarrs/20230909121925.zarr,3,0.2.0,19916/1048576 values differ from fill_value,18128
CHUNK_SAMPLE_POPULATED,info,other/dev/inked_zarrs/20230909121925.zarr,4,0.0.0,19972/1048576 values differ from fill_value,30812
CHUNK_SAMPLE_POPULATED,info,other/dev/inked_zarrs/20230909121925.zarr,4,0.1.0,5412/1048576 values differ from fill_value,7956
CHUNK_SAMPLE_POPULATED,info,other/dev/inked_zarrs/20230909121925.zarr,4,1.0.0,4993/1048576 values differ from fill_value,7895
CHUNK_SAMPLE_POPULATED,info,other/dev/inked_zarrs/20230909121925.zarr,5,0.0.0,5553/1048576 values differ from fill_value,13348
CHUNK_SAMPLE_POPULATED,info,other/dev/inked_zarrs/20231001164029.zarr,0,2.0.24,65004/1048576 values differ from fill_value,13900
CHUNK_SAMPLE_POPULATED,info,other/dev/inked_zarrs/20231001164029.zarr,0,6.2.16,125012/1048576 values differ from fill_value,24252
CHUNK_SAMPLE_POPULATED,info,other/dev/inked_zarrs/20231001164029.zarr,0,10.4.10,157256/1048576 values differ from fill_value,28556
CHUNK_SAMPLE_POPULATED,info,other/dev/inked_zarrs/20231001164029.zarr,1,0.0.0,32328/1048576 values differ from fill_value,10320
CHUNK_SAMPLE_POPULATED,info,other/dev/inked_zarrs/20231001164029.zarr,1,1.0.7,67004/1048576 values differ from fill_value,27888
CHUNK_SAMPLE_POPULATED,info,other/dev/inked_zarrs/20231001164029.zarr,1,2.1.0,392/1048576 values differ from fill_value,1480
CHUNK_SAMPLE_POPULATED,info,other/dev/inked_zarrs/20231001164029.zarr,2,0.0.0,93488/1048576 values differ from fill_value,64632
CHUNK_SAMPLE_POPULATED,info,other/dev/inked_zarrs/20231001164029.zarr,2,0.1.2,18112/1048576 values differ from fill_value,11424
CHUNK_SAMPLE_POPULATED,info,other/dev/inked_zarrs/20231001164029.zarr,2,1.0.3,83516/1048576 values differ from fill_value,48072
CHUNK_SAMPLE_POPULATED,info,other/dev/inked_zarrs/20231001164029.zarr,3,0.0.0,84840/1048576 values differ from fill_value,87824
CHUNK_SAMPLE_POPULATED,info,other/dev/inked_zarrs/20231001164029.zarr,3,0.0.1,70760/1048576 values differ from fill_value,70424
CHUNK_SAMPLE_POPULATED,info,other/dev/inked_zarrs/20231001164029.zarr,3,0.0.3,11676/1048576 values differ from fill_value,10324
CHUNK_SAMPLE_POPULATED,info,other/dev/inked_zarrs/20231001164029.zarr,4,0.0.0,42832/1048576 values differ from fill_value,64300
CHUNK_SAMPLE_POPULATED,info,other/dev/inked_zarrs/20231001164029.zarr,4,0.0.1,14360/1048576 values differ from fill_value,23056
CHUNK_SAMPLE_POPULATED,info,other/dev/inked_zarrs/20231001164029.zarr,4,1.0.0,10708/1048576 values differ from fill_value,16267
CHUNK_SAMPLE_POPULATED,info,other/dev/inked_zarrs/20231001164029.zarr,5,0.0.0,12612/1048576 values differ from fill_value,25285
CHUNK_SAMPLE_POPULATED,info,other/dev/inked_zarrs/20230905134255.zarr,0,4.5.4,56260/1048576 values differ from fill_value,7896
CHUNK_SAMPLE_POPULATED,info,other/dev/inked_zarrs/20230905134255.zarr,0,6.8.2,63316/1048576 values differ from fill_value,9232
CHUNK_SAMPLE_POPULATED,info,other/dev/inked_zarrs/20230905134255.zarr,0,12.16.4,340812/1048576 values differ from fill_value,74496
CHUNK_SAMPLE_POPULATED,info,other/dev/inked_zarrs/20230905134255.zarr,1,3.4.0,88120/1048576 values differ from fill_value,23908
CHUNK_SAMPLE_POPULATED,info,other/dev/inked_zarrs/20230905134255.zarr,1,4.5.2,23680/1048576 values differ from fill_value,8864
CHUNK_SAMPLE_POPULATED,info,other/dev/inked_zarrs/20230905134255.zarr,1,7.9.2,115092/1048576 values differ from fill_value,31812
CHUNK_SAMPLE_POPULATED,info,other/dev/inked_zarrs/20230905134255.zarr,2,0.0.0,98800/1048576 values differ from fill_value,50720
CHUNK_SAMPLE_POPULATED,info,other/dev/inked_zarrs/20230905134255.zarr,2,1.1.1,6084/1048576 values differ from fill_value,4076
CHUNK_SAMPLE_POPULATED,info,other/dev/inked_zarrs/20230905134255.zarr,2,3.4.1,114712/1048576 values differ from fill_value,63064
CHUNK_SAMPLE_POPULATED,info,other/dev/inked_zarrs/20230905134255.zarr,3,0.0.0,64360/1048576 values differ from fill_value,57684
CHUNK_SAMPLE_POPULATED,info,other/dev/inked_zarrs/20230905134255.zarr,3,0.1.0,29132/1048576 values differ from fill_value,26384
CHUNK_SAMPLE_POPULATED,info,other/dev/inked_zarrs/20230905134255.zarr,3,0.2.0,29872/1048576 values differ from fill_value,27044
CHUNK_SAMPLE_POPULATED,info,other/dev/inked_zarrs/20230905134255.zarr,4,0.0.0,25164/1048576 values differ from fill_value,36248
CHUNK_SAMPLE_POPULATED,info,other/dev/inked_zarrs/20230905134255.zarr,4,0.1.0,8052/1048576 values differ from fill_value,11392
CHUNK_SAMPLE_POPULATED,info,other/dev/inked_zarrs/20230905134255.zarr,4,1.0.0,6291/1048576 values differ from fill_value,9254
CHUNK_SAMPLE_POPULATED,info,other/dev/inked_zarrs/20230905134255.zarr,5,0.0.0,7179/1048576 values differ from fill_value,15955
CHUNK_SAMPLE_POPULATED,info,other/dev/inked_zarrs/20230929220926.zarr,0,6.7.23,500172/1048576 values differ from fill_value,143440
CHUNK_SAMPLE_POPULATED,info,other/dev/inked_zarrs/20230929220926.zarr,1,1.1.6,102072/1048576 values differ from fill_value,41780
CHUNK_SAMPLE_POPULATED,info,other/dev/inked_zarrs/20230929220926.zarr,1,2.2.11,109720/1048576 values differ from fill_value,49536
CHUNK_SAMPLE_POPULATED,info,other/dev/inked_zarrs/20230929220926.zarr,1,3.3.17,289836/1048576 values differ from fill_value,124456
CHUNK_SAMPLE_POPULATED,info,other/dev/inked_zarrs/20230929220926.zarr,2,1.1.3,212316/1048576 values differ from fill_value,125364
CHUNK_SAMPLE_POPULATED,info,other/dev/inked_zarrs/20230929220926.zarr,2,2.2.6,624/1048576 values differ from fill_value,1464
CHUNK_SAMPLE_POPULATED,info,other/dev/inked_zarrs/20230929220926.zarr,2,3.0.7,22136/1048576 values differ from fill_value,16928
CHUNK_SAMPLE_POPULATED,info,other/dev/inked_zarrs/20230929220926.zarr,3,0.1.1,43496/1048576 values differ from fill_value,42444
CHUNK_SAMPLE_POPULATED,info,other/dev/inked_zarrs/20230929220926.zarr,3,1.0.2,128480/1048576 values differ from fill_value,111424
CHUNK_SAMPLE_POPULATED,info,other/dev/inked_zarrs/20230929220926.zarr,3,1.1.2,3208/1048576 values differ from fill_value,3812
CHUNK_SAMPLE_POPULATED,info,other/dev/inked_zarrs/20230929220926.zarr,4,0.0.0,44888/1048576 values differ from fill_value,56252
CHUNK_SAMPLE_POPULATED,info,other/dev/inked_zarrs/20230929220926.zarr,4,0.0.1,68480/1048576 values differ from fill_value,88364
CHUNK_SAMPLE_POPULATED,info,other/dev/inked_zarrs/20230929220926.zarr,4,1.0.0,11222/1048576 values differ from fill_value,14255
CHUNK_SAMPLE_POPULATED,info,other/dev/inked_zarrs/20230929220926.zarr,5,0.0.0,24216/1048576 values differ from fill_value,40123
CHUNK_SAMPLE_POPULATED,info,other/dev/inked_zarrs/20230929220926.zarr,5,0.0.1,25182/1048576 values differ from fill_value,42532
CHUNK_LEVEL_NO_SAMPLES,info,other/dev/inked_zarrs/20231012085431.zarr,0,,no chunk keys among 9 spread candidates; sparse level not coverable by spread sampling,0
CHUNK_SAMPLE_POPULATED,info,other/dev/inked_zarrs/20231012085431.zarr,1,5.6.2,38656/1048576 values differ from fill_value,15760
CHUNK_SAMPLE_POPULATED,info,other/dev/inked_zarrs/20231012085431.zarr,1,6.7.4,32428/1048576 values differ from fill_value,13500
CHUNK_SAMPLE_POPULATED,info,other/dev/inked_zarrs/20231012085431.zarr,2,0.3.1,76768/1048576 values differ from fill_value,48652
CHUNK_SAMPLE_POPULATED,info,other/dev/inked_zarrs/20231012085431.zarr,2,1.4.1,60852/1048576 values differ from fill_value,33932
CHUNK_SAMPLE_POPULATED,info,other/dev/inked_zarrs/20231012085431.zarr,3,0.1.0,70728/1048576 values differ from fill_value,74860
CHUNK_SAMPLE_POPULATED,info,other/dev/inked_zarrs/20231012085431.zarr,3,0.2.0,28504/1048576 values differ from fill_value,27936
CHUNK_SAMPLE_POPULATED,info,other/dev/inked_zarrs/20231012085431.zarr,3,1.1.1,2208/1048576 values differ from fill_value,2992
CHUNK_SAMPLE_POPULATED,info,other/dev/inked_zarrs/20231012085431.zarr,4,0.0.0,20104/1048576 values differ from fill_value,35564
CHUNK_SAMPLE_POPULATED,info,other/dev/inked_zarrs/20231012085431.zarr,4,0.1.0,7844/1048576 values differ from fill_value,12048
CHUNK_SAMPLE_POPULATED,info,other/dev/inked_zarrs/20231012085431.zarr,4,1.0.0,5026/1048576 values differ from fill_value,9083
CHUNK_SAMPLE_POPULATED,info,other/dev/inked_zarrs/20231012085431.zarr,5,0.0.0,6240/1048576 values differ from fill_value,15481
CHUNK_LEVEL_NO_SAMPLES,info,other/dev/inked_zarrs/20231004222109.zarr,0,,no chunk keys among 9 spread candidates; sparse level not coverable by spread sampling,0
CHUNK_SAMPLE_POPULATED,info,other/dev/inked_zarrs/20231004222109.zarr,1,1.1.2,74064/1048576 values differ from fill_value,19272
CHUNK_SAMPLE_POPULATED,info,other/dev/inked_zarrs/20231004222109.zarr,1,3.4.2,4176/1048576 values differ from fill_value,2548
CHUNK_SAMPLE_POPULATED,info,other/dev/inked_zarrs/20231004222109.zarr,1,4.6.0,16424/1048576 values differ from fill_value,4908
CHUNK_SAMPLE_POPULATED,info,other/dev/inked_zarrs/20231004222109.zarr,2,0.0.0,48500/1048576 values differ from fill_value,21140
CHUNK_SAMPLE_POPULATED,info,other/dev/inked_zarrs/20231004222109.zarr,2,0.3.1,37536/1048576 values differ from fill_value,20636
CHUNK_SAMPLE_POPULATED,info,other/dev/inked_zarrs/20231004222109.zarr,2,1.1.1,35404/1048576 values differ from fill_value,19724
CHUNK_SAMPLE_POPULATED,info,other/dev/inked_zarrs/20231004222109.zarr,3,0.0.0,47076/1048576 values differ from fill_value,41872
CHUNK_SAMPLE_POPULATED,info,other/dev/inked_zarrs/20231004222109.zarr,3,0.1.0,50412/1048576 values differ from fill_value,43336
CHUNK_SAMPLE_POPULATED,info,other/dev/inked_zarrs/20231004222109.zarr,3,0.2.0,6332/1048576 values differ from fill_value,5400
CHUNK_SAMPLE_POPULATED,info,other/dev/inked_zarrs/20231004222109.zarr,4,0.0.0,26264/1048576 values differ from fill_value,37228
CHUNK_SAMPLE_POPULATED,info,other/dev/inked_zarrs/20231004222109.zarr,4,0.1.0,1692/1048576 values differ from fill_value,2476
CHUNK_SAMPLE_POPULATED,info,other/dev/inked_zarrs/20231004222109.zarr,4,1.0.0,6566/1048576 values differ from fill_value,9499
CHUNK_SAMPLE_POPULATED,info,other/dev/inked_zarrs/20231004222109.zarr,5,0.0.0,6039/1048576 values differ from fill_value,13237
CHUNK_SAMPLE_POPULATED,info,other/dev/inked_zarrs/20231012184420.zarr,0,8.19.8,126240/1048576 values differ from fill_value,6244
CHUNK_SAMPLE_POPULATED,info,other/dev/inked_zarrs/20231012184420.zarr,0,10.24.5,250544/1048576 values differ from fill_value,15624
CHUNK_SAMPLE_POPULATED,info,other/dev/inked_zarrs/20231012184420.zarr,1,2.5.0,10480/1048576 values differ from fill_value,4300
CHUNK_SAMPLE_POPULATED,info,other/dev/inked_zarrs/20231012184420.zarr,1,3.7.4,72416/1048576 values differ from fill_value,36904
CHUNK_SAMPLE_POPULATED,info,other/dev/inked_zarrs/20231012184420.zarr,1,5.12.3,190676/1048576 values differ from fill_value,29364
CHUNK_SAMPLE_POPULATED,info,other/dev/inked_zarrs/20231012184420.zarr,2,0.0.0,25556/1048576 values differ from fill_value,10980
CHUNK_SAMPLE_POPULATED,info,other/dev/inked_zarrs/20231012184420.zarr,2,0.6.1,138200/1048576 values differ from fill_value,46996
CHUNK_SAMPLE_POPULATED,info,other/dev/inked_zarrs/20231012184420.zarr,2,1.2.2,19464/1048576 values differ from fill_value,10284
CHUNK_SAMPLE_POPULATED,info,other/dev/inked_zarrs/20231012184420.zarr,3,0.0.0,117448/1048576 values differ from fill_value,116092
CHUNK_SAMPLE_POPULATED,info,other/dev/inked_zarrs/20231012184420.zarr,3,0.2.0,56920/1048576 values differ from fill_value,47288
CHUNK_SAMPLE_POPULATED,info,other/dev/inked_zarrs/20231012184420.zarr,3,0.3.1,108260/1048576 values differ from fill_value,104848
CHUNK_SAMPLE_POPULATED,info,other/dev/inked_zarrs/20231012184420.zarr,4,0.0.0,65552/1048576 values differ from fill_value,105332
CHUNK_SAMPLE_POPULATED,info,other/dev/inked_zarrs/20231012184420.zarr,4,0.1.0,86116/1048576 values differ from fill_value,140916
CHUNK_SAMPLE_POPULATED,info,other/dev/inked_zarrs/20231012184420.zarr,4,0.2.0,9916/1048576 values differ from fill_value,14172
CHUNK_SAMPLE_POPULATED,info,other/dev/inked_zarrs/20231012184420.zarr,5,0.0.0,33354/1048576 values differ from fill_value,79003
CHUNK_SAMPLE_POPULATED,info,other/dev/inked_zarrs/20231012184420.zarr,5,0.1.0,2190/1048576 values differ from fill_value,4699
CHUNK_SAMPLE_POPULATED,info,other/dev/inked_zarrs/20231005123336.zarr,0,4.5.29,139568/1048576 values differ from fill_value,2880
CHUNK_SAMPLE_POPULATED,info,other/dev/inked_zarrs/20231005123336.zarr,0,6.8.14,114048/1048576 values differ from fill_value,4584
CHUNK_SAMPLE_POPULATED,info,other/dev/inked_zarrs/20231005123336.zarr,1,1.1.11,312240/1048576 values differ from fill_value,36216
CHUNK_SAMPLE_POPULATED,info,other/dev/inked_zarrs/20231005123336.zarr,1,2.2.22,46144/1048576 values differ from fill_value,5688
CHUNK_SAMPLE_POPULATED,info,other/dev/inked_zarrs/20231005123336.zarr,1,4.5.14,129768/1048576 values differ from fill_value,14160
CHUNK_SAMPLE_POPULATED,info,other/dev/inked_zarrs/20231005123336.zarr,2,0.0.0,4/1048576 values differ from fill_value,280
CHUNK_SAMPLE_POPULATED,info,other/dev/inked_zarrs/20231005123336.zarr,2,1.1.7,182268/1048576 values differ from fill_value,59356
CHUNK_SAMPLE_POPULATED,info,other/dev/inked_zarrs/20231005123336.zarr,2,3.0.11,4556/1048576 values differ from fill_value,1836
CHUNK_SAMPLE_POPULATED,info,other/dev/inked_zarrs/20231005123336.zarr,3,0.0.0,4/1048576 values differ from fill_value,280
CHUNK_SAMPLE_POPULATED,info,other/dev/inked_zarrs/20231005123336.zarr,3,0.1.1,178272/1048576 values differ from fill_value,151364
CHUNK_SAMPLE_POPULATED,info,other/dev/inked_zarrs/20231005123336.zarr,3,0.2.2,19284/1048576 values differ from fill_value,16944
CHUNK_SAMPLE_POPULATED,info,other/dev/inked_zarrs/20231005123336.zarr,4,0.0.0,106900/1048576 values differ from fill_value,152944
CHUNK_SAMPLE_POPULATED,info,other/dev/inked_zarrs/20231005123336.zarr,4,0.0.2,160860/1048576 values differ from fill_value,222872
CHUNK_SAMPLE_POPULATED,info,other/dev/inked_zarrs/20231005123336.zarr,4,0.1.0,8/1048576 values differ from fill_value,292
CHUNK_SAMPLE_POPULATED,info,other/dev/inked_zarrs/20231005123336.zarr,5,0.0.0,57528/1048576 values differ from fill_value,103966
CHUNK_SAMPLE_POPULATED,info,other/dev/inked_zarrs/20231005123336.zarr,5,0.0.1,40935/1048576 values differ from fill_value,72895
CHUNK_SAMPLE_POPULATED,info,other/dev/inked_zarrs/20231210121321.zarr,0,4.7.19,229028/1048576 values differ from fill_value,70664
CHUNK_SAMPLE_POPULATED,info,other/dev/inked_zarrs/20231210121321.zarr,0,6.11.15,249916/1048576 values differ from fill_value,79692
CHUNK_SAMPLE_POPULATED,info,other/dev/inked_zarrs/20231210121321.zarr,0,8.15.12,423196/1048576 values differ from fill_value,120236
CHUNK_LEVEL_NO_SAMPLES,info,other/dev/inked_zarrs/20231210121321.zarr,1,,no chunk keys among 9 spread candidates; sparse level not coverable by spread sampling,0
CHUNK_LEVEL_NO_SAMPLES,info,other/dev/inked_zarrs/20231210121321.zarr,2,,no chunk keys among 9 spread candidates; sparse level not coverable by spread sampling,0
CHUNK_SAMPLE_POPULATED,info,other/dev/inked_zarrs/20231210121321.zarr,3,0.0.0,48312/1048576 values differ from fill_value,48084
CHUNK_SAMPLE_POPULATED,info,other/dev/inked_zarrs/20231210121321.zarr,3,0.1.2,152228/1048576 values differ from fill_value,154396
CHUNK_SAMPLE_POPULATED,info,other/dev/inked_zarrs/20231210121321.zarr,3,0.3.0,60096/1048576 values differ from fill_value,66708
CHUNK_SAMPLE_POPULATED,info,other/dev/inked_zarrs/20231210121321.zarr,4,0.0.0,151076/1048576 values differ from fill_value,216200
CHUNK_SAMPLE_POPULATED,info,other/dev/inked_zarrs/20231210121321.zarr,4,0.0.1,75452/1048576 values differ from fill_value,108648
CHUNK_SAMPLE_POPULATED,info,other/dev/inked_zarrs/20231210121321.zarr,4,0.1.0,93324/1048576 values differ from fill_value,136144
CHUNK_SAMPLE_POPULATED,info,other/dev/inked_zarrs/20231210121321.zarr,5,0.0.0,76287/1048576 values differ from fill_value,135226
CHUNK_SAMPLE_POPULATED,info,other/dev/inked_zarrs/20231106155351.zarr,0,0.0.0,161204/1048576 values differ from fill_value,21504
CHUNK_SAMPLE_POPULATED,info,other/dev/inked_zarrs/20231106155351.zarr,0,2.2.19,462144/1048576 values differ from fill_value,39608
CHUNK_SAMPLE_POPULATED,info,other/dev/inked_zarrs/20231106155351.zarr,0,8.10.15,242976/1048576 values differ from fill_value,14468
CHUNK_SAMPLE_POPULATED,info,other/dev/inked_zarrs/20231106155351.zarr,1,0.0.0,131716/1048576 values differ from fill_value,30744
CHUNK_SAMPLE_POPULATED,info,other/dev/inked_zarrs/20231106155351.zarr,1,1.1.6,107512/1048576 values differ from fill_value,31408
CHUNK_SAMPLE_POPULATED,info,other/dev/inked_zarrs/20231106155351.zarr,1,2.2.12,215884/1048576 values differ from fill_value,57780
CHUNK_SAMPLE_POPULATED,info,other/dev/inked_zarrs/20231106155351.zarr,2,0.0.0,182952/1048576 values differ from fill_value,88832
CHUNK_SAMPLE_POPULATED,info,other/dev/inked_zarrs/20231106155351.zarr,2,0.3.6,64/1048576 values differ from fill_value,332
CHUNK_SAMPLE_POPULATED,info,other/dev/inked_zarrs/20231106155351.zarr,2,1.1.4,254020/1048576 values differ from fill_value,118392
CHUNK_SAMPLE_POPULATED,info,other/dev/inked_zarrs/20231106155351.zarr,3,0.0.0,184796/1048576 values differ from fill_value,170592
CHUNK_SAMPLE_POPULATED,info,other/dev/inked_zarrs/20231106155351.zarr,3,0.1.0,109504/1048576 values differ from fill_value,98820
CHUNK_SAMPLE_POPULATED,info,other/dev/inked_zarrs/20231106155351.zarr,3,0.2.1,115408/1048576 values differ from fill_value,96048
CHUNK_SAMPLE_POPULATED,info,other/dev/inked_zarrs/20231106155351.zarr,4,0.0.0,148008/1048576 values differ from fill_value,210420
CHUNK_SAMPLE_POPULATED,info,other/dev/inked_zarrs/20231106155351.zarr,4,0.0.1,123400/1048576 values differ from fill_value,171572
CHUNK_SAMPLE_POPULATED,info,other/dev/inked_zarrs/20231106155351.zarr,4,0.1.0,43156/1048576 values differ from fill_value,58800
CHUNK_SAMPLE_POPULATED,info,other/dev/inked_zarrs/20231106155351.zarr,5,0.0.0,79458/1048576 values differ from fill_value,141655
CHUNK_SAMPLE_POPULATED,info,other/dev/inked_zarrs/3336_predictions4.zarr,0,9.15.15,46792/5151744 values differ from fill_value,41826
CHUNK_SAMPLE_POPULATED,info,other/dev/inked_zarrs/3336_predictions4.zarr,0,11.15.15,46792/5151744 values differ from fill_value,38930
CHUNK_SAMPLE_POPULATED,info,other/dev/inked_zarrs/3336_predictions4.zarr,0,13.15.15,46792/5151744 values differ from fill_value,38101
CHUNK_SAMPLE_POPULATED,info,other/dev/inked_zarrs/3336_predictions4.zarr,1,0.0.0,1138080/5151744 values differ from fill_value,534417
CHUNK_SAMPLE_POPULATED,info,other/dev/inked_zarrs/3336_predictions4.zarr,1,1.0.0,1138080/5151744 values differ from fill_value,543491
CHUNK_SAMPLE_POPULATED,info,other/dev/inked_zarrs/3336_predictions4.zarr,1,2.0.0,1138080/5151744 values differ from fill_value,584034
CHUNK_LEVEL_NO_CHUNKS,info,other/dev/inked_zarrs/3336_predictions.zarr,0,,level holds no stored chunks (audit: has_chunks=false; probe: no keys among 9 spread candidates),0
CHUNK_LEVEL_NO_CHUNKS,info,other/dev/inked_zarrs/3336_predictions.zarr,1,,level holds no stored chunks (audit: has_chunks=false; probe: no keys among 9 spread candidates),0
CHUNK_LEVEL_NO_CHUNKS,info,other/dev/inked_zarrs/3336_predictions.zarr,2,,level holds no stored chunks (audit: has_chunks=false; probe: no keys among 9 spread candidates),0
CHUNK_LEVEL_NO_CHUNKS,info,other/dev/inked_zarrs/3336_predictions.zarr,3,,level holds no stored chunks (audit: has_chunks=false; probe: no keys among 9 spread candidates),0
CHUNK_LEVEL_NO_CHUNKS,info,other/dev/inked_zarrs/3336_predictions.zarr,4,,level holds no stored chunks (audit: has_chunks=false; probe: no keys among 9 spread candidates),0
CHUNK_LEVEL_NO_CHUNKS,info,other/dev/inked_zarrs/3336_predictions.zarr,5,,level holds no stored chunks (audit: has_chunks=false; probe: no keys among 9 spread candidates),0
CHUNK_SAMPLE_POPULATED,info,other/dev/inked_zarrs/20231012173610.zarr,0,4.15.5,370796/1048576 values differ from fill_value,64492
CHUNK_LEVEL_NO_SAMPLES,info,other/dev/inked_zarrs/20231012173610.zarr,1,,no chunk keys among 9 spread candidates; sparse level not coverable by spread sampling,0
CHUNK_SAMPLE_POPULATED,info,other/dev/inked_zarrs/20231012173610.zarr,2,1.4.0,37324/1048576 values differ from fill_value,25132
CHUNK_SAMPLE_POPULATED,info,other/dev/inked_zarrs/20231012173610.zarr,3,0.3.0,33232/1048576 values differ from fill_value,32860
CHUNK_SAMPLE_POPULATED,info,other/dev/inked_zarrs/20231012173610.zarr,3,1.1.0,77156/1048576 values differ from fill_value,86236
CHUNK_SAMPLE_POPULATED,info,other/dev/inked_zarrs/20231012173610.zarr,4,0.0.0,21060/1048576 values differ from fill_value,36268
CHUNK_SAMPLE_POPULATED,info,other/dev/inked_zarrs/20231012173610.zarr,4,0.1.0,54972/1048576 values differ from fill_value,93072
CHUNK_SAMPLE_POPULATED,info,other/dev/inked_zarrs/20231012173610.zarr,4,1.0.0,5265/1048576 values differ from fill_value,9259
CHUNK_SAMPLE_POPULATED,info,other/dev/inked_zarrs/20231012173610.zarr,5,0.0.0,16719/1048576 values differ from fill_value,39118
CHUNK_SAMPLE_POPULATED,info,other/dev/meshes/20241114103521-ome.zarr,0,0.0.0,nonzero byte in first 4096B prefix; full chunk not fetched,4096
CHUNK_SAMPLE_POPULATED,info,other/dev/meshes/20241114103521-ome.zarr,0,20.38.49,nonzero byte in first 4096B prefix; full chunk not fetched,4096
CHUNK_SAMPLE_POPULATED,info,other/dev/meshes/20241114103521-ome.zarr,0,41.15.32,nonzero byte in first 4096B prefix; full chunk not fetched,4096
CHUNK_SAMPLE_POPULATED,info,other/dev/meshes/20241114103521-ome.zarr,1,0.0.0,nonzero byte in first 4096B prefix; full chunk not fetched,4096
CHUNK_SAMPLE_POPULATED,info,other/dev/meshes/20241114103521-ome.zarr,1,10.11.21,nonzero byte in first 4096B prefix; full chunk not fetched,4096
CHUNK_SAMPLE_POPULATED,info,other/dev/meshes/20241114103521-ome.zarr,1,20.23.8,nonzero byte in first 4096B prefix; full chunk not fetched,4096
CHUNK_SAMPLE_POPULATED,info,other/dev/meshes/20241114103521-ome.zarr,2,0.0.0,nonzero byte in first 4096B prefix; full chunk not fetched,4096
CHUNK_SAMPLE_POPULATED,info,other/dev/meshes/20241114103521-ome.zarr,2,5.4.0,nonzero byte in first 4096B prefix; full chunk not fetched,4096
CHUNK_SAMPLE_POPULATED,info,other/dev/meshes/20241114103521-ome.zarr,2,10.8.0,nonzero byte in first 4096B prefix; full chunk not fetched,4096
CHUNK_SAMPLE_POPULATED,info,other/dev/meshes/20241114103521-ome.zarr,3,0.0.0,nonzero byte in first 4096B prefix; full chunk not fetched,4096
CHUNK_SAMPLE_POPULATED,info,other/dev/meshes/20241114103521-ome.zarr,3,2.5.0,nonzero byte in first 4096B prefix; full chunk not fetched,4096
CHUNK_SAMPLE_POPULATED,info,other/dev/meshes/20241114103521-ome.zarr,3,5.2.0,nonzero byte in first 4096B prefix; full chunk not fetched,4096
CHUNK_SAMPLE_POPULATED,info,other/dev/meshes/20241114103521-ome.zarr,4,0.0.0,nonzero byte in first 4096B prefix; full chunk not fetched,4096
CHUNK_SAMPLE_POPULATED,info,other/dev/meshes/20241114103521-ome.zarr,4,1.1.2,nonzero byte in first 4096B prefix; full chunk not fetched,4096
CHUNK_SAMPLE_POPULATED,info,other/dev/meshes/20241114103521-ome.zarr,4,2.3.0,nonzero byte in first 4096B prefix; full chunk not fetched,4096
CHUNK_SAMPLE_POPULATED,info,other/dev/meshes/20241114103521-ome.zarr,5,0.0.0,nonzero byte in first 4096B prefix; full chunk not fetched,4096
CHUNK_SAMPLE_POPULATED,info,other/dev/meshes/20241114103521-ome.zarr,5,0.1.1,nonzero byte in first 4096B prefix; full chunk not fetched,4096
CHUNK_SAMPLE_POPULATED,info,other/dev/meshes/20241114103521-ome.zarr,5,1.1.0,nonzero byte in first 4096B prefix; full chunk not fetched,4096
CHUNK_LEVEL_NO_SAMPLES,info,other/dev/inked_zarrs/3336_predictions10.zarr,0,,no chunk keys among 9 spread candidates; sparse level not coverable by spread sampling,0
CHUNK_LEVEL_NO_SAMPLES,info,other/dev/inked_zarrs/3336_predictions10.zarr,1,,no chunk keys among 9 spread candidates; sparse level not coverable by spread sampling,0
CHUNK_SAMPLE_POPULATED,info,other/dev/inked_zarrs/3336_predictions10.zarr,2,0.0.0,516934/1287936 values differ from fill_value,544938
CHUNK_SAMPLE_POPULATED,info,other/dev/inked_zarrs/3336_predictions10.zarr,2,4.0.0,516934/1287936 values differ from fill_value,580717
CHUNK_SAMPLE_POPULATED,info,other/dev/inked_zarrs/3336_predictions10.zarr,3,0.0.0,929968/1287936 values differ from fill_value,1066296
CHUNK_SAMPLE_POPULATED,info,other/dev/inked_zarrs/3336_predictions10.zarr,4,0.0.0,1082274/1287936 values differ from fill_value,1341038
CHUNK_SAMPLE_POPULATED,info,other/dev/inked_zarrs/3336_predictions10.zarr,5,0.0.0,542552/1287936 values differ from fill_value,734062
CHUNK_SAMPLE_POPULATED,info,other/dev/meshes/s1a-fibers-hzvt-05032025-ome.zarr,0,14.7.48,63502/2097152 values differ from fill_value,28379
CHUNK_SAMPLE_POPULATED,info,other/dev/meshes/s1a-fibers-hzvt-05032025-ome.zarr,0,28.15.32,156148/2097152 values differ from fill_value,56801
CHUNK_SAMPLE_POPULATED,info,other/dev/meshes/s1a-fibers-hzvt-05032025-ome.zarr,0,42.23.16,106322/2097152 values differ from fill_value,42355
CHUNK_SAMPLE_POPULATED,info,other/dev/meshes/s1a-fibers-hzvt-05032025-ome.zarr,1,14.7.24,158892/2097152 values differ from fill_value,125898
CHUNK_SAMPLE_POPULATED,info,other/dev/meshes/s1a-fibers-hzvt-05032025-ome.zarr,1,21.11.20,108503/2097152 values differ from fill_value,81306
CHUNK_SAMPLE_POPULATED,info,other/dev/meshes/s1a-fibers-hzvt-05032025-ome.zarr,1,28.15.16,119279/2097152 values differ from fill_value,91055
CHUNK_SAMPLE_POPULATED,info,other/dev/meshes/s1a-fibers-hzvt-05032025-ome.zarr,2,7.4.0,3136/2097152 values differ from fill_value,4953
CHUNK_SAMPLE_POPULATED,info,other/dev/meshes/s1a-fibers-hzvt-05032025-ome.zarr,3,0.0.0,13/2097152 values differ from fill_value,552
CHUNK_SAMPLE_POPULATED,info,other/dev/meshes/s1a-fibers-hzvt-05032025-ome.zarr,3,7.4.0,22193/2097152 values differ from fill_value,41790
CHUNK_SAMPLE_POPULATED,info,other/dev/meshes/s1a-fibers-hzvt-05032025-ome.zarr,3,9.2.7,69/2097152 values differ from fill_value,673
CHUNK_SAMPLE_POPULATED,info,other/dev/meshes/s1a-fibers-hzvt-05032025-ome.zarr,4,0.0.0,60308/2097152 values differ from fill_value,101654
CHUNK_SAMPLE_POPULATED,info,other/dev/meshes/s1a-fibers-hzvt-05032025-ome.zarr,4,1.0.0,66954/2097152 values differ from fill_value,112035
CHUNK_SAMPLE_POPULATED,info,other/dev/meshes/s1a-fibers-hzvt-05032025-ome.zarr,4,2.0.0,55236/2097152 values differ from fill_value,93693
CHUNK_SAMPLE_POPULATED,info,other/dev/meshes/s1a-fibers-hzvt-05032025-ome.zarr,5,0.0.0,95687/2097152 values differ from fill_value,159946
CHUNK_SAMPLE_POPULATED,info,other/dev/meshes/s1a-fibers-hzvt-05032025-ome.zarr,5,0.1.0,17078/2097152 values differ from fill_value,31964
CHUNK_SAMPLE_POPULATED,info,other/dev/meshes/s1a-fibers-hzvt-05032025-ome.zarr,5,1.0.0,79339/2097152 values differ from fill_value,134274
CHUNK_SAMPLE_POPULATED,info,other/dev/inked_zarrs/3336_predictions2.zarr,0,3.14.0,2353992/2575872 values differ from fill_value,797591
CHUNK_SAMPLE_POPULATED,info,other/dev/inked_zarrs/3336_predictions2.zarr,0,7.12.0,2043360/2575872 values differ from fill_value,704661
CHUNK_SAMPLE_POPULATED,info,other/dev/inked_zarrs/3336_predictions2.zarr,0,11.10.0,2043360/2575872 values differ from fill_value,723354
CHUNK_SAMPLE_POPULATED,info,other/dev/inked_zarrs/3336_predictions2.zarr,1,0.0.0,569040/2575872 values differ from fill_value,296067
CHUNK_SAMPLE_POPULATED,info,other/dev/inked_zarrs/3336_predictions2.zarr,1,2.0.0,569040/2575872 values differ from fill_value,301518
CHUNK_SAMPLE_POPULATED,info,other/dev/inked_zarrs/3336_predictions2.zarr,1,4.0.0,569040/2575872 values differ from fill_value,322898
CHUNK_SAMPLE_POPULATED,info,other/dev/inked_zarrs/3336_predictions2.zarr,2,0.0.0,1638158/2575872 values differ from fill_value,1011500
CHUNK_SAMPLE_POPULATED,info,other/dev/inked_zarrs/3336_predictions2.zarr,2,1.0.0,1638158/2575872 values differ from fill_value,1037719
CHUNK_SAMPLE_POPULATED,info,other/dev/inked_zarrs/3336_predictions2.zarr,2,2.0.0,1638158/2575872 values differ from fill_value,1066115
CHUNK_SAMPLE_POPULATED,info,other/dev/inked_zarrs/3336_predictions2.zarr,3,0.0.0,2169376/2575872 values differ from fill_value,1585223
CHUNK_SAMPLE_POPULATED,info,other/dev/inked_zarrs/3336_predictions2.zarr,3,0.1.0,2225700/2575872 values differ from fill_value,1571130
CHUNK_SAMPLE_POPULATED,info,other/dev/inked_zarrs/3336_predictions2.zarr,3,1.0.0,2169376/2575872 values differ from fill_value,1618952
CHUNK_SAMPLE_POPULATED,info,other/dev/inked_zarrs/3336_predictions2.zarr,4,0.0.0,2174018/2575872 values differ from fill_value,1884061
CHUNK_SAMPLE_POPULATED,info,other/dev/inked_zarrs/3336_predictions2.zarr,4,1.0.0,2174018/2575872 values differ from fill_value,1892918
CHUNK_SAMPLE_POPULATED,info,other/dev/inked_zarrs/3336_predictions2.zarr,5,0.0.0,542552/2575872 values differ from fill_value,557964
CHUNK_SAMPLE_POPULATED,info,other/dev/meshes/s1a-fibers-230125-ome.zarr,0,14.7.48,5564/2097152 values differ from fill_value,3371
CHUNK_SAMPLE_POPULATED,info,other/dev/meshes/s1a-fibers-230125-ome.zarr,0,28.15.32,22157/2097152 values differ from fill_value,14351
CHUNK_SAMPLE_POPULATED,info,other/dev/meshes/s1a-fibers-230125-ome.zarr,0,42.23.16,24101/2097152 values differ from fill_value,14769
CHUNK_SAMPLE_POPULATED,info,other/dev/meshes/s1a-fibers-230125-ome.zarr,1,14.7.24,13438/2097152 values differ from fill_value,18796
CHUNK_SAMPLE_POPULATED,info,other/dev/meshes/s1a-fibers-230125-ome.zarr,1,21.11.20,20069/2097152 values differ from fill_value,25836
CHUNK_SAMPLE_POPULATED,info,other/dev/meshes/s1a-fibers-230125-ome.zarr,1,28.15.16,25462/2097152 values differ from fill_value,32789
CHUNK_SAMPLE_POPULATED,info,other/dev/meshes/s1a-fibers-230125-ome.zarr,2,7.4.0,129/2097152 values differ from fill_value,972
CHUNK_SAMPLE_POPULATED,info,other/dev/meshes/s1a-fibers-230125-ome.zarr,3,7.4.0,2769/2097152 values differ from fill_value,8237
CHUNK_SAMPLE_POPULATED,info,other/dev/meshes/s1a-fibers-230125-ome.zarr,4,0.0.0,6380/2097152 values differ from fill_value,15953
CHUNK_SAMPLE_POPULATED,info,other/dev/meshes/s1a-fibers-230125-ome.zarr,4,1.0.0,6652/2097152 values differ from fill_value,16646
CHUNK_SAMPLE_POPULATED,info,other/dev/meshes/s1a-fibers-230125-ome.zarr,4,2.0.0,5281/2097152 values differ from fill_value,12893
CHUNK_SAMPLE_POPULATED,info,other/dev/meshes/s1a-fibers-230125-ome.zarr,5,0.0.0,11251/2097152 values differ from fill_value,27019
CHUNK_SAMPLE_POPULATED,info,other/dev/meshes/s1a-fibers-230125-ome.zarr,5,0.1.0,2552/2097152 values differ from fill_value,6837
CHUNK_SAMPLE_POPULATED,info,other/dev/meshes/s1a-fibers-230125-ome.zarr,5,1.0.0,10613/2097152 values differ from fill_value,24603
CHUNK_SAMPLE_POPULATED,info,other/dev/inked_zarrs/3336_predictions12.zarr,0,9.15.15,46792/5151744 values differ from fill_value,39604
CHUNK_SAMPLE_POPULATED,info,other/dev/inked_zarrs/3336_predictions12.zarr,0,11.15.15,46792/5151744 values differ from fill_value,40364
CHUNK_SAMPLE_POPULATED,info,other/dev/inked_zarrs/3336_predictions12.zarr,0,13.15.15,46792/5151744 values differ from fill_value,37277
CHUNK_SAMPLE_POPULATED,info,other/dev/inked_zarrs/3336_predictions12.zarr,1,0.0.0,1138080/5151744 values differ from fill_value,531658
CHUNK_SAMPLE_POPULATED,info,other/dev/inked_zarrs/3336_predictions12.zarr,1,2.0.0,1138080/5151744 values differ from fill_value,578148
CHUNK_SAMPLE_POPULATED,info,other/dev/inked_zarrs/3336_predictions12.zarr,1,4.0.0,1138080/5151744 values differ from fill_value,616835
CHUNK_SAMPLE_POPULATED,info,other/dev/inked_zarrs/3336_predictions12.zarr,2,0.0.0,3276316/5151744 values differ from fill_value,1980957
CHUNK_SAMPLE_POPULATED,info,other/dev/inked_zarrs/3336_predictions12.zarr,2,2.0.0,3276316/5151744 values differ from fill_value,2058949
CHUNK_SAMPLE_POPULATED,info,other/dev/inked_zarrs/3336_predictions12.zarr,3,0.0.0,4338752/5151744 values differ from fill_value,3138014
CHUNK_SAMPLE_POPULATED,info,other/dev/inked_zarrs/3336_predictions12.zarr,4,0.0.0,4348036/5151744 values differ from fill_value,3697577
CHUNK_SAMPLE_POPULATED,info,other/dev/inked_zarrs/3336_predictions12.zarr,5,0.0.0,542552/5151744 values differ from fill_value,532795
CHUNK_SAMPLE_POPULATED,info,other/dev/inked_zarrs/3336.zarr,0,4.0.0,1000524/2575872 values differ from fill_value,510326
CHUNK_SAMPLE_POPULATED,info,other/dev/inked_zarrs/3336.zarr,0,8.0.0,1643976/2575872 values differ from fill_value,594728
CHUNK_SAMPLE_POPULATED,info,other/dev/inked_zarrs/3336.zarr,0,12.0.0,1865856/2575872 values differ from fill_value,799158
CHUNK_SAMPLE_POPULATED,info,other/dev/inked_zarrs/3336.zarr,1,2.0.0,1826596/2575872 values differ from fill_value,1276795
CHUNK_SAMPLE_POPULATED,info,other/dev/inked_zarrs/3336.zarr,1,4.0.0,2120416/2575872 values differ from fill_value,1398962
CHUNK_SAMPLE_POPULATED,info,other/dev/inked_zarrs/3336.zarr,1,6.0.0,2220864/2575872 values differ from fill_value,1366126
CHUNK_SAMPLE_POPULATED,info,other/dev/inked_zarrs/3336.zarr,2,0.0.0,1033868/2575872 values differ from fill_value,937874
CHUNK_SAMPLE_POPULATED,info,other/dev/inked_zarrs/3336.zarr,2,1.0.0,2242448/2575872 values differ from fill_value,1928326
CHUNK_SAMPLE_POPULATED,info,other/dev/inked_zarrs/3336.zarr,2,2.0.0,2367172/2575872 values differ from fill_value,2043918
CHUNK_SAMPLE_POPULATED,info,other/dev/inked_zarrs/3336.zarr,3,0.0.0,1859936/2575872 values differ from fill_value,1825180
CHUNK_SAMPLE_POPULATED,info,other/dev/inked_zarrs/3336.zarr,3,0.1.0,1963820/2575872 values differ from fill_value,1924613
CHUNK_SAMPLE_POPULATED,info,other/dev/inked_zarrs/3336.zarr,3,1.0.0,2478816/2575872 values differ from fill_value,2356961
CHUNK_SAMPLE_POPULATED,info,other/dev/inked_zarrs/3336.zarr,4,0.0.0,2164548/2575872 values differ from fill_value,2154655
CHUNK_SAMPLE_POPULATED,info,other/dev/inked_zarrs/3336.zarr,4,1.0.0,2183488/2575872 values differ from fill_value,2148238
CHUNK_SAMPLE_POPULATED,info,other/dev/inked_zarrs/3336.zarr,5,0.0.0,542552/2575872 values differ from fill_value,731739
CHUNK_SAMPLE_POPULATED,info,other/dev/meshes/s3-hzvt-14032025-ome.zarr,0,22.37.0,14256/2097152 values differ from fill_value,8846
CHUNK_SAMPLE_POPULATED,info,other/dev/meshes/s3-hzvt-14032025-ome.zarr,0,67.37.0,7015/2097152 values differ from fill_value,2531
CHUNK_SAMPLE_POPULATED,info,other/dev/meshes/s3-hzvt-14032025-ome.zarr,1,11.9.9,84535/2097152 values differ from fill_value,54931
CHUNK_SAMPLE_POPULATED,info,other/dev/meshes/s3-hzvt-14032025-ome.zarr,1,22.18.18,80575/2097152 values differ from fill_value,60372
CHUNK_SAMPLE_POPULATED,info,other/dev/meshes/s3-hzvt-14032025-ome.zarr,1,33.27.27,62060/2097152 values differ from fill_value,35944
CHUNK_SAMPLE_POPULATED,info,other/dev/meshes/s3-hzvt-14032025-ome.zarr,2,5.11.16,44349/2097152 values differ from fill_value,77092
CHUNK_SAMPLE_POPULATED,info,other/dev/meshes/s3-hzvt-14032025-ome.zarr,2,11.4.14,34786/2097152 values differ from fill_value,55581
CHUNK_SAMPLE_POPULATED,info,other/dev/meshes/s3-hzvt-14032025-ome.zarr,2,16.16.12,22919/2097152 values differ from fill_value,39757
CHUNK_SAMPLE_POPULATED,info,other/dev/meshes/s3-hzvt-14032025-ome.zarr,3,2.8.7,16277/2097152 values differ from fill_value,23089
CHUNK_SAMPLE_POPULATED,info,other/dev/meshes/s3-hzvt-14032025-ome.zarr,3,5.7.5,95085/2097152 values differ from fill_value,131749
CHUNK_SAMPLE_POPULATED,info,other/dev/meshes/s3-hzvt-14032025-ome.zarr,3,8.6.2,84718/2097152 values differ from fill_value,142789
CHUNK_SAMPLE_POPULATED,info,other/dev/meshes/s3-hzvt-14032025-ome.zarr,4,0.0.0,9961/2097152 values differ from fill_value,20998
CHUNK_SAMPLE_POPULATED,info,other/dev/meshes/s3-hzvt-14032025-ome.zarr,4,1.2.2,81244/2097152 values differ from fill_value,142934
CHUNK_SAMPLE_POPULATED,info,other/dev/meshes/s3-hzvt-14032025-ome.zarr,4,3.0.0,9891/2097152 values differ from fill_value,21619
CHUNK_SAMPLE_POPULATED,info,other/dev/meshes/s3-hzvt-14032025-ome.zarr,5,0.0.0,45032/2097152 values differ from fill_value,85434
CHUNK_SAMPLE_POPULATED,info,other/dev/meshes/s3-hzvt-14032025-ome.zarr,5,0.2.1,7363/2097152 values differ from fill_value,15542
CHUNK_SAMPLE_POPULATED,info,other/dev/meshes/s3-hzvt-14032025-ome.zarr,5,1.1.1,68516/2097152 values differ from fill_value,125529
CHUNK_SAMPLE_POPULATED,info,other/dev/inked_zarrs/3336_predictions11.zarr,0,9.15.15,46792/5151744 values differ from fill_value,39604
CHUNK_SAMPLE_POPULATED,info,other/dev/inked_zarrs/3336_predictions11.zarr,0,11.15.15,46792/5151744 values differ from fill_value,40364
CHUNK_SAMPLE_POPULATED,info,other/dev/inked_zarrs/3336_predictions11.zarr,0,13.15.15,46792/5151744 values differ from fill_value,37277
CHUNK_SAMPLE_POPULATED,info,other/dev/inked_zarrs/3336_predictions11.zarr,1,0.0.0,1138080/5151744 values differ from fill_value,531658
CHUNK_SAMPLE_POPULATED,info,other/dev/inked_zarrs/3336_predictions11.zarr,1,2.0.0,1138080/5151744 values differ from fill_value,578148
CHUNK_SAMPLE_POPULATED,info,other/dev/inked_zarrs/3336_predictions11.zarr,1,4.0.0,1138080/5151744 values differ from fill_value,616835
CHUNK_SAMPLE_POPULATED,info,other/dev/inked_zarrs/3336_predictions11.zarr,2,0.0.0,3276316/5151744 values differ from fill_value,1980957
CHUNK_SAMPLE_POPULATED,info,other/dev/inked_zarrs/3336_predictions11.zarr,2,2.0.0,3276316/5151744 values differ from fill_value,2058949
CHUNK_SAMPLE_POPULATED,info,other/dev/inked_zarrs/3336_predictions11.zarr,3,0.0.0,4338752/5151744 values differ from fill_value,3138014
CHUNK_SAMPLE_POPULATED,info,other/dev/inked_zarrs/3336_predictions11.zarr,4,0.0.0,4348036/5151744 values differ from fill_value,3697577
CHUNK_SAMPLE_POPULATED,info,other/dev/inked_zarrs/3336_predictions11.zarr,5,0.0.0,542552/5151744 values differ from fill_value,532795
CHUNK_SAMPLE_POPULATED,info,other/dev/meshes/s4-hzvt-13032025-ome.zarr,0,0.0.0,155029/2097152 values differ from fill_value,45977
CHUNK_SAMPLE_POPULATED,info,other/dev/meshes/s4-hzvt-13032025-ome.zarr,0,11.0.0,39052/2097152 values differ from fill_value,12410
CHUNK_SAMPLE_POPULATED,info,other/dev/meshes/s4-hzvt-13032025-ome.zarr,0,22.0.0,53406/2097152 values differ from fill_value,21515
CHUNK_SAMPLE_POPULATED,info,other/dev/meshes/s4-hzvt-13032025-ome.zarr,1,0.0.0,66429/2097152 values differ from fill_value,40538
CHUNK_SAMPLE_POPULATED,info,other/dev/meshes/s4-hzvt-13032025-ome.zarr,1,5.7.0,25522/2097152 values differ from fill_value,23267
CHUNK_SAMPLE_POPULATED,info,other/dev/meshes/s4-hzvt-13032025-ome.zarr,1,11.0.0,45174/2097152 values differ from fill_value,36126
CHUNK_SAMPLE_POPULATED,info,other/dev/meshes/s4-hzvt-13032025-ome.zarr,2,0.0.0,40414/2097152 values differ from fill_value,50421
CHUNK_SAMPLE_POPULATED,info,other/dev/meshes/s4-hzvt-13032025-ome.zarr,2,2.5.2,75529/2097152 values differ from fill_value,90597
CHUNK_SAMPLE_POPULATED,info,other/dev/meshes/s4-hzvt-13032025-ome.zarr,2,5.3.3,87633/2097152 values differ from fill_value,114450
CHUNK_SAMPLE_POPULATED,info,other/dev/meshes/s4-hzvt-13032025-ome.zarr,3,0.0.0,41763/2097152 values differ from fill_value,74429
CHUNK_SAMPLE_POPULATED,info,other/dev/meshes/s4-hzvt-13032025-ome.zarr,3,1.1.2,87578/2097152 values differ from fill_value,147957
CHUNK_SAMPLE_POPULATED,info,other/dev/meshes/s4-hzvt-13032025-ome.zarr,3,2.3.0,2950/2097152 values differ from fill_value,6823
CHUNK_SAMPLE_POPULATED,info,other/dev/meshes/s4-hzvt-13032025-ome.zarr,4,0.0.0,59061/2097152 values differ from fill_value,108273
CHUNK_SAMPLE_POPULATED,info,other/dev/meshes/s4-hzvt-13032025-ome.zarr,4,0.1.1,19884/2097152 values differ from fill_value,40924
CHUNK_SAMPLE_POPULATED,info,other/dev/meshes/s4-hzvt-13032025-ome.zarr,4,1.1.0,41338/2097152 values differ from fill_value,75362
CHUNK_SAMPLE_POPULATED,info,other/dev/meshes/s4-hzvt-13032025-ome.zarr,5,0.0.0,39697/2097152 values differ from fill_value,76788
CHUNK_SAMPLE_POPULATED,info,other/dev/meshes/s4-hzvt-13032025-ome.zarr,5,1.0.0,38237/2097152 values differ from fill_value,73935
CHUNK_SAMPLE_POPULATED,info,other/dev/meshes/s4-hzvt-13032025-ome.zarr,5,2.0.0,25546/2097152 values differ from fill_value,50831
CHUNK_SAMPLE_POPULATED,info,other/dev/meshes/s2b-fibers-260125-ome.zarr,0,6.33.0,2155/2097152 values differ from fill_value,2644
CHUNK_SAMPLE_POPULATED,info,other/dev/meshes/s2b-fibers-260125-ome.zarr,0,19.33.0,17057/2097152 values differ from fill_value,5656
CHUNK_SAMPLE_POPULATED,info,other/dev/meshes/s2b-fibers-260125-ome.zarr,1,0.0.0,55/2097152 values differ from fill_value,682
CHUNK_SAMPLE_POPULATED,info,other/dev/meshes/s2b-fibers-260125-ome.zarr,1,3.8.11,2646/2097152 values differ from fill_value,6188
CHUNK_SAMPLE_POPULATED,info,other/dev/meshes/s2b-fibers-260125-ome.zarr,1,6.16.22,9528/2097152 values differ from fill_value,12109
CHUNK_SAMPLE_POPULATED,info,other/dev/meshes/s2b-fibers-260125-ome.zarr,2,0.0.0,274/2097152 values differ from fill_value,1899
CHUNK_SAMPLE_POPULATED,info,other/dev/meshes/s2b-fibers-260125-ome.zarr,2,1.10.14,2568/2097152 values differ from fill_value,7111
CHUNK_SAMPLE_POPULATED,info,other/dev/meshes/s2b-fibers-260125-ome.zarr,2,3.4.5,4347/2097152 values differ from fill_value,9003
CHUNK_SAMPLE_POPULATED,info,other/dev/meshes/s2b-fibers-260125-ome.zarr,3,0.0.0,1398/2097152 values differ from fill_value,5442
CHUNK_SAMPLE_POPULATED,info,other/dev/meshes/s2b-fibers-260125-ome.zarr,3,0.7.10,1146/2097152 values differ from fill_value,4833
CHUNK_SAMPLE_POPULATED,info,other/dev/meshes/s2b-fibers-260125-ome.zarr,3,1.6.9,2155/2097152 values differ from fill_value,7399
CHUNK_SAMPLE_POPULATED,info,other/dev/meshes/s2b-fibers-260125-ome.zarr,4,0.0.0,2469/2097152 values differ from fill_value,8230
CHUNK_SAMPLE_POPULATED,info,other/dev/meshes/s2b-fibers-260125-ome.zarr,4,0.2.3,5259/2097152 values differ from fill_value,14955
CHUNK_SAMPLE_POPULATED,info,other/dev/meshes/s2b-fibers-260125-ome.zarr,4,1.0.0,2361/2097152 values differ from fill_value,8067
CHUNK_SAMPLE_POPULATED,info,other/dev/meshes/s2b-fibers-260125-ome.zarr,5,0.0.0,4077/2097152 values differ from fill_value,12155
CHUNK_SAMPLE_POPULATED,info,other/dev/meshes/s2b-fibers-260125-ome.zarr,5,0.0.2,2644/2097152 values differ from fill_value,8533
CHUNK_SAMPLE_POPULATED,info,other/dev/meshes/s2b-fibers-260125-ome.zarr,5,0.1.1,7478/2097152 values differ from fill_value,19945
CHUNK_SAMPLE_POPULATED,info,other/dev/meshes/s3-fibers-250125-ome.zarr,0,0.0.0,428/2097152 values differ from fill_value,933
CHUNK_SAMPLE_POPULATED,info,other/dev/meshes/s3-fibers-250125-ome.zarr,0,9.17.13,32362/2097152 values differ from fill_value,22196
CHUNK_SAMPLE_POPULATED,info,other/dev/meshes/s3-fibers-250125-ome.zarr,0,19.7.0,2207/2097152 values differ from fill_value,2409
CHUNK_SAMPLE_POPULATED,info,other/dev/meshes/s3-fibers-250125-ome.zarr,1,0.0.0,1277/2097152 values differ from fill_value,2781
CHUNK_SAMPLE_POPULATED,info,other/dev/meshes/s3-fibers-250125-ome.zarr,1,4.12.3,2017/2097152 values differ from fill_value,3263
CHUNK_SAMPLE_POPULATED,info,other/dev/meshes/s3-fibers-250125-ome.zarr,1,9.10.7,20178/2097152 values differ from fill_value,27777
CHUNK_SAMPLE_POPULATED,info,other/dev/meshes/s3-fibers-250125-ome.zarr,2,0.0.0,1306/2097152 values differ from fill_value,4145
CHUNK_SAMPLE_POPULATED,info,other/dev/meshes/s3-fibers-250125-ome.zarr,2,2.3.3,19426/2097152 values differ from fill_value,39632
CHUNK_SAMPLE_POPULATED,info,other/dev/meshes/s3-fibers-250125-ome.zarr,2,5.0.0,1613/2097152 values differ from fill_value,4296
CHUNK_SAMPLE_POPULATED,info,other/dev/meshes/s3-fibers-250125-ome.zarr,3,0.0.0,3802/2097152 values differ from fill_value,10562
CHUNK_SAMPLE_POPULATED,info,other/dev/meshes/s3-fibers-250125-ome.zarr,3,1.1.0,15584/2097152 values differ from fill_value,36697
CHUNK_SAMPLE_POPULATED,info,other/dev/meshes/s3-fibers-250125-ome.zarr,3,2.2.0,13670/2097152 values differ from fill_value,32321
CHUNK_SAMPLE_POPULATED,info,other/dev/meshes/s3-fibers-250125-ome.zarr,4,0.0.0,11729/2097152 values differ from fill_value,27392
CHUNK_SAMPLE_POPULATED,info,other/dev/meshes/s3-fibers-250125-ome.zarr,4,0.1.0,7843/2097152 values differ from fill_value,18351
CHUNK_SAMPLE_POPULATED,info,other/dev/meshes/s3-fibers-250125-ome.zarr,4,1.0.1,4454/2097152 values differ from fill_value,11731
CHUNK_SAMPLE_POPULATED,info,other/dev/meshes/s3-fibers-250125-ome.zarr,5,0.0.0,7352/2097152 values differ from fill_value,17686
CHUNK_SAMPLE_POPULATED,info,other/dev/meshes/s3-fibers-250125-ome.zarr,5,1.0.0,8327/2097152 values differ from fill_value,20157
CHUNK_SAMPLE_POPULATED,info,other/dev/meshes/s3-fibers-250125-ome.zarr,5,2.0.0,2032/2097152 values differ from fill_value,5376
CHUNK_SAMPLE_EMPTY,info,other/dev/meshes/20231022170900-ome.zarr,0,0.0.0,16777216 values all == fill_value (0); 68112 bytes on disk,68112
CHUNK_SAMPLE_POPULATED,info,other/dev/meshes/20231022170900-ome.zarr,0,1.1.6,543282/16777216 values differ from fill_value,626945
CHUNK_SAMPLE_POPULATED,info,other/dev/meshes/20231022170900-ome.zarr,0,2.2.12,364579/16777216 values differ from fill_value,478600
CHUNK_SAMPLE_EMPTY,info,other/dev/meshes/20231022170900-ome.zarr,1,0.0.0,2097152 values all == fill_value (0); 8528 bytes on disk,8528
CHUNK_SAMPLE_EMPTY,info,other/dev/meshes/20231022170900-ome.zarr,1,1.1.6,2097152 values all == fill_value (0); 8528 bytes on disk,8528
CHUNK_SAMPLE_EMPTY,info,other/dev/meshes/20231022170900-ome.zarr,1,2.2.12,2097152 values all == fill_value (0); 8528 bytes on disk,8528
CHUNK_SAMPLE_ALL_EMPTY,medium,other/dev/meshes/20231022170900-ome.zarr,1,,all 3 sampled chunks decode to fill_value; human review needed,0
CHUNK_SAMPLE_EMPTY,info,other/dev/meshes/20231022170900-ome.zarr,2,0.0.0,2097152 values all == fill_value (0); 8528 bytes on disk,8528
CHUNK_SAMPLE_EMPTY,info,other/dev/meshes/20231022170900-ome.zarr,2,0.3.7,2097152 values all == fill_value (0); 8528 bytes on disk,8528
CHUNK_SAMPLE_EMPTY,info,other/dev/meshes/20231022170900-ome.zarr,2,1.1.4,2097152 values all == fill_value (0); 8528 bytes on disk,8528
CHUNK_SAMPLE_ALL_EMPTY,medium,other/dev/meshes/20231022170900-ome.zarr,2,,all 3 sampled chunks decode to fill_value; human review needed,0
CHUNK_SAMPLE_EMPTY,info,other/dev/meshes/20231022170900-ome.zarr,3,0.0.0,2097152 values all == fill_value (0); 8528 bytes on disk,8528
CHUNK_SAMPLE_EMPTY,info,other/dev/meshes/20231022170900-ome.zarr,3,0.1.1,2097152 values all == fill_value (0); 8528 bytes on disk,8528
CHUNK_SAMPLE_EMPTY,info,other/dev/meshes/20231022170900-ome.zarr,3,0.2.1,2097152 values all == fill_value (0); 8528 bytes on disk,8528
CHUNK_SAMPLE_ALL_EMPTY,medium,other/dev/meshes/20231022170900-ome.zarr,3,,all 3 sampled chunks decode to fill_value; human review needed,0
CHUNK_SAMPLE_EMPTY,info,other/dev/meshes/20231022170900-ome.zarr,4,0.0.0,2097152 values all == fill_value (0); 8528 bytes on disk,8528
CHUNK_SAMPLE_EMPTY,info,other/dev/meshes/20231022170900-ome.zarr,4,0.0.1,2097152 values all == fill_value (0); 8528 bytes on disk,8528
CHUNK_SAMPLE_EMPTY,info,other/dev/meshes/20231022170900-ome.zarr,4,0.1.0,2097152 values all == fill_value (0); 8528 bytes on disk,8528
CHUNK_SAMPLE_ALL_EMPTY,medium,other/dev/meshes/20231022170900-ome.zarr,4,,all 3 sampled chunks decode to fill_value; human review needed,0
CHUNK_SAMPLE_EMPTY,info,other/dev/meshes/20231022170900-ome.zarr,5,0.0.0,2097152 values all == fill_value (0); 8528 bytes on disk,8528
CHUNK_SAMPLE_EMPTY,info,other/dev/meshes/20231022170900-ome.zarr,5,0.0.1,2097152 values all == fill_value (0); 8528 bytes on disk,8528
CHUNK_SAMPLE_ALL_EMPTY,medium,other/dev/meshes/20231022170900-ome.zarr,5,,all 2 sampled chunks decode to fill_value; human review needed,0
CHUNK_SAMPLE_EMPTY,info,other/dev/meshes/20231022170900-ome.zarr,6,0.0.0,2097152 values all == fill_value (0); 8528 bytes on disk,8528
CHUNK_SAMPLE_ALL_EMPTY,medium,other/dev/meshes/20231022170900-ome.zarr,6,,all 1 sampled chunks decode to fill_value; human review needed,0
CHUNK_SAMPLE_EMPTY,info,other/dev/meshes/20231022170900-ome.zarr,7,0.0.0,2097152 values all == fill_value (0); 8528 bytes on disk,8528
CHUNK_SAMPLE_ALL_EMPTY,medium,other/dev/meshes/20231022170900-ome.zarr,7,,all 1 sampled chunks decode to fill_value; human review needed,0
CHUNK_SAMPLE_POPULATED,info,other/dev/meshes/s3-surface-fibers-ome.zarr,0,0.0.0,69208/2097152 values differ from fill_value,30956
CHUNK_SAMPLE_POPULATED,info,other/dev/meshes/s3-surface-fibers-ome.zarr,0,9.17.13,676510/2097152 values differ from fill_value,189194
CHUNK_SAMPLE_POPULATED,info,other/dev/meshes/s3-surface-fibers-ome.zarr,0,19.7.0,83071/2097152 values differ from fill_value,40027
CHUNK_SAMPLE_POPULATED,info,other/dev/meshes/s3-surface-fibers-ome.zarr,1,0.0.0,151504/2097152 values differ from fill_value,109357
CHUNK_SAMPLE_POPULATED,info,other/dev/meshes/s3-surface-fibers-ome.zarr,1,4.12.3,104240/2097152 values differ from fill_value,74866
CHUNK_SAMPLE_POPULATED,info,other/dev/meshes/s3-surface-fibers-ome.zarr,1,9.10.7,585217/2097152 values differ from fill_value,269104
CHUNK_SAMPLE_POPULATED,info,other/dev/meshes/s3-surface-fibers-ome.zarr,2,0.0.0,99937/2097152 values differ from fill_value,122062
CHUNK_SAMPLE_POPULATED,info,other/dev/meshes/s3-surface-fibers-ome.zarr,2,2.3.3,493303/2097152 values differ from fill_value,425246
CHUNK_SAMPLE_POPULATED,info,other/dev/meshes/s3-surface-fibers-ome.zarr,2,5.0.0,90091/2097152 values differ from fill_value,119271
CHUNK_SAMPLE_POPULATED,info,other/dev/meshes/s3-surface-fibers-ome.zarr,3,0.0.0,138576/2097152 values differ from fill_value,197667
CHUNK_SAMPLE_POPULATED,info,other/dev/meshes/s3-surface-fibers-ome.zarr,3,1.1.0,420581/2097152 values differ from fill_value,455441
CHUNK_SAMPLE_POPULATED,info,other/dev/meshes/s3-surface-fibers-ome.zarr,3,2.2.0,371255/2097152 values differ from fill_value,408380
CHUNK_SAMPLE_POPULATED,info,other/dev/meshes/s3-surface-fibers-ome.zarr,4,0.0.0,326384/2097152 values differ from fill_value,377503
CHUNK_SAMPLE_POPULATED,info,other/dev/meshes/s3-surface-fibers-ome.zarr,4,0.1.0,215778/2097152 values differ from fill_value,256216
CHUNK_SAMPLE_POPULATED,info,other/dev/meshes/s3-surface-fibers-ome.zarr,4,1.0.1,132641/2097152 values differ from fill_value,174803
CHUNK_SAMPLE_POPULATED,info,other/dev/meshes/s3-surface-fibers-ome.zarr,5,0.0.0,209664/2097152 values differ from fill_value,258720
CHUNK_SAMPLE_POPULATED,info,other/dev/meshes/s3-surface-fibers-ome.zarr,5,1.0.0,217263/2097152 values differ from fill_value,267499
CHUNK_SAMPLE_POPULATED,info,other/dev/meshes/s3-surface-fibers-ome.zarr,5,2.0.0,53628/2097152 values differ from fill_value,71082
CHUNK_LEVEL_NO_SAMPLES,info,datasets/spiral_datasets/PHercParis4/tracks/2um_ds2_ps256_tracks.zarr,0,,no chunk keys among 9 spread candidates; sparse level not coverable by spread sampling,0
CHUNK_SAMPLE_POPULATED,info,other/dev/inked_zarrs/3336_predictions3.zarr,0,9.15.15,46792/5151744 values differ from fill_value,41826
CHUNK_SAMPLE_POPULATED,info,other/dev/inked_zarrs/3336_predictions3.zarr,0,11.15.15,46792/5151744 values differ from fill_value,38930
CHUNK_SAMPLE_POPULATED,info,other/dev/inked_zarrs/3336_predictions3.zarr,0,13.15.15,46792/5151744 values differ from fill_value,38101
CHUNK_SAMPLE_POPULATED,info,other/dev/inked_zarrs/3336_predictions3.zarr,1,0.0.0,1138080/5151744 values differ from fill_value,534417
CHUNK_SAMPLE_POPULATED,info,other/dev/inked_zarrs/3336_predictions3.zarr,1,1.0.0,1138080/5151744 values differ from fill_value,543491
CHUNK_SAMPLE_POPULATED,info,other/dev/inked_zarrs/3336_predictions3.zarr,1,2.0.0,1138080/5151744 values differ from fill_value,584034
CHUNK_SAMPLE_POPULATED,info,other/dev/inked_zarrs/3336_predictions3.zarr,2,0.0.0,3276316/5151744 values differ from fill_value,1989401
CHUNK_SAMPLE_POPULATED,info,other/dev/inked_zarrs/3336_predictions3.zarr,2,0.2.0,4879296/5151744 values differ from fill_value,2707736
CHUNK_SAMPLE_POPULATED,info,other/dev/inked_zarrs/3336_predictions3.zarr,2,1.0.0,3276316/5151744 values differ from fill_value,2056643
CHUNK_SAMPLE_POPULATED,info,other/dev/inked_zarrs/3336_predictions3.zarr,3,0.0.0,4338752/5151744 values differ from fill_value,3142155
CHUNK_SAMPLE_POPULATED,info,other/dev/inked_zarrs/3336_predictions3.zarr,3,0.0.1,4333512/5151744 values differ from fill_value,3143649
CHUNK_SAMPLE_POPULATED,info,other/dev/inked_zarrs/3336_predictions3.zarr,3,0.1.0,4451400/5151744 values differ from fill_value,3104664
CHUNK_SAMPLE_POPULATED,info,other/dev/inked_zarrs/3336_predictions3.zarr,4,0.0.0,4348036/5151744 values differ from fill_value,3713830
CHUNK_SAMPLE_POPULATED,info,other/dev/inked_zarrs/3336_predictions3.zarr,5,0.0.0,542552/5151744 values differ from fill_value,537323
CHUNK_SAMPLE_POPULATED,info,other/dev/meshes/s1a-rectoverso-06032025-ome.zarr,0,14.7.48,347605/2097152 values differ from fill_value,89816
CHUNK_SAMPLE_POPULATED,info,other/dev/meshes/s1a-rectoverso-06032025-ome.zarr,0,28.15.32,801430/2097152 values differ from fill_value,187911
CHUNK_SAMPLE_POPULATED,info,other/dev/meshes/s1a-rectoverso-06032025-ome.zarr,0,42.23.16,682483/2097152 values differ from fill_value,146025
CHUNK_SAMPLE_POPULATED,info,other/dev/meshes/s1a-rectoverso-06032025-ome.zarr,1,14.7.24,623611/2097152 values differ from fill_value,299326
CHUNK_SAMPLE_POPULATED,info,other/dev/meshes/s1a-rectoverso-06032025-ome.zarr,1,21.11.20,648448/2097152 values differ from fill_value,247364
CHUNK_SAMPLE_POPULATED,info,other/dev/meshes/s1a-rectoverso-06032025-ome.zarr,1,28.15.16,712331/2097152 values differ from fill_value,249732
CHUNK_SAMPLE_POPULATED,info,other/dev/meshes/s1a-rectoverso-06032025-ome.zarr,2,7.4.0,24329/2097152 values differ from fill_value,17525
CHUNK_SAMPLE_POPULATED,info,other/dev/meshes/s1a-rectoverso-06032025-ome.zarr,3,0.0.0,162/2097152 values differ from fill_value,768
CHUNK_SAMPLE_POPULATED,info,other/dev/meshes/s1a-rectoverso-06032025-ome.zarr,3,5.5.0,62/2097152 values differ from fill_value,587
CHUNK_SAMPLE_POPULATED,info,other/dev/meshes/s1a-rectoverso-06032025-ome.zarr,3,7.4.0,102741/2097152 values differ from fill_value,102811
CHUNK_SAMPLE_POPULATED,info,other/dev/meshes/s1a-rectoverso-06032025-ome.zarr,4,0.0.0,239917/2097152 values differ from fill_value,249798
CHUNK_SAMPLE_POPULATED,info,other/dev/meshes/s1a-rectoverso-06032025-ome.zarr,4,1.0.0,277148/2097152 values differ from fill_value,279308
CHUNK_SAMPLE_POPULATED,info,other/dev/meshes/s1a-rectoverso-06032025-ome.zarr,4,2.0.0,238682/2097152 values differ from fill_value,241933
CHUNK_SAMPLE_POPULATED,info,other/dev/meshes/s1a-rectoverso-06032025-ome.zarr,5,0.0.0,441938/2097152 values differ from fill_value,416083
CHUNK_SAMPLE_POPULATED,info,other/dev/meshes/s1a-rectoverso-06032025-ome.zarr,5,0.1.0,89524/2097152 values differ from fill_value,93917
CHUNK_SAMPLE_POPULATED,info,other/dev/meshes/s1a-rectoverso-06032025-ome.zarr,5,1.0.0,411357/2097152 values differ from fill_value,378447
CHUNK_SAMPLE_POPULATED,info,other/dev/meshes/s5-fibers-240125-ome.zarr,0,0.0.0,213/2097152 values differ from fill_value,945
CHUNK_SAMPLE_POPULATED,info,other/dev/meshes/s5-fibers-240125-ome.zarr,0,20.33.9,487/2097152 values differ from fill_value,1299
CHUNK_SAMPLE_POPULATED,info,other/dev/meshes/s5-fibers-240125-ome.zarr,0,41.13.18,26713/2097152 values differ from fill_value,18203
CHUNK_SAMPLE_POPULATED,info,other/dev/meshes/s5-fibers-240125-ome.zarr,1,0.0.0,173/2097152 values differ from fill_value,1157
CHUNK_SAMPLE_POPULATED,info,other/dev/meshes/s5-fibers-240125-ome.zarr,1,10.10.4,1130/2097152 values differ from fill_value,2880
CHUNK_SAMPLE_POPULATED,info,other/dev/meshes/s5-fibers-240125-ome.zarr,1,20.20.9,480/2097152 values differ from fill_value,1713
CHUNK_SAMPLE_POPULATED,info,other/dev/meshes/s5-fibers-240125-ome.zarr,2,0.0.0,688/2097152 values differ from fill_value,2449
CHUNK_SAMPLE_POPULATED,info,other/dev/meshes/s5-fibers-240125-ome.zarr,2,5.3.9,24419/2097152 values differ from fill_value,44754
CHUNK_SAMPLE_POPULATED,info,other/dev/meshes/s5-fibers-240125-ome.zarr,2,10.7.0,1879/2097152 values differ from fill_value,3399
CHUNK_SAMPLE_POPULATED,info,other/dev/meshes/s5-fibers-240125-ome.zarr,3,0.0.0,1497/2097152 values differ from fill_value,5081
CHUNK_SAMPLE_POPULATED,info,other/dev/meshes/s5-fibers-240125-ome.zarr,3,2.4.3,19835/2097152 values differ from fill_value,44138
CHUNK_SAMPLE_POPULATED,info,other/dev/meshes/s5-fibers-240125-ome.zarr,3,5.1.6,19710/2097152 values differ from fill_value,42141
CHUNK_SAMPLE_POPULATED,info,other/dev/meshes/s5-fibers-240125-ome.zarr,4,0.0.0,963/2097152 values differ from fill_value,4303
CHUNK_SAMPLE_POPULATED,info,other/dev/meshes/s5-fibers-240125-ome.zarr,4,1.1.2,21534/2097152 values differ from fill_value,47838
CHUNK_SAMPLE_POPULATED,info,other/dev/meshes/s5-fibers-240125-ome.zarr,4,2.3.0,61/2097152 values differ from fill_value,836
CHUNK_SAMPLE_POPULATED,info,other/dev/meshes/s5-fibers-240125-ome.zarr,5,0.0.0,11549/2097152 values differ from fill_value,27865
CHUNK_SAMPLE_POPULATED,info,other/dev/meshes/s5-fibers-240125-ome.zarr,5,0.1.1,8087/2097152 values differ from fill_value,17907
CHUNK_SAMPLE_POPULATED,info,other/dev/meshes/s5-fibers-240125-ome.zarr,5,1.1.0,3087/2097152 values differ from fill_value,8613
CHUNK_SAMPLE_POPULATED,info,other/dev/inked_zarrs/3336_predictions9.zarr,0,9.15.15,46792/5151744 values differ from fill_value,41826
CHUNK_SAMPLE_POPULATED,info,other/dev/inked_zarrs/3336_predictions9.zarr,0,11.15.15,46792/5151744 values differ from fill_value,38930
CHUNK_SAMPLE_POPULATED,info,other/dev/inked_zarrs/3336_predictions9.zarr,0,13.15.15,46792/5151744 values differ from fill_value,38101
CHUNK_SAMPLE_POPULATED,info,other/dev/inked_zarrs/3336_predictions9.zarr,1,0.0.0,1138080/5151744 values differ from fill_value,534417
CHUNK_SAMPLE_POPULATED,info,other/dev/inked_zarrs/3336_predictions9.zarr,1,1.0.0,1138080/5151744 values differ from fill_value,543491
CHUNK_SAMPLE_POPULATED,info,other/dev/inked_zarrs/3336_predictions9.zarr,1,2.0.0,1138080/5151744 values differ from fill_value,584034
CHUNK_SAMPLE_POPULATED,info,other/dev/inked_zarrs/3336_predictions9.zarr,2,0.0.0,3276316/5151744 values differ from fill_value,1989401
CHUNK_SAMPLE_POPULATED,info,other/dev/inked_zarrs/3336_predictions9.zarr,2,0.2.0,4879296/5151744 values differ from fill_value,2707736
CHUNK_SAMPLE_POPULATED,info,other/dev/inked_zarrs/3336_predictions9.zarr,2,1.0.0,3276316/5151744 values differ from fill_value,2056643
CHUNK_SAMPLE_POPULATED,info,other/dev/inked_zarrs/3336_predictions9.zarr,3,0.0.0,4338752/5151744 values differ from fill_value,3142155
CHUNK_SAMPLE_POPULATED,info,other/dev/inked_zarrs/3336_predictions9.zarr,3,0.0.1,4333512/5151744 values differ from fill_value,3143649
CHUNK_SAMPLE_POPULATED,info,other/dev/inked_zarrs/3336_predictions9.zarr,3,0.1.0,4451400/5151744 values differ from fill_value,3104664
CHUNK_SAMPLE_POPULATED,info,other/dev/inked_zarrs/3336_predictions9.zarr,4,0.0.0,4348036/5151744 values differ from fill_value,3713830
CHUNK_SAMPLE_POPULATED,info,other/dev/inked_zarrs/3336_predictions9.zarr,5,0.0.0,542552/5151744 values differ from fill_value,537323
CHUNK_SAMPLE_POPULATED,info,other/dev/meshes/s4-rectoverso-13032025-ome.zarr,0,0.0.0,147899/2097152 values differ from fill_value,31164
CHUNK_SAMPLE_POPULATED,info,other/dev/meshes/s4-rectoverso-13032025-ome.zarr,0,11.0.0,80638/2097152 values differ from fill_value,28630
CHUNK_SAMPLE_POPULATED,info,other/dev/meshes/s4-rectoverso-13032025-ome.zarr,0,22.0.0,97672/2097152 values differ from fill_value,41664
CHUNK_SAMPLE_POPULATED,info,other/dev/meshes/s4-rectoverso-13032025-ome.zarr,1,0.0.0,130577/2097152 values differ from fill_value,77462
CHUNK_SAMPLE_POPULATED,info,other/dev/meshes/s4-rectoverso-13032025-ome.zarr,1,5.7.0,107237/2097152 values differ from fill_value,80836
CHUNK_SAMPLE_POPULATED,info,other/dev/meshes/s4-rectoverso-13032025-ome.zarr,1,11.0.0,282344/2097152 values differ from fill_value,187374
CHUNK_SAMPLE_POPULATED,info,other/dev/meshes/s4-rectoverso-13032025-ome.zarr,2,0.0.0,124063/2097152 values differ from fill_value,132160
CHUNK_SAMPLE_POPULATED,info,other/dev/meshes/s4-rectoverso-13032025-ome.zarr,2,2.5.2,306892/2097152 values differ from fill_value,222848
CHUNK_SAMPLE_POPULATED,info,other/dev/meshes/s4-rectoverso-13032025-ome.zarr,2,5.3.3,382628/2097152 values differ from fill_value,281852
CHUNK_SAMPLE_POPULATED,info,other/dev/meshes/s4-rectoverso-13032025-ome.zarr,3,0.0.0,192835/2097152 values differ from fill_value,228666
CHUNK_SAMPLE_POPULATED,info,other/dev/meshes/s4-rectoverso-13032025-ome.zarr,3,1.1.2,430686/2097152 values differ from fill_value,412163
CHUNK_SAMPLE_POPULATED,info,other/dev/meshes/s4-rectoverso-13032025-ome.zarr,3,2.3.0,19297/2097152 values differ from fill_value,24308
CHUNK_SAMPLE_POPULATED,info,other/dev/meshes/s4-rectoverso-13032025-ome.zarr,4,0.0.0,296674/2097152 values differ from fill_value,334178
CHUNK_SAMPLE_POPULATED,info,other/dev/meshes/s4-rectoverso-13032025-ome.zarr,4,0.1.1,90958/2097152 values differ from fill_value,123408
CHUNK_SAMPLE_POPULATED,info,other/dev/meshes/s4-rectoverso-13032025-ome.zarr,4,1.1.0,200250/2097152 values differ from fill_value,225807
CHUNK_SAMPLE_POPULATED,info,other/dev/meshes/s4-rectoverso-13032025-ome.zarr,5,0.0.0,200229/2097152 values differ from fill_value,247501
CHUNK_SAMPLE_POPULATED,info,other/dev/meshes/s4-rectoverso-13032025-ome.zarr,5,1.0.0,190753/2097152 values differ from fill_value,240975
CHUNK_SAMPLE_POPULATED,info,other/dev/meshes/s4-rectoverso-13032025-ome.zarr,5,2.0.0,135716/2097152 values differ from fill_value,170460
CHUNK_SAMPLE_POPULATED,info,other/dev/meshes/s5-hzvt-11032025-ome.zarr,0,41.13.18,90719/2097152 values differ from fill_value,46095
CHUNK_SAMPLE_POPULATED,info,other/dev/meshes/s5-hzvt-11032025-ome.zarr,0,82.26.36,127088/2097152 values differ from fill_value,52964
CHUNK_SAMPLE_POPULATED,info,other/dev/meshes/s5-hzvt-11032025-ome.zarr,0,123.39.53,76160/2097152 values differ from fill_value,37609
CHUNK_SAMPLE_POPULATED,info,other/dev/meshes/s5-hzvt-11032025-ome.zarr,1,31.3.13,107214/2097152 values differ from fill_value,78983
CHUNK_SAMPLE_POPULATED,info,other/dev/meshes/s5-hzvt-11032025-ome.zarr,1,41.13.18,101774/2097152 values differ from fill_value,73954
CHUNK_SAMPLE_POPULATED,info,other/dev/meshes/s5-hzvt-11032025-ome.zarr,1,51.23.22,104340/2097152 values differ from fill_value,73266
CHUNK_SAMPLE_POPULATED,info,other/dev/meshes/s5-hzvt-11032025-ome.zarr,2,5.3.9,97378/2097152 values differ from fill_value,115566
CHUNK_SAMPLE_POPULATED,info,other/dev/meshes/s5-hzvt-11032025-ome.zarr,2,15.10.9,101868/2097152 values differ from fill_value,112286
CHUNK_SAMPLE_POPULATED,info,other/dev/meshes/s5-hzvt-11032025-ome.zarr,2,26.3.8,110951/2097152 values differ from fill_value,127455
CHUNK_SAMPLE_POPULATED,info,other/dev/meshes/s5-hzvt-11032025-ome.zarr,3,2.4.3,80591/2097152 values differ from fill_value,137394
CHUNK_SAMPLE_POPULATED,info,other/dev/meshes/s5-hzvt-11032025-ome.zarr,3,5.1.6,86239/2097152 values differ from fill_value,141665
CHUNK_SAMPLE_POPULATED,info,other/dev/meshes/s5-hzvt-11032025-ome.zarr,3,10.3.4,94258/2097152 values differ from fill_value,151592
CHUNK_SAMPLE_POPULATED,info,other/dev/meshes/s5-hzvt-11032025-ome.zarr,4,0.0.0,2214/2097152 values differ from fill_value,6154
CHUNK_SAMPLE_POPULATED,info,other/dev/meshes/s5-hzvt-11032025-ome.zarr,4,1.1.2,84772/2097152 values differ from fill_value,148425
CHUNK_SAMPLE_POPULATED,info,other/dev/meshes/s5-hzvt-11032025-ome.zarr,4,4.0.2,68452/2097152 values differ from fill_value,116649
CHUNK_SAMPLE_POPULATED,info,other/dev/meshes/s5-hzvt-11032025-ome.zarr,5,0.0.0,45891/2097152 values differ from fill_value,86843
CHUNK_SAMPLE_POPULATED,info,other/dev/meshes/s5-hzvt-11032025-ome.zarr,5,0.1.1,31113/2097152 values differ from fill_value,56795
CHUNK_SAMPLE_POPULATED,info,other/dev/meshes/s5-hzvt-11032025-ome.zarr,5,1.1.0,12013/2097152 values differ from fill_value,25450
CHUNK_SAMPLE_POPULATED,info,other/dev/meshes/s5-rectoverso-12032025-ome.zarr,0,41.13.18,616387/2097152 values differ from fill_value,160879
CHUNK_SAMPLE_POPULATED,info,other/dev/meshes/s5-rectoverso-12032025-ome.zarr,0,82.26.36,571676/2097152 values differ from fill_value,180079
CHUNK_SAMPLE_POPULATED,info,other/dev/meshes/s5-rectoverso-12032025-ome.zarr,0,123.39.53,494147/2097152 values differ from fill_value,140499
CHUNK_SAMPLE_POPULATED,info,other/dev/meshes/s5-rectoverso-12032025-ome.zarr,1,31.3.13,588742/2097152 values differ from fill_value,247165
CHUNK_SAMPLE_POPULATED,info,other/dev/meshes/s5-rectoverso-12032025-ome.zarr,1,41.13.18,503758/2097152 values differ from fill_value,243620
CHUNK_SAMPLE_POPULATED,info,other/dev/meshes/s5-rectoverso-12032025-ome.zarr,1,51.23.22,612835/2097152 values differ from fill_value,242818
CHUNK_SAMPLE_POPULATED,info,other/dev/meshes/s5-rectoverso-12032025-ome.zarr,2,5.3.9,556043/2097152 values differ from fill_value,332640
CHUNK_SAMPLE_POPULATED,info,other/dev/meshes/s5-rectoverso-12032025-ome.zarr,2,15.10.9,568340/2097152 values differ from fill_value,291749
CHUNK_SAMPLE_POPULATED,info,other/dev/meshes/s5-rectoverso-12032025-ome.zarr,2,26.3.8,661698/2097152 values differ from fill_value,399673
CHUNK_SAMPLE_POPULATED,info,other/dev/meshes/s5-rectoverso-12032025-ome.zarr,3,2.4.3,456258/2097152 values differ from fill_value,424557
CHUNK_SAMPLE_POPULATED,info,other/dev/meshes/s5-rectoverso-12032025-ome.zarr,3,5.1.6,489798/2097152 values differ from fill_value,429566
CHUNK_SAMPLE_POPULATED,info,other/dev/meshes/s5-rectoverso-12032025-ome.zarr,3,10.3.4,505515/2097152 values differ from fill_value,449031
CHUNK_SAMPLE_POPULATED,info,other/dev/meshes/s5-rectoverso-12032025-ome.zarr,4,0.0.0,9925/2097152 values differ from fill_value,17245
CHUNK_SAMPLE_POPULATED,info,other/dev/meshes/s5-rectoverso-12032025-ome.zarr,4,1.1.2,480571/2097152 values differ from fill_value,464033
CHUNK_SAMPLE_POPULATED,info,other/dev/meshes/s5-rectoverso-12032025-ome.zarr,4,4.0.2,413389/2097152 values differ from fill_value,372412
CHUNK_SAMPLE_POPULATED,info,other/dev/meshes/s5-rectoverso-12032025-ome.zarr,5,0.0.0,273790/2097152 values differ from fill_value,285177
CHUNK_SAMPLE_POPULATED,info,other/dev/meshes/s5-rectoverso-12032025-ome.zarr,5,0.1.1,182461/2097152 values differ from fill_value,185353
CHUNK_SAMPLE_POPULATED,info,other/dev/meshes/s5-rectoverso-12032025-ome.zarr,5,1.1.0,68239/2097152 values differ from fill_value,84973
CHUNK_SAMPLE_POPULATED,info,fragments/Frag1/PHercParis2Fr47.volpkg/volumes_standardized/54keV_3.24um_.zarr,0,0.0.0,30269/2097152 values differ from fill_value,34591
CHUNK_SAMPLE_POPULATED,info,fragments/Frag1/PHercParis2Fr47.volpkg/volumes_standardized/54keV_3.24um_.zarr,0,7.1.21,76102/2097152 values differ from fill_value,61031
CHUNK_SAMPLE_POPULATED,info,fragments/Frag1/PHercParis2Fr47.volpkg/volumes_standardized/54keV_3.24um_.zarr,0,14.2.42,63333/2097152 values differ from fill_value,60238
CHUNK_SAMPLE_POPULATED,info,fragments/Frag1/PHercParis2Fr47.volpkg/volumes_standardized/54keV_3.24um_.zarr,1,0.0.0,115053/2097152 values differ from fill_value,153955
CHUNK_SAMPLE_POPULATED,info,fragments/Frag1/PHercParis2Fr47.volpkg/volumes_standardized/54keV_3.24um_.zarr,1,3.3.22,199847/2097152 values differ from fill_value,225216
CHUNK_SAMPLE_POPULATED,info,fragments/Frag1/PHercParis2Fr47.volpkg/volumes_standardized/54keV_3.24um_.zarr,1,7.1.14,497115/2097152 values differ from fill_value,537482
CHUNK_SAMPLE_POPULATED,info,fragments/Frag1/PHercParis2Fr47.volpkg/volumes_standardized/54keV_3.24um_.zarr,2,0.0.0,202067/2097152 values differ from fill_value,227833
CHUNK_SAMPLE_POPULATED,info,fragments/Frag1/PHercParis2Fr47.volpkg/volumes_standardized/54keV_3.24um_.zarr,2,1.2.9,797442/2097152 values differ from fill_value,524411
CHUNK_SAMPLE_POPULATED,info,fragments/Frag1/PHercParis2Fr47.volpkg/volumes_standardized/54keV_3.24um_.zarr,2,3.2.3,1159103/2097152 values differ from fill_value,889390
CHUNK_SAMPLE_POPULATED,info,fragments/Frag1/PHercParis2Fr47.volpkg/volumes_standardized/54keV_3.24um_.zarr,3,0.0.0,496896/2097152 values differ from fill_value,435094
CHUNK_SAMPLE_POPULATED,info,fragments/Frag1/PHercParis2Fr47.volpkg/volumes_standardized/54keV_3.24um_.zarr,3,1.0.0,506288/2097152 values differ from fill_value,449801
CHUNK_SAMPLE_POPULATED,info,fragments/Frag1/PHercParis2Fr47.volpkg/volumes_standardized/54keV_3.24um_.zarr,3,2.0.0,557264/2097152 values differ from fill_value,480258
CHUNK_SAMPLE_POPULATED,info,fragments/Frag1/PHercParis2Fr47.volpkg/volumes_standardized/54keV_3.24um_.zarr,4,0.0.0,560162/2097152 values differ from fill_value,366971
CHUNK_SAMPLE_POPULATED,info,fragments/Frag1/PHercParis2Fr47.volpkg/volumes_standardized/54keV_3.24um_.zarr,4,0.0.2,324378/2097152 values differ from fill_value,193837
CHUNK_SAMPLE_POPULATED,info,fragments/Frag1/PHercParis2Fr47.volpkg/volumes_standardized/54keV_3.24um_.zarr,4,1.0.0,631761/2097152 values differ from fill_value,389750
CHUNK_SAMPLE_POPULATED,info,fragments/Frag1/PHercParis2Fr47.volpkg/volumes_standardized/54keV_3.24um_.zarr,5,0.0.0,317344/2097152 values differ from fill_value,181409
CHUNK_SAMPLE_POPULATED,info,fragments/Frag1/PHercParis2Fr47.volpkg/volumes_standardized/54keV_3.24um_.zarr,5,0.0.1,139962/2097152 values differ from fill_value,87811
CHUNK_SAMPLE_POPULATED,info,fragments/Frag1/PHercParis2Fr47.volpkg/volumes_standardized/54keV_3.24um_.zarr,5,1.0.0,206185/2097152 values differ from fill_value,111129
CHUNK_SAMPLE_POPULATED,info,fragments/Frag3/PHercParis1Fr34.volpkg/volumes_standardized/88keV_3.24um_.zarr,0,0.0.0,1935385/2097152 values differ from fill_value,594554
CHUNK_SAMPLE_POPULATED,info,fragments/Frag3/PHercParis1Fr34.volpkg/volumes_standardized/88keV_3.24um_.zarr,0,6.6.24,1789361/2097152 values differ from fill_value,559042
CHUNK_SAMPLE_POPULATED,info,fragments/Frag3/PHercParis1Fr34.volpkg/volumes_standardized/88keV_3.24um_.zarr,0,13.0.0,1936736/2097152 values differ from fill_value,603217
CHUNK_SAMPLE_POPULATED,info,fragments/Frag2/PHercParis2Fr143.volpkg/volumes_standardized/54keV_3.24um_.zarr,0,0.0.0,44996/2097152 values differ from fill_value,48037
CHUNK_SAMPLE_POPULATED,info,fragments/Frag2/PHercParis2Fr143.volpkg/volumes_standardized/54keV_3.24um_.zarr,0,13.15.58,219729/2097152 values differ from fill_value,143769
CHUNK_SAMPLE_POPULATED,info,fragments/Frag2/PHercParis2Fr143.volpkg/volumes_standardized/54keV_3.24um_.zarr,0,27.13.39,138095/2097152 values differ from fill_value,101978
CHUNK_SAMPLE_POPULATED,info,fragments/Frag2/PHercParis2Fr143.volpkg/volumes_standardized/54keV_3.24um_.zarr,1,0.0.0,195678/2097152 values differ from fill_value,228696
CHUNK_SAMPLE_POPULATED,info,fragments/Frag2/PHercParis2Fr143.volpkg/volumes_standardized/54keV_3.24um_.zarr,1,7.0.0,287037/2097152 values differ from fill_value,310439
CHUNK_SAMPLE_POPULATED,info,fragments/Frag2/PHercParis2Fr143.volpkg/volumes_standardized/54keV_3.24um_.zarr,1,14.0.0,194994/2097152 values differ from fill_value,223408
CHUNK_SAMPLE_POPULATED,info,fragments/Frag2/PHercParis2Fr143.volpkg/volumes_standardized/54keV_3.24um_.zarr,2,0.0.0,255599/2097152 values differ from fill_value,266898
CHUNK_SAMPLE_POPULATED,info,fragments/Frag2/PHercParis2Fr143.volpkg/volumes_standardized/54keV_3.24um_.zarr,2,3.2.10,1007656/2097152 values differ from fill_value,921891
CHUNK_SAMPLE_POPULATED,info,fragments/Frag2/PHercParis2Fr143.volpkg/volumes_standardized/54keV_3.24um_.zarr,2,7.0.0,259785/2097152 values differ from fill_value,268741
CHUNK_SAMPLE_POPULATED,info,fragments/Frag2/PHercParis2Fr143.volpkg/volumes_standardized/54keV_3.24um_.zarr,3,0.0.0,127523/2097152 values differ from fill_value,153408
CHUNK_SAMPLE_POPULATED,info,fragments/Frag2/PHercParis2Fr143.volpkg/volumes_standardized/54keV_3.24um_.zarr,3,1.2.2,472565/2097152 values differ from fill_value,235739
CHUNK_SAMPLE_POPULATED,info,fragments/Frag2/PHercParis2Fr143.volpkg/volumes_standardized/54keV_3.24um_.zarr,3,3.1.5,678668/2097152 values differ from fill_value,527375
CHUNK_SAMPLE_POPULATED,info,fragments/Frag2/PHercParis2Fr143.volpkg/volumes_standardized/54keV_3.24um_.zarr,4,0.0.0,238519/2097152 values differ from fill_value,187249
CHUNK_SAMPLE_POPULATED,info,fragments/Frag2/PHercParis2Fr143.volpkg/volumes_standardized/54keV_3.24um_.zarr,4,0.1.4,198445/2097152 values differ from fill_value,105085
CHUNK_SAMPLE_POPULATED,info,fragments/Frag2/PHercParis2Fr143.volpkg/volumes_standardized/54keV_3.24um_.zarr,4,1.1.2,210758/2097152 values differ from fill_value,74448
CHUNK_SAMPLE_POPULATED,info,fragments/Frag2/PHercParis2Fr143.volpkg/volumes_standardized/54keV_3.24um_.zarr,5,0.0.0,400043/2097152 values differ from fill_value,208728
CHUNK_SAMPLE_POPULATED,info,fragments/Frag2/PHercParis2Fr143.volpkg/volumes_standardized/54keV_3.24um_.zarr,5,0.0.1,577248/2097152 values differ from fill_value,340023
CHUNK_SAMPLE_POPULATED,info,fragments/Frag2/PHercParis2Fr143.volpkg/volumes_standardized/54keV_3.24um_.zarr,5,1.0.0,427806/2097152 values differ from fill_value,229191
CHUNK_SAMPLE_POPULATED,info,fragments/Frag1/PHercParis2Fr47.volpkg/volumes_standardized/88keV_3.24um_.zarr,0,0.0.0,1474915/2097152 values differ from fill_value,592737
CHUNK_SAMPLE_POPULATED,info,fragments/Frag1/PHercParis2Fr47.volpkg/volumes_standardized/88keV_3.24um_.zarr,0,7.1.36,1446951/2097152 values differ from fill_value,594195
CHUNK_SAMPLE_POPULATED,info,fragments/Frag1/PHercParis2Fr47.volpkg/volumes_standardized/88keV_3.24um_.zarr,0,14.3.14,1452311/2097152 values differ from fill_value,596858
CHUNK_SAMPLE_POPULATED,info,fragments/Frag1/PHercParis2Fr47.volpkg/volumes_standardized/88keV_3.24um_.zarr,1,0.0.0,2027402/2097152 values differ from fill_value,1353462
CHUNK_SAMPLE_POPULATED,info,fragments/Frag1/PHercParis2Fr47.volpkg/volumes_standardized/88keV_3.24um_.zarr,1,3.4.11,2048477/2097152 values differ from fill_value,1338617
CHUNK_SAMPLE_POPULATED,info,fragments/Frag1/PHercParis2Fr47.volpkg/volumes_standardized/88keV_3.24um_.zarr,1,7.1.22,2003831/2097152 values differ from fill_value,1364224
CHUNK_SAMPLE_POPULATED,info,fragments/Frag1/PHercParis2Fr47.volpkg/volumes_standardized/88keV_3.24um_.zarr,2,0.0.0,2097040/2097152 values differ from fill_value,1253341
CHUNK_SAMPLE_POPULATED,info,fragments/Frag1/PHercParis2Fr47.volpkg/volumes_standardized/88keV_3.24um_.zarr,2,1.3.7,294912/2097152 values differ from fill_value,183849
CHUNK_SAMPLE_POPULATED,info,fragments/Frag1/PHercParis2Fr47.volpkg/volumes_standardized/88keV_3.24um_.zarr,2,3.3.0,294912/2097152 values differ from fill_value,187706
CHUNK_SAMPLE_POPULATED,info,fragments/Frag1/PHercParis2Fr47.volpkg/volumes_standardized/88keV_3.24um_.zarr,3,0.0.0,2097122/2097152 values differ from fill_value,1066952
CHUNK_SAMPLE_POPULATED,info,fragments/Frag1/PHercParis2Fr47.volpkg/volumes_standardized/88keV_3.24um_.zarr,3,1.0.0,2097152/2097152 values differ from fill_value,1054149
CHUNK_SAMPLE_POPULATED,info,fragments/Frag1/PHercParis2Fr47.volpkg/volumes_standardized/88keV_3.24um_.zarr,3,2.0.0,2097083/2097152 values differ from fill_value,1060847
CHUNK_SAMPLE_POPULATED,info,fragments/Frag1/PHercParis2Fr47.volpkg/volumes_standardized/88keV_3.24um_.zarr,4,0.0.0,1654784/2097152 values differ from fill_value,749322
CHUNK_SAMPLE_POPULATED,info,fragments/Frag1/PHercParis2Fr47.volpkg/volumes_standardized/88keV_3.24um_.zarr,4,0.0.2,1654784/2097152 values differ from fill_value,658261
CHUNK_SAMPLE_POPULATED,info,fragments/Frag1/PHercParis2Fr47.volpkg/volumes_standardized/88keV_3.24um_.zarr,4,1.0.0,1654780/2097152 values differ from fill_value,751476
CHUNK_SAMPLE_POPULATED,info,fragments/Frag1/PHercParis2Fr47.volpkg/volumes_standardized/88keV_3.24um_.zarr,5,0.0.0,835584/2097152 values differ from fill_value,306654
CHUNK_SAMPLE_POPULATED,info,fragments/Frag1/PHercParis2Fr47.volpkg/volumes_standardized/88keV_3.24um_.zarr,5,0.0.1,665856/2097152 values differ from fill_value,232952
CHUNK_SAMPLE_POPULATED,info,fragments/Frag1/PHercParis2Fr47.volpkg/volumes_standardized/88keV_3.24um_.zarr,5,1.0.0,639744/2097152 values differ from fill_value,219296
CHUNK_SAMPLE_POPULATED,info,fragments/Frag3/PHercParis1Fr34.volpkg/volumes_zarr/88keV_3.24um_.zarr,0,0.0.0,2097152/2097152 values differ from fill_value,3705474
CHUNK_SAMPLE_POPULATED,info,fragments/Frag3/PHercParis1Fr34.volpkg/volumes_zarr/88keV_3.24um_.zarr,0,6.6.24,2097152/2097152 values differ from fill_value,3711315
CHUNK_SAMPLE_POPULATED,info,fragments/Frag3/PHercParis1Fr34.volpkg/volumes_zarr/88keV_3.24um_.zarr,0,13.0.0,2097152/2097152 values differ from fill_value,3714795
CHUNK_SAMPLE_POPULATED,info,fragments/Frag2/PHercParis2Fr143.volpkg/volumes_standardized/88keV_3.24um_.zarr,0,0.0.0,1468369/2097152 values differ from fill_value,669940
CHUNK_SAMPLE_POPULATED,info,fragments/Frag2/PHercParis2Fr143.volpkg/volumes_standardized/88keV_3.24um_.zarr,0,13.14.69,1625078/2097152 values differ from fill_value,736393
CHUNK_SAMPLE_POPULATED,info,fragments/Frag2/PHercParis2Fr143.volpkg/volumes_standardized/88keV_3.24um_.zarr,0,27.12.59,1513443/2097152 values differ from fill_value,698723
CHUNK_SAMPLE_POPULATED,info,fragments/Frag2/PHercParis2Fr143.volpkg/volumes_standardized/88keV_3.24um_.zarr,1,0.0.0,2019313/2097152 values differ from fill_value,1431133
CHUNK_SAMPLE_POPULATED,info,fragments/Frag2/PHercParis2Fr143.volpkg/volumes_standardized/88keV_3.24um_.zarr,1,7.0.0,1959377/2097152 values differ from fill_value,1462031
CHUNK_SAMPLE_POPULATED,info,fragments/Frag2/PHercParis2Fr143.volpkg/volumes_standardized/88keV_3.24um_.zarr,1,14.0.0,1928367/2097152 values differ from fill_value,1419223
CHUNK_SAMPLE_POPULATED,info,fragments/Frag2/PHercParis2Fr143.volpkg/volumes_standardized/88keV_3.24um_.zarr,2,0.0.0,2096435/2097152 values differ from fill_value,1339432
CHUNK_SAMPLE_POPULATED,info,fragments/Frag2/PHercParis2Fr143.volpkg/volumes_standardized/88keV_3.24um_.zarr,2,3.2.10,2083542/2097152 values differ from fill_value,1376528
CHUNK_SAMPLE_POPULATED,info,fragments/Frag2/PHercParis2Fr143.volpkg/volumes_standardized/88keV_3.24um_.zarr,2,7.0.0,2093870/2097152 values differ from fill_value,1346184
CHUNK_SAMPLE_POPULATED,info,fragments/Frag2/PHercParis2Fr143.volpkg/volumes_standardized/88keV_3.24um_.zarr,3,0.0.0,2097152/2097152 values differ from fill_value,1103851
CHUNK_SAMPLE_POPULATED,info,fragments/Frag2/PHercParis2Fr143.volpkg/volumes_standardized/88keV_3.24um_.zarr,3,1.2.2,131072/2097152 values differ from fill_value,75449
CHUNK_SAMPLE_POPULATED,info,fragments/Frag2/PHercParis2Fr143.volpkg/volumes_standardized/88keV_3.24um_.zarr,3,3.1.5,2097152/2097152 values differ from fill_value,1242747
CHUNK_SAMPLE_POPULATED,info,fragments/Frag2/PHercParis2Fr143.volpkg/volumes_standardized/88keV_3.24um_.zarr,4,0.0.0,2097152/2097152 values differ from fill_value,939079
CHUNK_SAMPLE_POPULATED,info,fragments/Frag2/PHercParis2Fr143.volpkg/volumes_standardized/88keV_3.24um_.zarr,4,0.1.4,59392/2097152 values differ from fill_value,33950
CHUNK_SAMPLE_POPULATED,info,fragments/Frag2/PHercParis2Fr143.volpkg/volumes_standardized/88keV_3.24um_.zarr,4,1.1.2,65536/2097152 values differ from fill_value,33296
CHUNK_SAMPLE_POPULATED,info,fragments/Frag2/PHercParis2Fr143.volpkg/volumes_standardized/88keV_3.24um_.zarr,5,0.0.0,1081344/2097152 values differ from fill_value,418446
CHUNK_SAMPLE_POPULATED,info,fragments/Frag2/PHercParis2Fr143.volpkg/volumes_standardized/88keV_3.24um_.zarr,5,0.0.1,1081344/2097152 values differ from fill_value,482769
CHUNK_SAMPLE_POPULATED,info,fragments/Frag2/PHercParis2Fr143.volpkg/volumes_standardized/88keV_3.24um_.zarr,5,1.0.0,1081344/2097152 values differ from fill_value,430818
CHUNK_SAMPLE_POPULATED,info,fragments/Frag3/PHercParis1Fr34.volpkg/volumes_standardized/54keV_3.24um_.zarr,0,0.0.0,2097152/2097152 values differ from fill_value,392147
CHUNK_SAMPLE_POPULATED,info,fragments/Frag3/PHercParis1Fr34.volpkg/volumes_standardized/54keV_3.24um_.zarr,0,6.6.0,2097152/2097152 values differ from fill_value,394076
CHUNK_SAMPLE_POPULATED,info,fragments/Frag3/PHercParis1Fr34.volpkg/volumes_standardized/54keV_3.24um_.zarr,0,13.0.0,2097152/2097152 values differ from fill_value,416323
CHUNK_SAMPLE_POPULATED,info,fragments/Frag3/PHercParis1Fr34.volpkg/volumes_standardized/54keV_3.24um_.zarr,1,0.0.0,2097152/2097152 values differ from fill_value,1104660
CHUNK_SAMPLE_POPULATED,info,fragments/Frag3/PHercParis1Fr34.volpkg/volumes_standardized/54keV_3.24um_.zarr,1,3.1.12,2097152/2097152 values differ from fill_value,1129514
CHUNK_SAMPLE_POPULATED,info,fragments/Frag3/PHercParis1Fr34.volpkg/volumes_standardized/54keV_3.24um_.zarr,1,6.3.0,2097152/2097152 values differ from fill_value,1132353
CHUNK_SAMPLE_POPULATED,info,fragments/Frag3/PHercParis1Fr34.volpkg/volumes_standardized/54keV_3.24um_.zarr,2,0.0.0,2097152/2097152 values differ from fill_value,998808
CHUNK_SAMPLE_POPULATED,info,fragments/Frag3/PHercParis1Fr34.volpkg/volumes_standardized/54keV_3.24um_.zarr,2,1.1.11,2095030/2097152 values differ from fill_value,1183022
CHUNK_SAMPLE_POPULATED,info,fragments/Frag3/PHercParis1Fr34.volpkg/volumes_standardized/54keV_3.24um_.zarr,2,3.0.9,2097133/2097152 values differ from fill_value,1134196
CHUNK_SAMPLE_POPULATED,info,fragments/Frag3/PHercParis1Fr34.volpkg/volumes_standardized/54keV_3.24um_.zarr,3,0.0.0,2097152/2097152 values differ from fill_value,809425
CHUNK_SAMPLE_POPULATED,info,fragments/Frag3/PHercParis1Fr34.volpkg/volumes_standardized/54keV_3.24um_.zarr,3,0.1.5,851968/2097152 values differ from fill_value,400397
CHUNK_SAMPLE_POPULATED,info,fragments/Frag3/PHercParis1Fr34.volpkg/volumes_standardized/54keV_3.24um_.zarr,3,1.1.3,850573/2097152 values differ from fill_value,592927
CHUNK_SAMPLE_POPULATED,info,fragments/Frag3/PHercParis1Fr34.volpkg/volumes_standardized/54keV_3.24um_.zarr,4,0.0.0,1474560/2097152 values differ from fill_value,559623
CHUNK_SAMPLE_POPULATED,info,fragments/Frag3/PHercParis1Fr34.volpkg/volumes_standardized/54keV_3.24um_.zarr,4,0.0.2,1474560/2097152 values differ from fill_value,511645
CHUNK_SAMPLE_POPULATED,info,fragments/Frag3/PHercParis1Fr34.volpkg/volumes_standardized/54keV_3.24um_.zarr,4,1.0.0,1474560/2097152 values differ from fill_value,818611
CHUNK_SAMPLE_POPULATED,info,fragments/Frag3/PHercParis1Fr34.volpkg/volumes_standardized/54keV_3.24um_.zarr,5,0.0.0,737280/2097152 values differ from fill_value,302563
CHUNK_SAMPLE_POPULATED,info,fragments/Frag3/PHercParis1Fr34.volpkg/volumes_standardized/54keV_3.24um_.zarr,5,0.0.1,403200/2097152 values differ from fill_value,157004
CHUNK_SAMPLE_POPULATED,info,fragments/Frag3/PHercParis1Fr34.volpkg/volumes_standardized/54keV_3.24um_.zarr,5,1.0.0,460800/2097152 values differ from fill_value,172030
CHUNK_SAMPLE_POPULATED,info,community-uploads/bruniss/scrolls/s5/s5_masked_ome.zarr,0,41.13.18,2097152/2097152 values differ from fill_value,1693292
CHUNK_SAMPLE_POPULATED,info,community-uploads/bruniss/scrolls/s5/s5_masked_ome.zarr,0,82.26.36,2097152/2097152 values differ from fill_value,1657348
CHUNK_SAMPLE_POPULATED,info,community-uploads/bruniss/scrolls/s5/s5_masked_ome.zarr,0,123.39.53,2097152/2097152 values differ from fill_value,1713087
CHUNK_SAMPLE_POPULATED,info,community-uploads/bruniss/scrolls/s5/s5_masked_ome.zarr,1,31.3.13,2097152/2097152 values differ from fill_value,1676172
CHUNK_SAMPLE_POPULATED,info,community-uploads/bruniss/scrolls/s5/s5_masked_ome.zarr,1,41.13.18,2097152/2097152 values differ from fill_value,1688247
CHUNK_SAMPLE_POPULATED,info,community-uploads/bruniss/scrolls/s5/s5_masked_ome.zarr,1,51.23.22,2097152/2097152 values differ from fill_value,1690870
CHUNK_SAMPLE_POPULATED,info,community-uploads/bruniss/scrolls/s5/s5_masked_ome.zarr,2,5.3.9,2097152/2097152 values differ from fill_value,1599431
CHUNK_SAMPLE_POPULATED,info,community-uploads/bruniss/scrolls/s5/s5_masked_ome.zarr,2,15.10.9,2097152/2097152 values differ from fill_value,1588659
CHUNK_SAMPLE_POPULATED,info,community-uploads/bruniss/scrolls/s5/s5_masked_ome.zarr,2,26.3.8,2097152/2097152 values differ from fill_value,1617220
CHUNK_SAMPLE_POPULATED,info,community-uploads/bruniss/scrolls/s5/s5_masked_ome.zarr,3,2.4.3,2097152/2097152 values differ from fill_value,1450160
CHUNK_SAMPLE_POPULATED,info,community-uploads/bruniss/scrolls/s5/s5_masked_ome.zarr,3,5.1.6,2074850/2097152 values differ from fill_value,1456661
CHUNK_SAMPLE_POPULATED,info,community-uploads/bruniss/scrolls/s5/s5_masked_ome.zarr,3,10.3.4,2097152/2097152 values differ from fill_value,1483008
CHUNK_SAMPLE_POPULATED,info,community-uploads/bruniss/scrolls/s5/s5_masked_ome.zarr,4,0.0.0,99540/2097152 values differ from fill_value,71040
CHUNK_SAMPLE_POPULATED,info,community-uploads/bruniss/scrolls/s5/s5_masked_ome.zarr,4,1.1.2,2096828/2097152 values differ from fill_value,1374522
CHUNK_SAMPLE_POPULATED,info,community-uploads/bruniss/scrolls/s5/s5_masked_ome.zarr,4,4.0.2,1532856/2097152 values differ from fill_value,1003805
CHUNK_SAMPLE_POPULATED,info,community-uploads/bruniss/scrolls/s5/s5_masked_ome.zarr,5,0.0.0,1091731/2097152 values differ from fill_value,761313
CHUNK_SAMPLE_POPULATED,info,community-uploads/bruniss/scrolls/s5/s5_masked_ome.zarr,5,0.1.1,749030/2097152 values differ from fill_value,468617
CHUNK_SAMPLE_POPULATED,info,community-uploads/bruniss/scrolls/s5/s5_masked_ome.zarr,5,1.1.0,348051/2097152 values differ from fill_value,233143
CHUNK_SAMPLE_POPULATED,info,fragments/Frag4/PHercParis1Fr39.volpkg/volumes_standardized/54keV_3.24um_.zarr,0,0.0.0,1732789/2097152 values differ from fill_value,597484
CHUNK_SAMPLE_POPULATED,info,fragments/Frag4/PHercParis1Fr39.volpkg/volumes_standardized/54keV_3.24um_.zarr,0,9.2.0,1759229/2097152 values differ from fill_value,592251
CHUNK_SAMPLE_POPULATED,info,fragments/Frag4/PHercParis1Fr39.volpkg/volumes_standardized/54keV_3.24um_.zarr,0,18.4.0,1757591/2097152 values differ from fill_value,589523
CHUNK_SAMPLE_POPULATED,info,fragments/Frag4/PHercParis1Fr39.volpkg/volumes_standardized/54keV_3.24um_.zarr,1,0.0.0,2080205/2097152 values differ from fill_value,1368421
CHUNK_SAMPLE_POPULATED,info,fragments/Frag4/PHercParis1Fr39.volpkg/volumes_standardized/54keV_3.24um_.zarr,1,4.5.0,2078376/2097152 values differ from fill_value,1380724
CHUNK_SAMPLE_POPULATED,info,fragments/Frag4/PHercParis1Fr39.volpkg/volumes_standardized/54keV_3.24um_.zarr,1,9.2.0,2070337/2097152 values differ from fill_value,1363856
CHUNK_SAMPLE_POPULATED,info,fragments/Frag4/PHercParis1Fr39.volpkg/volumes_standardized/54keV_3.24um_.zarr,2,0.0.0,2097152/2097152 values differ from fill_value,1254318
CHUNK_SAMPLE_POPULATED,info,fragments/Frag4/PHercParis1Fr39.volpkg/volumes_standardized/54keV_3.24um_.zarr,2,2.1.6,2021609/2097152 values differ from fill_value,1696710
CHUNK_SAMPLE_POPULATED,info,fragments/Frag4/PHercParis1Fr39.volpkg/volumes_standardized/54keV_3.24um_.zarr,2,4.3.0,1768579/2097152 values differ from fill_value,1223652
CHUNK_SAMPLE_POPULATED,info,fragments/Frag4/PHercParis1Fr39.volpkg/volumes_standardized/54keV_3.24um_.zarr,3,0.0.0,2095848/2097152 values differ from fill_value,1137077
CHUNK_SAMPLE_POPULATED,info,fragments/Frag4/PHercParis1Fr39.volpkg/volumes_standardized/54keV_3.24um_.zarr,3,1.0.3,2094159/2097152 values differ from fill_value,1359527
CHUNK_SAMPLE_POPULATED,info,fragments/Frag4/PHercParis1Fr39.volpkg/volumes_standardized/54keV_3.24um_.zarr,3,2.1.0,1930894/2097152 values differ from fill_value,1196784
CHUNK_SAMPLE_POPULATED,info,fragments/Frag4/PHercParis1Fr39.volpkg/volumes_standardized/54keV_3.24um_.zarr,4,0.0.0,2015232/2097152 values differ from fill_value,872627
CHUNK_SAMPLE_POPULATED,info,fragments/Frag4/PHercParis1Fr39.volpkg/volumes_standardized/54keV_3.24um_.zarr,4,0.0.2,1684608/2097152 values differ from fill_value,826966
CHUNK_SAMPLE_POPULATED,info,fragments/Frag4/PHercParis1Fr39.volpkg/volumes_standardized/54keV_3.24um_.zarr,4,1.0.1,2015232/2097152 values differ from fill_value,988391
CHUNK_SAMPLE_POPULATED,info,fragments/Frag4/PHercParis1Fr39.volpkg/volumes_standardized/54keV_3.24um_.zarr,5,0.0.0,1015808/2097152 values differ from fill_value,385480
CHUNK_SAMPLE_POPULATED,info,fragments/Frag4/PHercParis1Fr39.volpkg/volumes_standardized/54keV_3.24um_.zarr,5,0.0.1,428544/2097152 values differ from fill_value,194441
CHUNK_SAMPLE_POPULATED,info,fragments/Frag4/PHercParis1Fr39.volpkg/volumes_standardized/54keV_3.24um_.zarr,5,1.0.0,1015808/2097152 values differ from fill_value,399715
CHUNK_SAMPLE_POPULATED,info,fragments/Frag4/PHercParis1Fr39.volpkg/volumes_standardized/88keV_3.24um_.zarr,0,0.0.0,1969/2097152 values differ from fill_value,5018
CHUNK_SAMPLE_POPULATED,info,fragments/Frag4/PHercParis1Fr39.volpkg/volumes_standardized/88keV_3.24um_.zarr,0,9.0.0,2742/2097152 values differ from fill_value,6064
CHUNK_SAMPLE_POPULATED,info,fragments/Frag4/PHercParis1Fr39.volpkg/volumes_standardized/88keV_3.24um_.zarr,0,18.0.0,1671/2097152 values differ from fill_value,4277
CHUNK_SAMPLE_POPULATED,info,fragments/Frag4/PHercParis1Fr39.volpkg/volumes_standardized/88keV_3.24um_.zarr,1,0.0.0,14953/2097152 values differ from fill_value,31105
CHUNK_SAMPLE_POPULATED,info,fragments/Frag4/PHercParis1Fr39.volpkg/volumes_standardized/88keV_3.24um_.zarr,1,4.4.0,368318/2097152 values differ from fill_value,405004
CHUNK_SAMPLE_POPULATED,info,fragments/Frag4/PHercParis1Fr39.volpkg/volumes_standardized/88keV_3.24um_.zarr,1,9.0.0,8803/2097152 values differ from fill_value,19945
CHUNK_SAMPLE_POPULATED,info,fragments/Frag4/PHercParis1Fr39.volpkg/volumes_standardized/88keV_3.24um_.zarr,2,0.0.0,15306/2097152 values differ from fill_value,33779
CHUNK_SAMPLE_POPULATED,info,fragments/Frag4/PHercParis1Fr39.volpkg/volumes_standardized/88keV_3.24um_.zarr,2,2.1.0,290808/2097152 values differ from fill_value,338245
CHUNK_SAMPLE_POPULATED,info,fragments/Frag4/PHercParis1Fr39.volpkg/volumes_standardized/88keV_3.24um_.zarr,2,4.2.0,400679/2097152 values differ from fill_value,456825
CHUNK_SAMPLE_POPULATED,info,fragments/Frag4/PHercParis1Fr39.volpkg/volumes_standardized/88keV_3.24um_.zarr,3,0.0.0,202624/2097152 values differ from fill_value,221268
CHUNK_SAMPLE_POPULATED,info,fragments/Frag4/PHercParis1Fr39.volpkg/volumes_standardized/88keV_3.24um_.zarr,3,1.0.1,716750/2097152 values differ from fill_value,688833
CHUNK_SAMPLE_POPULATED,info,fragments/Frag4/PHercParis1Fr39.volpkg/volumes_standardized/88keV_3.24um_.zarr,3,2.0.3,255992/2097152 values differ from fill_value,244377
CHUNK_SAMPLE_POPULATED,info,fragments/Frag4/PHercParis1Fr39.volpkg/volumes_standardized/88keV_3.24um_.zarr,4,0.0.0,445683/2097152 values differ from fill_value,312209
CHUNK_SAMPLE_POPULATED,info,fragments/Frag4/PHercParis1Fr39.volpkg/volumes_standardized/88keV_3.24um_.zarr,4,0.0.2,384764/2097152 values differ from fill_value,307950
CHUNK_SAMPLE_POPULATED,info,fragments/Frag4/PHercParis1Fr39.volpkg/volumes_standardized/88keV_3.24um_.zarr,4,1.0.1,659666/2097152 values differ from fill_value,493825
CHUNK_SAMPLE_POPULATED,info,fragments/Frag4/PHercParis1Fr39.volpkg/volumes_standardized/88keV_3.24um_.zarr,5,0.0.0,276641/2097152 values differ from fill_value,193048
CHUNK_SAMPLE_POPULATED,info,fragments/Frag4/PHercParis1Fr39.volpkg/volumes_standardized/88keV_3.24um_.zarr,5,0.0.1,112657/2097152 values differ from fill_value,86010
CHUNK_SAMPLE_POPULATED,info,fragments/Frag4/PHercParis1Fr39.volpkg/volumes_standardized/88keV_3.24um_.zarr,5,1.0.0,291223/2097152 values differ from fill_value,199710
CHUNK_SAMPLE_POPULATED,info,fragments/Frag1/PHercParis2Fr47.volpkg/volumes_zarr/88keV_3.24um_.zarr,0,0.0.0,2097152/2097152 values differ from fill_value,3721155
CHUNK_SAMPLE_POPULATED,info,fragments/Frag1/PHercParis2Fr47.volpkg/volumes_zarr/88keV_3.24um_.zarr,0,7.1.36,2097152/2097152 values differ from fill_value,3726996
CHUNK_SAMPLE_POPULATED,info,fragments/Frag1/PHercParis2Fr47.volpkg/volumes_zarr/88keV_3.24um_.zarr,0,14.3.14,2097152/2097152 values differ from fill_value,3729182
CHUNK_SAMPLE_POPULATED,info,fragments/Frag1/PHercParis2Fr47.volpkg/volumes_zarr/88keV_3.24um_.zarr,1,0.0.0,2097152/2097152 values differ from fill_value,3627088
CHUNK_SAMPLE_POPULATED,info,fragments/Frag1/PHercParis2Fr47.volpkg/volumes_zarr/88keV_3.24um_.zarr,1,3.4.11,2097152/2097152 values differ from fill_value,3595223
CHUNK_SAMPLE_POPULATED,info,fragments/Frag1/PHercParis2Fr47.volpkg/volumes_zarr/88keV_3.24um_.zarr,1,7.1.22,2097152/2097152 values differ from fill_value,3657141
CHUNK_SAMPLE_POPULATED,info,fragments/Frag1/PHercParis2Fr47.volpkg/volumes_zarr/88keV_3.24um_.zarr,2,0.0.0,2097152/2097152 values differ from fill_value,3478670
CHUNK_SAMPLE_POPULATED,info,fragments/Frag1/PHercParis2Fr47.volpkg/volumes_zarr/88keV_3.24um_.zarr,2,1.3.7,294912/2097152 values differ from fill_value,491463
CHUNK_SAMPLE_POPULATED,info,fragments/Frag1/PHercParis2Fr47.volpkg/volumes_zarr/88keV_3.24um_.zarr,2,3.3.0,294912/2097152 values differ from fill_value,495715
CHUNK_SAMPLE_POPULATED,info,fragments/Frag1/PHercParis2Fr47.volpkg/volumes_zarr/88keV_3.24um_.zarr,3,0.0.0,2097152/2097152 values differ from fill_value,3283305
CHUNK_SAMPLE_POPULATED,info,fragments/Frag1/PHercParis2Fr47.volpkg/volumes_zarr/88keV_3.24um_.zarr,3,1.0.0,2097152/2097152 values differ from fill_value,3277554
CHUNK_SAMPLE_POPULATED,info,fragments/Frag1/PHercParis2Fr47.volpkg/volumes_zarr/88keV_3.24um_.zarr,3,2.0.0,2097152/2097152 values differ from fill_value,3285469
CHUNK_SAMPLE_POPULATED,info,fragments/Frag1/PHercParis2Fr47.volpkg/volumes_zarr/88keV_3.24um_.zarr,4,0.0.0,1654784/2097152 values differ from fill_value,2654027
CHUNK_SAMPLE_POPULATED,info,fragments/Frag1/PHercParis2Fr47.volpkg/volumes_zarr/88keV_3.24um_.zarr,4,0.0.2,1654784/2097152 values differ from fill_value,2538577
CHUNK_SAMPLE_POPULATED,info,fragments/Frag1/PHercParis2Fr47.volpkg/volumes_zarr/88keV_3.24um_.zarr,4,1.0.0,1654784/2097152 values differ from fill_value,2652577
CHUNK_SAMPLE_POPULATED,info,fragments/Frag1/PHercParis2Fr47.volpkg/volumes_zarr/88keV_3.24um_.zarr,5,0.0.0,835584/2097152 values differ from fill_value,1315247
CHUNK_SAMPLE_POPULATED,info,fragments/Frag1/PHercParis2Fr47.volpkg/volumes_zarr/88keV_3.24um_.zarr,5,0.0.1,665856/2097152 values differ from fill_value,1036242
CHUNK_SAMPLE_POPULATED,info,fragments/Frag1/PHercParis2Fr47.volpkg/volumes_zarr/88keV_3.24um_.zarr,5,1.0.0,639744/2097152 values differ from fill_value,1002122
CHUNK_SAMPLE_POPULATED,info,fragments/Frag1/PHercParis2Fr47.volpkg/volumes_zarr/54keV_3.24um_.zarr,0,0.0.0,2097152/2097152 values differ from fill_value,3421386
CHUNK_SAMPLE_POPULATED,info,fragments/Frag1/PHercParis2Fr47.volpkg/volumes_zarr/54keV_3.24um_.zarr,0,7.1.21,2097152/2097152 values differ from fill_value,3488823
CHUNK_SAMPLE_POPULATED,info,fragments/Frag1/PHercParis2Fr47.volpkg/volumes_zarr/54keV_3.24um_.zarr,0,14.2.42,2097152/2097152 values differ from fill_value,3468331
CHUNK_SAMPLE_POPULATED,info,fragments/Frag1/PHercParis2Fr47.volpkg/volumes_zarr/54keV_3.24um_.zarr,1,0.0.0,2097152/2097152 values differ from fill_value,3343548
CHUNK_SAMPLE_POPULATED,info,fragments/Frag1/PHercParis2Fr47.volpkg/volumes_zarr/54keV_3.24um_.zarr,1,3.3.22,2097152/2097152 values differ from fill_value,3395217
CHUNK_SAMPLE_POPULATED,info,fragments/Frag1/PHercParis2Fr47.volpkg/volumes_zarr/54keV_3.24um_.zarr,1,7.1.14,2097030/2097152 values differ from fill_value,3692097
CHUNK_SAMPLE_POPULATED,info,fragments/Frag1/PHercParis2Fr47.volpkg/volumes_zarr/54keV_3.24um_.zarr,2,0.0.0,2097152/2097152 values differ from fill_value,3255807
CHUNK_SAMPLE_POPULATED,info,fragments/Frag1/PHercParis2Fr47.volpkg/volumes_zarr/54keV_3.24um_.zarr,2,1.2.9,1540096/2097152 values differ from fill_value,2622656
CHUNK_SAMPLE_POPULATED,info,fragments/Frag1/PHercParis2Fr47.volpkg/volumes_zarr/54keV_3.24um_.zarr,2,3.2.3,1540083/2097152 values differ from fill_value,2792083
CHUNK_SAMPLE_POPULATED,info,fragments/Frag1/PHercParis2Fr47.volpkg/volumes_zarr/54keV_3.24um_.zarr,3,0.0.0,2097152/2097152 values differ from fill_value,3276396
CHUNK_SAMPLE_POPULATED,info,fragments/Frag1/PHercParis2Fr47.volpkg/volumes_zarr/54keV_3.24um_.zarr,3,1.0.0,2097152/2097152 values differ from fill_value,3287924
CHUNK_SAMPLE_POPULATED,info,fragments/Frag1/PHercParis2Fr47.volpkg/volumes_zarr/54keV_3.24um_.zarr,3,2.0.0,2097152/2097152 values differ from fill_value,3298538
CHUNK_SAMPLE_POPULATED,info,fragments/Frag1/PHercParis2Fr47.volpkg/volumes_zarr/54keV_3.24um_.zarr,4,0.0.0,1441792/2097152 values differ from fill_value,2250775
CHUNK_SAMPLE_POPULATED,info,fragments/Frag1/PHercParis2Fr47.volpkg/volumes_zarr/54keV_3.24um_.zarr,4,0.0.2,1441792/2097152 values differ from fill_value,2120989
CHUNK_SAMPLE_POPULATED,info,fragments/Frag1/PHercParis2Fr47.volpkg/volumes_zarr/54keV_3.24um_.zarr,4,1.0.0,1441792/2097152 values differ from fill_value,2259581
CHUNK_SAMPLE_POPULATED,info,fragments/Frag1/PHercParis2Fr47.volpkg/volumes_zarr/54keV_3.24um_.zarr,5,0.0.0,720896/2097152 values differ from fill_value,1095826
CHUNK_SAMPLE_POPULATED,info,fragments/Frag1/PHercParis2Fr47.volpkg/volumes_zarr/54keV_3.24um_.zarr,5,0.0.1,546304/2097152 values differ from fill_value,815422
CHUNK_SAMPLE_POPULATED,info,fragments/Frag1/PHercParis2Fr47.volpkg/volumes_zarr/54keV_3.24um_.zarr,5,1.0.0,551936/2097152 values differ from fill_value,824895
CHUNK_SAMPLE_POPULATED,info,fragments/Frag5/PHerc1667Cr1Fr3.volpkg/volumes_standardized/70keV_3.24um_.zarr,0,0.0.0,834573/2097152 values differ from fill_value,669928
CHUNK_SAMPLE_POPULATED,info,fragments/Frag5/PHerc1667Cr1Fr3.volpkg/volumes_standardized/70keV_3.24um_.zarr,0,6.9.22,1685786/2097152 values differ from fill_value,1123539
CHUNK_SAMPLE_POPULATED,info,fragments/Frag5/PHerc1667Cr1Fr3.volpkg/volumes_standardized/70keV_3.24um_.zarr,0,13.8.9,1202663/2097152 values differ from fill_value,870097
CHUNK_SAMPLE_POPULATED,info,fragments/Frag5/PHerc1667Cr1Fr3.volpkg/volumes_standardized/70keV_3.24um_.zarr,1,0.0.0,1829011/2097152 values differ from fill_value,1451095
CHUNK_SAMPLE_POPULATED,info,fragments/Frag5/PHerc1667Cr1Fr3.volpkg/volumes_standardized/70keV_3.24um_.zarr,1,3.3.0,1996527/2097152 values differ from fill_value,1523200
CHUNK_SAMPLE_POPULATED,info,fragments/Frag5/PHerc1667Cr1Fr3.volpkg/volumes_standardized/70keV_3.24um_.zarr,1,7.0.0,1832548/2097152 values differ from fill_value,1459515
CHUNK_SAMPLE_POPULATED,info,fragments/Frag5/PHerc1667Cr1Fr3.volpkg/volumes_standardized/70keV_3.24um_.zarr,2,0.0.0,2061622/2097152 values differ from fill_value,1330263
CHUNK_SAMPLE_POPULATED,info,fragments/Frag5/PHerc1667Cr1Fr3.volpkg/volumes_standardized/70keV_3.24um_.zarr,2,1.2.2,1539866/2097152 values differ from fill_value,1402836
CHUNK_SAMPLE_POPULATED,info,fragments/Frag5/PHerc1667Cr1Fr3.volpkg/volumes_standardized/70keV_3.24um_.zarr,2,3.1.4,2094724/2097152 values differ from fill_value,1780904
CHUNK_SAMPLE_POPULATED,info,fragments/Frag5/PHerc1667Cr1Fr3.volpkg/volumes_standardized/70keV_3.24um_.zarr,3,0.0.0,2089170/2097152 values differ from fill_value,1135376
CHUNK_SAMPLE_POPULATED,info,fragments/Frag5/PHerc1667Cr1Fr3.volpkg/volumes_standardized/70keV_3.24um_.zarr,3,0.1.4,246656/2097152 values differ from fill_value,217226
CHUNK_SAMPLE_POPULATED,info,fragments/Frag5/PHerc1667Cr1Fr3.volpkg/volumes_standardized/70keV_3.24um_.zarr,3,1.1.2,769999/2097152 values differ from fill_value,634186
CHUNK_SAMPLE_POPULATED,info,fragments/Frag5/PHerc1667Cr1Fr3.volpkg/volumes_standardized/70keV_3.24um_.zarr,4,0.0.0,1436871/2097152 values differ from fill_value,783256
CHUNK_SAMPLE_POPULATED,info,fragments/Frag5/PHerc1667Cr1Fr3.volpkg/volumes_standardized/70keV_3.24um_.zarr,4,0.0.1,1441792/2097152 values differ from fill_value,830346
CHUNK_SAMPLE_POPULATED,info,fragments/Frag5/PHerc1667Cr1Fr3.volpkg/volumes_standardized/70keV_3.24um_.zarr,4,1.0.0,1436788/2097152 values differ from fill_value,796746
CHUNK_SAMPLE_POPULATED,info,fragments/Frag5/PHerc1667Cr1Fr3.volpkg/volumes_standardized/70keV_3.24um_.zarr,5,0.0.0,720087/2097152 values differ from fill_value,353640
CHUNK_SAMPLE_POPULATED,info,fragments/Frag5/PHerc1667Cr1Fr3.volpkg/volumes_standardized/70keV_3.24um_.zarr,5,0.0.1,61952/2097152 values differ from fill_value,36440
CHUNK_SAMPLE_POPULATED,info,fragments/Frag5/PHerc1667Cr1Fr3.volpkg/volumes_standardized/70keV_3.24um_.zarr,5,1.0.0,517578/2097152 values differ from fill_value,207556
CHUNK_SAMPLE_POPULATED,info,fragments/Frag5/PHerc1667Cr1Fr3.volpkg/volumes_standardized/70keV_7.91um_.zarr,0,0.0.0,469460/2097152 values differ from fill_value,487874
CHUNK_SAMPLE_POPULATED,info,fragments/Frag5/PHerc1667Cr1Fr3.volpkg/volumes_standardized/70keV_7.91um_.zarr,0,3.0.12,275493/2097152 values differ from fill_value,295161
CHUNK_SAMPLE_POPULATED,info,fragments/Frag5/PHerc1667Cr1Fr3.volpkg/volumes_standardized/70keV_7.91um_.zarr,0,6.1.8,271911/2097152 values differ from fill_value,278245
CHUNK_SAMPLE_POPULATED,info,fragments/Frag5/PHerc1667Cr1Fr3.volpkg/volumes_standardized/70keV_7.91um_.zarr,1,0.0.0,1097778/2097152 values differ from fill_value,1035523
CHUNK_SAMPLE_POPULATED,info,fragments/Frag5/PHerc1667Cr1Fr3.volpkg/volumes_standardized/70keV_7.91um_.zarr,1,1.1.7,1210915/2097152 values differ from fill_value,1074398
CHUNK_SAMPLE_POPULATED,info,fragments/Frag5/PHerc1667Cr1Fr3.volpkg/volumes_standardized/70keV_7.91um_.zarr,1,3.0.6,1050400/2097152 values differ from fill_value,949087
CHUNK_SAMPLE_POPULATED,info,fragments/Frag5/PHerc1667Cr1Fr3.volpkg/volumes_standardized/70keV_7.91um_.zarr,2,0.0.0,1740937/2097152 values differ from fill_value,1047392
CHUNK_SAMPLE_POPULATED,info,fragments/Frag5/PHerc1667Cr1Fr3.volpkg/volumes_standardized/70keV_7.91um_.zarr,2,0.1.3,638255/2097152 values differ from fill_value,582853
CHUNK_SAMPLE_POPULATED,info,fragments/Frag5/PHerc1667Cr1Fr3.volpkg/volumes_standardized/70keV_7.91um_.zarr,2,1.1.2,634091/2097152 values differ from fill_value,564526
CHUNK_SAMPLE_POPULATED,info,fragments/Frag5/PHerc1667Cr1Fr3.volpkg/volumes_standardized/70keV_7.91um_.zarr,3,0.0.0,1321344/2097152 values differ from fill_value,766331
CHUNK_SAMPLE_POPULATED,info,fragments/Frag5/PHerc1667Cr1Fr3.volpkg/volumes_standardized/70keV_7.91um_.zarr,3,0.0.1,1363968/2097152 values differ from fill_value,838472
CHUNK_SAMPLE_POPULATED,info,fragments/Frag5/PHerc1667Cr1Fr3.volpkg/volumes_standardized/70keV_7.91um_.zarr,3,1.0.0,1337037/2097152 values differ from fill_value,772866
CHUNK_SAMPLE_POPULATED,info,fragments/Frag5/PHerc1667Cr1Fr3.volpkg/volumes_standardized/70keV_7.91um_.zarr,4,0.0.0,680798/2097152 values differ from fill_value,343765
CHUNK_SAMPLE_POPULATED,info,fragments/Frag5/PHerc1667Cr1Fr3.volpkg/volumes_standardized/70keV_7.91um_.zarr,4,1.0.0,359990/2097152 values differ from fill_value,138162
CHUNK_SAMPLE_POPULATED,info,fragments/Frag5/PHerc1667Cr1Fr3.volpkg/volumes_standardized/70keV_7.91um_.zarr,5,0.0.0,130365/2097152 values differ from fill_value,65198
CHUNK_SAMPLE_POPULATED,info,fragments/Frag3/PHercParis1Fr34.volpkg/volumes_zarr/54keV_3.24um_.zarr,0,0.0.0,2097152/2097152 values differ from fill_value,3371576
CHUNK_SAMPLE_POPULATED,info,fragments/Frag3/PHercParis1Fr34.volpkg/volumes_zarr/54keV_3.24um_.zarr,0,6.6.0,2097152/2097152 values differ from fill_value,3420725
CHUNK_SAMPLE_POPULATED,info,fragments/Frag3/PHercParis1Fr34.volpkg/volumes_zarr/54keV_3.24um_.zarr,0,13.0.0,2097152/2097152 values differ from fill_value,3426838
CHUNK_SAMPLE_POPULATED,info,fragments/Frag3/PHercParis1Fr34.volpkg/volumes_zarr/54keV_3.24um_.zarr,1,0.0.0,2097152/2097152 values differ from fill_value,3291477
CHUNK_SAMPLE_POPULATED,info,fragments/Frag3/PHercParis1Fr34.volpkg/volumes_zarr/54keV_3.24um_.zarr,1,3.1.12,2097152/2097152 values differ from fill_value,3355364
CHUNK_SAMPLE_POPULATED,info,fragments/Frag3/PHercParis1Fr34.volpkg/volumes_zarr/54keV_3.24um_.zarr,1,6.3.0,2097152/2097152 values differ from fill_value,3369641
CHUNK_SAMPLE_POPULATED,info,fragments/Frag3/PHercParis1Fr34.volpkg/volumes_zarr/54keV_3.24um_.zarr,2,0.0.0,2097152/2097152 values differ from fill_value,3185958
CHUNK_SAMPLE_POPULATED,info,fragments/Frag3/PHercParis1Fr34.volpkg/volumes_zarr/54keV_3.24um_.zarr,2,1.1.11,2097152/2097152 values differ from fill_value,3369472
CHUNK_SAMPLE_POPULATED,info,fragments/Frag3/PHercParis1Fr34.volpkg/volumes_zarr/54keV_3.24um_.zarr,2,3.0.9,2097152/2097152 values differ from fill_value,3342665
CHUNK_SAMPLE_POPULATED,info,fragments/Frag3/PHercParis1Fr34.volpkg/volumes_zarr/54keV_3.24um_.zarr,3,0.0.0,2097152/2097152 values differ from fill_value,3048379
CHUNK_SAMPLE_POPULATED,info,fragments/Frag3/PHercParis1Fr34.volpkg/volumes_zarr/54keV_3.24um_.zarr,3,0.1.5,851968/2097152 values differ from fill_value,1301704
CHUNK_SAMPLE_POPULATED,info,fragments/Frag3/PHercParis1Fr34.volpkg/volumes_zarr/54keV_3.24um_.zarr,3,1.1.3,851968/2097152 values differ from fill_value,1460368
CHUNK_SAMPLE_POPULATED,info,fragments/Frag3/PHercParis1Fr34.volpkg/volumes_zarr/54keV_3.24um_.zarr,4,0.0.0,1474560/2097152 values differ from fill_value,2114566
CHUNK_SAMPLE_POPULATED,info,fragments/Frag3/PHercParis1Fr34.volpkg/volumes_zarr/54keV_3.24um_.zarr,4,0.0.2,1474560/2097152 values differ from fill_value,2071003
CHUNK_SAMPLE_POPULATED,info,fragments/Frag3/PHercParis1Fr34.volpkg/volumes_zarr/54keV_3.24um_.zarr,4,1.0.0,1474560/2097152 values differ from fill_value,2360198
CHUNK_SAMPLE_POPULATED,info,fragments/Frag3/PHercParis1Fr34.volpkg/volumes_zarr/54keV_3.24um_.zarr,5,0.0.0,737280/2097152 values differ from fill_value,1096898
CHUNK_SAMPLE_POPULATED,info,fragments/Frag3/PHercParis1Fr34.volpkg/volumes_zarr/54keV_3.24um_.zarr,5,0.0.1,403200/2097152 values differ from fill_value,594005
CHUNK_SAMPLE_POPULATED,info,fragments/Frag3/PHercParis1Fr34.volpkg/volumes_zarr/54keV_3.24um_.zarr,5,1.0.0,460800/2097152 values differ from fill_value,681968
CHUNK_SAMPLE_POPULATED,info,fragments/Frag2/PHercParis2Fr143.volpkg/volumes_zarr/54keV_3.24um_.zarr,0,0.0.0,2097152/2097152 values differ from fill_value,3501954
CHUNK_SAMPLE_POPULATED,info,fragments/Frag2/PHercParis2Fr143.volpkg/volumes_zarr/54keV_3.24um_.zarr,0,13.15.58,2097152/2097152 values differ from fill_value,3594168
CHUNK_SAMPLE_POPULATED,info,fragments/Frag2/PHercParis2Fr143.volpkg/volumes_zarr/54keV_3.24um_.zarr,0,27.13.39,2097152/2097152 values differ from fill_value,3576343
CHUNK_SAMPLE_POPULATED,info,fragments/Frag2/PHercParis2Fr143.volpkg/volumes_zarr/54keV_3.24um_.zarr,1,0.0.0,2097152/2097152 values differ from fill_value,3454277
CHUNK_SAMPLE_POPULATED,info,fragments/Frag2/PHercParis2Fr143.volpkg/volumes_zarr/54keV_3.24um_.zarr,1,7.0.0,2097152/2097152 values differ from fill_value,3486547
CHUNK_SAMPLE_POPULATED,info,fragments/Frag2/PHercParis2Fr143.volpkg/volumes_zarr/54keV_3.24um_.zarr,1,14.0.0,2097152/2097152 values differ from fill_value,3496213
CHUNK_SAMPLE_POPULATED,info,fragments/Frag2/PHercParis2Fr143.volpkg/volumes_zarr/54keV_3.24um_.zarr,2,0.0.0,2097152/2097152 values differ from fill_value,3341052
CHUNK_SAMPLE_POPULATED,info,fragments/Frag2/PHercParis2Fr143.volpkg/volumes_zarr/54keV_3.24um_.zarr,2,3.2.10,2097105/2097152 values differ from fill_value,3818878
CHUNK_SAMPLE_POPULATED,info,fragments/Frag2/PHercParis2Fr143.volpkg/volumes_zarr/54keV_3.24um_.zarr,2,7.0.0,2097152/2097152 values differ from fill_value,3394830
CHUNK_SAMPLE_POPULATED,info,fragments/Frag2/PHercParis2Fr143.volpkg/volumes_zarr/54keV_3.24um_.zarr,3,0.0.0,2097152/2097152 values differ from fill_value,3079552
CHUNK_SAMPLE_POPULATED,info,fragments/Frag2/PHercParis2Fr143.volpkg/volumes_zarr/54keV_3.24um_.zarr,3,1.2.2,491520/2097152 values differ from fill_value,792025
CHUNK_SAMPLE_POPULATED,info,fragments/Frag2/PHercParis2Fr143.volpkg/volumes_zarr/54keV_3.24um_.zarr,3,3.1.5,2097152/2097152 values differ from fill_value,3450423
CHUNK_SAMPLE_POPULATED,info,fragments/Frag2/PHercParis2Fr143.volpkg/volumes_zarr/54keV_3.24um_.zarr,4,0.0.0,2097152/2097152 values differ from fill_value,2971411
CHUNK_SAMPLE_POPULATED,info,fragments/Frag2/PHercParis2Fr143.volpkg/volumes_zarr/54keV_3.24um_.zarr,4,0.1.4,215040/2097152 values differ from fill_value,358287
CHUNK_SAMPLE_POPULATED,info,fragments/Frag2/PHercParis2Fr143.volpkg/volumes_zarr/54keV_3.24um_.zarr,4,1.1.2,245760/2097152 values differ from fill_value,387225
CHUNK_SAMPLE_POPULATED,info,fragments/Frag2/PHercParis2Fr143.volpkg/volumes_zarr/54keV_3.24um_.zarr,5,0.0.0,1179648/2097152 values differ from fill_value,1755932
CHUNK_SAMPLE_POPULATED,info,fragments/Frag2/PHercParis2Fr143.volpkg/volumes_zarr/54keV_3.24um_.zarr,5,0.0.1,1179648/2097152 values differ from fill_value,1848935
CHUNK_SAMPLE_POPULATED,info,fragments/Frag2/PHercParis2Fr143.volpkg/volumes_zarr/54keV_3.24um_.zarr,5,1.0.0,1179648/2097152 values differ from fill_value,1777140
CHUNK_SAMPLE_POPULATED,info,fragments/Frag2/PHercParis2Fr143.volpkg/volumes_zarr/88keV_3.24um_.zarr,0,0.0.0,2097152/2097152 values differ from fill_value,3801330
CHUNK_SAMPLE_POPULATED,info,fragments/Frag2/PHercParis2Fr143.volpkg/volumes_zarr/88keV_3.24um_.zarr,0,13.14.69,2097082/2097152 values differ from fill_value,3901454
CHUNK_SAMPLE_POPULATED,info,fragments/Frag2/PHercParis2Fr143.volpkg/volumes_zarr/88keV_3.24um_.zarr,0,27.12.59,2097152/2097152 values differ from fill_value,3834056
CHUNK_SAMPLE_POPULATED,info,fragments/Frag2/PHercParis2Fr143.volpkg/volumes_zarr/88keV_3.24um_.zarr,1,0.0.0,2097152/2097152 values differ from fill_value,3699631
CHUNK_SAMPLE_POPULATED,info,fragments/Frag2/PHercParis2Fr143.volpkg/volumes_zarr/88keV_3.24um_.zarr,1,7.0.0,2097152/2097152 values differ from fill_value,3767309
CHUNK_SAMPLE_POPULATED,info,fragments/Frag2/PHercParis2Fr143.volpkg/volumes_zarr/88keV_3.24um_.zarr,1,14.0.0,2097152/2097152 values differ from fill_value,3748096
CHUNK_SAMPLE_POPULATED,info,fragments/Frag2/PHercParis2Fr143.volpkg/volumes_zarr/88keV_3.24um_.zarr,2,0.0.0,2097152/2097152 values differ from fill_value,3596238
CHUNK_SAMPLE_POPULATED,info,fragments/Frag2/PHercParis2Fr143.volpkg/volumes_zarr/88keV_3.24um_.zarr,2,3.2.10,2097148/2097152 values differ from fill_value,3599607
CHUNK_SAMPLE_POPULATED,info,fragments/Frag2/PHercParis2Fr143.volpkg/volumes_zarr/88keV_3.24um_.zarr,2,7.0.0,2097152/2097152 values differ from fill_value,3639524
CHUNK_SAMPLE_POPULATED,info,fragments/Frag2/PHercParis2Fr143.volpkg/volumes_zarr/88keV_3.24um_.zarr,3,0.0.0,2097152/2097152 values differ from fill_value,3343635
CHUNK_SAMPLE_POPULATED,info,fragments/Frag2/PHercParis2Fr143.volpkg/volumes_zarr/88keV_3.24um_.zarr,3,1.2.2,131072/2097152 values differ from fill_value,209007
CHUNK_SAMPLE_POPULATED,info,fragments/Frag2/PHercParis2Fr143.volpkg/volumes_zarr/88keV_3.24um_.zarr,3,3.1.5,2097152/2097152 values differ from fill_value,3521546
CHUNK_SAMPLE_POPULATED,info,fragments/Frag2/PHercParis2Fr143.volpkg/volumes_zarr/88keV_3.24um_.zarr,4,0.0.0,2097152/2097152 values differ from fill_value,3312654
CHUNK_SAMPLE_POPULATED,info,fragments/Frag2/PHercParis2Fr143.volpkg/volumes_zarr/88keV_3.24um_.zarr,4,0.1.4,59392/2097152 values differ from fill_value,93033
CHUNK_SAMPLE_POPULATED,info,fragments/Frag2/PHercParis2Fr143.volpkg/volumes_zarr/88keV_3.24um_.zarr,4,1.1.2,65536/2097152 values differ from fill_value,97928
CHUNK_SAMPLE_POPULATED,info,fragments/Frag2/PHercParis2Fr143.volpkg/volumes_zarr/88keV_3.24um_.zarr,5,0.0.0,1081344/2097152 values differ from fill_value,1743066
CHUNK_SAMPLE_POPULATED,info,fragments/Frag2/PHercParis2Fr143.volpkg/volumes_zarr/88keV_3.24um_.zarr,5,0.0.1,1081344/2097152 values differ from fill_value,1815350
CHUNK_SAMPLE_POPULATED,info,fragments/Frag2/PHercParis2Fr143.volpkg/volumes_zarr/88keV_3.24um_.zarr,5,1.0.0,1081344/2097152 values differ from fill_value,1757801
CHUNK_SAMPLE_POPULATED,info,fragments/Frag6/PHerc51Cr4Fr8.volpkg/volumes_standardized/53keV_7.91um_.zarr,0,0.0.0,610565/2097152 values differ from fill_value,426078
CHUNK_SAMPLE_POPULATED,info,fragments/Frag6/PHerc51Cr4Fr8.volpkg/volumes_standardized/53keV_7.91um_.zarr,0,3.5.14,1625985/2097152 values differ from fill_value,933632
CHUNK_SAMPLE_POPULATED,info,fragments/Frag6/PHerc51Cr4Fr8.volpkg/volumes_standardized/53keV_7.91um_.zarr,0,7.2.5,1654368/2097152 values differ from fill_value,996565
CHUNK_SAMPLE_POPULATED,info,fragments/Frag6/PHerc51Cr4Fr8.volpkg/volumes_standardized/53keV_7.91um_.zarr,1,0.0.0,1437207/2097152 values differ from fill_value,1028399
CHUNK_SAMPLE_POPULATED,info,fragments/Frag6/PHerc51Cr4Fr8.volpkg/volumes_standardized/53keV_7.91um_.zarr,1,1.4.4,354858/2097152 values differ from fill_value,334195
CHUNK_SAMPLE_POPULATED,info,fragments/Frag6/PHerc51Cr4Fr8.volpkg/volumes_standardized/53keV_7.91um_.zarr,1,3.3.8,1845162/2097152 values differ from fill_value,1803827
CHUNK_SAMPLE_POPULATED,info,fragments/Frag6/PHerc51Cr4Fr8.volpkg/volumes_standardized/53keV_7.91um_.zarr,2,0.0.0,1999388/2097152 values differ from fill_value,903408
CHUNK_SAMPLE_POPULATED,info,fragments/Frag6/PHerc51Cr4Fr8.volpkg/volumes_standardized/53keV_7.91um_.zarr,2,1.0.0,2032313/2097152 values differ from fill_value,982814
CHUNK_SAMPLE_POPULATED,info,fragments/Frag6/PHerc51Cr4Fr8.volpkg/volumes_standardized/53keV_7.91um_.zarr,2,2.0.0,2012484/2097152 values differ from fill_value,1007530
CHUNK_SAMPLE_POPULATED,info,fragments/Frag6/PHerc51Cr4Fr8.volpkg/volumes_standardized/53keV_7.91um_.zarr,3,0.0.0,2095982/2097152 values differ from fill_value,971776
CHUNK_SAMPLE_POPULATED,info,fragments/Frag6/PHerc51Cr4Fr8.volpkg/volumes_standardized/53keV_7.91um_.zarr,3,0.1.0,98302/2097152 values differ from fill_value,77727
CHUNK_SAMPLE_POPULATED,info,fragments/Frag6/PHerc51Cr4Fr8.volpkg/volumes_standardized/53keV_7.91um_.zarr,3,1.0.0,2096101/2097152 values differ from fill_value,1143546
CHUNK_SAMPLE_POPULATED,info,fragments/Frag6/PHerc51Cr4Fr8.volpkg/volumes_standardized/53keV_7.91um_.zarr,4,0.0.0,1097723/2097152 values differ from fill_value,566501
CHUNK_SAMPLE_POPULATED,info,fragments/Frag6/PHerc51Cr4Fr8.volpkg/volumes_standardized/53keV_7.91um_.zarr,4,0.0.1,368768/2097152 values differ from fill_value,190414
CHUNK_SAMPLE_POPULATED,info,fragments/Frag6/PHerc51Cr4Fr8.volpkg/volumes_standardized/53keV_7.91um_.zarr,4,1.0.0,883238/2097152 values differ from fill_value,314240
CHUNK_SAMPLE_POPULATED,info,fragments/Frag6/PHerc51Cr4Fr8.volpkg/volumes_standardized/53keV_7.91um_.zarr,5,0.0.0,339183/2097152 values differ from fill_value,159312
CHUNK_SAMPLE_POPULATED,info,fragments/Frag6/PHerc51Cr4Fr8.volpkg/volumes_standardized/53keV_3.24um_.zarr,0,0.0.0,1656917/2097152 values differ from fill_value,685858
CHUNK_SAMPLE_POPULATED,info,fragments/Frag6/PHerc51Cr4Fr8.volpkg/volumes_standardized/53keV_3.24um_.zarr,0,8.13.25,1780628/2097152 values differ from fill_value,668583
CHUNK_SAMPLE_POPULATED,info,fragments/Frag6/PHerc51Cr4Fr8.volpkg/volumes_standardized/53keV_3.24um_.zarr,0,17.9.0,1709836/2097152 values differ from fill_value,673022
CHUNK_SAMPLE_POPULATED,info,fragments/Frag6/PHerc51Cr4Fr8.volpkg/volumes_standardized/53keV_3.24um_.zarr,1,0.0.0,2075541/2097152 values differ from fill_value,1407700
CHUNK_SAMPLE_POPULATED,info,fragments/Frag6/PHerc51Cr4Fr8.volpkg/volumes_standardized/53keV_3.24um_.zarr,1,4.3.9,1875515/2097152 values differ from fill_value,1723456
CHUNK_SAMPLE_POPULATED,info,fragments/Frag6/PHerc51Cr4Fr8.volpkg/volumes_standardized/53keV_3.24um_.zarr,1,8.6.18,1770350/2097152 values differ from fill_value,1802438
CHUNK_SAMPLE_POPULATED,info,fragments/Frag6/PHerc51Cr4Fr8.volpkg/volumes_standardized/53keV_3.24um_.zarr,2,0.0.0,2097152/2097152 values differ from fill_value,1228761
CHUNK_SAMPLE_POPULATED,info,fragments/Frag6/PHerc51Cr4Fr8.volpkg/volumes_standardized/53keV_3.24um_.zarr,2,2.1.3,2053579/2097152 values differ from fill_value,1771045
CHUNK_SAMPLE_POPULATED,info,fragments/Frag6/PHerc51Cr4Fr8.volpkg/volumes_standardized/53keV_3.24um_.zarr,2,4.2.6,2034746/2097152 values differ from fill_value,1772341
CHUNK_SAMPLE_POPULATED,info,fragments/Frag6/PHerc51Cr4Fr8.volpkg/volumes_standardized/53keV_3.24um_.zarr,3,0.0.0,2097152/2097152 values differ from fill_value,842616
CHUNK_SAMPLE_POPULATED,info,fragments/Frag6/PHerc51Cr4Fr8.volpkg/volumes_standardized/53keV_3.24um_.zarr,3,1.0.3,2096999/2097152 values differ from fill_value,1187888
CHUNK_SAMPLE_POPULATED,info,fragments/Frag6/PHerc51Cr4Fr8.volpkg/volumes_standardized/53keV_3.24um_.zarr,3,2.0.5,2097126/2097152 values differ from fill_value,879934
CHUNK_SAMPLE_POPULATED,info,fragments/Frag6/PHerc51Cr4Fr8.volpkg/volumes_standardized/53keV_3.24um_.zarr,4,0.0.0,2097152/2097152 values differ from fill_value,729195
CHUNK_SAMPLE_POPULATED,info,fragments/Frag6/PHerc51Cr4Fr8.volpkg/volumes_standardized/53keV_3.24um_.zarr,4,0.1.1,229376/2097152 values differ from fill_value,155198
CHUNK_SAMPLE_POPULATED,info,fragments/Frag6/PHerc51Cr4Fr8.volpkg/volumes_standardized/53keV_3.24um_.zarr,4,1.0.2,2097152/2097152 values differ from fill_value,961574
CHUNK_SAMPLE_POPULATED,info,fragments/Frag6/PHerc51Cr4Fr8.volpkg/volumes_standardized/53keV_3.24um_.zarr,5,0.0.0,1163264/2097152 values differ from fill_value,488199
CHUNK_SAMPLE_POPULATED,info,fragments/Frag6/PHerc51Cr4Fr8.volpkg/volumes_standardized/53keV_3.24um_.zarr,5,0.0.1,627072/2097152 values differ from fill_value,270891
CHUNK_SAMPLE_POPULATED,info,fragments/Frag6/PHerc51Cr4Fr8.volpkg/volumes_standardized/53keV_3.24um_.zarr,5,1.0.0,1163264/2097152 values differ from fill_value,361271
CHUNK_SAMPLE_POPULATED,info,fragments/Frag4/PHercParis1Fr39.volpkg/volumes_zarr/88keV_3.24um_.zarr,0,0.0.0,2097152/2097152 values differ from fill_value,3424457
CHUNK_SAMPLE_POPULATED,info,fragments/Frag4/PHercParis1Fr39.volpkg/volumes_zarr/88keV_3.24um_.zarr,0,9.0.0,2097152/2097152 values differ from fill_value,3441675
CHUNK_SAMPLE_POPULATED,info,fragments/Frag4/PHercParis1Fr39.volpkg/volumes_zarr/88keV_3.24um_.zarr,0,18.0.0,2097152/2097152 values differ from fill_value,3416284
CHUNK_SAMPLE_POPULATED,info,fragments/Frag4/PHercParis1Fr39.volpkg/volumes_zarr/88keV_3.24um_.zarr,1,0.0.0,2097152/2097152 values differ from fill_value,3362499
CHUNK_SAMPLE_POPULATED,info,fragments/Frag4/PHercParis1Fr39.volpkg/volumes_zarr/88keV_3.24um_.zarr,1,4.4.0,2097152/2097152 values differ from fill_value,3637413
CHUNK_SAMPLE_POPULATED,info,fragments/Frag4/PHercParis1Fr39.volpkg/volumes_zarr/88keV_3.24um_.zarr,1,9.0.0,2097152/2097152 values differ from fill_value,3353069
CHUNK_SAMPLE_POPULATED,info,fragments/Frag4/PHercParis1Fr39.volpkg/volumes_zarr/88keV_3.24um_.zarr,2,0.0.0,2097152/2097152 values differ from fill_value,3263420
CHUNK_SAMPLE_POPULATED,info,fragments/Frag4/PHercParis1Fr39.volpkg/volumes_zarr/88keV_3.24um_.zarr,2,2.1.0,2097152/2097152 values differ from fill_value,3498380
CHUNK_SAMPLE_POPULATED,info,fragments/Frag4/PHercParis1Fr39.volpkg/volumes_zarr/88keV_3.24um_.zarr,2,4.2.0,2097152/2097152 values differ from fill_value,3584891
CHUNK_SAMPLE_POPULATED,info,fragments/Frag4/PHercParis1Fr39.volpkg/volumes_zarr/88keV_3.24um_.zarr,3,0.0.0,2097152/2097152 values differ from fill_value,3279373
CHUNK_SAMPLE_POPULATED,info,fragments/Frag4/PHercParis1Fr39.volpkg/volumes_zarr/88keV_3.24um_.zarr,3,1.0.1,2097152/2097152 values differ from fill_value,3593910
CHUNK_SAMPLE_POPULATED,info,fragments/Frag4/PHercParis1Fr39.volpkg/volumes_zarr/88keV_3.24um_.zarr,3,2.0.3,2097152/2097152 values differ from fill_value,3290939
CHUNK_SAMPLE_POPULATED,info,fragments/Frag4/PHercParis1Fr39.volpkg/volumes_zarr/88keV_3.24um_.zarr,4,0.0.0,2031616/2097152 values differ from fill_value,3092598
CHUNK_SAMPLE_POPULATED,info,fragments/Frag4/PHercParis1Fr39.volpkg/volumes_zarr/88keV_3.24um_.zarr,4,0.0.2,1857024/2097152 values differ from fill_value,2849989
CHUNK_SAMPLE_POPULATED,info,fragments/Frag4/PHercParis1Fr39.volpkg/volumes_zarr/88keV_3.24um_.zarr,4,1.0.1,2031616/2097152 values differ from fill_value,3230465
CHUNK_SAMPLE_POPULATED,info,fragments/Frag4/PHercParis1Fr39.volpkg/volumes_zarr/88keV_3.24um_.zarr,5,0.0.0,1015808/2097152 values differ from fill_value,1516456
CHUNK_SAMPLE_POPULATED,info,fragments/Frag4/PHercParis1Fr39.volpkg/volumes_zarr/88keV_3.24um_.zarr,5,0.0.1,468224/2097152 values differ from fill_value,714781
CHUNK_SAMPLE_POPULATED,info,fragments/Frag4/PHercParis1Fr39.volpkg/volumes_zarr/88keV_3.24um_.zarr,5,1.0.0,1015808/2097152 values differ from fill_value,1518838
CHUNK_SAMPLE_POPULATED,info,fragments/Frag4/PHercParis1Fr39.volpkg/volumes_zarr/54keV_3.24um_.zarr,0,0.0.0,2097152/2097152 values differ from fill_value,3706638
CHUNK_SAMPLE_POPULATED,info,fragments/Frag4/PHercParis1Fr39.volpkg/volumes_zarr/54keV_3.24um_.zarr,0,9.2.0,2097152/2097152 values differ from fill_value,3706686
CHUNK_SAMPLE_POPULATED,info,fragments/Frag4/PHercParis1Fr39.volpkg/volumes_zarr/54keV_3.24um_.zarr,0,18.4.0,2097152/2097152 values differ from fill_value,3711956
CHUNK_SAMPLE_POPULATED,info,fragments/Frag4/PHercParis1Fr39.volpkg/volumes_zarr/54keV_3.24um_.zarr,1,0.0.0,2097152/2097152 values differ from fill_value,3612046
CHUNK_SAMPLE_POPULATED,info,fragments/Frag4/PHercParis1Fr39.volpkg/volumes_zarr/54keV_3.24um_.zarr,1,4.5.0,2097152/2097152 values differ from fill_value,3626191
CHUNK_SAMPLE_POPULATED,info,fragments/Frag4/PHercParis1Fr39.volpkg/volumes_zarr/54keV_3.24um_.zarr,1,9.2.0,2097152/2097152 values differ from fill_value,3625575
CHUNK_SAMPLE_POPULATED,info,fragments/Frag4/PHercParis1Fr39.volpkg/volumes_zarr/54keV_3.24um_.zarr,2,0.0.0,2097152/2097152 values differ from fill_value,3462599
CHUNK_SAMPLE_POPULATED,info,fragments/Frag4/PHercParis1Fr39.volpkg/volumes_zarr/54keV_3.24um_.zarr,2,2.1.6,2097152/2097152 values differ from fill_value,3914370
CHUNK_SAMPLE_POPULATED,info,fragments/Frag4/PHercParis1Fr39.volpkg/volumes_zarr/54keV_3.24um_.zarr,2,4.3.0,1769472/2097152 values differ from fill_value,3124097
CHUNK_SAMPLE_POPULATED,info,fragments/Frag4/PHercParis1Fr39.volpkg/volumes_zarr/54keV_3.24um_.zarr,3,0.0.0,2097152/2097152 values differ from fill_value,3344122
CHUNK_SAMPLE_POPULATED,info,fragments/Frag4/PHercParis1Fr39.volpkg/volumes_zarr/54keV_3.24um_.zarr,3,1.0.3,2097152/2097152 values differ from fill_value,3594649
CHUNK_SAMPLE_POPULATED,info,fragments/Frag4/PHercParis1Fr39.volpkg/volumes_zarr/54keV_3.24um_.zarr,3,2.1.0,1933312/2097152 values differ from fill_value,3312013
CHUNK_SAMPLE_POPULATED,info,fragments/Frag4/PHercParis1Fr39.volpkg/volumes_zarr/54keV_3.24um_.zarr,4,0.0.0,2015232/2097152 values differ from fill_value,3138088
CHUNK_SAMPLE_POPULATED,info,fragments/Frag4/PHercParis1Fr39.volpkg/volumes_zarr/54keV_3.24um_.zarr,4,0.0.2,1684608/2097152 values differ from fill_value,2670248
CHUNK_SAMPLE_POPULATED,info,fragments/Frag4/PHercParis1Fr39.volpkg/volumes_zarr/54keV_3.24um_.zarr,4,1.0.1,2015232/2097152 values differ from fill_value,3269212
CHUNK_SAMPLE_POPULATED,info,fragments/Frag4/PHercParis1Fr39.volpkg/volumes_zarr/54keV_3.24um_.zarr,5,0.0.0,1015808/2097152 values differ from fill_value,1577704
CHUNK_SAMPLE_POPULATED,info,fragments/Frag4/PHercParis1Fr39.volpkg/volumes_zarr/54keV_3.24um_.zarr,5,0.0.1,428544/2097152 values differ from fill_value,685086
CHUNK_SAMPLE_POPULATED,info,fragments/Frag4/PHercParis1Fr39.volpkg/volumes_zarr/54keV_3.24um_.zarr,5,1.0.0,1015808/2097152 values differ from fill_value,1598153
CHUNK_SAMPLE_POPULATED,info,fragments/Frag5/PHerc1667Cr1Fr3.volpkg/volumes_zarr/70keV_7.91um_.zarr,0,0.0.0,2055637/2097152 values differ from fill_value,4007886
CHUNK_SAMPLE_POPULATED,info,fragments/Frag5/PHerc1667Cr1Fr3.volpkg/volumes_zarr/70keV_7.91um_.zarr,0,3.0.12,2097143/2097152 values differ from fill_value,3901138
CHUNK_SAMPLE_POPULATED,info,fragments/Frag5/PHerc1667Cr1Fr3.volpkg/volumes_zarr/70keV_7.91um_.zarr,0,6.1.8,2097148/2097152 values differ from fill_value,3887104
CHUNK_SAMPLE_POPULATED,info,fragments/Frag5/PHerc1667Cr1Fr3.volpkg/volumes_zarr/70keV_7.91um_.zarr,1,0.0.0,2096955/2097152 values differ from fill_value,3918542
CHUNK_SAMPLE_POPULATED,info,fragments/Frag5/PHerc1667Cr1Fr3.volpkg/volumes_zarr/70keV_7.91um_.zarr,1,1.1.7,2080768/2097152 values differ from fill_value,3863253
CHUNK_SAMPLE_POPULATED,info,fragments/Frag5/PHerc1667Cr1Fr3.volpkg/volumes_zarr/70keV_7.91um_.zarr,1,3.0.6,2097152/2097152 values differ from fill_value,3832485
CHUNK_SAMPLE_POPULATED,info,fragments/Frag5/PHerc1667Cr1Fr3.volpkg/volumes_zarr/70keV_7.91um_.zarr,2,0.0.0,2097152/2097152 values differ from fill_value,3754047
CHUNK_SAMPLE_POPULATED,info,fragments/Frag5/PHerc1667Cr1Fr3.volpkg/volumes_zarr/70keV_7.91um_.zarr,2,0.1.3,638976/2097152 values differ from fill_value,1246735
CHUNK_SAMPLE_POPULATED,info,fragments/Frag5/PHerc1667Cr1Fr3.volpkg/volumes_zarr/70keV_7.91um_.zarr,2,1.1.2,638976/2097152 values differ from fill_value,1239793
CHUNK_SAMPLE_POPULATED,info,fragments/Frag5/PHerc1667Cr1Fr3.volpkg/volumes_zarr/70keV_7.91um_.zarr,3,0.0.0,1376256/2097152 values differ from fill_value,2521989
CHUNK_SAMPLE_POPULATED,info,fragments/Frag5/PHerc1667Cr1Fr3.volpkg/volumes_zarr/70keV_7.91um_.zarr,3,0.0.1,1376256/2097152 values differ from fill_value,2532938
CHUNK_SAMPLE_POPULATED,info,fragments/Frag5/PHerc1667Cr1Fr3.volpkg/volumes_zarr/70keV_7.91um_.zarr,3,1.0.0,1376256/2097152 values differ from fill_value,2511475
CHUNK_SAMPLE_POPULATED,info,fragments/Frag5/PHerc1667Cr1Fr3.volpkg/volumes_zarr/70keV_7.91um_.zarr,4,0.0.0,688128/2097152 values differ from fill_value,1251680
CHUNK_SAMPLE_POPULATED,info,fragments/Frag5/PHerc1667Cr1Fr3.volpkg/volumes_zarr/70keV_7.91um_.zarr,4,1.0.0,365568/2097152 values differ from fill_value,626765
CHUNK_SAMPLE_POPULATED,info,fragments/Frag5/PHerc1667Cr1Fr3.volpkg/volumes_zarr/70keV_7.91um_.zarr,5,0.0.0,131712/2097152 values differ from fill_value,239478
CHUNK_SAMPLE_POPULATED,info,fragments/Frag6/PHerc51Cr4Fr8.volpkg/volumes_standardized/88keV_3.24um_.zarr,0,0.0.0,754306/2097152 values differ from fill_value,625311
CHUNK_SAMPLE_POPULATED,info,fragments/Frag6/PHerc51Cr4Fr8.volpkg/volumes_standardized/88keV_3.24um_.zarr,0,8.13.25,776535/2097152 values differ from fill_value,596254
CHUNK_SAMPLE_POPULATED,info,fragments/Frag6/PHerc51Cr4Fr8.volpkg/volumes_standardized/88keV_3.24um_.zarr,0,17.9.0,757995/2097152 values differ from fill_value,614744
CHUNK_SAMPLE_POPULATED,info,fragments/Frag6/PHerc51Cr4Fr8.volpkg/volumes_standardized/88keV_3.24um_.zarr,1,0.0.0,1712824/2097152 values differ from fill_value,1331556
CHUNK_SAMPLE_POPULATED,info,fragments/Frag6/PHerc51Cr4Fr8.volpkg/volumes_standardized/88keV_3.24um_.zarr,1,4.3.9,1763549/2097152 values differ from fill_value,1669250
CHUNK_SAMPLE_POPULATED,info,fragments/Frag6/PHerc51Cr4Fr8.volpkg/volumes_standardized/88keV_3.24um_.zarr,1,8.6.18,1781113/2097152 values differ from fill_value,1834682
CHUNK_SAMPLE_POPULATED,info,fragments/Frag6/PHerc51Cr4Fr8.volpkg/volumes_standardized/88keV_3.24um_.zarr,2,0.0.0,2093687/2097152 values differ from fill_value,1208022
CHUNK_SAMPLE_POPULATED,info,fragments/Frag6/PHerc51Cr4Fr8.volpkg/volumes_standardized/88keV_3.24um_.zarr,2,2.1.3,2056989/2097152 values differ from fill_value,1746991
CHUNK_SAMPLE_POPULATED,info,fragments/Frag6/PHerc51Cr4Fr8.volpkg/volumes_standardized/88keV_3.24um_.zarr,2,4.2.6,2053319/2097152 values differ from fill_value,1763708
CHUNK_SAMPLE_POPULATED,info,fragments/Frag6/PHerc51Cr4Fr8.volpkg/volumes_standardized/88keV_3.24um_.zarr,3,0.0.0,2097152/2097152 values differ from fill_value,851436
CHUNK_SAMPLE_POPULATED,info,fragments/Frag6/PHerc51Cr4Fr8.volpkg/volumes_standardized/88keV_3.24um_.zarr,3,1.0.3,2096766/2097152 values differ from fill_value,1143696
CHUNK_SAMPLE_POPULATED,info,fragments/Frag6/PHerc51Cr4Fr8.volpkg/volumes_standardized/88keV_3.24um_.zarr,3,2.0.5,2097131/2097152 values differ from fill_value,877885
CHUNK_SAMPLE_POPULATED,info,fragments/Frag6/PHerc51Cr4Fr8.volpkg/volumes_standardized/88keV_3.24um_.zarr,4,0.0.0,2097152/2097152 values differ from fill_value,736366
CHUNK_SAMPLE_POPULATED,info,fragments/Frag6/PHerc51Cr4Fr8.volpkg/volumes_standardized/88keV_3.24um_.zarr,4,0.1.1,229376/2097152 values differ from fill_value,159799
CHUNK_SAMPLE_POPULATED,info,fragments/Frag6/PHerc51Cr4Fr8.volpkg/volumes_standardized/88keV_3.24um_.zarr,4,1.0.2,2097152/2097152 values differ from fill_value,961579
CHUNK_SAMPLE_POPULATED,info,fragments/Frag6/PHerc51Cr4Fr8.volpkg/volumes_standardized/88keV_3.24um_.zarr,5,0.0.0,1163264/2097152 values differ from fill_value,519626
CHUNK_SAMPLE_POPULATED,info,fragments/Frag6/PHerc51Cr4Fr8.volpkg/volumes_standardized/88keV_3.24um_.zarr,5,0.0.1,627072/2097152 values differ from fill_value,290863
CHUNK_SAMPLE_POPULATED,info,fragments/Frag6/PHerc51Cr4Fr8.volpkg/volumes_standardized/88keV_3.24um_.zarr,5,1.0.0,1163264/2097152 values differ from fill_value,382528
CHUNK_SAMPLE_POPULATED,info,fragments/Frag5/PHerc1667Cr1Fr3.volpkg/volumes_zarr/70keV_3.24um_.zarr,0,0.0.0,2096732/2097152 values differ from fill_value,3052763
CHUNK_SAMPLE_POPULATED,info,fragments/Frag5/PHerc1667Cr1Fr3.volpkg/volumes_zarr/70keV_3.24um_.zarr,0,6.9.22,2096019/2097152 values differ from fill_value,4194320
CHUNK_SAMPLE_POPULATED,info,fragments/Frag5/PHerc1667Cr1Fr3.volpkg/volumes_zarr/70keV_3.24um_.zarr,0,13.8.9,2094874/2097152 values differ from fill_value,4067574
CHUNK_SAMPLE_POPULATED,info,fragments/Frag5/PHerc1667Cr1Fr3.volpkg/volumes_zarr/70keV_3.24um_.zarr,1,0.0.0,2097152/2097152 values differ from fill_value,3684020
CHUNK_SAMPLE_POPULATED,info,fragments/Frag5/PHerc1667Cr1Fr3.volpkg/volumes_zarr/70keV_3.24um_.zarr,1,3.3.0,2097152/2097152 values differ from fill_value,3920619
CHUNK_SAMPLE_POPULATED,info,fragments/Frag5/PHerc1667Cr1Fr3.volpkg/volumes_zarr/70keV_3.24um_.zarr,1,7.0.0,2097152/2097152 values differ from fill_value,3687025
CHUNK_SAMPLE_POPULATED,info,fragments/Frag5/PHerc1667Cr1Fr3.volpkg/volumes_zarr/70keV_3.24um_.zarr,2,0.0.0,2097152/2097152 values differ from fill_value,3693269
CHUNK_SAMPLE_POPULATED,info,fragments/Frag5/PHerc1667Cr1Fr3.volpkg/volumes_zarr/70keV_3.24um_.zarr,2,1.2.2,1540096/2097152 values differ from fill_value,2988560
CHUNK_SAMPLE_POPULATED,info,fragments/Frag5/PHerc1667Cr1Fr3.volpkg/volumes_zarr/70keV_3.24um_.zarr,2,3.1.4,2097152/2097152 values differ from fill_value,4013970
CHUNK_SAMPLE_POPULATED,info,fragments/Frag5/PHerc1667Cr1Fr3.volpkg/volumes_zarr/70keV_3.24um_.zarr,3,0.0.0,2097152/2097152 values differ from fill_value,3504654
CHUNK_SAMPLE_POPULATED,info,fragments/Frag5/PHerc1667Cr1Fr3.volpkg/volumes_zarr/70keV_3.24um_.zarr,3,0.1.4,246656/2097152 values differ from fill_value,477497
CHUNK_SAMPLE_POPULATED,info,fragments/Frag5/PHerc1667Cr1Fr3.volpkg/volumes_zarr/70keV_3.24um_.zarr,3,1.1.2,770048/2097152 values differ from fill_value,1460116
CHUNK_SAMPLE_POPULATED,info,fragments/Frag5/PHerc1667Cr1Fr3.volpkg/volumes_zarr/70keV_3.24um_.zarr,4,0.0.0,1441792/2097152 values differ from fill_value,2528450
CHUNK_SAMPLE_POPULATED,info,fragments/Frag5/PHerc1667Cr1Fr3.volpkg/volumes_zarr/70keV_3.24um_.zarr,4,0.0.1,1441792/2097152 values differ from fill_value,2566009
CHUNK_SAMPLE_POPULATED,info,fragments/Frag5/PHerc1667Cr1Fr3.volpkg/volumes_zarr/70keV_3.24um_.zarr,4,1.0.0,1441792/2097152 values differ from fill_value,2543796
CHUNK_SAMPLE_POPULATED,info,fragments/Frag5/PHerc1667Cr1Fr3.volpkg/volumes_zarr/70keV_3.24um_.zarr,5,0.0.0,720896/2097152 values differ from fill_value,1272246
CHUNK_SAMPLE_POPULATED,info,fragments/Frag5/PHerc1667Cr1Fr3.volpkg/volumes_zarr/70keV_3.24um_.zarr,5,0.0.1,61952/2097152 values differ from fill_value,112099
CHUNK_SAMPLE_POPULATED,info,fragments/Frag5/PHerc1667Cr1Fr3.volpkg/volumes_zarr/70keV_3.24um_.zarr,5,1.0.0,518144/2097152 values differ from fill_value,875822
CHUNK_SAMPLE_POPULATED,info,fragments/Frag6/PHerc51Cr4Fr8.volpkg/volumes_standardized/70keV_3.24um_.zarr,0,0.0.0,1532940/2097152 values differ from fill_value,760024
CHUNK_SAMPLE_POPULATED,info,fragments/Frag6/PHerc51Cr4Fr8.volpkg/volumes_standardized/70keV_3.24um_.zarr,0,8.13.25,1697140/2097152 values differ from fill_value,737785
CHUNK_SAMPLE_POPULATED,info,fragments/Frag6/PHerc51Cr4Fr8.volpkg/volumes_standardized/70keV_3.24um_.zarr,0,17.9.0,1606541/2097152 values differ from fill_value,772305
CHUNK_SAMPLE_POPULATED,info,fragments/Frag6/PHerc51Cr4Fr8.volpkg/volumes_standardized/70keV_3.24um_.zarr,1,0.0.0,2061996/2097152 values differ from fill_value,1461667
CHUNK_SAMPLE_POPULATED,info,fragments/Frag6/PHerc51Cr4Fr8.volpkg/volumes_standardized/70keV_3.24um_.zarr,1,4.3.9,1920222/2097152 values differ from fill_value,1776177
CHUNK_SAMPLE_POPULATED,info,fragments/Frag6/PHerc51Cr4Fr8.volpkg/volumes_standardized/70keV_3.24um_.zarr,1,8.6.18,1826526/2097152 values differ from fill_value,1861144
CHUNK_SAMPLE_POPULATED,info,fragments/Frag6/PHerc51Cr4Fr8.volpkg/volumes_standardized/70keV_3.24um_.zarr,2,0.0.0,2097152/2097152 values differ from fill_value,1294692
CHUNK_SAMPLE_POPULATED,info,fragments/Frag6/PHerc51Cr4Fr8.volpkg/volumes_standardized/70keV_3.24um_.zarr,2,2.1.3,2075914/2097152 values differ from fill_value,1815398
CHUNK_SAMPLE_POPULATED,info,fragments/Frag6/PHerc51Cr4Fr8.volpkg/volumes_standardized/70keV_3.24um_.zarr,2,4.2.6,2062381/2097152 values differ from fill_value,1817223
CHUNK_SAMPLE_POPULATED,info,fragments/Frag6/PHerc51Cr4Fr8.volpkg/volumes_standardized/70keV_3.24um_.zarr,3,0.0.0,2097152/2097152 values differ from fill_value,920392
CHUNK_SAMPLE_POPULATED,info,fragments/Frag6/PHerc51Cr4Fr8.volpkg/volumes_standardized/70keV_3.24um_.zarr,3,1.0.3,2097090/2097152 values differ from fill_value,1243012
CHUNK_SAMPLE_POPULATED,info,fragments/Frag6/PHerc51Cr4Fr8.volpkg/volumes_standardized/70keV_3.24um_.zarr,3,2.0.5,2097148/2097152 values differ from fill_value,953746
CHUNK_SAMPLE_POPULATED,info,fragments/Frag6/PHerc51Cr4Fr8.volpkg/volumes_standardized/70keV_3.24um_.zarr,4,0.0.0,2097152/2097152 values differ from fill_value,804425
CHUNK_SAMPLE_POPULATED,info,fragments/Frag6/PHerc51Cr4Fr8.volpkg/volumes_standardized/70keV_3.24um_.zarr,4,0.1.1,229376/2097152 values differ from fill_value,157111
CHUNK_SAMPLE_POPULATED,info,fragments/Frag6/PHerc51Cr4Fr8.volpkg/volumes_standardized/70keV_3.24um_.zarr,4,1.0.2,2097152/2097152 values differ from fill_value,1001553
CHUNK_SAMPLE_POPULATED,info,fragments/Frag6/PHerc51Cr4Fr8.volpkg/volumes_standardized/70keV_3.24um_.zarr,5,0.0.0,1163264/2097152 values differ from fill_value,519391
CHUNK_SAMPLE_POPULATED,info,fragments/Frag6/PHerc51Cr4Fr8.volpkg/volumes_standardized/70keV_3.24um_.zarr,5,0.0.1,627072/2097152 values differ from fill_value,289099
CHUNK_SAMPLE_POPULATED,info,fragments/Frag6/PHerc51Cr4Fr8.volpkg/volumes_standardized/70keV_3.24um_.zarr,5,1.0.0,1163264/2097152 values differ from fill_value,369450
CHUNK_SAMPLE_POPULATED,info,fragments/Frag6/PHerc51Cr4Fr8.volpkg/volumes_zarr/53keV_7.91um_.zarr,0,0.0.0,2097150/2097152 values differ from fill_value,3790196
CHUNK_SAMPLE_POPULATED,info,fragments/Frag6/PHerc51Cr4Fr8.volpkg/volumes_zarr/53keV_7.91um_.zarr,0,3.5.14,2096684/2097152 values differ from fill_value,4194320
CHUNK_SAMPLE_POPULATED,info,fragments/Frag6/PHerc51Cr4Fr8.volpkg/volumes_zarr/53keV_7.91um_.zarr,0,7.2.5,2096505/2097152 values differ from fill_value,4194320
CHUNK_SAMPLE_POPULATED,info,fragments/Frag6/PHerc51Cr4Fr8.volpkg/volumes_zarr/53keV_7.91um_.zarr,1,0.0.0,2097152/2097152 values differ from fill_value,3665703
CHUNK_SAMPLE_POPULATED,info,fragments/Frag6/PHerc51Cr4Fr8.volpkg/volumes_zarr/53keV_7.91um_.zarr,1,1.4.4,360448/2097152 values differ from fill_value,703052
CHUNK_SAMPLE_POPULATED,info,fragments/Frag6/PHerc51Cr4Fr8.volpkg/volumes_zarr/53keV_7.91um_.zarr,1,3.3.8,2097082/2097152 values differ from fill_value,4117143
CHUNK_SAMPLE_POPULATED,info,fragments/Frag6/PHerc51Cr4Fr8.volpkg/volumes_zarr/53keV_7.91um_.zarr,2,0.0.0,2097152/2097152 values differ from fill_value,3444171
CHUNK_SAMPLE_POPULATED,info,fragments/Frag6/PHerc51Cr4Fr8.volpkg/volumes_zarr/53keV_7.91um_.zarr,2,1.0.0,2097152/2097152 values differ from fill_value,3501076
CHUNK_SAMPLE_POPULATED,info,fragments/Frag6/PHerc51Cr4Fr8.volpkg/volumes_zarr/53keV_7.91um_.zarr,2,2.0.0,2097152/2097152 values differ from fill_value,3516994
CHUNK_SAMPLE_POPULATED,info,fragments/Frag6/PHerc51Cr4Fr8.volpkg/volumes_zarr/53keV_7.91um_.zarr,3,0.0.0,2097152/2097152 values differ from fill_value,3535830
CHUNK_SAMPLE_POPULATED,info,fragments/Frag6/PHerc51Cr4Fr8.volpkg/volumes_zarr/53keV_7.91um_.zarr,3,0.1.0,98304/2097152 values differ from fill_value,185605
CHUNK_SAMPLE_POPULATED,info,fragments/Frag6/PHerc51Cr4Fr8.volpkg/volumes_zarr/53keV_7.91um_.zarr,3,1.0.0,2097152/2097152 values differ from fill_value,3666367
CHUNK_SAMPLE_POPULATED,info,fragments/Frag6/PHerc51Cr4Fr8.volpkg/volumes_zarr/53keV_7.91um_.zarr,4,0.0.0,1097728/2097152 values differ from fill_value,1915062
CHUNK_SAMPLE_POPULATED,info,fragments/Frag6/PHerc51Cr4Fr8.volpkg/volumes_zarr/53keV_7.91um_.zarr,4,0.0.1,368768/2097152 values differ from fill_value,642654
CHUNK_SAMPLE_POPULATED,info,fragments/Frag6/PHerc51Cr4Fr8.volpkg/volumes_zarr/53keV_7.91um_.zarr,4,1.0.0,883328/2097152 values differ from fill_value,1423272
CHUNK_SAMPLE_POPULATED,info,fragments/Frag6/PHerc51Cr4Fr8.volpkg/volumes_zarr/53keV_7.91um_.zarr,5,0.0.0,339184/2097152 values differ from fill_value,584304
CHUNK_SAMPLE_POPULATED,info,full-scrolls/Scroll4/PHerc1667.volpkg/volumes_zarr/20231107190228.zarr,0,0.0.0,nonzero byte in first 4096B prefix; full chunk not fetched,4096
CHUNK_SAMPLE_POPULATED,info,full-scrolls/Scroll4/PHerc1667.volpkg/volumes_zarr/20231107190228.zarr,0,25.55.8,nonzero byte in first 4096B prefix; full chunk not fetched,4096
CHUNK_SAMPLE_POPULATED,info,full-scrolls/Scroll4/PHerc1667.volpkg/volumes_zarr/20231107190228.zarr,0,51.47.16,nonzero byte in first 4096B prefix; full chunk not fetched,4096
CHUNK_SAMPLE_POPULATED,info,full-scrolls/Scroll4/PHerc1667.volpkg/volumes_zarr/20231107190228.zarr,1,0.0.0,nonzero byte in first 4096B prefix; full chunk not fetched,4096
CHUNK_SAMPLE_POPULATED,info,full-scrolls/Scroll4/PHerc1667.volpkg/volumes_zarr/20231107190228.zarr,1,13.0.0,nonzero byte in first 4096B prefix; full chunk not fetched,4096
CHUNK_SAMPLE_POPULATED,info,full-scrolls/Scroll4/PHerc1667.volpkg/volumes_zarr/20231107190228.zarr,1,26.0.0,nonzero byte in first 4096B prefix; full chunk not fetched,4096
CHUNK_SAMPLE_POPULATED,info,full-scrolls/Scroll4/PHerc1667.volpkg/volumes_zarr/20231107190228.zarr,2,0.0.0,nonzero byte in first 4096B prefix; full chunk not fetched,4096
CHUNK_SAMPLE_POPULATED,info,full-scrolls/Scroll4/PHerc1667.volpkg/volumes_zarr/20231107190228.zarr,2,6.8.0,nonzero byte in first 4096B prefix; full chunk not fetched,4096
CHUNK_SAMPLE_POPULATED,info,full-scrolls/Scroll4/PHerc1667.volpkg/volumes_zarr/20231107190228.zarr,2,13.0.0,nonzero byte in first 4096B prefix; full chunk not fetched,4096
CHUNK_SAMPLE_POPULATED,info,full-scrolls/Scroll4/PHerc1667.volpkg/volumes_zarr/20231107190228.zarr,3,0.0.0,nonzero byte in first 4096B prefix; full chunk not fetched,4096
CHUNK_SAMPLE_POPULATED,info,full-scrolls/Scroll4/PHerc1667.volpkg/volumes_zarr/20231107190228.zarr,3,3.2.0,nonzero byte in first 4096B prefix; full chunk not fetched,4096
CHUNK_SAMPLE_POPULATED,info,full-scrolls/Scroll4/PHerc1667.volpkg/volumes_zarr/20231107190228.zarr,3,6.4.0,nonzero byte in first 4096B prefix; full chunk not fetched,4096
CHUNK_SAMPLE_POPULATED,info,full-scrolls/Scroll4/PHerc1667.volpkg/volumes_zarr/20231107190228.zarr,4,0.0.0,nonzero byte in first 4096B prefix; full chunk not fetched,4096
CHUNK_SAMPLE_POPULATED,info,full-scrolls/Scroll4/PHerc1667.volpkg/volumes_zarr/20231107190228.zarr,4,1.2.2,nonzero byte in first 4096B prefix; full chunk not fetched,4096
CHUNK_SAMPLE_POPULATED,info,full-scrolls/Scroll4/PHerc1667.volpkg/volumes_zarr/20231107190228.zarr,4,3.1.0,nonzero byte in first 4096B prefix; full chunk not fetched,4096
CHUNK_SAMPLE_POPULATED,info,full-scrolls/Scroll4/PHerc1667.volpkg/volumes_zarr/20231107190228.zarr,5,0.0.0,nonzero byte in first 4096B prefix; full chunk not fetched,4096
CHUNK_SAMPLE_POPULATED,info,full-scrolls/Scroll4/PHerc1667.volpkg/volumes_zarr/20231107190228.zarr,5,0.1.1,nonzero byte in first 4096B prefix; full chunk not fetched,4096
CHUNK_SAMPLE_POPULATED,info,full-scrolls/Scroll4/PHerc1667.volpkg/volumes_zarr/20231107190228.zarr,5,1.1.1,nonzero byte in first 4096B prefix; full chunk not fetched,4096
CHUNK_SAMPLE_POPULATED,info,full-scrolls/Scroll1/PHercParis4.volpkg/volumes_zarr_standardized/54keV_7.91um_Scroll1A.zarr,0,14.7.48,1448817/2097152 values differ from fill_value,777830
CHUNK_SAMPLE_POPULATED,info,full-scrolls/Scroll1/PHercParis4.volpkg/volumes_zarr_standardized/54keV_7.91um_Scroll1A.zarr,0,28.15.32,1848205/2097152 values differ from fill_value,825912
CHUNK_SAMPLE_POPULATED,info,full-scrolls/Scroll1/PHercParis4.volpkg/volumes_zarr_standardized/54keV_7.91um_Scroll1A.zarr,0,42.23.16,1335415/2097152 values differ from fill_value,722867
CHUNK_SAMPLE_POPULATED,info,full-scrolls/Scroll1/PHercParis4.volpkg/volumes_zarr_standardized/54keV_7.91um_Scroll1A.zarr,1,7.3.28,1167896/2097152 values differ from fill_value,973212
CHUNK_SAMPLE_POPULATED,info,full-scrolls/Scroll1/PHercParis4.volpkg/volumes_zarr_standardized/54keV_7.91um_Scroll1A.zarr,1,14.7.24,1983713/2097152 values differ from fill_value,1945000
CHUNK_SAMPLE_POPULATED,info,full-scrolls/Scroll1/PHercParis4.volpkg/volumes_zarr_standardized/54keV_7.91um_Scroll1A.zarr,1,21.11.20,1660480/2097152 values differ from fill_value,1757587
CHUNK_SAMPLE_POPULATED,info,full-scrolls/Scroll1/PHercParis4.volpkg/volumes_zarr_standardized/54keV_7.91um_Scroll1A.zarr,2,0.0.0,343436/2097152 values differ from fill_value,308600
CHUNK_SAMPLE_POPULATED,info,full-scrolls/Scroll1/PHercParis4.volpkg/volumes_zarr_standardized/54keV_7.91um_Scroll1A.zarr,2,3.10.0,2034128/2097152 values differ from fill_value,1322347
CHUNK_SAMPLE_POPULATED,info,full-scrolls/Scroll1/PHercParis4.volpkg/volumes_zarr_standardized/54keV_7.91um_Scroll1A.zarr,2,7.4.0,2038290/2097152 values differ from fill_value,1704003
CHUNK_SAMPLE_POPULATED,info,full-scrolls/Scroll1/PHercParis4.volpkg/volumes_zarr_standardized/54keV_7.91um_Scroll1A.zarr,3,0.0.0,1555856/2097152 values differ from fill_value,1277976
CHUNK_SAMPLE_POPULATED,info,full-scrolls/Scroll1/PHercParis4.volpkg/volumes_zarr_standardized/54keV_7.91um_Scroll1A.zarr,3,1.7.0,362708/2097152 values differ from fill_value,247476
CHUNK_SAMPLE_POPULATED,info,full-scrolls/Scroll1/PHercParis4.volpkg/volumes_zarr_standardized/54keV_7.91um_Scroll1A.zarr,3,3.6.0,1958157/2097152 values differ from fill_value,1118602
CHUNK_SAMPLE_POPULATED,info,full-scrolls/Scroll1/PHercParis4.volpkg/volumes_zarr_standardized/54keV_7.91um_Scroll1A.zarr,4,0.0.0,1964829/2097152 values differ from fill_value,1609807
CHUNK_SAMPLE_POPULATED,info,full-scrolls/Scroll1/PHercParis4.volpkg/volumes_zarr_standardized/54keV_7.91um_Scroll1A.zarr,4,1.0.0,1965525/2097152 values differ from fill_value,1633272
CHUNK_SAMPLE_POPULATED,info,full-scrolls/Scroll1/PHercParis4.volpkg/volumes_zarr_standardized/54keV_7.91um_Scroll1A.zarr,4,2.0.0,1965566/2097152 values differ from fill_value,1613884
CHUNK_SAMPLE_POPULATED,info,full-scrolls/Scroll1/PHercParis4.volpkg/volumes_zarr_standardized/54keV_7.91um_Scroll1A.zarr,5,0.0.0,2065665/2097152 values differ from fill_value,1706392
CHUNK_SAMPLE_POPULATED,info,full-scrolls/Scroll1/PHercParis4.volpkg/volumes_zarr_standardized/54keV_7.91um_Scroll1A.zarr,5,0.1.0,1868090/2097152 values differ from fill_value,1123458
CHUNK_SAMPLE_POPULATED,info,full-scrolls/Scroll1/PHercParis4.volpkg/volumes_zarr_standardized/54keV_7.91um_Scroll1A.zarr,5,1.0.0,2065576/2097152 values differ from fill_value,1673466
CHUNK_SAMPLE_POPULATED,info,full-scrolls/Scroll1/PHercParis4.volpkg/volumes_zarr_standardized/54keV_7.91um_Scroll1B.zarr,0,10.23.16,612810/2097152 values differ from fill_value,385800
CHUNK_SAMPLE_POPULATED,info,full-scrolls/Scroll1/PHercParis4.volpkg/volumes_zarr_standardized/54keV_7.91um_Scroll1B.zarr,0,20.46.32,1855539/2097152 values differ from fill_value,844361
CHUNK_SAMPLE_POPULATED,info,full-scrolls/Scroll1/PHercParis4.volpkg/volumes_zarr_standardized/54keV_7.91um_Scroll1B.zarr,0,31.7.48,1949419/2097152 values differ from fill_value,821739
CHUNK_SAMPLE_POPULATED,info,full-scrolls/Scroll1/PHercParis4.volpkg/volumes_zarr_standardized/54keV_7.91um_Scroll1B.zarr,1,5.7.25,1565006/2097152 values differ from fill_value,1623564
CHUNK_SAMPLE_POPULATED,info,full-scrolls/Scroll1/PHercParis4.volpkg/volumes_zarr_standardized/54keV_7.91um_Scroll1B.zarr,1,10.15.16,1623704/2097152 values differ from fill_value,1629439
CHUNK_SAMPLE_POPULATED,info,full-scrolls/Scroll1/PHercParis4.volpkg/volumes_zarr_standardized/54keV_7.91um_Scroll1B.zarr,1,15.23.8,1076897/2097152 values differ from fill_value,1090830
CHUNK_SAMPLE_POPULATED,info,full-scrolls/Scroll1/PHercParis4.volpkg/volumes_zarr_standardized/54keV_7.91um_Scroll1B.zarr,2,2.10.0,1751055/2097152 values differ from fill_value,1602869
CHUNK_SAMPLE_POPULATED,info,full-scrolls/Scroll1/PHercParis4.volpkg/volumes_zarr_standardized/54keV_7.91um_Scroll1B.zarr,2,5.4.0,437206/2097152 values differ from fill_value,471016
CHUNK_SAMPLE_POPULATED,info,full-scrolls/Scroll1/PHercParis4.volpkg/volumes_zarr_standardized/54keV_7.91um_Scroll1B.zarr,2,10.8.0,1331316/2097152 values differ from fill_value,1263436
CHUNK_SAMPLE_POPULATED,info,full-scrolls/Scroll1/PHercParis4.volpkg/volumes_zarr_standardized/54keV_7.91um_Scroll1B.zarr,3,0.0.0,781106/2097152 values differ from fill_value,613800
CHUNK_SAMPLE_POPULATED,info,full-scrolls/Scroll1/PHercParis4.volpkg/volumes_zarr_standardized/54keV_7.91um_Scroll1B.zarr,3,1.3.0,1779416/2097152 values differ from fill_value,1489638
CHUNK_SAMPLE_POPULATED,info,full-scrolls/Scroll1/PHercParis4.volpkg/volumes_zarr_standardized/54keV_7.91um_Scroll1B.zarr,3,2.6.0,727484/2097152 values differ from fill_value,580665
CHUNK_SAMPLE_POPULATED,info,full-scrolls/Scroll1/PHercParis4.volpkg/volumes_zarr_standardized/54keV_7.91um_Scroll1B.zarr,4,0.0.0,1238914/2097152 values differ from fill_value,606998
CHUNK_SAMPLE_POPULATED,info,full-scrolls/Scroll1/PHercParis4.volpkg/volumes_zarr_standardized/54keV_7.91um_Scroll1B.zarr,4,0.3.0,1257144/2097152 values differ from fill_value,973612
CHUNK_SAMPLE_POPULATED,info,full-scrolls/Scroll1/PHercParis4.volpkg/volumes_zarr_standardized/54keV_7.91um_Scroll1B.zarr,4,1.2.0,1617245/2097152 values differ from fill_value,1391172
CHUNK_SAMPLE_POPULATED,info,full-scrolls/Scroll1/PHercParis4.volpkg/volumes_zarr_standardized/54keV_7.91um_Scroll1B.zarr,5,0.0.0,1600536/2097152 values differ from fill_value,1226127
CHUNK_SAMPLE_POPULATED,info,full-scrolls/Scroll1/PHercParis4.volpkg/volumes_zarr_standardized/54keV_7.91um_Scroll1B.zarr,5,0.0.2,31744/2097152 values differ from fill_value,30524
CHUNK_SAMPLE_POPULATED,info,full-scrolls/Scroll1/PHercParis4.volpkg/volumes_zarr_standardized/54keV_7.91um_Scroll1B.zarr,5,0.1.1,1521239/2097152 values differ from fill_value,1242105
CHUNK_SAMPLE_POPULATED,info,full-scrolls/Scroll4/PHerc1667.volpkg/volumes_zarr/20231117161658.zarr,0,0.0.0,nonzero byte in first 4096B prefix; full chunk not fetched,4096
CHUNK_SAMPLE_POPULATED,info,full-scrolls/Scroll4/PHerc1667.volpkg/volumes_zarr/20231117161658.zarr,0,11.0.0,nonzero byte in first 4096B prefix; full chunk not fetched,4096
CHUNK_SAMPLE_POPULATED,info,full-scrolls/Scroll4/PHerc1667.volpkg/volumes_zarr/20231117161658.zarr,0,22.0.0,nonzero byte in first 4096B prefix; full chunk not fetched,4096
CHUNK_SAMPLE_POPULATED,info,full-scrolls/Scroll4/PHerc1667.volpkg/volumes_zarr/20231117161658.zarr,1,0.0.0,nonzero byte in first 4096B prefix; full chunk not fetched,4096
CHUNK_SAMPLE_POPULATED,info,full-scrolls/Scroll4/PHerc1667.volpkg/volumes_zarr/20231117161658.zarr,1,5.7.0,nonzero byte in first 4096B prefix; full chunk not fetched,4096
CHUNK_SAMPLE_POPULATED,info,full-scrolls/Scroll4/PHerc1667.volpkg/volumes_zarr/20231117161658.zarr,1,11.0.0,nonzero byte in first 4096B prefix; full chunk not fetched,4096
CHUNK_SAMPLE_POPULATED,info,full-scrolls/Scroll4/PHerc1667.volpkg/volumes_zarr/20231117161658.zarr,2,0.0.0,nonzero byte in first 4096B prefix; full chunk not fetched,4096
CHUNK_SAMPLE_POPULATED,info,full-scrolls/Scroll4/PHerc1667.volpkg/volumes_zarr/20231117161658.zarr,2,2.5.2,nonzero byte in first 4096B prefix; full chunk not fetched,4096
CHUNK_SAMPLE_POPULATED,info,full-scrolls/Scroll4/PHerc1667.volpkg/volumes_zarr/20231117161658.zarr,2,5.3.3,nonzero byte in first 4096B prefix; full chunk not fetched,4096
CHUNK_SAMPLE_POPULATED,info,full-scrolls/Scroll4/PHerc1667.volpkg/volumes_zarr/20231117161658.zarr,3,0.0.0,nonzero byte in first 4096B prefix; full chunk not fetched,4096
CHUNK_SAMPLE_POPULATED,info,full-scrolls/Scroll4/PHerc1667.volpkg/volumes_zarr/20231117161658.zarr,3,1.1.2,nonzero byte in first 4096B prefix; full chunk not fetched,4096
CHUNK_SAMPLE_POPULATED,info,full-scrolls/Scroll4/PHerc1667.volpkg/volumes_zarr/20231117161658.zarr,3,2.3.0,nonzero byte in first 4096B prefix; full chunk not fetched,4096
CHUNK_SAMPLE_POPULATED,info,full-scrolls/Scroll4/PHerc1667.volpkg/volumes_zarr/20231117161658.zarr,4,0.0.0,nonzero byte in first 4096B prefix; full chunk not fetched,4096
CHUNK_SAMPLE_POPULATED,info,full-scrolls/Scroll4/PHerc1667.volpkg/volumes_zarr/20231117161658.zarr,4,0.1.1,nonzero byte in first 4096B prefix; full chunk not fetched,4096
CHUNK_SAMPLE_POPULATED,info,full-scrolls/Scroll4/PHerc1667.volpkg/volumes_zarr/20231117161658.zarr,4,1.1.0,nonzero byte in first 4096B prefix; full chunk not fetched,4096
CHUNK_SAMPLE_POPULATED,info,full-scrolls/Scroll4/PHerc1667.volpkg/volumes_zarr/20231117161658.zarr,5,0.0.0,nonzero byte in first 4096B prefix; full chunk not fetched,4096
CHUNK_SAMPLE_POPULATED,info,full-scrolls/Scroll4/PHerc1667.volpkg/volumes_zarr/20231117161658.zarr,5,1.0.0,nonzero byte in first 4096B prefix; full chunk not fetched,4096
CHUNK_SAMPLE_POPULATED,info,full-scrolls/Scroll4/PHerc1667.volpkg/volumes_zarr/20231117161658.zarr,5,2.0.0,nonzero byte in first 4096B prefix; full chunk not fetched,4096
CHUNK_SAMPLE_POPULATED,info,full-scrolls/Scroll2/PHercParis3.volpkg/volumes_zarr_standardized/54keV_7.91um_Scroll2A.zarr,0,14.9.82,496557/2097152 values differ from fill_value,349394
CHUNK_SAMPLE_POPULATED,info,full-scrolls/Scroll2/PHercParis3.volpkg/volumes_zarr_standardized/54keV_7.91um_Scroll2A.zarr,0,28.19.70,1773453/2097152 values differ from fill_value,873751
CHUNK_SAMPLE_POPULATED,info,full-scrolls/Scroll2/PHercParis3.volpkg/volumes_zarr_standardized/54keV_7.91um_Scroll2A.zarr,0,42.29.58,1261580/2097152 values differ from fill_value,709067
CHUNK_SAMPLE_POPULATED,info,full-scrolls/Scroll2/PHercParis3.volpkg/volumes_zarr_standardized/54keV_7.91um_Scroll2A.zarr,1,7.5.0,400358/2097152 values differ from fill_value,541018
CHUNK_SAMPLE_POPULATED,info,full-scrolls/Scroll2/PHercParis3.volpkg/volumes_zarr_standardized/54keV_7.91um_Scroll2A.zarr,1,14.10.0,713946/2097152 values differ from fill_value,884698
CHUNK_SAMPLE_POPULATED,info,full-scrolls/Scroll2/PHercParis3.volpkg/volumes_zarr_standardized/54keV_7.91um_Scroll2A.zarr,1,21.15.0,1949446/2097152 values differ from fill_value,1898141
CHUNK_SAMPLE_POPULATED,info,full-scrolls/Scroll2/PHercParis3.volpkg/volumes_zarr_standardized/54keV_7.91um_Scroll2A.zarr,2,0.0.0,48776/2097152 values differ from fill_value,58081
CHUNK_SAMPLE_POPULATED,info,full-scrolls/Scroll2/PHercParis3.volpkg/volumes_zarr_standardized/54keV_7.91um_Scroll2A.zarr,2,3.12.12,2079967/2097152 values differ from fill_value,1961269
CHUNK_SAMPLE_POPULATED,info,full-scrolls/Scroll2/PHercParis3.volpkg/volumes_zarr_standardized/54keV_7.91um_Scroll2A.zarr,2,7.5.0,893395/2097152 values differ from fill_value,1060849
CHUNK_SAMPLE_POPULATED,info,full-scrolls/Scroll2/PHercParis3.volpkg/volumes_zarr_standardized/54keV_7.91um_Scroll2A.zarr,3,0.0.0,1025835/2097152 values differ from fill_value,707335
CHUNK_SAMPLE_POPULATED,info,full-scrolls/Scroll2/PHercParis3.volpkg/volumes_zarr_standardized/54keV_7.91um_Scroll2A.zarr,3,1.8.9,1724907/2097152 values differ from fill_value,1467586
CHUNK_SAMPLE_POPULATED,info,full-scrolls/Scroll2/PHercParis3.volpkg/volumes_zarr_standardized/54keV_7.91um_Scroll2A.zarr,3,3.7.6,1501428/2097152 values differ from fill_value,1127281
CHUNK_SAMPLE_POPULATED,info,full-scrolls/Scroll2/PHercParis3.volpkg/volumes_zarr_standardized/54keV_7.91um_Scroll2A.zarr,4,0.0.0,1788396/2097152 values differ from fill_value,1262660
CHUNK_SAMPLE_POPULATED,info,full-scrolls/Scroll2/PHercParis3.volpkg/volumes_zarr_standardized/54keV_7.91um_Scroll2A.zarr,4,1.0.0,1578700/2097152 values differ from fill_value,1226977
CHUNK_SAMPLE_POPULATED,info,full-scrolls/Scroll2/PHercParis3.volpkg/volumes_zarr_standardized/54keV_7.91um_Scroll2A.zarr,4,2.0.0,1768392/2097152 values differ from fill_value,1236631
CHUNK_SAMPLE_POPULATED,info,full-scrolls/Scroll2/PHercParis3.volpkg/volumes_zarr_standardized/54keV_7.91um_Scroll2A.zarr,5,0.0.0,1995714/2097152 values differ from fill_value,1697643
CHUNK_SAMPLE_POPULATED,info,full-scrolls/Scroll2/PHercParis3.volpkg/volumes_zarr_standardized/54keV_7.91um_Scroll2A.zarr,5,0.1.1,2021431/2097152 values differ from fill_value,1643634
CHUNK_SAMPLE_POPULATED,info,full-scrolls/Scroll2/PHercParis3.volpkg/volumes_zarr_standardized/54keV_7.91um_Scroll2A.zarr,5,1.0.0,2034813/2097152 values differ from fill_value,1702151
CHUNK_SAMPLE_POPULATED,info,fragments/Frag6/PHerc51Cr4Fr8.volpkg/volumes_zarr/53keV_3.24um_.zarr,0,0.0.0,2097152/2097152 values differ from fill_value,3814925
CHUNK_SAMPLE_POPULATED,info,fragments/Frag6/PHerc51Cr4Fr8.volpkg/volumes_zarr/53keV_3.24um_.zarr,0,8.13.25,2097152/2097152 values differ from fill_value,3779597
CHUNK_SAMPLE_POPULATED,info,fragments/Frag6/PHerc51Cr4Fr8.volpkg/volumes_zarr/53keV_3.24um_.zarr,0,17.9.0,2097152/2097152 values differ from fill_value,3783681
CHUNK_SAMPLE_POPULATED,info,fragments/Frag6/PHerc51Cr4Fr8.volpkg/volumes_zarr/53keV_3.24um_.zarr,1,0.0.0,2097152/2097152 values differ from fill_value,3707296
CHUNK_SAMPLE_POPULATED,info,fragments/Frag6/PHerc51Cr4Fr8.volpkg/volumes_zarr/53keV_3.24um_.zarr,1,4.3.9,2097104/2097152 values differ from fill_value,4029461
CHUNK_SAMPLE_POPULATED,info,fragments/Frag6/PHerc51Cr4Fr8.volpkg/volumes_zarr/53keV_3.24um_.zarr,1,8.6.18,2096703/2097152 values differ from fill_value,4172894
CHUNK_SAMPLE_POPULATED,info,fragments/Frag6/PHerc51Cr4Fr8.volpkg/volumes_zarr/53keV_3.24um_.zarr,2,0.0.0,2097152/2097152 values differ from fill_value,3498752
CHUNK_SAMPLE_POPULATED,info,fragments/Frag6/PHerc51Cr4Fr8.volpkg/volumes_zarr/53keV_3.24um_.zarr,2,2.1.3,2097152/2097152 values differ from fill_value,3994877
CHUNK_SAMPLE_POPULATED,info,fragments/Frag6/PHerc51Cr4Fr8.volpkg/volumes_zarr/53keV_3.24um_.zarr,2,4.2.6,2097152/2097152 values differ from fill_value,4003948
CHUNK_SAMPLE_POPULATED,info,fragments/Frag6/PHerc51Cr4Fr8.volpkg/volumes_zarr/53keV_3.24um_.zarr,3,0.0.0,2097152/2097152 values differ from fill_value,3108215
CHUNK_SAMPLE_POPULATED,info,fragments/Frag6/PHerc51Cr4Fr8.volpkg/volumes_zarr/53keV_3.24um_.zarr,3,1.0.3,2097152/2097152 values differ from fill_value,3505015
CHUNK_SAMPLE_POPULATED,info,fragments/Frag6/PHerc51Cr4Fr8.volpkg/volumes_zarr/53keV_3.24um_.zarr,3,2.0.5,2097152/2097152 values differ from fill_value,3152040
CHUNK_SAMPLE_POPULATED,info,fragments/Frag6/PHerc51Cr4Fr8.volpkg/volumes_zarr/53keV_3.24um_.zarr,4,0.0.0,2097152/2097152 values differ from fill_value,3098962
CHUNK_SAMPLE_POPULATED,info,fragments/Frag6/PHerc51Cr4Fr8.volpkg/volumes_zarr/53keV_3.24um_.zarr,4,0.1.1,229376/2097152 values differ from fill_value,413237
CHUNK_SAMPLE_POPULATED,info,fragments/Frag6/PHerc51Cr4Fr8.volpkg/volumes_zarr/53keV_3.24um_.zarr,4,1.0.2,2097152/2097152 values differ from fill_value,3388355
CHUNK_SAMPLE_POPULATED,info,fragments/Frag6/PHerc51Cr4Fr8.volpkg/volumes_zarr/53keV_3.24um_.zarr,5,0.0.0,1163264/2097152 values differ from fill_value,1855640
CHUNK_SAMPLE_POPULATED,info,fragments/Frag6/PHerc51Cr4Fr8.volpkg/volumes_zarr/53keV_3.24um_.zarr,5,0.0.1,627072/2097152 values differ from fill_value,1016354
CHUNK_SAMPLE_POPULATED,info,fragments/Frag6/PHerc51Cr4Fr8.volpkg/volumes_zarr/53keV_3.24um_.zarr,5,1.0.0,1163264/2097152 values differ from fill_value,1745662
CHUNK_SAMPLE_POPULATED,info,full-scrolls/Scroll3/PHerc332.volpkg/volumes_zarr_standardized/53keV_7.91um_Scroll3.zarr,0,0.0.0,206247/2097152 values differ from fill_value,196989
CHUNK_SAMPLE_POPULATED,info,full-scrolls/Scroll3/PHerc332.volpkg/volumes_zarr_standardized/53keV_7.91um_Scroll3.zarr,0,9.17.13,1428623/2097152 values differ from fill_value,843119
CHUNK_SAMPLE_POPULATED,info,full-scrolls/Scroll3/PHerc332.volpkg/volumes_zarr_standardized/53keV_7.91um_Scroll3.zarr,0,19.7.0,1182298/2097152 values differ from fill_value,672124
CHUNK_SAMPLE_POPULATED,info,full-scrolls/Scroll3/PHerc332.volpkg/volumes_zarr_standardized/53keV_7.91um_Scroll3.zarr,1,0.0.0,1259071/2097152 values differ from fill_value,1267787
CHUNK_SAMPLE_POPULATED,info,full-scrolls/Scroll3/PHerc332.volpkg/volumes_zarr_standardized/53keV_7.91um_Scroll3.zarr,1,4.12.3,1657395/2097152 values differ from fill_value,1525540
CHUNK_SAMPLE_POPULATED,info,full-scrolls/Scroll3/PHerc332.volpkg/volumes_zarr_standardized/53keV_7.91um_Scroll3.zarr,1,9.10.7,1428399/2097152 values differ from fill_value,1518066
CHUNK_SAMPLE_POPULATED,info,full-scrolls/Scroll3/PHerc332.volpkg/volumes_zarr_standardized/53keV_7.91um_Scroll3.zarr,2,0.0.0,1803518/2097152 values differ from fill_value,1543924
CHUNK_SAMPLE_POPULATED,info,full-scrolls/Scroll3/PHerc332.volpkg/volumes_zarr_standardized/53keV_7.91um_Scroll3.zarr,2,2.3.3,1978143/2097152 values differ from fill_value,1942367
CHUNK_SAMPLE_POPULATED,info,full-scrolls/Scroll3/PHerc332.volpkg/volumes_zarr_standardized/53keV_7.91um_Scroll3.zarr,2,5.0.0,1732538/2097152 values differ from fill_value,1505422
CHUNK_SAMPLE_POPULATED,info,full-scrolls/Scroll3/PHerc332.volpkg/volumes_zarr_standardized/53keV_7.91um_Scroll3.zarr,3,0.0.0,1986004/2097152 values differ from fill_value,1455324
CHUNK_SAMPLE_POPULATED,info,full-scrolls/Scroll3/PHerc332.volpkg/volumes_zarr_standardized/53keV_7.91um_Scroll3.zarr,3,1.1.0,2081248/2097152 values differ from fill_value,1773779
CHUNK_SAMPLE_POPULATED,info,full-scrolls/Scroll3/PHerc332.volpkg/volumes_zarr_standardized/53keV_7.91um_Scroll3.zarr,3,2.2.0,2029129/2097152 values differ from fill_value,1674254
CHUNK_SAMPLE_POPULATED,info,full-scrolls/Scroll3/PHerc332.volpkg/volumes_zarr_standardized/53keV_7.91um_Scroll3.zarr,4,0.0.0,2067506/2097152 values differ from fill_value,1520738
CHUNK_SAMPLE_POPULATED,info,full-scrolls/Scroll3/PHerc332.volpkg/volumes_zarr_standardized/53keV_7.91um_Scroll3.zarr,4,0.1.0,1431139/2097152 values differ from fill_value,1037353
CHUNK_SAMPLE_POPULATED,info,full-scrolls/Scroll3/PHerc332.volpkg/volumes_zarr_standardized/53keV_7.91um_Scroll3.zarr,4,1.0.1,1362810/2097152 values differ from fill_value,816944
CHUNK_SAMPLE_POPULATED,info,full-scrolls/Scroll3/PHerc332.volpkg/volumes_zarr_standardized/53keV_7.91um_Scroll3.zarr,5,0.0.0,1479454/2097152 values differ from fill_value,1037748
CHUNK_SAMPLE_POPULATED,info,full-scrolls/Scroll3/PHerc332.volpkg/volumes_zarr_standardized/53keV_7.91um_Scroll3.zarr,5,1.0.0,1453362/2097152 values differ from fill_value,1058763
CHUNK_SAMPLE_POPULATED,info,full-scrolls/Scroll3/PHerc332.volpkg/volumes_zarr_standardized/53keV_7.91um_Scroll3.zarr,5,2.0.0,549419/2097152 values differ from fill_value,360143
CHUNK_SAMPLE_POPULATED,info,community-uploads/bruniss/scrolls/s3/surfaces/090.zarr,0,38.14.0,3162/262144 values differ from fill_value,1462
CHUNK_SAMPLE_POPULATED,info,community-uploads/bruniss/scrolls/s3/surfaces/090.zarr,0,57.21.0,34400/262144 values differ from fill_value,7936
CHUNK_SAMPLE_POPULATED,info,community-uploads/bruniss/scrolls/s3/surfaces/090.zarr,0,76.28.0,25073/262144 values differ from fill_value,14080
CHUNK_SAMPLE_POPULATED,info,community-uploads/bruniss/scrolls/s3/surfaces/090.zarr,1,0.0.0,1061/262144 values differ from fill_value,1385
CHUNK_SAMPLE_POPULATED,info,community-uploads/bruniss/scrolls/s3/surfaces/090.zarr,1,9.17.13,111220/262144 values differ from fill_value,26822
CHUNK_SAMPLE_POPULATED,info,community-uploads/bruniss/scrolls/s3/surfaces/090.zarr,1,19.7.0,23471/262144 values differ from fill_value,11251
CHUNK_SAMPLE_POPULATED,info,community-uploads/bruniss/scrolls/s3/surfaces/090.zarr,2,0.0.0,35095/262144 values differ from fill_value,41666
CHUNK_SAMPLE_POPULATED,info,community-uploads/bruniss/scrolls/s3/surfaces/090.zarr,2,4.12.3,42928/262144 values differ from fill_value,45978
CHUNK_SAMPLE_POPULATED,info,community-uploads/bruniss/scrolls/s3/surfaces/090.zarr,2,9.10.7,132226/262144 values differ from fill_value,100615
CHUNK_SAMPLE_POPULATED,info,community-uploads/bruniss/scrolls/s3/surfaces/090.zarr,3,0.0.0,113921/262144 values differ from fill_value,139377
CHUNK_SAMPLE_POPULATED,info,community-uploads/bruniss/scrolls/s3/surfaces/090.zarr,3,2.3.3,156465/262144 values differ from fill_value,187644
CHUNK_SAMPLE_POPULATED,info,community-uploads/bruniss/scrolls/s3/surfaces/090.zarr,3,5.0.0,95671/262144 values differ from fill_value,122297
CHUNK_SAMPLE_POPULATED,info,community-uploads/bruniss/scrolls/s3/surfaces/090.zarr,4,0.0.0,141397/262144 values differ from fill_value,162148
CHUNK_SAMPLE_POPULATED,info,community-uploads/bruniss/scrolls/s3/surfaces/090.zarr,4,1.1.0,204084/262144 values differ from fill_value,219500
CHUNK_SAMPLE_POPULATED,info,community-uploads/bruniss/scrolls/s3/surfaces/090.zarr,4,2.2.0,186335/262144 values differ from fill_value,205356
CHUNK_SAMPLE_POPULATED,info,community-uploads/bruniss/scrolls/s3/surfaces/090.zarr,5,0.0.0,209479/262144 values differ from fill_value,216338
CHUNK_SAMPLE_POPULATED,info,community-uploads/bruniss/scrolls/s3/surfaces/090.zarr,5,0.1.0,144974/262144 values differ from fill_value,152401
CHUNK_SAMPLE_POPULATED,info,community-uploads/bruniss/scrolls/s3/surfaces/090.zarr,5,1.0.1,125932/262144 values differ from fill_value,142678
CHUNK_SAMPLE_POPULATED,info,fragments/Frag6/PHerc51Cr4Fr8.volpkg/volumes_zarr/70keV_3.24um_.zarr,0,0.0.0,2097152/2097152 values differ from fill_value,3893007
CHUNK_SAMPLE_POPULATED,info,fragments/Frag6/PHerc51Cr4Fr8.volpkg/volumes_zarr/70keV_3.24um_.zarr,0,8.13.25,2097152/2097152 values differ from fill_value,3860103
CHUNK_SAMPLE_POPULATED,info,fragments/Frag6/PHerc51Cr4Fr8.volpkg/volumes_zarr/70keV_3.24um_.zarr,0,17.9.0,2097152/2097152 values differ from fill_value,3883685
CHUNK_SAMPLE_POPULATED,info,fragments/Frag6/PHerc51Cr4Fr8.volpkg/volumes_zarr/70keV_3.24um_.zarr,1,0.0.0,2097152/2097152 values differ from fill_value,3794820
CHUNK_SAMPLE_POPULATED,info,fragments/Frag6/PHerc51Cr4Fr8.volpkg/volumes_zarr/70keV_3.24um_.zarr,1,4.3.9,2097123/2097152 values differ from fill_value,4047888
CHUNK_SAMPLE_POPULATED,info,fragments/Frag6/PHerc51Cr4Fr8.volpkg/volumes_zarr/70keV_3.24um_.zarr,1,8.6.18,2096747/2097152 values differ from fill_value,4194320
CHUNK_SAMPLE_POPULATED,info,fragments/Frag6/PHerc51Cr4Fr8.volpkg/volumes_zarr/70keV_3.24um_.zarr,2,0.0.0,2097152/2097152 values differ from fill_value,3605006
CHUNK_SAMPLE_POPULATED,info,fragments/Frag6/PHerc51Cr4Fr8.volpkg/volumes_zarr/70keV_3.24um_.zarr,2,2.1.3,2097152/2097152 values differ from fill_value,4011637
CHUNK_SAMPLE_POPULATED,info,fragments/Frag6/PHerc51Cr4Fr8.volpkg/volumes_zarr/70keV_3.24um_.zarr,2,4.2.6,2097152/2097152 values differ from fill_value,4021844
CHUNK_SAMPLE_POPULATED,info,fragments/Frag6/PHerc51Cr4Fr8.volpkg/volumes_zarr/70keV_3.24um_.zarr,3,0.0.0,2097152/2097152 values differ from fill_value,3204285
CHUNK_SAMPLE_POPULATED,info,fragments/Frag6/PHerc51Cr4Fr8.volpkg/volumes_zarr/70keV_3.24um_.zarr,3,1.0.3,2097152/2097152 values differ from fill_value,3556438
CHUNK_SAMPLE_POPULATED,info,fragments/Frag6/PHerc51Cr4Fr8.volpkg/volumes_zarr/70keV_3.24um_.zarr,3,2.0.5,2097152/2097152 values differ from fill_value,3231284
CHUNK_SAMPLE_POPULATED,info,fragments/Frag6/PHerc51Cr4Fr8.volpkg/volumes_zarr/70keV_3.24um_.zarr,4,0.0.0,2097152/2097152 values differ from fill_value,3242252
CHUNK_SAMPLE_POPULATED,info,fragments/Frag6/PHerc51Cr4Fr8.volpkg/volumes_zarr/70keV_3.24um_.zarr,4,0.1.1,229376/2097152 values differ from fill_value,416432
CHUNK_SAMPLE_POPULATED,info,fragments/Frag6/PHerc51Cr4Fr8.volpkg/volumes_zarr/70keV_3.24um_.zarr,4,1.0.2,2097152/2097152 values differ from fill_value,3450015
CHUNK_SAMPLE_POPULATED,info,fragments/Frag6/PHerc51Cr4Fr8.volpkg/volumes_zarr/70keV_3.24um_.zarr,5,0.0.0,1163264/2097152 values differ from fill_value,1916899
CHUNK_SAMPLE_POPULATED,info,fragments/Frag6/PHerc51Cr4Fr8.volpkg/volumes_zarr/70keV_3.24um_.zarr,5,0.0.1,627072/2097152 values differ from fill_value,1046552
CHUNK_SAMPLE_POPULATED,info,fragments/Frag6/PHerc51Cr4Fr8.volpkg/volumes_zarr/70keV_3.24um_.zarr,5,1.0.0,1163264/2097152 values differ from fill_value,1764416
CHUNK_SAMPLE_POPULATED,info,full-scrolls/Scroll5/PHerc172.volpkg/volumes_zarr/20241024131838.zarr,0,0.0.0,2097152/2097152 values differ from fill_value,4075209
CHUNK_SAMPLE_POPULATED,info,full-scrolls/Scroll5/PHerc172.volpkg/volumes_zarr/20241024131838.zarr,0,20.33.9,2097152/2097152 values differ from fill_value,3790449
CHUNK_SAMPLE_POPULATED,info,full-scrolls/Scroll5/PHerc172.volpkg/volumes_zarr/20241024131838.zarr,0,41.13.18,2097152/2097152 values differ from fill_value,4161930
CHUNK_SAMPLE_POPULATED,info,full-scrolls/Scroll5/PHerc172.volpkg/volumes_zarr/20241024131838.zarr,1,0.0.0,nonzero byte in first 4096B prefix; full chunk not fetched,4096
CHUNK_SAMPLE_POPULATED,info,full-scrolls/Scroll5/PHerc172.volpkg/volumes_zarr/20241024131838.zarr,1,10.10.4,nonzero byte in first 4096B prefix; full chunk not fetched,4096
CHUNK_SAMPLE_POPULATED,info,full-scrolls/Scroll5/PHerc172.volpkg/volumes_zarr/20241024131838.zarr,1,20.20.9,nonzero byte in first 4096B prefix; full chunk not fetched,4096
CHUNK_SAMPLE_POPULATED,info,full-scrolls/Scroll5/PHerc172.volpkg/volumes_zarr/20241024131838.zarr,2,0.0.0,nonzero byte in first 4096B prefix; full chunk not fetched,4096
CHUNK_SAMPLE_POPULATED,info,full-scrolls/Scroll5/PHerc172.volpkg/volumes_zarr/20241024131838.zarr,2,5.3.9,nonzero byte in first 4096B prefix; full chunk not fetched,4096
CHUNK_SAMPLE_POPULATED,info,full-scrolls/Scroll5/PHerc172.volpkg/volumes_zarr/20241024131838.zarr,2,10.7.0,nonzero byte in first 4096B prefix; full chunk not fetched,4096
CHUNK_SAMPLE_POPULATED,info,full-scrolls/Scroll5/PHerc172.volpkg/volumes_zarr/20241024131838.zarr,3,0.0.0,nonzero byte in first 4096B prefix; full chunk not fetched,4096
CHUNK_SAMPLE_POPULATED,info,full-scrolls/Scroll5/PHerc172.volpkg/volumes_zarr/20241024131838.zarr,3,2.4.3,nonzero byte in first 4096B prefix; full chunk not fetched,4096
CHUNK_SAMPLE_POPULATED,info,full-scrolls/Scroll5/PHerc172.volpkg/volumes_zarr/20241024131838.zarr,3,5.1.6,nonzero byte in first 4096B prefix; full chunk not fetched,4096
CHUNK_SAMPLE_POPULATED,info,full-scrolls/Scroll5/PHerc172.volpkg/volumes_zarr/20241024131838.zarr,4,0.0.0,nonzero byte in first 4096B prefix; full chunk not fetched,4096
CHUNK_SAMPLE_POPULATED,info,full-scrolls/Scroll5/PHerc172.volpkg/volumes_zarr/20241024131838.zarr,4,1.1.2,nonzero byte in first 4096B prefix; full chunk not fetched,4096
CHUNK_SAMPLE_POPULATED,info,full-scrolls/Scroll5/PHerc172.volpkg/volumes_zarr/20241024131838.zarr,4,2.3.0,nonzero byte in first 4096B prefix; full chunk not fetched,4096
CHUNK_SAMPLE_POPULATED,info,full-scrolls/Scroll5/PHerc172.volpkg/volumes_zarr/20241024131838.zarr,5,0.0.0,nonzero byte in first 4096B prefix; full chunk not fetched,4096
CHUNK_SAMPLE_POPULATED,info,full-scrolls/Scroll5/PHerc172.volpkg/volumes_zarr/20241024131838.zarr,5,0.1.1,nonzero byte in first 4096B prefix; full chunk not fetched,4096
CHUNK_SAMPLE_POPULATED,info,full-scrolls/Scroll5/PHerc172.volpkg/volumes_zarr/20241024131838.zarr,5,1.1.0,nonzero byte in first 4096B prefix; full chunk not fetched,4096
CHUNK_LEVEL_NO_SAMPLES,info,community-uploads/bruniss/scrolls/s5/surfaces,3,,no chunk keys among 9 spread candidates; sparse level not coverable by spread sampling,0
CHUNK_SAMPLE_POPULATED,info,community-uploads/bruniss/scrolls/s5/surfaces,4,0.0.0,34096/2097152 values differ from fill_value,42952
CHUNK_SAMPLE_POPULATED,info,community-uploads/bruniss/scrolls/s5/surfaces,4,1.0.3,636745/2097152 values differ from fill_value,660831
CHUNK_SAMPLE_POPULATED,info,community-uploads/bruniss/scrolls/s5/surfaces,4,2.1.1,1731857/2097152 values differ from fill_value,1784492
CHUNK_SAMPLE_POPULATED,info,community-uploads/bruniss/scrolls/s5/surfaces,5,0.0.0,971797/2097152 values differ from fill_value,964321
CHUNK_SAMPLE_POPULATED,info,community-uploads/bruniss/scrolls/s5/surfaces,5,1.0.2,113/2097152 values differ from fill_value,845
CHUNK_SAMPLE_POPULATED,info,community-uploads/bruniss/scrolls/s5/surfaces,5,2.1.1,624078/2097152 values differ from fill_value,599618
CHUNK_SAMPLE_POPULATED,info,community-uploads/bruniss/scrolls/s1/surfaces/s1_059_ome.zarr,0,14.7.48,387053/2097152 values differ from fill_value,310954
CHUNK_SAMPLE_POPULATED,info,community-uploads/bruniss/scrolls/s1/surfaces/s1_059_ome.zarr,0,28.15.32,943832/2097152 values differ from fill_value,237879
CHUNK_SAMPLE_POPULATED,info,community-uploads/bruniss/scrolls/s1/surfaces/s1_059_ome.zarr,0,42.23.16,771371/2097152 values differ from fill_value,437008
CHUNK_SAMPLE_POPULATED,info,community-uploads/bruniss/scrolls/s1/surfaces/s1_059_ome.zarr,1,14.7.24,713291/2097152 values differ from fill_value,744741
CHUNK_SAMPLE_POPULATED,info,community-uploads/bruniss/scrolls/s1/surfaces/s1_059_ome.zarr,1,21.11.20,725768/2097152 values differ from fill_value,613420
CHUNK_SAMPLE_POPULATED,info,community-uploads/bruniss/scrolls/s1/surfaces/s1_059_ome.zarr,1,28.15.16,698270/2097152 values differ from fill_value,624709
CHUNK_SAMPLE_POPULATED,info,community-uploads/bruniss/scrolls/s1/surfaces/s1_059_ome.zarr,2,7.4.0,43640/2097152 values differ from fill_value,50788
CHUNK_SAMPLE_POPULATED,info,community-uploads/bruniss/scrolls/s1/surfaces/s1_059_ome.zarr,3,0.0.0,353/2097152 values differ from fill_value,8946
CHUNK_SAMPLE_POPULATED,info,community-uploads/bruniss/scrolls/s1/surfaces/s1_059_ome.zarr,3,7.4.0,137578/2097152 values differ from fill_value,206746
CHUNK_SAMPLE_POPULATED,info,community-uploads/bruniss/scrolls/s1/surfaces/s1_059_ome.zarr,3,9.2.7,221/2097152 values differ from fill_value,8676
CHUNK_SAMPLE_POPULATED,info,community-uploads/bruniss/scrolls/s1/surfaces/s1_059_ome.zarr,4,0.0.0,302948/2097152 values differ from fill_value,456926
CHUNK_SAMPLE_POPULATED,info,community-uploads/bruniss/scrolls/s1/surfaces/s1_059_ome.zarr,4,1.0.0,351424/2097152 values differ from fill_value,524107
CHUNK_SAMPLE_POPULATED,info,community-uploads/bruniss/scrolls/s1/surfaces/s1_059_ome.zarr,4,2.0.0,319621/2097152 values differ from fill_value,454486
CHUNK_SAMPLE_POPULATED,info,community-uploads/bruniss/scrolls/s1/surfaces/s1_059_ome.zarr,5,0.0.0,534470/2097152 values differ from fill_value,782619
CHUNK_SAMPLE_POPULATED,info,community-uploads/bruniss/scrolls/s1/surfaces/s1_059_ome.zarr,5,0.1.0,113824/2097152 values differ from fill_value,171220
CHUNK_SAMPLE_POPULATED,info,community-uploads/bruniss/scrolls/s1/surfaces/s1_059_ome.zarr,5,1.0.0,494571/2097152 values differ from fill_value,700146
CHUNK_LEVEL_NO_SAMPLES,info,community-uploads/bruniss/scrolls/s4/surfaces/s4_059_medial_ome.zarr,0,,no chunk keys among 9 spread candidates; sparse level not coverable by spread sampling,0
CHUNK_SAMPLE_POPULATED,info,community-uploads/bruniss/scrolls/s4/surfaces/s4_059_medial_ome.zarr,1,5.7.0,25480/2097152 values differ from fill_value,11141
CHUNK_SAMPLE_POPULATED,info,community-uploads/bruniss/scrolls/s4/surfaces/s4_059_medial_ome.zarr,1,16.7.0,217877/2097152 values differ from fill_value,49878
CHUNK_SAMPLE_POPULATED,info,community-uploads/bruniss/scrolls/s4/surfaces/s4_059_medial_ome.zarr,2,0.0.0,15/2097152 values differ from fill_value,525
CHUNK_SAMPLE_POPULATED,info,community-uploads/bruniss/scrolls/s4/surfaces/s4_059_medial_ome.zarr,2,2.5.2,476332/2097152 values differ from fill_value,133551
CHUNK_SAMPLE_POPULATED,info,community-uploads/bruniss/scrolls/s4/surfaces/s4_059_medial_ome.zarr,2,5.3.3,571368/2097152 values differ from fill_value,139215
CHUNK_SAMPLE_POPULATED,info,community-uploads/bruniss/scrolls/s4/surfaces/s4_059_medial_ome.zarr,3,0.0.0,90370/2097152 values differ from fill_value,31699
CHUNK_SAMPLE_POPULATED,info,community-uploads/bruniss/scrolls/s4/surfaces/s4_059_medial_ome.zarr,3,1.1.2,712127/2097152 values differ from fill_value,220076
CHUNK_SAMPLE_POPULATED,info,community-uploads/bruniss/scrolls/s4/surfaces/s4_059_medial_ome.zarr,3,4.0.2,451147/2097152 values differ from fill_value,109743
CHUNK_SAMPLE_POPULATED,info,community-uploads/bruniss/scrolls/s4/surfaces/s4_059_medial_ome.zarr,4,0.0.0,584798/2097152 values differ from fill_value,139213
CHUNK_SAMPLE_POPULATED,info,community-uploads/bruniss/scrolls/s4/surfaces/s4_059_medial_ome.zarr,4,0.1.1,139884/2097152 values differ from fill_value,39087
CHUNK_SAMPLE_POPULATED,info,community-uploads/bruniss/scrolls/s4/surfaces/s4_059_medial_ome.zarr,4,1.1.0,604022/2097152 values differ from fill_value,125988
CHUNK_SAMPLE_POPULATED,info,community-uploads/bruniss/scrolls/s4/surfaces/s4_059_medial_ome.zarr,5,0.0.0,642871/2097152 values differ from fill_value,95730
CHUNK_SAMPLE_POPULATED,info,community-uploads/bruniss/scrolls/s4/surfaces/s4_059_medial_ome.zarr,5,1.0.0,737512/2097152 values differ from fill_value,112931
CHUNK_SAMPLE_POPULATED,info,community-uploads/bruniss/scrolls/s4/surfaces/s4_059_medial_ome.zarr,5,2.0.0,465779/2097152 values differ from fill_value,72535
CHUNK_SAMPLE_POPULATED,info,fragments/Frag6/PHerc51Cr4Fr8.volpkg/volumes_zarr/88keV_3.24um_.zarr,0,0.0.0,2097151/2097152 values differ from fill_value,4001280
CHUNK_SAMPLE_POPULATED,info,fragments/Frag6/PHerc51Cr4Fr8.volpkg/volumes_zarr/88keV_3.24um_.zarr,0,8.13.25,2097152/2097152 values differ from fill_value,3945921
CHUNK_SAMPLE_POPULATED,info,fragments/Frag6/PHerc51Cr4Fr8.volpkg/volumes_zarr/88keV_3.24um_.zarr,0,17.9.0,2097151/2097152 values differ from fill_value,3986657
CHUNK_SAMPLE_POPULATED,info,fragments/Frag6/PHerc51Cr4Fr8.volpkg/volumes_zarr/88keV_3.24um_.zarr,1,0.0.0,2097152/2097152 values differ from fill_value,3887408
CHUNK_SAMPLE_POPULATED,info,fragments/Frag6/PHerc51Cr4Fr8.volpkg/volumes_zarr/88keV_3.24um_.zarr,1,4.3.9,2097139/2097152 values differ from fill_value,4070272
CHUNK_SAMPLE_POPULATED,info,fragments/Frag6/PHerc51Cr4Fr8.volpkg/volumes_zarr/88keV_3.24um_.zarr,1,8.6.18,2096853/2097152 values differ from fill_value,4194320
CHUNK_SAMPLE_POPULATED,info,fragments/Frag6/PHerc51Cr4Fr8.volpkg/volumes_zarr/88keV_3.24um_.zarr,2,0.0.0,2097152/2097152 values differ from fill_value,3690220
CHUNK_SAMPLE_POPULATED,info,fragments/Frag6/PHerc51Cr4Fr8.volpkg/volumes_zarr/88keV_3.24um_.zarr,2,2.1.3,2097152/2097152 values differ from fill_value,4032788
CHUNK_SAMPLE_POPULATED,info,fragments/Frag6/PHerc51Cr4Fr8.volpkg/volumes_zarr/88keV_3.24um_.zarr,2,4.2.6,2097152/2097152 values differ from fill_value,4039265
CHUNK_SAMPLE_POPULATED,info,fragments/Frag6/PHerc51Cr4Fr8.volpkg/volumes_zarr/88keV_3.24um_.zarr,3,0.0.0,2097152/2097152 values differ from fill_value,3331769
CHUNK_SAMPLE_POPULATED,info,fragments/Frag6/PHerc51Cr4Fr8.volpkg/volumes_zarr/88keV_3.24um_.zarr,3,1.0.3,2097152/2097152 values differ from fill_value,3648793
CHUNK_SAMPLE_POPULATED,info,fragments/Frag6/PHerc51Cr4Fr8.volpkg/volumes_zarr/88keV_3.24um_.zarr,3,2.0.5,2097152/2097152 values differ from fill_value,3357156
CHUNK_SAMPLE_POPULATED,info,fragments/Frag6/PHerc51Cr4Fr8.volpkg/volumes_zarr/88keV_3.24um_.zarr,4,0.0.0,2097152/2097152 values differ from fill_value,3316579
CHUNK_SAMPLE_POPULATED,info,fragments/Frag6/PHerc51Cr4Fr8.volpkg/volumes_zarr/88keV_3.24um_.zarr,4,0.1.1,229376/2097152 values differ from fill_value,423263
CHUNK_SAMPLE_POPULATED,info,fragments/Frag6/PHerc51Cr4Fr8.volpkg/volumes_zarr/88keV_3.24um_.zarr,4,1.0.2,2097152/2097152 values differ from fill_value,3556202
CHUNK_SAMPLE_POPULATED,info,fragments/Frag6/PHerc51Cr4Fr8.volpkg/volumes_zarr/88keV_3.24um_.zarr,5,0.0.0,1163264/2097152 values differ from fill_value,1990417
CHUNK_SAMPLE_POPULATED,info,fragments/Frag6/PHerc51Cr4Fr8.volpkg/volumes_zarr/88keV_3.24um_.zarr,5,0.0.1,627072/2097152 values differ from fill_value,1098171
CHUNK_SAMPLE_POPULATED,info,fragments/Frag6/PHerc51Cr4Fr8.volpkg/volumes_zarr/88keV_3.24um_.zarr,5,1.0.0,1163264/2097152 values differ from fill_value,1841037
CHUNK_LEVEL_NO_SAMPLES,info,community-uploads/bruniss/labels/surfaces/archive/1-voxel-sheet_slices-closed.zarr,0,,no chunk keys among 9 spread candidates; sparse level not coverable by spread sampling,0
CHUNK_LEVEL_NO_CHUNKS,info,community-uploads/bruniss/labels/surfaces/archive/1-voxel-sheet_slices-closed.zarr,1,,level holds no stored chunks (audit: has_chunks=false; probe: no keys among 9 spread candidates),0
CHUNK_LEVEL_NO_CHUNKS,info,community-uploads/bruniss/labels/surfaces/archive/1-voxel-sheet_slices-closed.zarr,2,,level holds no stored chunks (audit: has_chunks=false; probe: no keys among 9 spread candidates),0
CHUNK_LEVEL_NO_CHUNKS,info,community-uploads/bruniss/labels/surfaces/archive/1-voxel-sheet_slices-closed.zarr,3,,level holds no stored chunks (audit: has_chunks=false; probe: no keys among 9 spread candidates),0
CHUNK_LEVEL_NO_CHUNKS,info,community-uploads/bruniss/labels/surfaces/archive/1-voxel-sheet_slices-closed.zarr,4,,level holds no stored chunks (audit: has_chunks=false; probe: no keys among 9 spread candidates),0
CHUNK_LEVEL_NO_CHUNKS,info,community-uploads/bruniss/labels/surfaces/archive/1-voxel-sheet_slices-closed.zarr,5,,level holds no stored chunks (audit: has_chunks=false; probe: no keys among 9 spread candidates),0
CHUNK_SAMPLE_POPULATED,info,community-uploads/bruniss/labels/surfaces/s4/merged_s4_ome.zarr,0,32.6.20,14877/2097152 values differ from fill_value,34782
CHUNK_SAMPLE_POPULATED,info,community-uploads/bruniss/labels/surfaces/s4/merged_s4_ome.zarr,0,53.20.6,57627/2097152 values differ from fill_value,266573
CHUNK_SAMPLE_POPULATED,info,community-uploads/bruniss/labels/surfaces/s4/merged_s4_ome.zarr,0,64.13.13,39768/2097152 values differ from fill_value,201921
CHUNK_SAMPLE_POPULATED,info,community-uploads/bruniss/labels/surfaces/s4/merged_s4_ome.zarr,1,5.5.3,29098/2097152 values differ from fill_value,158469
CHUNK_SAMPLE_POPULATED,info,community-uploads/bruniss/labels/surfaces/s4/merged_s4_ome.zarr,1,10.10.7,8438/2097152 values differ from fill_value,48363
CHUNK_SAMPLE_POPULATED,info,community-uploads/bruniss/labels/surfaces/s4/merged_s4_ome.zarr,1,32.3.6,27995/2097152 values differ from fill_value,115052
CHUNK_SAMPLE_POPULATED,info,community-uploads/bruniss/labels/surfaces/s4/merged_s4_ome.zarr,2,5.3.3,21131/2097152 values differ from fill_value,120141
CHUNK_SAMPLE_POPULATED,info,community-uploads/bruniss/labels/surfaces/s4/merged_s4_ome.zarr,2,8.1.5,2946/2097152 values differ from fill_value,30389
CHUNK_SAMPLE_POPULATED,info,community-uploads/bruniss/labels/surfaces/s4/merged_s4_ome.zarr,2,13.5.1,14197/2097152 values differ from fill_value,85012
CHUNK_SAMPLE_POPULATED,info,community-uploads/bruniss/labels/surfaces/s4/merged_s4_ome.zarr,3,0.0.0,82/2097152 values differ from fill_value,17345
CHUNK_SAMPLE_POPULATED,info,community-uploads/bruniss/labels/surfaces/s4/merged_s4_ome.zarr,3,1.1.2,30413/2097152 values differ from fill_value,167442
CHUNK_SAMPLE_POPULATED,info,community-uploads/bruniss/labels/surfaces/s4/merged_s4_ome.zarr,3,4.0.2,5238/2097152 values differ from fill_value,42141
CHUNK_SAMPLE_POPULATED,info,community-uploads/bruniss/labels/surfaces/s4/merged_s4_ome.zarr,4,0.0.0,13176/2097152 values differ from fill_value,77765
CHUNK_SAMPLE_POPULATED,info,community-uploads/bruniss/labels/surfaces/s4/merged_s4_ome.zarr,4,0.1.1,1809/2097152 values differ from fill_value,25638
CHUNK_SAMPLE_POPULATED,info,community-uploads/bruniss/labels/surfaces/s4/merged_s4_ome.zarr,4,1.1.0,7986/2097152 values differ from fill_value,53996
CHUNK_SAMPLE_POPULATED,info,community-uploads/bruniss/labels/surfaces/s4/merged_s4_ome.zarr,5,0.0.0,9049/2097152 values differ from fill_value,59370
CHUNK_SAMPLE_POPULATED,info,community-uploads/bruniss/labels/surfaces/s4/merged_s4_ome.zarr,5,1.0.0,9770/2097152 values differ from fill_value,62141
CHUNK_SAMPLE_POPULATED,info,community-uploads/bruniss/labels/surfaces/s4/merged_s4_ome.zarr,5,2.0.0,5915/2097152 values differ from fill_value,44450
CHUNK_LEVEL_NO_SAMPLES,info,community-uploads/bruniss/labels/surfaces/s1/merged_gp_slices_ome.zarr,0,,no chunk keys among 9 spread candidates; sparse level not coverable by spread sampling,0
CHUNK_SAMPLE_POPULATED,info,community-uploads/bruniss/labels/surfaces/s1/merged_gp_slices_ome.zarr,1,40.15.15,77868/2097152 values differ from fill_value,367047
CHUNK_LEVEL_NO_SAMPLES,info,community-uploads/bruniss/labels/surfaces/s1/merged_gp_slices_ome.zarr,2,,no chunk keys among 9 spread candidates; sparse level not coverable by spread sampling,0
CHUNK_LEVEL_NO_SAMPLES,info,community-uploads/bruniss/labels/surfaces/s1/merged_gp_slices_ome.zarr,3,,no chunk keys among 9 spread candidates; sparse level not coverable by spread sampling,0
CHUNK_SAMPLE_POPULATED,info,community-uploads/bruniss/labels/surfaces/s1/merged_gp_slices_ome.zarr,4,4.1.1,41695/2097152 values differ from fill_value,196538
CHUNK_SAMPLE_POPULATED,info,community-uploads/bruniss/labels/surfaces/s1/merged_gp_slices_ome.zarr,5,0.0.0,6225/2097152 values differ from fill_value,42691
CHUNK_SAMPLE_POPULATED,info,community-uploads/bruniss/labels/surfaces/s1/merged_gp_slices_ome.zarr,5,1.0.0,9634/2097152 values differ from fill_value,57971
CHUNK_SAMPLE_POPULATED,info,community-uploads/bruniss/labels/surfaces/s1/merged_gp_slices_ome.zarr,5,1.1.0,810/2097152 values differ from fill_value,20576
CHUNK_SAMPLE_POPULATED,info,full-scrolls/Scroll5/PHerc172.volpkg/volumes_zarr_standardized/53keV_7.91um_Scroll5.zarr,0,0.0.0,688418/2097152 values differ from fill_value,520279
CHUNK_SAMPLE_POPULATED,info,full-scrolls/Scroll5/PHerc172.volpkg/volumes_zarr_standardized/53keV_7.91um_Scroll5.zarr,0,20.33.9,2043906/2097152 values differ from fill_value,1001571
CHUNK_SAMPLE_POPULATED,info,full-scrolls/Scroll5/PHerc172.volpkg/volumes_zarr_standardized/53keV_7.91um_Scroll5.zarr,0,41.13.18,1291102/2097152 values differ from fill_value,928849
CHUNK_SAMPLE_POPULATED,info,full-scrolls/Scroll5/PHerc172.volpkg/volumes_zarr_standardized/53keV_7.91um_Scroll5.zarr,1,0.0.0,1500050/2097152 values differ from fill_value,1245578
CHUNK_SAMPLE_POPULATED,info,full-scrolls/Scroll5/PHerc172.volpkg/volumes_zarr_standardized/53keV_7.91um_Scroll5.zarr,1,10.10.4,2022836/2097152 values differ from fill_value,1853581
CHUNK_SAMPLE_POPULATED,info,full-scrolls/Scroll5/PHerc172.volpkg/volumes_zarr_standardized/53keV_7.91um_Scroll5.zarr,1,20.20.9,1754934/2097152 values differ from fill_value,1595251
CHUNK_SAMPLE_POPULATED,info,full-scrolls/Scroll5/PHerc172.volpkg/volumes_zarr_standardized/53keV_7.91um_Scroll5.zarr,2,0.0.0,2049438/2097152 values differ from fill_value,1377812
CHUNK_SAMPLE_POPULATED,info,full-scrolls/Scroll5/PHerc172.volpkg/volumes_zarr_standardized/53keV_7.91um_Scroll5.zarr,2,5.3.9,2047438/2097152 values differ from fill_value,1806145
CHUNK_SAMPLE_POPULATED,info,full-scrolls/Scroll5/PHerc172.volpkg/volumes_zarr_standardized/53keV_7.91um_Scroll5.zarr,2,10.7.0,2067362/2097152 values differ from fill_value,1431479
CHUNK_SAMPLE_POPULATED,info,full-scrolls/Scroll5/PHerc172.volpkg/volumes_zarr_standardized/53keV_7.91um_Scroll5.zarr,3,0.0.0,2097135/2097152 values differ from fill_value,1196607
CHUNK_SAMPLE_POPULATED,info,full-scrolls/Scroll5/PHerc172.volpkg/volumes_zarr_standardized/53keV_7.91um_Scroll5.zarr,3,2.4.3,2097131/2097152 values differ from fill_value,1698801
CHUNK_SAMPLE_POPULATED,info,full-scrolls/Scroll5/PHerc172.volpkg/volumes_zarr_standardized/53keV_7.91um_Scroll5.zarr,3,5.1.6,2096986/2097152 values differ from fill_value,1790338
CHUNK_SAMPLE_POPULATED,info,full-scrolls/Scroll5/PHerc172.volpkg/volumes_zarr_standardized/53keV_7.91um_Scroll5.zarr,4,0.0.0,2097152/2097152 values differ from fill_value,885766
CHUNK_SAMPLE_POPULATED,info,full-scrolls/Scroll5/PHerc172.volpkg/volumes_zarr_standardized/53keV_7.91um_Scroll5.zarr,4,1.1.2,2097151/2097152 values differ from fill_value,1685528
CHUNK_SAMPLE_POPULATED,info,full-scrolls/Scroll5/PHerc172.volpkg/volumes_zarr_standardized/53keV_7.91um_Scroll5.zarr,4,2.3.0,573440/2097152 values differ from fill_value,240114
CHUNK_SAMPLE_POPULATED,info,full-scrolls/Scroll5/PHerc172.volpkg/volumes_zarr_standardized/53keV_7.91um_Scroll5.zarr,5,0.0.0,2097152/2097152 values differ from fill_value,1337249
CHUNK_SAMPLE_POPULATED,info,full-scrolls/Scroll5/PHerc172.volpkg/volumes_zarr_standardized/53keV_7.91um_Scroll5.zarr,5,0.1.1,1343488/2097152 values differ from fill_value,847901
CHUNK_SAMPLE_POPULATED,info,full-scrolls/Scroll5/PHerc172.volpkg/volumes_zarr_standardized/53keV_7.91um_Scroll5.zarr,5,1.1.0,1343488/2097152 values differ from fill_value,612792
CHUNK_SAMPLE_POPULATED,info,community-uploads/bruniss/scrolls/s5/3d_ink/s5_3d_ink_05222025.zarr,0,41.13.18,950879/2097152 values differ from fill_value,908561
CHUNK_SAMPLE_POPULATED,info,community-uploads/bruniss/scrolls/s5/3d_ink/s5_3d_ink_05222025.zarr,0,82.26.36,1186190/2097152 values differ from fill_value,956780
CHUNK_SAMPLE_POPULATED,info,community-uploads/bruniss/scrolls/s5/3d_ink/s5_3d_ink_05222025.zarr,0,123.39.53,969897/2097152 values differ from fill_value,907703
CHUNK_SAMPLE_POPULATED,info,community-uploads/bruniss/scrolls/s5/3d_ink/s5_3d_ink_05222025.zarr,1,31.3.13,1168863/2097152 values differ from fill_value,1054844
CHUNK_SAMPLE_POPULATED,info,community-uploads/bruniss/scrolls/s5/3d_ink/s5_3d_ink_05222025.zarr,1,41.13.18,1085893/2097152 values differ from fill_value,1048824
CHUNK_SAMPLE_POPULATED,info,community-uploads/bruniss/scrolls/s5/3d_ink/s5_3d_ink_05222025.zarr,1,51.23.22,1150041/2097152 values differ from fill_value,1009583
CHUNK_SAMPLE_POPULATED,info,community-uploads/bruniss/scrolls/s5/3d_ink/s5_3d_ink_05222025.zarr,2,5.3.9,1290268/2097152 values differ from fill_value,1179104
CHUNK_SAMPLE_POPULATED,info,community-uploads/bruniss/scrolls/s5/3d_ink/s5_3d_ink_05222025.zarr,2,15.10.9,1295001/2097152 values differ from fill_value,1145461
CHUNK_SAMPLE_POPULATED,info,community-uploads/bruniss/scrolls/s5/3d_ink/s5_3d_ink_05222025.zarr,2,26.3.8,1652106/2097152 values differ from fill_value,1410851
CHUNK_SAMPLE_POPULATED,info,community-uploads/bruniss/scrolls/s5/3d_ink/s5_3d_ink_05222025.zarr,3,2.4.3,1346842/2097152 values differ from fill_value,1328404
CHUNK_SAMPLE_POPULATED,info,community-uploads/bruniss/scrolls/s5/3d_ink/s5_3d_ink_05222025.zarr,3,5.1.6,1697002/2097152 values differ from fill_value,1510968
CHUNK_SAMPLE_POPULATED,info,community-uploads/bruniss/scrolls/s5/3d_ink/s5_3d_ink_05222025.zarr,3,10.3.4,1516862/2097152 values differ from fill_value,1424000
CHUNK_SAMPLE_POPULATED,info,community-uploads/bruniss/scrolls/s5/3d_ink/s5_3d_ink_05222025.zarr,4,0.0.0,90614/2097152 values differ from fill_value,84537
CHUNK_SAMPLE_POPULATED,info,community-uploads/bruniss/scrolls/s5/3d_ink/s5_3d_ink_05222025.zarr,4,1.1.2,1694658/2097152 values differ from fill_value,1526011
CHUNK_SAMPLE_POPULATED,info,community-uploads/bruniss/scrolls/s5/3d_ink/s5_3d_ink_05222025.zarr,4,4.0.2,1450809/2097152 values differ from fill_value,1180070
CHUNK_SAMPLE_POPULATED,info,community-uploads/bruniss/scrolls/s5/3d_ink/s5_3d_ink_05222025.zarr,5,0.0.0,1065949/2097152 values differ from fill_value,832286
CHUNK_SAMPLE_POPULATED,info,community-uploads/bruniss/scrolls/s5/3d_ink/s5_3d_ink_05222025.zarr,5,0.1.1,564545/2097152 values differ from fill_value,442576
CHUNK_SAMPLE_POPULATED,info,community-uploads/bruniss/scrolls/s5/3d_ink/s5_3d_ink_05222025.zarr,5,1.1.0,271292/2097152 values differ from fill_value,225380
CHUNK_SAMPLE_POPULATED,info,other/dev/scrolls/1b/volumes/54keV_7.91um.zarr,0,10.23.16,612810/2097152 values differ from fill_value,385800
CHUNK_SAMPLE_POPULATED,info,other/dev/scrolls/1b/volumes/54keV_7.91um.zarr,0,20.46.32,1855539/2097152 values differ from fill_value,844361
CHUNK_SAMPLE_POPULATED,info,other/dev/scrolls/1b/volumes/54keV_7.91um.zarr,0,31.7.48,1949419/2097152 values differ from fill_value,821739
CHUNK_SAMPLE_POPULATED,info,other/dev/scrolls/1b/volumes/54keV_7.91um.zarr,1,5.7.25,1565006/2097152 values differ from fill_value,1623564
CHUNK_SAMPLE_POPULATED,info,other/dev/scrolls/1b/volumes/54keV_7.91um.zarr,1,10.15.16,1623704/2097152 values differ from fill_value,1629439
CHUNK_SAMPLE_POPULATED,info,other/dev/scrolls/1b/volumes/54keV_7.91um.zarr,1,15.23.8,1076897/2097152 values differ from fill_value,1090830
CHUNK_SAMPLE_POPULATED,info,other/dev/scrolls/1b/volumes/54keV_7.91um.zarr,2,2.10.0,1751055/2097152 values differ from fill_value,1602869
CHUNK_SAMPLE_POPULATED,info,other/dev/scrolls/1b/volumes/54keV_7.91um.zarr,2,5.4.0,437206/2097152 values differ from fill_value,471016
CHUNK_SAMPLE_POPULATED,info,other/dev/scrolls/1b/volumes/54keV_7.91um.zarr,2,10.8.0,1331316/2097152 values differ from fill_value,1263436
CHUNK_SAMPLE_POPULATED,info,other/dev/scrolls/1b/volumes/54keV_7.91um.zarr,3,0.0.0,781106/2097152 values differ from fill_value,613800
CHUNK_SAMPLE_POPULATED,info,other/dev/scrolls/1b/volumes/54keV_7.91um.zarr,3,1.3.0,1779416/2097152 values differ from fill_value,1489638
CHUNK_SAMPLE_POPULATED,info,other/dev/scrolls/1b/volumes/54keV_7.91um.zarr,3,2.6.0,727484/2097152 values differ from fill_value,580665
CHUNK_SAMPLE_POPULATED,info,other/dev/scrolls/1b/volumes/54keV_7.91um.zarr,4,0.0.0,1238914/2097152 values differ from fill_value,606998
CHUNK_SAMPLE_POPULATED,info,other/dev/scrolls/1b/volumes/54keV_7.91um.zarr,4,0.3.0,1257144/2097152 values differ from fill_value,973612
CHUNK_SAMPLE_POPULATED,info,other/dev/scrolls/1b/volumes/54keV_7.91um.zarr,4,1.2.0,1617245/2097152 values differ from fill_value,1391172
CHUNK_SAMPLE_POPULATED,info,other/dev/scrolls/1b/volumes/54keV_7.91um.zarr,5,0.0.0,1600536/2097152 values differ from fill_value,1226127
CHUNK_SAMPLE_POPULATED,info,other/dev/scrolls/1b/volumes/54keV_7.91um.zarr,5,0.0.2,31744/2097152 values differ from fill_value,30524
CHUNK_SAMPLE_POPULATED,info,other/dev/scrolls/1b/volumes/54keV_7.91um.zarr,5,0.1.1,1521239/2097152 values differ from fill_value,1242105
CHUNK_LEVEL_NO_SAMPLES,info,community-uploads/bruniss/scrolls/s1/surfaces/full_scroll/mask-2ext-surface-evenmore_ome.zarr,0,,no chunk keys among 9 spread candidates; sparse level not coverable by spread sampling,0
CHUNK_LEVEL_NO_SAMPLES,info,community-uploads/bruniss/scrolls/s1/surfaces/full_scroll/mask-2ext-surface-evenmore_ome.zarr,1,,no chunk keys among 9 spread candidates; sparse level not coverable by spread sampling,0
CHUNK_LEVEL_NO_SAMPLES,info,community-uploads/bruniss/scrolls/s1/surfaces/full_scroll/mask-2ext-surface-evenmore_ome.zarr,2,,no chunk keys among 9 spread candidates; sparse level not coverable by spread sampling,0
CHUNK_LEVEL_NO_SAMPLES,info,community-uploads/bruniss/scrolls/s1/surfaces/full_scroll/mask-2ext-surface-evenmore_ome.zarr,3,,no chunk keys among 9 spread candidates; sparse level not coverable by spread sampling,0
CHUNK_SAMPLE_POPULATED,info,community-uploads/bruniss/scrolls/s1/surfaces/full_scroll/mask-2ext-surface-evenmore_ome.zarr,4,0.0.0,292/2097152 values differ from fill_value,2101248
CHUNK_SAMPLE_POPULATED,info,community-uploads/bruniss/scrolls/s1/surfaces/full_scroll/mask-2ext-surface-evenmore_ome.zarr,4,1.0.0,753/2097152 values differ from fill_value,2101248
CHUNK_SAMPLE_POPULATED,info,community-uploads/bruniss/scrolls/s1/surfaces/full_scroll/mask-2ext-surface-evenmore_ome.zarr,4,2.0.0,824/2097152 values differ from fill_value,2101248
CHUNK_SAMPLE_POPULATED,info,community-uploads/bruniss/scrolls/s1/surfaces/full_scroll/mask-2ext-surface-evenmore_ome.zarr,5,0.0.0,317816/2097152 values differ from fill_value,2101248
CHUNK_SAMPLE_POPULATED,info,community-uploads/bruniss/scrolls/s1/surfaces/full_scroll/mask-2ext-surface-evenmore_ome.zarr,5,1.0.0,470453/2097152 values differ from fill_value,2101248
CHUNK_SAMPLE_POPULATED,info,community-uploads/bruniss/scrolls/s1/surfaces/full_scroll/mask-2ext-surface-evenmore_ome.zarr,5,1.1.0,67869/2097152 values differ from fill_value,2101248
CHUNK_LEVEL_NO_SAMPLES,info,community-uploads/bruniss/scrolls/s1/fibers_3d/gp_only/old/mask-fiber-only_ome.zarr,0,,no chunk keys among 9 spread candidates; sparse level not coverable by spread sampling,0
CHUNK_LEVEL_NO_SAMPLES,info,community-uploads/bruniss/scrolls/s1/fibers_3d/gp_only/old/mask-fiber-only_ome.zarr,1,,no chunk keys among 9 spread candidates; sparse level not coverable by spread sampling,0
CHUNK_LEVEL_NO_SAMPLES,info,community-uploads/bruniss/scrolls/s1/fibers_3d/gp_only/old/mask-fiber-only_ome.zarr,2,,no chunk keys among 9 spread candidates; sparse level not coverable by spread sampling,0
CHUNK_LEVEL_NO_SAMPLES,info,community-uploads/bruniss/scrolls/s1/fibers_3d/gp_only/old/mask-fiber-only_ome.zarr,3,,no chunk keys among 9 spread candidates; sparse level not coverable by spread sampling,0
CHUNK_SAMPLE_POPULATED,info,community-uploads/bruniss/scrolls/s1/fibers_3d/gp_only/old/mask-fiber-only_ome.zarr,4,0.0.0,122/2097152 values differ from fill_value,2101248
CHUNK_SAMPLE_POPULATED,info,community-uploads/bruniss/scrolls/s1/fibers_3d/gp_only/old/mask-fiber-only_ome.zarr,4,1.0.0,288/2097152 values differ from fill_value,2101248
CHUNK_SAMPLE_POPULATED,info,community-uploads/bruniss/scrolls/s1/fibers_3d/gp_only/old/mask-fiber-only_ome.zarr,4,2.0.0,417/2097152 values differ from fill_value,2101248
CHUNK_SAMPLE_POPULATED,info,community-uploads/bruniss/scrolls/s1/fibers_3d/gp_only/old/mask-fiber-only_ome.zarr,5,0.0.0,297692/2097152 values differ from fill_value,2101248
CHUNK_SAMPLE_POPULATED,info,community-uploads/bruniss/scrolls/s1/fibers_3d/gp_only/old/mask-fiber-only_ome.zarr,5,1.0.0,431044/2097152 values differ from fill_value,2101248
CHUNK_SAMPLE_POPULATED,info,community-uploads/bruniss/scrolls/s1/fibers_3d/gp_only/old/mask-fiber-only_ome.zarr,5,1.1.0,59360/2097152 values differ from fill_value,2101248
CHUNK_SAMPLE_POPULATED,info,other/dev/scrolls/2c/volumes/88keV_7.91um.zarr,0,0.0.0,190898/2097152 values differ from fill_value,257534
CHUNK_SAMPLE_POPULATED,info,other/dev/scrolls/2c/volumes/88keV_7.91um.zarr,0,1.41.76,1974110/2097152 values differ from fill_value,1596710
CHUNK_SAMPLE_POPULATED,info,other/dev/scrolls/2c/volumes/88keV_7.91um.zarr,0,3.16.65,1974015/2097152 values differ from fill_value,1598186
CHUNK_SAMPLE_POPULATED,info,other/dev/scrolls/2c/volumes/88keV_7.91um.zarr,1,0.0.0,420652/2097152 values differ from fill_value,602557
CHUNK_SAMPLE_POPULATED,info,other/dev/scrolls/2c/volumes/88keV_7.91um.zarr,1,0.29.33,569266/2097152 values differ from fill_value,673872
CHUNK_SAMPLE_POPULATED,info,other/dev/scrolls/2c/volumes/88keV_7.91um.zarr,1,1.25.22,2071043/2097152 values differ from fill_value,1953238
CHUNK_SAMPLE_POPULATED,info,other/dev/scrolls/2c/volumes/88keV_7.91um.zarr,2,0.0.0,507081/2097152 values differ from fill_value,699209
CHUNK_SAMPLE_POPULATED,info,other/dev/scrolls/2c/volumes/88keV_7.91um.zarr,2,0.8.11,2067559/2097152 values differ from fill_value,1976425
CHUNK_SAMPLE_POPULATED,info,other/dev/scrolls/2c/volumes/88keV_7.91um.zarr,2,1.0.0,492803/2097152 values differ from fill_value,699159
CHUNK_SAMPLE_POPULATED,info,other/dev/scrolls/2c/volumes/88keV_7.91um.zarr,3,0.0.0,697282/2097152 values differ from fill_value,880788
CHUNK_SAMPLE_POPULATED,info,other/dev/scrolls/2c/volumes/88keV_7.91um.zarr,3,0.2.3,1952226/2097152 values differ from fill_value,1835060
CHUNK_SAMPLE_POPULATED,info,other/dev/scrolls/2c/volumes/88keV_7.91um.zarr,3,0.4.5,2088171/2097152 values differ from fill_value,1859858
CHUNK_SAMPLE_POPULATED,info,other/dev/scrolls/2c/volumes/88keV_7.91um.zarr,4,0.0.0,885135/2097152 values differ from fill_value,979774
CHUNK_SAMPLE_POPULATED,info,other/dev/scrolls/2c/volumes/88keV_7.91um.zarr,4,0.0.4,1150231/2097152 values differ from fill_value,1189263
CHUNK_SAMPLE_POPULATED,info,other/dev/scrolls/2c/volumes/88keV_7.91um.zarr,4,0.1.1,1605703/2097152 values differ from fill_value,1469293
CHUNK_SAMPLE_POPULATED,info,other/dev/scrolls/2c/volumes/88keV_7.91um.zarr,5,0.0.0,652152/2097152 values differ from fill_value,654032
CHUNK_SAMPLE_POPULATED,info,other/dev/scrolls/2c/volumes/88keV_7.91um.zarr,5,0.0.1,736418/2097152 values differ from fill_value,667764
CHUNK_SAMPLE_POPULATED,info,other/dev/scrolls/2c/volumes/88keV_7.91um.zarr,5,0.0.2,490410/2097152 values differ from fill_value,523777
CHUNK_LEVEL_NO_SAMPLES,info,community-uploads/bruniss/scrolls/s1/fibers_3d/gp_only/old/mask-hz-only_ome.zarr,0,,no chunk keys among 9 spread candidates; sparse level not coverable by spread sampling,0
CHUNK_LEVEL_NO_SAMPLES,info,community-uploads/bruniss/scrolls/s1/fibers_3d/gp_only/old/mask-hz-only_ome.zarr,1,,no chunk keys among 9 spread candidates; sparse level not coverable by spread sampling,0
CHUNK_LEVEL_NO_SAMPLES,info,community-uploads/bruniss/scrolls/s1/fibers_3d/gp_only/old/mask-hz-only_ome.zarr,2,,no chunk keys among 9 spread candidates; sparse level not coverable by spread sampling,0
CHUNK_LEVEL_NO_SAMPLES,info,community-uploads/bruniss/scrolls/s1/fibers_3d/gp_only/old/mask-hz-only_ome.zarr,3,,no chunk keys among 9 spread candidates; sparse level not coverable by spread sampling,0
CHUNK_SAMPLE_POPULATED,info,community-uploads/bruniss/scrolls/s1/fibers_3d/gp_only/old/mask-hz-only_ome.zarr,4,0.0.0,101/2097152 values differ from fill_value,2101248
CHUNK_SAMPLE_POPULATED,info,community-uploads/bruniss/scrolls/s1/fibers_3d/gp_only/old/mask-hz-only_ome.zarr,4,1.0.0,228/2097152 values differ from fill_value,2101248
CHUNK_SAMPLE_POPULATED,info,community-uploads/bruniss/scrolls/s1/fibers_3d/gp_only/old/mask-hz-only_ome.zarr,4,2.0.0,277/2097152 values differ from fill_value,2101248
CHUNK_SAMPLE_POPULATED,info,community-uploads/bruniss/scrolls/s1/fibers_3d/gp_only/old/mask-hz-only_ome.zarr,5,0.0.0,258406/2097152 values differ from fill_value,2101248
CHUNK_SAMPLE_POPULATED,info,community-uploads/bruniss/scrolls/s1/fibers_3d/gp_only/old/mask-hz-only_ome.zarr,5,1.0.0,357374/2097152 values differ from fill_value,2101248
CHUNK_SAMPLE_POPULATED,info,community-uploads/bruniss/scrolls/s1/fibers_3d/gp_only/old/mask-hz-only_ome.zarr,5,1.1.0,49143/2097152 values differ from fill_value,2101248
CHUNK_SAMPLE_POPULATED,info,other/dev/scrolls/2b/volumes/54keV_7.91um.zarr,0,6.33.0,1049658/2097152 values differ from fill_value,1064079
CHUNK_SAMPLE_POPULATED,info,other/dev/scrolls/2b/volumes/54keV_7.91um.zarr,0,19.33.0,1595147/2097152 values differ from fill_value,1353604
CHUNK_SAMPLE_POPULATED,info,other/dev/scrolls/2b/volumes/54keV_7.91um.zarr,0,32.32.88,242498/2097152 values differ from fill_value,270454
CHUNK_SAMPLE_POPULATED,info,other/dev/scrolls/2b/volumes/54keV_7.91um.zarr,1,0.0.0,125961/2097152 values differ from fill_value,170370
CHUNK_SAMPLE_POPULATED,info,other/dev/scrolls/2b/volumes/54keV_7.91um.zarr,1,3.8.11,716039/2097152 values differ from fill_value,747793
CHUNK_SAMPLE_POPULATED,info,other/dev/scrolls/2b/volumes/54keV_7.91um.zarr,1,6.16.22,1957516/2097152 values differ from fill_value,1861626
CHUNK_SAMPLE_POPULATED,info,other/dev/scrolls/2b/volumes/54keV_7.91um.zarr,2,0.0.0,1111243/2097152 values differ from fill_value,919716
CHUNK_SAMPLE_POPULATED,info,other/dev/scrolls/2b/volumes/54keV_7.91um.zarr,2,1.10.14,1698246/2097152 values differ from fill_value,1553736
CHUNK_SAMPLE_POPULATED,info,other/dev/scrolls/2b/volumes/54keV_7.91um.zarr,2,3.4.5,1457288/2097152 values differ from fill_value,1355319
CHUNK_SAMPLE_POPULATED,info,other/dev/scrolls/2b/volumes/54keV_7.91um.zarr,3,0.0.0,1877021/2097152 values differ from fill_value,1209150
CHUNK_SAMPLE_POPULATED,info,other/dev/scrolls/2b/volumes/54keV_7.91um.zarr,3,0.7.10,2047442/2097152 values differ from fill_value,1530176
CHUNK_SAMPLE_POPULATED,info,other/dev/scrolls/2b/volumes/54keV_7.91um.zarr,3,1.6.9,1996297/2097152 values differ from fill_value,1480474
CHUNK_SAMPLE_POPULATED,info,other/dev/scrolls/2b/volumes/54keV_7.91um.zarr,4,0.0.0,2060538/2097152 values differ from fill_value,1437871
CHUNK_SAMPLE_POPULATED,info,other/dev/scrolls/2b/volumes/54keV_7.91um.zarr,4,0.2.3,2081087/2097152 values differ from fill_value,1675941
CHUNK_SAMPLE_POPULATED,info,other/dev/scrolls/2b/volumes/54keV_7.91um.zarr,4,1.0.0,2059157/2097152 values differ from fill_value,1427536
CHUNK_SAMPLE_POPULATED,info,other/dev/scrolls/2b/volumes/54keV_7.91um.zarr,5,0.0.0,2088588/2097152 values differ from fill_value,1617109
CHUNK_SAMPLE_POPULATED,info,other/dev/scrolls/2b/volumes/54keV_7.91um.zarr,5,0.0.2,1517140/2097152 values differ from fill_value,1216269
CHUNK_SAMPLE_POPULATED,info,other/dev/scrolls/2b/volumes/54keV_7.91um.zarr,5,0.1.1,2091169/2097152 values differ from fill_value,1722187
CHUNK_LEVEL_NO_SAMPLES,info,community-uploads/bruniss/scrolls/s1/surfaces/full_scroll/mask-2ext-surface_erode_evenmore_ome.zarr,0,,no chunk keys among 9 spread candidates; sparse level not coverable by spread sampling,0
CHUNK_LEVEL_NO_SAMPLES,info,community-uploads/bruniss/scrolls/s1/surfaces/full_scroll/mask-2ext-surface_erode_evenmore_ome.zarr,1,,no chunk keys among 9 spread candidates; sparse level not coverable by spread sampling,0
CHUNK_LEVEL_NO_SAMPLES,info,community-uploads/bruniss/scrolls/s1/surfaces/full_scroll/mask-2ext-surface_erode_evenmore_ome.zarr,2,,no chunk keys among 9 spread candidates; sparse level not coverable by spread sampling,0
CHUNK_LEVEL_NO_SAMPLES,info,community-uploads/bruniss/scrolls/s1/surfaces/full_scroll/mask-2ext-surface_erode_evenmore_ome.zarr,3,,no chunk keys among 9 spread candidates; sparse level not coverable by spread sampling,0
CHUNK_SAMPLE_POPULATED,info,community-uploads/bruniss/scrolls/s1/surfaces/full_scroll/mask-2ext-surface_erode_evenmore_ome.zarr,4,0.0.0,174/2097152 values differ from fill_value,2101248
CHUNK_SAMPLE_POPULATED,info,community-uploads/bruniss/scrolls/s1/surfaces/full_scroll/mask-2ext-surface_erode_evenmore_ome.zarr,4,1.0.0,445/2097152 values differ from fill_value,2101248
CHUNK_SAMPLE_POPULATED,info,community-uploads/bruniss/scrolls/s1/surfaces/full_scroll/mask-2ext-surface_erode_evenmore_ome.zarr,4,2.0.0,544/2097152 values differ from fill_value,2101248
CHUNK_SAMPLE_POPULATED,info,community-uploads/bruniss/scrolls/s1/surfaces/full_scroll/mask-2ext-surface_erode_evenmore_ome.zarr,5,0.0.0,259098/2097152 values differ from fill_value,2101248
CHUNK_SAMPLE_POPULATED,info,community-uploads/bruniss/scrolls/s1/surfaces/full_scroll/mask-2ext-surface_erode_evenmore_ome.zarr,5,1.0.0,403418/2097152 values differ from fill_value,2101248
CHUNK_SAMPLE_POPULATED,info,community-uploads/bruniss/scrolls/s1/surfaces/full_scroll/mask-2ext-surface_erode_evenmore_ome.zarr,5,1.1.0,63435/2097152 values differ from fill_value,2101248
CHUNK_LEVEL_NO_SAMPLES,info,community-uploads/bruniss/scrolls/s1/surfaces/gp_only/old/mask-2ext-surface-erode_ome.zarr,0,,no chunk keys among 9 spread candidates; sparse level not coverable by spread sampling,0
CHUNK_LEVEL_NO_SAMPLES,info,community-uploads/bruniss/scrolls/s1/surfaces/gp_only/old/mask-2ext-surface-erode_ome.zarr,1,,no chunk keys among 9 spread candidates; sparse level not coverable by spread sampling,0
CHUNK_LEVEL_NO_SAMPLES,info,community-uploads/bruniss/scrolls/s1/surfaces/gp_only/old/mask-2ext-surface-erode_ome.zarr,2,,no chunk keys among 9 spread candidates; sparse level not coverable by spread sampling,0
CHUNK_LEVEL_NO_SAMPLES,info,community-uploads/bruniss/scrolls/s1/surfaces/gp_only/old/mask-2ext-surface-erode_ome.zarr,3,,no chunk keys among 9 spread candidates; sparse level not coverable by spread sampling,0
CHUNK_SAMPLE_POPULATED,info,community-uploads/bruniss/scrolls/s1/surfaces/gp_only/old/mask-2ext-surface-erode_ome.zarr,4,0.0.0,152/2097152 values differ from fill_value,2101248
CHUNK_SAMPLE_POPULATED,info,community-uploads/bruniss/scrolls/s1/surfaces/gp_only/old/mask-2ext-surface-erode_ome.zarr,4,1.0.0,334/2097152 values differ from fill_value,2101248
CHUNK_SAMPLE_POPULATED,info,community-uploads/bruniss/scrolls/s1/surfaces/gp_only/old/mask-2ext-surface-erode_ome.zarr,4,2.0.0,489/2097152 values differ from fill_value,2101248
CHUNK_SAMPLE_POPULATED,info,community-uploads/bruniss/scrolls/s1/surfaces/gp_only/old/mask-2ext-surface-erode_ome.zarr,5,0.0.0,242579/2097152 values differ from fill_value,2101248
CHUNK_SAMPLE_POPULATED,info,community-uploads/bruniss/scrolls/s1/surfaces/gp_only/old/mask-2ext-surface-erode_ome.zarr,5,1.0.0,382120/2097152 values differ from fill_value,2101248
CHUNK_SAMPLE_POPULATED,info,community-uploads/bruniss/scrolls/s1/surfaces/gp_only/old/mask-2ext-surface-erode_ome.zarr,5,1.1.0,60338/2097152 values differ from fill_value,2101248
CHUNK_SAMPLE_POPULATED,info,full-scrolls/Scroll5/PHerc172.volpkg/representations/predictions/fibers/20250801195441-Dataset004_sk-fibers_binary-20250728_v00,0,41.13.18,102088/2097152 values differ from fill_value,26535
CHUNK_SAMPLE_POPULATED,info,full-scrolls/Scroll5/PHerc172.volpkg/representations/predictions/fibers/20250801195441-Dataset004_sk-fibers_binary-20250728_v00,0,82.26.36,46440/2097152 values differ from fill_value,13170
CHUNK_SAMPLE_POPULATED,info,full-scrolls/Scroll5/PHerc172.volpkg/representations/predictions/fibers/20250801195441-Dataset004_sk-fibers_binary-20250728_v00,0,123.39.53,98464/2097152 values differ from fill_value,25099
CHUNK_SAMPLE_POPULATED,info,full-scrolls/Scroll5/PHerc172.volpkg/representations/predictions/fibers/20250801195441-Dataset004_sk-fibers_binary-20250728_v00,1,31.3.13,127793/2097152 values differ from fill_value,63750
CHUNK_SAMPLE_POPULATED,info,full-scrolls/Scroll5/PHerc172.volpkg/representations/predictions/fibers/20250801195441-Dataset004_sk-fibers_binary-20250728_v00,1,41.13.18,58297/2097152 values differ from fill_value,31323
CHUNK_SAMPLE_POPULATED,info,full-scrolls/Scroll5/PHerc172.volpkg/representations/predictions/fibers/20250801195441-Dataset004_sk-fibers_binary-20250728_v00,1,51.23.22,139666/2097152 values differ from fill_value,64804
CHUNK_SAMPLE_POPULATED,info,full-scrolls/Scroll5/PHerc172.volpkg/representations/predictions/fibers/20250801195441-Dataset004_sk-fibers_binary-20250728_v00,2,5.3.9,206903/2097152 values differ from fill_value,123807
CHUNK_SAMPLE_POPULATED,info,full-scrolls/Scroll5/PHerc172.volpkg/representations/predictions/fibers/20250801195441-Dataset004_sk-fibers_binary-20250728_v00,2,15.10.9,229068/2097152 values differ from fill_value,127435
CHUNK_SAMPLE_POPULATED,info,full-scrolls/Scroll5/PHerc172.volpkg/representations/predictions/fibers/20250801195441-Dataset004_sk-fibers_binary-20250728_v00,2,26.3.8,220932/2097152 values differ from fill_value,123287
CHUNK_SAMPLE_POPULATED,info,full-scrolls/Scroll5/PHerc172.volpkg/representations/predictions/fibers/20250801195441-Dataset004_sk-fibers_binary-20250728_v00,3,2.4.3,389112/2097152 values differ from fill_value,233809
CHUNK_SAMPLE_POPULATED,info,full-scrolls/Scroll5/PHerc172.volpkg/representations/predictions/fibers/20250801195441-Dataset004_sk-fibers_binary-20250728_v00,3,5.1.6,348156/2097152 values differ from fill_value,205046
CHUNK_SAMPLE_POPULATED,info,full-scrolls/Scroll5/PHerc172.volpkg/representations/predictions/fibers/20250801195441-Dataset004_sk-fibers_binary-20250728_v00,3,10.3.4,322711/2097152 values differ from fill_value,205625
CHUNK_SAMPLE_POPULATED,info,full-scrolls/Scroll5/PHerc172.volpkg/representations/predictions/fibers/20250801195441-Dataset004_sk-fibers_binary-20250728_v00,4,0.0.0,14213/2097152 values differ from fill_value,11559
CHUNK_SAMPLE_POPULATED,info,full-scrolls/Scroll5/PHerc172.volpkg/representations/predictions/fibers/20250801195441-Dataset004_sk-fibers_binary-20250728_v00,4,1.1.2,871248/2097152 values differ from fill_value,349590
CHUNK_SAMPLE_POPULATED,info,full-scrolls/Scroll5/PHerc172.volpkg/representations/predictions/fibers/20250801195441-Dataset004_sk-fibers_binary-20250728_v00,4,4.0.2,636993/2097152 values differ from fill_value,235360
CHUNK_SAMPLE_POPULATED,info,full-scrolls/Scroll5/PHerc172.volpkg/representations/predictions/fibers/20250801195441-Dataset004_sk-fibers_binary-20250728_v00,5,0.0.0,747326/2097152 values differ from fill_value,184633
CHUNK_SAMPLE_POPULATED,info,full-scrolls/Scroll5/PHerc172.volpkg/representations/predictions/fibers/20250801195441-Dataset004_sk-fibers_binary-20250728_v00,5,0.1.1,488077/2097152 values differ from fill_value,103834
CHUNK_SAMPLE_POPULATED,info,full-scrolls/Scroll5/PHerc172.volpkg/representations/predictions/fibers/20250801195441-Dataset004_sk-fibers_binary-20250728_v00,5,1.1.0,208356/2097152 values differ from fill_value,55697
CHUNK_LEVEL_NO_SAMPLES,info,community-uploads/bruniss/scrolls/s1/surfaces/gp_only/old/mask-2ext-surface_ome.zarr,0,,no chunk keys among 9 spread candidates; sparse level not coverable by spread sampling,0
CHUNK_LEVEL_NO_SAMPLES,info,community-uploads/bruniss/scrolls/s1/surfaces/gp_only/old/mask-2ext-surface_ome.zarr,1,,no chunk keys among 9 spread candidates; sparse level not coverable by spread sampling,0
CHUNK_LEVEL_NO_SAMPLES,info,community-uploads/bruniss/scrolls/s1/surfaces/gp_only/old/mask-2ext-surface_ome.zarr,2,,no chunk keys among 9 spread candidates; sparse level not coverable by spread sampling,0
CHUNK_LEVEL_NO_SAMPLES,info,community-uploads/bruniss/scrolls/s1/surfaces/gp_only/old/mask-2ext-surface_ome.zarr,3,,no chunk keys among 9 spread candidates; sparse level not coverable by spread sampling,0
CHUNK_SAMPLE_POPULATED,info,community-uploads/bruniss/scrolls/s1/surfaces/gp_only/old/mask-2ext-surface_ome.zarr,4,0.0.0,283/2097152 values differ from fill_value,2101248
CHUNK_SAMPLE_POPULATED,info,community-uploads/bruniss/scrolls/s1/surfaces/gp_only/old/mask-2ext-surface_ome.zarr,4,1.0.0,707/2097152 values differ from fill_value,2101248
CHUNK_SAMPLE_POPULATED,info,community-uploads/bruniss/scrolls/s1/surfaces/gp_only/old/mask-2ext-surface_ome.zarr,4,2.0.0,776/2097152 values differ from fill_value,2101248
CHUNK_SAMPLE_POPULATED,info,community-uploads/bruniss/scrolls/s1/surfaces/gp_only/old/mask-2ext-surface_ome.zarr,5,0.0.0,321585/2097152 values differ from fill_value,2101248
CHUNK_SAMPLE_POPULATED,info,community-uploads/bruniss/scrolls/s1/surfaces/gp_only/old/mask-2ext-surface_ome.zarr,5,1.0.0,471924/2097152 values differ from fill_value,2101248
CHUNK_SAMPLE_POPULATED,info,community-uploads/bruniss/scrolls/s1/surfaces/gp_only/old/mask-2ext-surface_ome.zarr,5,1.1.0,67468/2097152 values differ from fill_value,2101248
CHUNK_LEVEL_NO_SAMPLES,info,community-uploads/bruniss/scrolls/s1/surfaces/gp_only/old/surface2xt-updated_ome.zarr,0,,no chunk keys among 9 spread candidates; sparse level not coverable by spread sampling,0
CHUNK_LEVEL_NO_SAMPLES,info,community-uploads/bruniss/scrolls/s1/surfaces/gp_only/old/surface2xt-updated_ome.zarr,1,,no chunk keys among 9 spread candidates; sparse level not coverable by spread sampling,0
CHUNK_LEVEL_NO_SAMPLES,info,community-uploads/bruniss/scrolls/s1/surfaces/gp_only/old/surface2xt-updated_ome.zarr,2,,no chunk keys among 9 spread candidates; sparse level not coverable by spread sampling,0
CHUNK_LEVEL_NO_SAMPLES,info,community-uploads/bruniss/scrolls/s1/surfaces/gp_only/old/surface2xt-updated_ome.zarr,3,,no chunk keys among 9 spread candidates; sparse level not coverable by spread sampling,0
CHUNK_SAMPLE_POPULATED,info,community-uploads/bruniss/scrolls/s1/surfaces/gp_only/old/surface2xt-updated_ome.zarr,4,0.0.0,294/2097152 values differ from fill_value,2101248
CHUNK_SAMPLE_POPULATED,info,community-uploads/bruniss/scrolls/s1/surfaces/gp_only/old/surface2xt-updated_ome.zarr,4,1.0.0,748/2097152 values differ from fill_value,2101248
CHUNK_SAMPLE_POPULATED,info,community-uploads/bruniss/scrolls/s1/surfaces/gp_only/old/surface2xt-updated_ome.zarr,4,2.0.0,834/2097152 values differ from fill_value,2101248
CHUNK_SAMPLE_POPULATED,info,community-uploads/bruniss/scrolls/s1/surfaces/gp_only/old/surface2xt-updated_ome.zarr,5,0.0.0,317270/2097152 values differ from fill_value,2101248
CHUNK_SAMPLE_POPULATED,info,community-uploads/bruniss/scrolls/s1/surfaces/gp_only/old/surface2xt-updated_ome.zarr,5,1.0.0,476520/2097152 values differ from fill_value,2101248
CHUNK_SAMPLE_POPULATED,info,community-uploads/bruniss/scrolls/s1/surfaces/gp_only/old/surface2xt-updated_ome.zarr,5,1.1.0,67979/2097152 values differ from fill_value,2101248
