code,severity,root,level,chunk,detail,bytes_fetched
CHUNK_SAMPLE_POPULATED,info,PHerc0814/segments/20250926165636-auto_trace_20250926165636789/surface-volumes/1.129um-0.22m-59keV-volume-20260521123630-L1.zarr,1,0.29.110,193915/1900544 values differ from fill_value,1904640
CHUNK_SAMPLE_POPULATED,info,PHerc0814/segments/20250926165636-auto_trace_20250926165636789/surface-volumes/1.129um-0.22m-59keV-volume-20260521123630-L1.zarr,1,0.48.329,nonzero byte in first 4096B prefix; full chunk not fetched,4096
CHUNK_SAMPLE_POPULATED,info,PHerc0814/segments/20250926165636-auto_trace_20250926165636789/surface-volumes/1.129um-0.22m-59keV-volume-20260521123630-L1.zarr,2,0.14.137,nonzero byte in first 4096B prefix; full chunk not fetched,4096
CHUNK_SAMPLE_POPULATED,info,PHerc0814/segments/20250926165636-auto_trace_20250926165636789/surface-volumes/1.129um-0.22m-59keV-volume-20260521123630-L1.zarr,4,0.4.54,nonzero byte in first 4096B prefix; full chunk not fetched,4096
CHUNK_SAMPLE_POPULATED,info,PHerc0814/segments/20250926165636-auto_trace_20250926165636789/surface-volumes/1.129um-0.22m-59keV-volume-20260521123630-L1.zarr,4,0.8.40,4783/1900544 values differ from fill_value,1904640
CHUNK_SAMPLE_POPULATED,info,PHerc0814/segments/20250926165636-auto_trace_20250926165636789/surface-volumes/1.129um-0.22m-59keV-volume-20260521123630-L1.zarr,5,0.1.7,414118/1900544 values differ from fill_value,1904640
CHUNK_SAMPLE_POPULATED,info,PHerc0814/segments/20250926165636-auto_trace_20250926165636789/surface-volumes/1.129um-0.22m-59keV-volume-20260521123630-L1.zarr,5,0.3.20,nonzero byte in first 4096B prefix; full chunk not fetched,4096
CHUNK_SAMPLE_POPULATED,info,PHerc0814/segments/20250926165636-auto_trace_20250926165636789/surface-volumes/1.129um-0.22m-59keV-volume-20260521123630-L1.zarr,5,0.4.10,nonzero byte in first 4096B prefix; full chunk not fetched,4096
CHUNK_SAMPLE_POPULATED,info,PHerc0814/segments/20250925204843-auto_grown_20250925204843950/surface-volumes/1.129um-0.22m-59keV-volume-20260521123630-L1.zarr,0,0.93.772,nonzero byte in first 4096B prefix; full chunk not fetched,4096
CHUNK_SAMPLE_POPULATED,info,PHerc0814/segments/20250925204843-auto_grown_20250925204843950/surface-volumes/1.129um-0.22m-59keV-volume-20260521123630-L1.zarr,0,0.112.514,nonzero byte in first 4096B prefix; full chunk not fetched,4096
CHUNK_SAMPLE_POPULATED,info,PHerc0814/segments/20250925204843-auto_grown_20250925204843950/surface-volumes/1.129um-0.22m-59keV-volume-20260521123630-L1.zarr,1,0.28.64,nonzero byte in first 4096B prefix; full chunk not fetched,4096
CHUNK_SAMPLE_POPULATED,info,PHerc0814/segments/20250925204843-auto_grown_20250925204843950/surface-volumes/1.129um-0.22m-59keV-volume-20260521123630-L1.zarr,2,0.23.193,nonzero byte in first 4096B prefix; full chunk not fetched,4096
CHUNK_SAMPLE_POPULATED,info,PHerc0814/segments/20250925204843-auto_grown_20250925204843950/surface-volumes/1.129um-0.22m-59keV-volume-20260521123630-L1.zarr,2,0.28.128,nonzero byte in first 4096B prefix; full chunk not fetched,4096
CHUNK_SAMPLE_POPULATED,info,PHerc0814/segments/20250925204843-auto_grown_20250925204843950/surface-volumes/1.129um-0.22m-59keV-volume-20260521123630-L1.zarr,3,0.7.16,nonzero byte in first 4096B prefix; full chunk not fetched,4096
CHUNK_SAMPLE_POPULATED,info,PHerc0814/segments/20250925204843-auto_grown_20250925204843950/surface-volumes/1.129um-0.22m-59keV-volume-20260521123630-L1.zarr,4,0.3.48,nonzero byte in first 4096B prefix; full chunk not fetched,4096
CHUNK_SAMPLE_POPULATED,info,PHerc0814/segments/20250925204843-auto_grown_20250925204843950/surface-volumes/1.129um-0.22m-59keV-volume-20260521123630-L1.zarr,4,0.4.64,nonzero byte in first 4096B prefix; full chunk not fetched,4096
CHUNK_SAMPLE_POPULATED,info,PHerc0814/segments/20250925204843-auto_grown_20250925204843950/surface-volumes/1.129um-0.22m-59keV-volume-20260521123630-L1.zarr,4,0.7.32,nonzero byte in first 4096B prefix; full chunk not fetched,4096
CHUNK_SAMPLE_POPULATED,info,PHerc0814/segments/20250925204843-auto_grown_20250925204843950/surface-volumes/1.129um-0.22m-59keV-volume-20260521123630-L1.zarr,5,0.1.29,nonzero byte in first 4096B prefix; full chunk not fetched,4096
CHUNK_SAMPLE_POPULATED,info,PHerc0814/segments/20250925204843-auto_grown_20250925204843950/surface-volumes/1.129um-0.22m-59keV-volume-20260521123630-L1.zarr,5,0.2.16,56728/1900544 values differ from fill_value,1904640
CHUNK_SAMPLE_POPULATED,info,PHerc0814/segments/20250925204843-auto_grown_20250925204843950/surface-volumes/1.129um-0.22m-59keV-volume-20260521123630-L1.zarr,5,0.3.3,nonzero byte in first 4096B prefix; full chunk not fetched,4096
CHUNK_SAMPLE_POPULATED,info,PHerc0814/segments/20250926051122-auto_grown_20250926051122829/surface-volumes/1.129um-0.22m-59keV-volume-20260521123630-L1.zarr,0,0.65.1046,nonzero byte in first 4096B prefix; full chunk not fetched,4096
CHUNK_SAMPLE_POPULATED,info,PHerc0814/segments/20250926051122-auto_grown_20250926051122829/surface-volumes/1.129um-0.22m-59keV-volume-20260521123630-L1.zarr,0,0.87.836,nonzero byte in first 4096B prefix; full chunk not fetched,4096
CHUNK_SAMPLE_POPULATED,info,PHerc0814/segments/20250926051122-auto_grown_20250926051122829/surface-volumes/1.129um-0.22m-59keV-volume-20260521123630-L1.zarr,0,0.109.627,nonzero byte in first 4096B prefix; full chunk not fetched,4096
CHUNK_SAMPLE_POPULATED,info,PHerc0814/segments/20250926051122-auto_grown_20250926051122829/surface-volumes/1.129um-0.22m-59keV-volume-20260521123630-L1.zarr,1,0.33.0,nonzero byte in first 4096B prefix; full chunk not fetched,4096
CHUNK_SAMPLE_POPULATED,info,PHerc0814/segments/20250926051122-auto_grown_20250926051122829/surface-volumes/1.129um-0.22m-59keV-volume-20260521123630-L1.zarr,2,0.16.209,nonzero byte in first 4096B prefix; full chunk not fetched,4096
CHUNK_SAMPLE_POPULATED,info,PHerc0814/segments/20250926051122-auto_grown_20250926051122829/surface-volumes/1.129um-0.22m-59keV-volume-20260521123630-L1.zarr,3,0.5.105,nonzero byte in first 4096B prefix; full chunk not fetched,4096
CHUNK_SAMPLE_POPULATED,info,PHerc0814/segments/20250926051122-auto_grown_20250926051122829/surface-volumes/1.129um-0.22m-59keV-volume-20260521123630-L1.zarr,3,0.8.52,718620/1900544 values differ from fill_value,1904640
CHUNK_SAMPLE_POPULATED,info,PHerc0814/segments/20250926051122-auto_grown_20250926051122829/surface-volumes/1.129um-0.22m-59keV-volume-20260521123630-L1.zarr,3,0.13.157,348221/1900544 values differ from fill_value,1904640
CHUNK_SAMPLE_POPULATED,info,PHerc0814/segments/20250926051122-auto_grown_20250926051122829/surface-volumes/1.129um-0.22m-59keV-volume-20260521123630-L1.zarr,4,0.2.78,nonzero byte in first 4096B prefix; full chunk not fetched,4096
CHUNK_SAMPLE_POPULATED,info,PHerc0814/segments/20250926051122-auto_grown_20250926051122829/surface-volumes/1.129um-0.22m-59keV-volume-20260521123630-L1.zarr,4,0.4.13,157800/1900544 values differ from fill_value,1904640
CHUNK_SAMPLE_POPULATED,info,PHerc0814/segments/20250926051122-auto_grown_20250926051122829/surface-volumes/1.129um-0.22m-59keV-volume-20260521123630-L1.zarr,4,0.5.52,nonzero byte in first 4096B prefix; full chunk not fetched,4096
CHUNK_SAMPLE_POPULATED,info,PHerc0814/segments/20250926051122-auto_grown_20250926051122829/surface-volumes/1.129um-0.22m-59keV-volume-20260521123630-L1.zarr,5,0.1.26,nonzero byte in first 4096B prefix; full chunk not fetched,4096
CHUNK_SAMPLE_POPULATED,info,PHerc0814/segments/20250926051122-auto_grown_20250926051122829/surface-volumes/1.129um-0.22m-59keV-volume-20260521123630-L1.zarr,5,0.2.13,nonzero byte in first 4096B prefix; full chunk not fetched,4096
CHUNK_SAMPLE_POPULATED,info,PHerc0814/segments/20250926051122-auto_grown_20250926051122829/surface-volumes/1.129um-0.22m-59keV-volume-20260521123630-L1.zarr,5,0.2.52,nonzero byte in first 4096B prefix; full chunk not fetched,4096
CHUNK_SAMPLE_POPULATED,info,PHerc0814/segments/20250925212701-auto_grown_20250925212701145/surface-volumes/1.129um-0.22m-59keV-volume-20260521123630-L1.zarr,0,0.16.112,nonzero byte in first 4096B prefix; full chunk not fetched,4096
CHUNK_SAMPLE_POPULATED,info,PHerc0814/segments/20250925212701-auto_grown_20250925212701145/surface-volumes/1.129um-0.22m-59keV-volume-20260521123630-L1.zarr,0,0.49.112,nonzero byte in first 4096B prefix; full chunk not fetched,4096
CHUNK_SAMPLE_POPULATED,info,PHerc0814/segments/20250925212701-auto_grown_20250925212701145/surface-volumes/1.129um-0.22m-59keV-volume-20260521123630-L1.zarr,1,0.8.28,nonzero byte in first 4096B prefix; full chunk not fetched,4096
CHUNK_SAMPLE_POPULATED,info,PHerc0814/segments/20250925212701-auto_grown_20250925212701145/surface-volumes/1.129um-0.22m-59keV-volume-20260521123630-L1.zarr,1,0.16.56,nonzero byte in first 4096B prefix; full chunk not fetched,4096
CHUNK_SAMPLE_POPULATED,info,PHerc0814/segments/20250925212701-auto_grown_20250925212701145/surface-volumes/1.129um-0.22m-59keV-volume-20260521123630-L1.zarr,1,0.41.27,nonzero byte in first 4096B prefix; full chunk not fetched,4096
CHUNK_SAMPLE_POPULATED,info,PHerc0814/segments/20250925212701-auto_grown_20250925212701145/surface-volumes/1.129um-0.22m-59keV-volume-20260521123630-L1.zarr,2,0.4.7,nonzero byte in first 4096B prefix; full chunk not fetched,4096
CHUNK_SAMPLE_POPULATED,info,PHerc0814/segments/20250925212701-auto_grown_20250925212701145/surface-volumes/1.129um-0.22m-59keV-volume-20260521123630-L1.zarr,2,0.8.14,nonzero byte in first 4096B prefix; full chunk not fetched,4096
CHUNK_SAMPLE_POPULATED,info,PHerc0814/segments/20250925212701-auto_grown_20250925212701145/surface-volumes/1.129um-0.22m-59keV-volume-20260521123630-L1.zarr,2,0.12.21,nonzero byte in first 4096B prefix; full chunk not fetched,4096
CHUNK_SAMPLE_POPULATED,info,PHerc0814/segments/20250925212701-auto_grown_20250925212701145/surface-volumes/1.129um-0.22m-59keV-volume-20260521123630-L1.zarr,3,0.2.3,nonzero byte in first 4096B prefix; full chunk not fetched,4096
CHUNK_SAMPLE_POPULATED,info,PHerc0814/segments/20250925212701-auto_grown_20250925212701145/surface-volumes/1.129um-0.22m-59keV-volume-20260521123630-L1.zarr,3,0.4.7,nonzero byte in first 4096B prefix; full chunk not fetched,4096
CHUNK_SAMPLE_POPULATED,info,PHerc0814/segments/20250925212701-auto_grown_20250925212701145/surface-volumes/1.129um-0.22m-59keV-volume-20260521123630-L1.zarr,3,0.6.10,nonzero byte in first 4096B prefix; full chunk not fetched,4096
CHUNK_SAMPLE_POPULATED,info,PHerc0814/segments/20250925212701-auto_grown_20250925212701145/surface-volumes/1.129um-0.22m-59keV-volume-20260521123630-L1.zarr,4,0.0.0,2784/1900544 values differ from fill_value,1904640
CHUNK_SAMPLE_POPULATED,info,PHerc0814/segments/20250925212701-auto_grown_20250925212701145/surface-volumes/1.129um-0.22m-59keV-volume-20260521123630-L1.zarr,4,0.1.2,nonzero byte in first 4096B prefix; full chunk not fetched,4096
CHUNK_SAMPLE_POPULATED,info,PHerc0814/segments/20250925212701-auto_grown_20250925212701145/surface-volumes/1.129um-0.22m-59keV-volume-20260521123630-L1.zarr,4,0.2.3,nonzero byte in first 4096B prefix; full chunk not fetched,4096
CHUNK_SAMPLE_POPULATED,info,PHerc0814/segments/20250925212701-auto_grown_20250925212701145/surface-volumes/1.129um-0.22m-59keV-volume-20260521123630-L1.zarr,5,0.0.0,nonzero byte in first 4096B prefix; full chunk not fetched,4096
CHUNK_SAMPLE_POPULATED,info,PHerc0814/segments/20250925212701-auto_grown_20250925212701145/surface-volumes/1.129um-0.22m-59keV-volume-20260521123630-L1.zarr,5,0.0.4,nonzero byte in first 4096B prefix; full chunk not fetched,4096
CHUNK_SAMPLE_POPULATED,info,PHerc0814/segments/20250925212701-auto_grown_20250925212701145/surface-volumes/1.129um-0.22m-59keV-volume-20260521123630-L1.zarr,5,0.1.1,nonzero byte in first 4096B prefix; full chunk not fetched,4096
CHUNK_SAMPLE_POPULATED,info,PHerc0814/segments/20250925222237-auto_grown_20250925222237459/surface-volumes/1.129um-0.22m-59keV-volume-20260521123630-L1.zarr,0,0.15.337,nonzero byte in first 4096B prefix; full chunk not fetched,4096
CHUNK_SAMPLE_POPULATED,info,PHerc0814/segments/20250925222237-auto_grown_20250925222237459/surface-volumes/1.129um-0.22m-59keV-volume-20260521123630-L1.zarr,0,0.31.289,nonzero byte in first 4096B prefix; full chunk not fetched,4096
CHUNK_SAMPLE_POPULATED,info,PHerc0814/segments/20250925222237-auto_grown_20250925222237459/surface-volumes/1.129um-0.22m-59keV-volume-20260521123630-L1.zarr,0,0.47.240,nonzero byte in first 4096B prefix; full chunk not fetched,4096
CHUNK_SAMPLE_POPULATED,info,PHerc0814/segments/20250925222237-auto_grown_20250925222237459/surface-volumes/1.129um-0.22m-59keV-volume-20260521123630-L1.zarr,1,0.32.0,nonzero byte in first 4096B prefix; full chunk not fetched,4096
CHUNK_SAMPLE_POPULATED,info,PHerc0814/segments/20250925222237-auto_grown_20250925222237459/surface-volumes/1.129um-0.22m-59keV-volume-20260521123630-L1.zarr,2,0.4.0,18792/1900544 values differ from fill_value,1904640
CHUNK_SAMPLE_POPULATED,info,PHerc0814/segments/20250925222237-auto_grown_20250925222237459/surface-volumes/1.129um-0.22m-59keV-volume-20260521123630-L1.zarr,2,0.8.0,nonzero byte in first 4096B prefix; full chunk not fetched,4096
CHUNK_SAMPLE_POPULATED,info,PHerc0814/segments/20250925222237-auto_grown_20250925222237459/surface-volumes/1.129um-0.22m-59keV-volume-20260521123630-L1.zarr,2,0.16.0,nonzero byte in first 4096B prefix; full chunk not fetched,4096
CHUNK_SAMPLE_POPULATED,info,PHerc0814/segments/20250925222237-auto_grown_20250925222237459/surface-volumes/1.129um-0.22m-59keV-volume-20260521123630-L1.zarr,3,0.0.0,41760/1900544 values differ from fill_value,1904640
CHUNK_SAMPLE_POPULATED,info,PHerc0814/segments/20250925222237-auto_grown_20250925222237459/surface-volumes/1.129um-0.22m-59keV-volume-20260521123630-L1.zarr,3,0.2.0,nonzero byte in first 4096B prefix; full chunk not fetched,4096
CHUNK_SAMPLE_POPULATED,info,PHerc0814/segments/20250925222237-auto_grown_20250925222237459/surface-volumes/1.129um-0.22m-59keV-volume-20260521123630-L1.zarr,3,0.4.0,nonzero byte in first 4096B prefix; full chunk not fetched,4096
CHUNK_SAMPLE_POPULATED,info,PHerc0814/segments/20250925222237-auto_grown_20250925222237459/surface-volumes/1.129um-0.22m-59keV-volume-20260521123630-L1.zarr,4,0.0.0,642487/1900544 values differ from fill_value,1904640
CHUNK_SAMPLE_POPULATED,info,PHerc0814/segments/20250925222237-auto_grown_20250925222237459/surface-volumes/1.129um-0.22m-59keV-volume-20260521123630-L1.zarr,4,0.1.0,nonzero byte in first 4096B prefix; full chunk not fetched,4096
CHUNK_SAMPLE_POPULATED,info,PHerc0814/segments/20250925222237-auto_grown_20250925222237459/surface-volumes/1.129um-0.22m-59keV-volume-20260521123630-L1.zarr,4,0.2.0,nonzero byte in first 4096B prefix; full chunk not fetched,4096
CHUNK_SAMPLE_POPULATED,info,PHerc0814/segments/20250925222237-auto_grown_20250925222237459/surface-volumes/1.129um-0.22m-59keV-volume-20260521123630-L1.zarr,5,0.0.0,nonzero byte in first 4096B prefix; full chunk not fetched,4096
CHUNK_SAMPLE_POPULATED,info,PHerc0814/segments/20250925222237-auto_grown_20250925222237459/surface-volumes/1.129um-0.22m-59keV-volume-20260521123630-L1.zarr,5,0.0.6,nonzero byte in first 4096B prefix; full chunk not fetched,4096
CHUNK_SAMPLE_POPULATED,info,PHerc0814/segments/20250925222237-auto_grown_20250925222237459/surface-volumes/1.129um-0.22m-59keV-volume-20260521123630-L1.zarr,5,0.1.0,nonzero byte in first 4096B prefix; full chunk not fetched,4096
CHUNK_SAMPLE_POPULATED,info,PHerc0814/segments/20250925161630-auto_grown_20250925161630635/surface-volumes/1.129um-0.22m-59keV-volume-20260521123630-L1.zarr,0,0.62.384,nonzero byte in first 4096B prefix; full chunk not fetched,4096
CHUNK_SAMPLE_POPULATED,info,PHerc0814/segments/20250925161630-auto_grown_20250925161630635/surface-volumes/1.129um-0.22m-59keV-volume-20260521123630-L1.zarr,0,0.83.307,nonzero byte in first 4096B prefix; full chunk not fetched,4096
CHUNK_SAMPLE_POPULATED,info,PHerc0814/segments/20250925161630-auto_grown_20250925161630635/surface-volumes/1.129um-0.22m-59keV-volume-20260521123630-L1.zarr,0,0.125.153,nonzero byte in first 4096B prefix; full chunk not fetched,4096
CHUNK_SAMPLE_POPULATED,info,PHerc0814/segments/20250925161630-auto_grown_20250925161630635/surface-volumes/1.129um-0.22m-59keV-volume-20260521123630-L1.zarr,1,0.42.0,nonzero byte in first 4096B prefix; full chunk not fetched,4096
CHUNK_SAMPLE_POPULATED,info,PHerc0814/segments/20250925161630-auto_grown_20250925161630635/surface-volumes/1.129um-0.22m-59keV-volume-20260521123630-L1.zarr,2,0.5.38,nonzero byte in first 4096B prefix; full chunk not fetched,4096
CHUNK_SAMPLE_POPULATED,info,PHerc0814/segments/20250925161630-auto_grown_20250925161630635/surface-volumes/1.129um-0.22m-59keV-volume-20260521123630-L1.zarr,2,0.10.77,nonzero byte in first 4096B prefix; full chunk not fetched,4096
CHUNK_SAMPLE_POPULATED,info,PHerc0814/segments/20250925161630-auto_grown_20250925161630635/surface-volumes/1.129um-0.22m-59keV-volume-20260521123630-L1.zarr,2,0.15.115,nonzero byte in first 4096B prefix; full chunk not fetched,4096
CHUNK_SAMPLE_POPULATED,info,PHerc0814/segments/20250925161630-auto_grown_20250925161630635/surface-volumes/1.129um-0.22m-59keV-volume-20260521123630-L1.zarr,3,0.5.19,nonzero byte in first 4096B prefix; full chunk not fetched,4096
CHUNK_SAMPLE_POPULATED,info,PHerc0814/segments/20250925161630-auto_grown_20250925161630635/surface-volumes/1.129um-0.22m-59keV-volume-20260521123630-L1.zarr,3,0.7.67,nonzero byte in first 4096B prefix; full chunk not fetched,4096
CHUNK_SAMPLE_POPULATED,info,PHerc0814/segments/20250925161630-auto_grown_20250925161630635/surface-volumes/1.129um-0.22m-59keV-volume-20260521123630-L1.zarr,3,0.10.38,nonzero byte in first 4096B prefix; full chunk not fetched,4096
CHUNK_SAMPLE_POPULATED,info,PHerc0814/segments/20250925161630-auto_grown_20250925161630635/surface-volumes/1.129um-0.22m-59keV-volume-20260521123630-L1.zarr,4,0.1.15,nonzero byte in first 4096B prefix; full chunk not fetched,4096
CHUNK_SAMPLE_POPULATED,info,PHerc0814/segments/20250925161630-auto_grown_20250925161630635/surface-volumes/1.129um-0.22m-59keV-volume-20260521123630-L1.zarr,4,0.2.29,nonzero byte in first 4096B prefix; full chunk not fetched,4096
CHUNK_SAMPLE_POPULATED,info,PHerc0814/segments/20250925161630-auto_grown_20250925161630635/surface-volumes/1.129um-0.22m-59keV-volume-20260521123630-L1.zarr,4,0.4.4,nonzero byte in first 4096B prefix; full chunk not fetched,4096
CHUNK_SAMPLE_POPULATED,info,PHerc0814/segments/20250925161630-auto_grown_20250925161630635/surface-volumes/1.129um-0.22m-59keV-volume-20260521123630-L1.zarr,5,0.0.15,487432/1900544 values differ from fill_value,1904640
CHUNK_SAMPLE_POPULATED,info,PHerc0814/segments/20250925161630-auto_grown_20250925161630635/surface-volumes/1.129um-0.22m-59keV-volume-20260521123630-L1.zarr,5,0.1.10,1061516/1900544 values differ from fill_value,1904640
CHUNK_SAMPLE_POPULATED,info,PHerc0814/segments/20250925161630-auto_grown_20250925161630635/surface-volumes/1.129um-0.22m-59keV-volume-20260521123630-L1.zarr,5,0.2.5,nonzero byte in first 4096B prefix; full chunk not fetched,4096
CHUNK_SAMPLE_POPULATED,info,PHerc0814/segments/20250928235953-auto_grown_20250928235953722/surface-volumes/1.129um-0.22m-59keV-volume-20260521123630-L1.zarr,0,0.61.213,nonzero byte in first 4096B prefix; full chunk not fetched,4096
CHUNK_SAMPLE_POPULATED,info,PHerc0814/segments/20250928235953-auto_grown_20250928235953722/surface-volumes/1.129um-0.22m-59keV-volume-20260521123630-L1.zarr,0,0.122.426,nonzero byte in first 4096B prefix; full chunk not fetched,4096
CHUNK_SAMPLE_POPULATED,info,PHerc0814/segments/20250928235953-auto_grown_20250928235953722/surface-volumes/1.129um-0.22m-59keV-volume-20260521123630-L1.zarr,1,0.30.639,nonzero byte in first 4096B prefix; full chunk not fetched,4096
CHUNK_SAMPLE_POPULATED,info,PHerc0814/segments/20250928235953-auto_grown_20250928235953722/surface-volumes/1.129um-0.22m-59keV-volume-20260521123630-L1.zarr,1,0.61.426,nonzero byte in first 4096B prefix; full chunk not fetched,4096
CHUNK_SAMPLE_POPULATED,info,PHerc0814/segments/20250928235953-auto_grown_20250928235953722/surface-volumes/1.129um-0.22m-59keV-volume-20260521123630-L1.zarr,2,0.10.106,nonzero byte in first 4096B prefix; full chunk not fetched,4096
CHUNK_SAMPLE_POPULATED,info,PHerc0814/segments/20250928235953-auto_grown_20250928235953722/surface-volumes/1.129um-0.22m-59keV-volume-20260521123630-L1.zarr,2,0.15.160,nonzero byte in first 4096B prefix; full chunk not fetched,4096
CHUNK_SAMPLE_POPULATED,info,PHerc0814/segments/20250928235953-auto_grown_20250928235953722/surface-volumes/1.129um-0.22m-59keV-volume-20260521123630-L1.zarr,3,0.5.53,nonzero byte in first 4096B prefix; full chunk not fetched,4096
CHUNK_SAMPLE_POPULATED,info,PHerc0814/segments/20250928235953-auto_grown_20250928235953722/surface-volumes/1.129um-0.22m-59keV-volume-20260521123630-L1.zarr,3,0.7.187,nonzero byte in first 4096B prefix; full chunk not fetched,4096
CHUNK_SAMPLE_POPULATED,info,PHerc0814/segments/20250928235953-auto_grown_20250928235953722/surface-volumes/1.129um-0.22m-59keV-volume-20260521123630-L1.zarr,3,0.18.79,81768/1900544 values differ from fill_value,1904640
CHUNK_SAMPLE_POPULATED,info,PHerc0814/segments/20250928235953-auto_grown_20250928235953722/surface-volumes/1.129um-0.22m-59keV-volume-20260521123630-L1.zarr,4,0.1.40,nonzero byte in first 4096B prefix; full chunk not fetched,4096
CHUNK_SAMPLE_POPULATED,info,PHerc0814/segments/20250928235953-auto_grown_20250928235953722/surface-volumes/1.129um-0.22m-59keV-volume-20260521123630-L1.zarr,4,0.2.80,338764/1900544 values differ from fill_value,1904640
CHUNK_SAMPLE_POPULATED,info,PHerc0814/segments/20250928235953-auto_grown_20250928235953722/surface-volumes/1.129um-0.22m-59keV-volume-20260521123630-L1.zarr,4,0.4.13,nonzero byte in first 4096B prefix; full chunk not fetched,4096
CHUNK_SAMPLE_POPULATED,info,PHerc0814/segments/20250928235953-auto_grown_20250928235953722/surface-volumes/1.129um-0.22m-59keV-volume-20260521123630-L1.zarr,5,0.0.40,3016/1900544 values differ from fill_value,1904640
CHUNK_SAMPLE_POPULATED,info,PHerc0814/segments/20250928235953-auto_grown_20250928235953722/surface-volumes/1.129um-0.22m-59keV-volume-20260521123630-L1.zarr,5,0.1.27,273266/1900544 values differ from fill_value,1904640
CHUNK_SAMPLE_POPULATED,info,PHerc0814/segments/20250928235953-auto_grown_20250928235953722/surface-volumes/1.129um-0.22m-59keV-volume-20260521123630-L1.zarr,5,0.2.13,nonzero byte in first 4096B prefix; full chunk not fetched,4096
CHUNK_SAMPLE_POPULATED,info,PHerc0814/segments/20250925182632-auto_grown_20250925182632715/surface-volumes/1.129um-0.22m-59keV-volume-20260521123630-L1.zarr,0,0.58.87,nonzero byte in first 4096B prefix; full chunk not fetched,4096
CHUNK_SAMPLE_POPULATED,info,PHerc0814/segments/20250925182632-auto_grown_20250925182632715/surface-volumes/1.129um-0.22m-59keV-volume-20260521123630-L1.zarr,1,0.29.87,nonzero byte in first 4096B prefix; full chunk not fetched,4096
CHUNK_SAMPLE_POPULATED,info,PHerc0814/segments/20250925182632-auto_grown_20250925182632715/surface-volumes/1.129um-0.22m-59keV-volume-20260521123630-L1.zarr,1,0.48.263,396255/1900544 values differ from fill_value,1904640
CHUNK_SAMPLE_POPULATED,info,PHerc0814/segments/20250925182632-auto_grown_20250925182632715/surface-volumes/1.129um-0.22m-59keV-volume-20260521123630-L1.zarr,2,0.4.154,nonzero byte in first 4096B prefix; full chunk not fetched,4096
CHUNK_SAMPLE_POPULATED,info,PHerc0814/segments/20250925182632-auto_grown_20250925182632715/surface-volumes/1.129um-0.22m-59keV-volume-20260521123630-L1.zarr,2,0.14.110,nonzero byte in first 4096B prefix; full chunk not fetched,4096
CHUNK_SAMPLE_POPULATED,info,PHerc0814/segments/20250925182632-auto_grown_20250925182632715/surface-volumes/1.129um-0.22m-59keV-volume-20260521123630-L1.zarr,2,0.19.88,nonzero byte in first 4096B prefix; full chunk not fetched,4096
CHUNK_SAMPLE_POPULATED,info,PHerc0814/segments/20250925182632-auto_grown_20250925182632715/surface-volumes/1.129um-0.22m-59keV-volume-20260521123630-L1.zarr,3,0.5.0,nonzero byte in first 4096B prefix; full chunk not fetched,4096
CHUNK_SAMPLE_POPULATED,info,PHerc0814/segments/20250925182632-auto_grown_20250925182632715/surface-volumes/1.129um-0.22m-59keV-volume-20260521123630-L1.zarr,3,0.7.44,9736/1900544 values differ from fill_value,1904640
CHUNK_SAMPLE_POPULATED,info,PHerc0814/segments/20250925182632-auto_grown_20250925182632715/surface-volumes/1.129um-0.22m-59keV-volume-20260521123630-L1.zarr,3,0.10.0,nonzero byte in first 4096B prefix; full chunk not fetched,4096
CHUNK_SAMPLE_POPULATED,info,PHerc0814/segments/20250925182632-auto_grown_20250925182632715/surface-volumes/1.129um-0.22m-59keV-volume-20260521123630-L1.zarr,4,0.1.11,nonzero byte in first 4096B prefix; full chunk not fetched,4096
CHUNK_SAMPLE_POPULATED,info,PHerc0814/segments/20250925182632-auto_grown_20250925182632715/surface-volumes/1.129um-0.22m-59keV-volume-20260521123630-L1.zarr,4,0.2.22,nonzero byte in first 4096B prefix; full chunk not fetched,4096
CHUNK_SAMPLE_POPULATED,info,PHerc0814/segments/20250925182632-auto_grown_20250925182632715/surface-volumes/1.129um-0.22m-59keV-volume-20260521123630-L1.zarr,4,0.3.33,348610/1900544 values differ from fill_value,1904640
CHUNK_SAMPLE_POPULATED,info,PHerc0814/segments/20250925182632-auto_grown_20250925182632715/surface-volumes/1.129um-0.22m-59keV-volume-20260521123630-L1.zarr,5,0.0.0,158455/1900544 values differ from fill_value,1904640
CHUNK_SAMPLE_POPULATED,info,PHerc0814/segments/20250925182632-auto_grown_20250925182632715/surface-volumes/1.129um-0.22m-59keV-volume-20260521123630-L1.zarr,5,0.0.14,182236/1900544 values differ from fill_value,1904640
CHUNK_SAMPLE_POPULATED,info,PHerc0814/segments/20250925182632-auto_grown_20250925182632715/surface-volumes/1.129um-0.22m-59keV-volume-20260521123630-L1.zarr,5,0.1.5,nonzero byte in first 4096B prefix; full chunk not fetched,4096
CHUNK_SAMPLE_POPULATED,info,PHerc0814/segments/20250930083742-auto_grown_20250930083742882/surface-volumes/1.129um-0.22m-59keV-volume-20260521123630-L1.zarr,0,0.20.332,nonzero byte in first 4096B prefix; full chunk not fetched,4096
CHUNK_SAMPLE_POPULATED,info,PHerc0814/segments/20250930083742-auto_grown_20250930083742882/surface-volumes/1.129um-0.22m-59keV-volume-20260521123630-L1.zarr,0,0.61.332,nonzero byte in first 4096B prefix; full chunk not fetched,4096
CHUNK_SAMPLE_POPULATED,info,PHerc0814/segments/20250930083742-auto_grown_20250930083742882/surface-volumes/1.129um-0.22m-59keV-volume-20260521123630-L1.zarr,1,0.10.83,nonzero byte in first 4096B prefix; full chunk not fetched,4096
CHUNK_SAMPLE_POPULATED,info,PHerc0814/segments/20250930083742-auto_grown_20250930083742882/surface-volumes/1.129um-0.22m-59keV-volume-20260521123630-L1.zarr,1,0.20.166,nonzero byte in first 4096B prefix; full chunk not fetched,4096
CHUNK_SAMPLE_POPULATED,info,PHerc0814/segments/20250930083742-auto_grown_20250930083742882/surface-volumes/1.129um-0.22m-59keV-volume-20260521123630-L1.zarr,1,0.30.249,nonzero byte in first 4096B prefix; full chunk not fetched,4096
CHUNK_SAMPLE_POPULATED,info,PHerc0814/segments/20250930083742-auto_grown_20250930083742882/surface-volumes/1.129um-0.22m-59keV-volume-20260521123630-L1.zarr,2,0.10.41,nonzero byte in first 4096B prefix; full chunk not fetched,4096
CHUNK_SAMPLE_POPULATED,info,PHerc0814/segments/20250930083742-auto_grown_20250930083742882/surface-volumes/1.129um-0.22m-59keV-volume-20260521123630-L1.zarr,2,0.20.82,nonzero byte in first 4096B prefix; full chunk not fetched,4096
CHUNK_SAMPLE_POPULATED,info,PHerc0814/segments/20250930083742-auto_grown_20250930083742882/surface-volumes/1.129um-0.22m-59keV-volume-20260521123630-L1.zarr,2,0.25.103,nonzero byte in first 4096B prefix; full chunk not fetched,4096
CHUNK_SAMPLE_POPULATED,info,PHerc0814/segments/20250930083742-auto_grown_20250930083742882/surface-volumes/1.129um-0.22m-59keV-volume-20260521123630-L1.zarr,3,0.2.52,nonzero byte in first 4096B prefix; full chunk not fetched,4096
CHUNK_SAMPLE_POPULATED,info,PHerc0814/segments/20250930083742-auto_grown_20250930083742882/surface-volumes/1.129um-0.22m-59keV-volume-20260521123630-L1.zarr,3,0.5.21,nonzero byte in first 4096B prefix; full chunk not fetched,4096
CHUNK_SAMPLE_POPULATED,info,PHerc0814/segments/20250930083742-auto_grown_20250930083742882/surface-volumes/1.129um-0.22m-59keV-volume-20260521123630-L1.zarr,3,0.7.72,nonzero byte in first 4096B prefix; full chunk not fetched,4096
CHUNK_SAMPLE_POPULATED,info,PHerc0814/segments/20250930083742-auto_grown_20250930083742882/surface-volumes/1.129um-0.22m-59keV-volume-20260521123630-L1.zarr,4,0.1.16,nonzero byte in first 4096B prefix; full chunk not fetched,4096
CHUNK_SAMPLE_POPULATED,info,PHerc0814/segments/20250930083742-auto_grown_20250930083742882/surface-volumes/1.129um-0.22m-59keV-volume-20260521123630-L1.zarr,4,0.2.31,nonzero byte in first 4096B prefix; full chunk not fetched,4096
CHUNK_SAMPLE_POPULATED,info,PHerc0814/segments/20250930083742-auto_grown_20250930083742882/surface-volumes/1.129um-0.22m-59keV-volume-20260521123630-L1.zarr,4,0.4.5,nonzero byte in first 4096B prefix; full chunk not fetched,4096
CHUNK_SAMPLE_POPULATED,info,PHerc0814/segments/20250930083742-auto_grown_20250930083742882/surface-volumes/1.129um-0.22m-59keV-volume-20260521123630-L1.zarr,5,0.0.16,96708/1900544 values differ from fill_value,1904640
CHUNK_SAMPLE_POPULATED,info,PHerc0814/segments/20250930083742-auto_grown_20250930083742882/surface-volumes/1.129um-0.22m-59keV-volume-20260521123630-L1.zarr,5,0.1.10,nonzero byte in first 4096B prefix; full chunk not fetched,4096
CHUNK_SAMPLE_POPULATED,info,PHerc0814/segments/20250930083742-auto_grown_20250930083742882/surface-volumes/1.129um-0.22m-59keV-volume-20260521123630-L1.zarr,5,0.2.5,nonzero byte in first 4096B prefix; full chunk not fetched,4096
CHUNK_SAMPLE_POPULATED,info,PHerc0814/segments/20260226113324-auto_grown_20260226113324624_abf/surface-volumes/1.129um-0.22m-59keV-volume-20260521123630-L1.zarr,0,0.2.16,39571/1900544 values differ from fill_value,1904640
CHUNK_SAMPLE_POPULATED,info,PHerc0814/segments/20260226113324-auto_grown_20260226113324624_abf/surface-volumes/1.129um-0.22m-59keV-volume-20260521123630-L1.zarr,0,0.7.16,nonzero byte in first 4096B prefix; full chunk not fetched,4096
CHUNK_SAMPLE_POPULATED,info,PHerc0814/segments/20260226113324-auto_grown_20260226113324624_abf/surface-volumes/1.129um-0.22m-59keV-volume-20260521123630-L1.zarr,0,0.10.0,nonzero byte in first 4096B prefix; full chunk not fetched,4096
CHUNK_SAMPLE_POPULATED,info,PHerc0814/segments/20260226113324-auto_grown_20260226113324624_abf/surface-volumes/1.129um-0.22m-59keV-volume-20260521123630-L1.zarr,1,0.2.8,nonzero byte in first 4096B prefix; full chunk not fetched,4096
CHUNK_SAMPLE_POPULATED,info,PHerc0814/segments/20260226113324-auto_grown_20260226113324624_abf/surface-volumes/1.129um-0.22m-59keV-volume-20260521123630-L1.zarr,1,0.3.12,nonzero byte in first 4096B prefix; full chunk not fetched,4096
CHUNK_SAMPLE_POPULATED,info,PHerc0814/segments/20260226113324-auto_grown_20260226113324624_abf/surface-volumes/1.129um-0.22m-59keV-volume-20260521123630-L1.zarr,1,0.5.0,nonzero byte in first 4096B prefix; full chunk not fetched,4096
CHUNK_SAMPLE_POPULATED,info,PHerc0814/segments/20260226113324-auto_grown_20260226113324624_abf/surface-volumes/1.129um-0.22m-59keV-volume-20260521123630-L1.zarr,2,0.0.5,nonzero byte in first 4096B prefix; full chunk not fetched,4096
CHUNK_SAMPLE_POPULATED,info,PHerc0814/segments/20260226113324-auto_grown_20260226113324624_abf/surface-volumes/1.129um-0.22m-59keV-volume-20260521123630-L1.zarr,2,0.1.7,nonzero byte in first 4096B prefix; full chunk not fetched,4096
CHUNK_SAMPLE_POPULATED,info,PHerc0814/segments/20260226113324-auto_grown_20260226113324624_abf/surface-volumes/1.129um-0.22m-59keV-volume-20260521123630-L1.zarr,2,0.2.4,nonzero byte in first 4096B prefix; full chunk not fetched,4096
CHUNK_SAMPLE_POPULATED,info,PHerc0814/segments/20260226113324-auto_grown_20260226113324624_abf/surface-volumes/1.129um-0.22m-59keV-volume-20260521123630-L1.zarr,3,0.0.0,257114/1900544 values differ from fill_value,1904640
CHUNK_SAMPLE_POPULATED,info,PHerc0814/segments/20260226113324-auto_grown_20260226113324624_abf/surface-volumes/1.129um-0.22m-59keV-volume-20260521123630-L1.zarr,3,0.0.1,nonzero byte in first 4096B prefix; full chunk not fetched,4096
CHUNK_SAMPLE_POPULATED,info,PHerc0814/segments/20260226113324-auto_grown_20260226113324624_abf/surface-volumes/1.129um-0.22m-59keV-volume-20260521123630-L1.zarr,3,0.0.3,nonzero byte in first 4096B prefix; full chunk not fetched,4096
CHUNK_SAMPLE_POPULATED,info,PHerc0814/segments/20260226113324-auto_grown_20260226113324624_abf/surface-volumes/1.129um-0.22m-59keV-volume-20260521123630-L1.zarr,4,0.0.0,nonzero byte in first 4096B prefix; full chunk not fetched,4096
CHUNK_SAMPLE_POPULATED,info,PHerc0814/segments/20260226113324-auto_grown_20260226113324624_abf/surface-volumes/1.129um-0.22m-59keV-volume-20260521123630-L1.zarr,4,0.0.1,nonzero byte in first 4096B prefix; full chunk not fetched,4096
CHUNK_SAMPLE_POPULATED,info,PHerc0814/segments/20260226113324-auto_grown_20260226113324624_abf/surface-volumes/1.129um-0.22m-59keV-volume-20260521123630-L1.zarr,4,0.1.0,nonzero byte in first 4096B prefix; full chunk not fetched,4096
CHUNK_SAMPLE_POPULATED,info,PHerc0814/segments/20260226113324-auto_grown_20260226113324624_abf/surface-volumes/1.129um-0.22m-59keV-volume-20260521123630-L1.zarr,5,0.0.0,nonzero byte in first 4096B prefix; full chunk not fetched,4096
CHUNK_SAMPLE_POPULATED,info,PHerc0814/segments/20250928235954-auto_grown_20250928235953722_copy/surface-volumes/1.129um-0.22m-59keV-volume-20260521123630-L1.zarr,0,0.2.14,nonzero byte in first 4096B prefix; full chunk not fetched,4096
CHUNK_SAMPLE_POPULATED,info,PHerc0814/segments/20250928235954-auto_grown_20250928235953722_copy/surface-volumes/1.129um-0.22m-59keV-volume-20260521123630-L1.zarr,0,0.7.14,nonzero byte in first 4096B prefix; full chunk not fetched,4096
CHUNK_SAMPLE_POPULATED,info,PHerc0814/segments/20250928235954-auto_grown_20250928235953722_copy/surface-volumes/1.129um-0.22m-59keV-volume-20260521123630-L1.zarr,0,0.10.0,nonzero byte in first 4096B prefix; full chunk not fetched,4096
CHUNK_SAMPLE_POPULATED,info,PHerc0814/segments/20250928235954-auto_grown_20250928235953722_copy/surface-volumes/1.129um-0.22m-59keV-volume-20260521123630-L1.zarr,1,0.2.7,nonzero byte in first 4096B prefix; full chunk not fetched,4096
CHUNK_SAMPLE_POPULATED,info,PHerc0814/segments/20250928235954-auto_grown_20250928235953722_copy/surface-volumes/1.129um-0.22m-59keV-volume-20260521123630-L1.zarr,1,0.3.11,nonzero byte in first 4096B prefix; full chunk not fetched,4096
CHUNK_SAMPLE_POPULATED,info,PHerc0814/segments/20250928235954-auto_grown_20250928235953722_copy/surface-volumes/1.129um-0.22m-59keV-volume-20260521123630-L1.zarr,1,0.4.14,nonzero byte in first 4096B prefix; full chunk not fetched,4096
CHUNK_SAMPLE_POPULATED,info,PHerc0814/segments/20250928235954-auto_grown_20250928235953722_copy/surface-volumes/1.129um-0.22m-59keV-volume-20260521123630-L1.zarr,2,0.0.5,nonzero byte in first 4096B prefix; full chunk not fetched,4096
CHUNK_SAMPLE_POPULATED,info,PHerc0814/segments/20250928235954-auto_grown_20250928235953722_copy/surface-volumes/1.129um-0.22m-59keV-volume-20260521123630-L1.zarr,2,0.1.7,nonzero byte in first 4096B prefix; full chunk not fetched,4096
CHUNK_SAMPLE_POPULATED,info,PHerc0814/segments/20250928235954-auto_grown_20250928235953722_copy/surface-volumes/1.129um-0.22m-59keV-volume-20260521123630-L1.zarr,2,0.2.4,nonzero byte in first 4096B prefix; full chunk not fetched,4096
CHUNK_SAMPLE_POPULATED,info,PHerc0814/segments/20250928235954-auto_grown_20250928235953722_copy/surface-volumes/1.129um-0.22m-59keV-volume-20260521123630-L1.zarr,3,0.0.0,333041/1900544 values differ from fill_value,1904640
CHUNK_SAMPLE_POPULATED,info,PHerc0814/segments/20250928235954-auto_grown_20250928235953722_copy/surface-volumes/1.129um-0.22m-59keV-volume-20260521123630-L1.zarr,3,0.0.1,nonzero byte in first 4096B prefix; full chunk not fetched,4096
CHUNK_SAMPLE_POPULATED,info,PHerc0814/segments/20250928235954-auto_grown_20250928235953722_copy/surface-volumes/1.129um-0.22m-59keV-volume-20260521123630-L1.zarr,3,0.0.3,nonzero byte in first 4096B prefix; full chunk not fetched,4096
CHUNK_SAMPLE_POPULATED,info,PHerc0814/segments/20250928235954-auto_grown_20250928235953722_copy/surface-volumes/1.129um-0.22m-59keV-volume-20260521123630-L1.zarr,4,0.0.0,nonzero byte in first 4096B prefix; full chunk not fetched,4096
CHUNK_SAMPLE_POPULATED,info,PHerc0814/segments/20250928235954-auto_grown_20250928235953722_copy/surface-volumes/1.129um-0.22m-59keV-volume-20260521123630-L1.zarr,4,0.0.1,nonzero byte in first 4096B prefix; full chunk not fetched,4096
CHUNK_SAMPLE_POPULATED,info,PHerc0814/segments/20250928235954-auto_grown_20250928235953722_copy/surface-volumes/1.129um-0.22m-59keV-volume-20260521123630-L1.zarr,4,0.1.0,nonzero byte in first 4096B prefix; full chunk not fetched,4096
CHUNK_SAMPLE_POPULATED,info,PHerc0814/segments/20250928235954-auto_grown_20250928235953722_copy/surface-volumes/1.129um-0.22m-59keV-volume-20260521123630-L1.zarr,5,0.0.0,nonzero byte in first 4096B prefix; full chunk not fetched,4096
CHUNK_SAMPLE_POPULATED,info,PHerc0814/segments/20250926203608-auto_grown_20250926203608932/surface-volumes/1.129um-0.22m-59keV-volume-20260521123630-L1.zarr,0,0.37.395,nonzero byte in first 4096B prefix; full chunk not fetched,4096
CHUNK_SAMPLE_POPULATED,info,PHerc0814/segments/20250926203608-auto_grown_20250926203608932/surface-volumes/1.129um-0.22m-59keV-volume-20260521123630-L1.zarr,1,0.28.49,nonzero byte in first 4096B prefix; full chunk not fetched,4096
CHUNK_SAMPLE_POPULATED,info,PHerc0814/segments/20250926203608-auto_grown_20250926203608932/surface-volumes/1.129um-0.22m-59keV-volume-20260521123630-L1.zarr,1,0.46.346,nonzero byte in first 4096B prefix; full chunk not fetched,4096
CHUNK_SAMPLE_POPULATED,info,PHerc0814/segments/20250926203608-auto_grown_20250926203608932/surface-volumes/1.129um-0.22m-59keV-volume-20260521123630-L1.zarr,2,0.9.99,nonzero byte in first 4096B prefix; full chunk not fetched,4096
CHUNK_SAMPLE_POPULATED,info,PHerc0814/segments/20250926203608-auto_grown_20250926203608932/surface-volumes/1.129um-0.22m-59keV-volume-20260521123630-L1.zarr,3,0.7.12,nonzero byte in first 4096B prefix; full chunk not fetched,4096
CHUNK_SAMPLE_POPULATED,info,PHerc0814/segments/20250926203608-auto_grown_20250926203608932/surface-volumes/1.129um-0.22m-59keV-volume-20260521123630-L1.zarr,3,0.9.49,64791/1900544 values differ from fill_value,1904640
CHUNK_SAMPLE_POPULATED,info,PHerc0814/segments/20250926203608-auto_grown_20250926203608932/surface-volumes/1.129um-0.22m-59keV-volume-20260521123630-L1.zarr,3,0.11.86,nonzero byte in first 4096B prefix; full chunk not fetched,4096
CHUNK_SAMPLE_POPULATED,info,PHerc0814/segments/20250926203608-auto_grown_20250926203608932/surface-volumes/1.129um-0.22m-59keV-volume-20260521123630-L1.zarr,4,0.2.25,nonzero byte in first 4096B prefix; full chunk not fetched,4096
CHUNK_SAMPLE_POPULATED,info,PHerc0814/segments/20250926203608-auto_grown_20250926203608932/surface-volumes/1.129um-0.22m-59keV-volume-20260521123630-L1.zarr,4,0.6.12,11557/1900544 values differ from fill_value,1904640
CHUNK_SAMPLE_POPULATED,info,PHerc0814/segments/20250926203608-auto_grown_20250926203608932/surface-volumes/1.129um-0.22m-59keV-volume-20260521123630-L1.zarr,5,0.0.0,29716/1900544 values differ from fill_value,1904640
CHUNK_SAMPLE_POPULATED,info,PHerc0814/segments/20250926203608-auto_grown_20250926203608932/surface-volumes/1.129um-0.22m-59keV-volume-20260521123630-L1.zarr,5,0.1.6,130/1900544 values differ from fill_value,1904640
CHUNK_SAMPLE_POPULATED,info,PHerc0814/segments/20250926203608-auto_grown_20250926203608932/surface-volumes/1.129um-0.22m-59keV-volume-20260521123630-L1.zarr,5,0.1.21,nonzero byte in first 4096B prefix; full chunk not fetched,4096
CHUNK_SAMPLE_POPULATED,info,PHerc0814/segments/20251001060526-auto_grown_20251001060526760/surface-volumes/1.129um-0.22m-59keV-volume-20260521123630-L1.zarr,0,0.38.199,nonzero byte in first 4096B prefix; full chunk not fetched,4096
CHUNK_SAMPLE_POPULATED,info,PHerc0814/segments/20251001060526-auto_grown_20251001060526760/surface-volumes/1.129um-0.22m-59keV-volume-20260521123630-L1.zarr,1,0.19.99,nonzero byte in first 4096B prefix; full chunk not fetched,4096
CHUNK_SAMPLE_POPULATED,info,PHerc0814/segments/20251001060526-auto_grown_20251001060526760/surface-volumes/1.129um-0.22m-59keV-volume-20260521123630-L1.zarr,1,0.67.149,nonzero byte in first 4096B prefix; full chunk not fetched,4096
CHUNK_SAMPLE_POPULATED,info,PHerc0814/segments/20251001060526-auto_grown_20251001060526760/surface-volumes/1.129um-0.22m-59keV-volume-20260521123630-L1.zarr,2,0.4.175,nonzero byte in first 4096B prefix; full chunk not fetched,4096
CHUNK_SAMPLE_POPULATED,info,PHerc0814/segments/20251001060526-auto_grown_20251001060526760/surface-volumes/1.129um-0.22m-59keV-volume-20260521123630-L1.zarr,2,0.9.150,nonzero byte in first 4096B prefix; full chunk not fetched,4096
CHUNK_SAMPLE_POPULATED,info,PHerc0814/segments/20251001060526-auto_grown_20251001060526760/surface-volumes/1.129um-0.22m-59keV-volume-20260521123630-L1.zarr,2,0.14.125,nonzero byte in first 4096B prefix; full chunk not fetched,4096
CHUNK_SAMPLE_POPULATED,info,PHerc0814/segments/20251001060526-auto_grown_20251001060526760/surface-volumes/1.129um-0.22m-59keV-volume-20260521123630-L1.zarr,3,0.2.50,nonzero byte in first 4096B prefix; full chunk not fetched,4096
CHUNK_SAMPLE_POPULATED,info,PHerc0814/segments/20251001060526-auto_grown_20251001060526760/surface-volumes/1.129um-0.22m-59keV-volume-20260521123630-L1.zarr,3,0.7.50,nonzero byte in first 4096B prefix; full chunk not fetched,4096
CHUNK_SAMPLE_POPULATED,info,PHerc0814/segments/20251001060526-auto_grown_20251001060526760/surface-volumes/1.129um-0.22m-59keV-volume-20260521123630-L1.zarr,3,0.10.0,nonzero byte in first 4096B prefix; full chunk not fetched,4096
CHUNK_SAMPLE_POPULATED,info,PHerc0814/segments/20251001060526-auto_grown_20251001060526760/surface-volumes/1.129um-0.22m-59keV-volume-20260521123630-L1.zarr,4,0.1.12,nonzero byte in first 4096B prefix; full chunk not fetched,4096
CHUNK_SAMPLE_POPULATED,info,PHerc0814/segments/20251001060526-auto_grown_20251001060526760/surface-volumes/1.129um-0.22m-59keV-volume-20260521123630-L1.zarr,4,0.2.25,nonzero byte in first 4096B prefix; full chunk not fetched,4096
CHUNK_SAMPLE_POPULATED,info,PHerc0814/segments/20251001060526-auto_grown_20251001060526760/surface-volumes/1.129um-0.22m-59keV-volume-20260521123630-L1.zarr,4,0.3.37,nonzero byte in first 4096B prefix; full chunk not fetched,4096
CHUNK_SAMPLE_POPULATED,info,PHerc0814/segments/20251001060526-auto_grown_20251001060526760/surface-volumes/1.129um-0.22m-59keV-volume-20260521123630-L1.zarr,5,0.0.0,516180/1900544 values differ from fill_value,1904640
CHUNK_SAMPLE_POPULATED,info,PHerc0814/segments/20251001060526-auto_grown_20251001060526760/surface-volumes/1.129um-0.22m-59keV-volume-20260521123630-L1.zarr,5,0.0.16,546468/1900544 values differ from fill_value,1904640
CHUNK_SAMPLE_POPULATED,info,PHerc0814/segments/20251001060526-auto_grown_20251001060526760/surface-volumes/1.129um-0.22m-59keV-volume-20260521123630-L1.zarr,5,0.1.6,nonzero byte in first 4096B prefix; full chunk not fetched,4096
CHUNK_SAMPLE_POPULATED,info,PHerc0814/segments/20260225160055-auto_grown_20260225160055913/surface-volumes/1.129um-0.22m-59keV-volume-20260521123630-L1.zarr,0,0.5.11,nonzero byte in first 4096B prefix; full chunk not fetched,4096
CHUNK_SAMPLE_POPULATED,info,PHerc0814/segments/20260225160055-auto_grown_20260225160055913/surface-volumes/1.129um-0.22m-59keV-volume-20260521123630-L1.zarr,0,0.8.5,nonzero byte in first 4096B prefix; full chunk not fetched,4096
CHUNK_SAMPLE_POPULATED,info,PHerc0814/segments/20260225160055-auto_grown_20260225160055913/surface-volumes/1.129um-0.22m-59keV-volume-20260521123630-L1.zarr,0,0.13.16,nonzero byte in first 4096B prefix; full chunk not fetched,4096
CHUNK_SAMPLE_POPULATED,info,PHerc0814/segments/20260225160055-auto_grown_20260225160055913/surface-volumes/1.129um-0.22m-59keV-volume-20260521123630-L1.zarr,1,0.1.4,nonzero byte in first 4096B prefix; full chunk not fetched,4096
CHUNK_SAMPLE_POPULATED,info,PHerc0814/segments/20260225160055-auto_grown_20260225160055913/surface-volumes/1.129um-0.22m-59keV-volume-20260521123630-L1.zarr,1,0.2.8,595080/1900544 values differ from fill_value,1904640
CHUNK_SAMPLE_POPULATED,info,PHerc0814/segments/20260225160055-auto_grown_20260225160055913/surface-volumes/1.129um-0.22m-59keV-volume-20260521123630-L1.zarr,1,0.4.1,nonzero byte in first 4096B prefix; full chunk not fetched,4096
CHUNK_SAMPLE_POPULATED,info,PHerc0814/segments/20260225160055-auto_grown_20260225160055913/surface-volumes/1.129um-0.22m-59keV-volume-20260521123630-L1.zarr,2,0.1.3,nonzero byte in first 4096B prefix; full chunk not fetched,4096
CHUNK_SAMPLE_POPULATED,info,PHerc0814/segments/20260225160055-auto_grown_20260225160055913/surface-volumes/1.129um-0.22m-59keV-volume-20260521123630-L1.zarr,2,0.2.1,nonzero byte in first 4096B prefix; full chunk not fetched,4096
CHUNK_SAMPLE_POPULATED,info,PHerc0814/segments/20260225160055-auto_grown_20260225160055913/surface-volumes/1.129um-0.22m-59keV-volume-20260521123630-L1.zarr,2,0.3.0,nonzero byte in first 4096B prefix; full chunk not fetched,4096
CHUNK_SAMPLE_POPULATED,info,PHerc0814/segments/20260225160055-auto_grown_20260225160055913/surface-volumes/1.129um-0.22m-59keV-volume-20260521123630-L1.zarr,3,0.0.0,nonzero byte in first 4096B prefix; full chunk not fetched,4096
CHUNK_SAMPLE_POPULATED,info,PHerc0814/segments/20260225160055-auto_grown_20260225160055913/surface-volumes/1.129um-0.22m-59keV-volume-20260521123630-L1.zarr,3,0.0.1,nonzero byte in first 4096B prefix; full chunk not fetched,4096
CHUNK_SAMPLE_POPULATED,info,PHerc0814/segments/20260225160055-auto_grown_20260225160055913/surface-volumes/1.129um-0.22m-59keV-volume-20260521123630-L1.zarr,3,0.0.2,273528/1900544 values differ from fill_value,1904640
CHUNK_SAMPLE_POPULATED,info,PHerc0814/segments/20260225160055-auto_grown_20260225160055913/surface-volumes/1.129um-0.22m-59keV-volume-20260521123630-L1.zarr,4,0.0.0,nonzero byte in first 4096B prefix; full chunk not fetched,4096
CHUNK_SAMPLE_POPULATED,info,PHerc0814/segments/20260225160055-auto_grown_20260225160055913/surface-volumes/1.129um-0.22m-59keV-volume-20260521123630-L1.zarr,4,0.0.1,211415/1900544 values differ from fill_value,1904640
CHUNK_SAMPLE_POPULATED,info,PHerc0814/segments/20260225160055-auto_grown_20260225160055913/surface-volumes/1.129um-0.22m-59keV-volume-20260521123630-L1.zarr,4,0.1.0,nonzero byte in first 4096B prefix; full chunk not fetched,4096
CHUNK_SAMPLE_POPULATED,info,PHerc0814/segments/20260225160055-auto_grown_20260225160055913/surface-volumes/1.129um-0.22m-59keV-volume-20260521123630-L1.zarr,5,0.0.0,nonzero byte in first 4096B prefix; full chunk not fetched,4096
CHUNK_SAMPLE_POPULATED,info,PHerc0814/segments/20260226000000-46527_2um_try2/surface-volumes/1.129um-0.22m-59keV-volume-20260521123630-L1.zarr,0,0.17.86,nonzero byte in first 4096B prefix; full chunk not fetched,4096
CHUNK_SAMPLE_POPULATED,info,PHerc0814/segments/20260226000000-46527_2um_try2/surface-volumes/1.129um-0.22m-59keV-volume-20260521123630-L1.zarr,0,0.26.72,nonzero byte in first 4096B prefix; full chunk not fetched,4096
CHUNK_SAMPLE_POPULATED,info,PHerc0814/segments/20260226000000-46527_2um_try2/surface-volumes/1.129um-0.22m-59keV-volume-20260521123630-L1.zarr,0,0.35.57,nonzero byte in first 4096B prefix; full chunk not fetched,4096
CHUNK_SAMPLE_POPULATED,info,PHerc0814/segments/20260226000000-46527_2um_try2/surface-volumes/1.129um-0.22m-59keV-volume-20260521123630-L1.zarr,1,0.4.29,nonzero byte in first 4096B prefix; full chunk not fetched,4096
CHUNK_SAMPLE_POPULATED,info,PHerc0814/segments/20260226000000-46527_2um_try2/surface-volumes/1.129um-0.22m-59keV-volume-20260521123630-L1.zarr,1,0.13.29,nonzero byte in first 4096B prefix; full chunk not fetched,4096
CHUNK_SAMPLE_POPULATED,info,PHerc0814/segments/20260226000000-46527_2um_try2/surface-volumes/1.129um-0.22m-59keV-volume-20260521123630-L1.zarr,1,0.18.0,nonzero byte in first 4096B prefix; full chunk not fetched,4096
CHUNK_SAMPLE_POPULATED,info,PHerc0814/segments/20260226000000-46527_2um_try2/surface-volumes/1.129um-0.22m-59keV-volume-20260521123630-L1.zarr,2,0.4.14,nonzero byte in first 4096B prefix; full chunk not fetched,4096
CHUNK_SAMPLE_POPULATED,info,PHerc0814/segments/20260226000000-46527_2um_try2/surface-volumes/1.129um-0.22m-59keV-volume-20260521123630-L1.zarr,2,0.6.21,nonzero byte in first 4096B prefix; full chunk not fetched,4096
CHUNK_SAMPLE_POPULATED,info,PHerc0814/segments/20260226000000-46527_2um_try2/surface-volumes/1.129um-0.22m-59keV-volume-20260521123630-L1.zarr,2,0.13.14,nonzero byte in first 4096B prefix; full chunk not fetched,4096
CHUNK_SAMPLE_POPULATED,info,PHerc0814/segments/20260226000000-46527_2um_try2/surface-volumes/1.129um-0.22m-59keV-volume-20260521123630-L1.zarr,3,0.4.7,nonzero byte in first 4096B prefix; full chunk not fetched,4096
CHUNK_SAMPLE_POPULATED,info,PHerc0814/segments/20260226000000-46527_2um_try2/surface-volumes/1.129um-0.22m-59keV-volume-20260521123630-L1.zarr,3,0.5.9,nonzero byte in first 4096B prefix; full chunk not fetched,4096
CHUNK_SAMPLE_POPULATED,info,PHerc0814/segments/20260226000000-46527_2um_try2/surface-volumes/1.129um-0.22m-59keV-volume-20260521123630-L1.zarr,3,0.6.10,nonzero byte in first 4096B prefix; full chunk not fetched,4096
CHUNK_SAMPLE_POPULATED,info,PHerc0814/segments/20260226000000-46527_2um_try2/surface-volumes/1.129um-0.22m-59keV-volume-20260521123630-L1.zarr,4,0.0.5,nonzero byte in first 4096B prefix; full chunk not fetched,4096
CHUNK_SAMPLE_POPULATED,info,PHerc0814/segments/20260226000000-46527_2um_try2/surface-volumes/1.129um-0.22m-59keV-volume-20260521123630-L1.zarr,4,0.1.7,42078/1900544 values differ from fill_value,1904640
CHUNK_SAMPLE_POPULATED,info,PHerc0814/segments/20260226000000-46527_2um_try2/surface-volumes/1.129um-0.22m-59keV-volume-20260521123630-L1.zarr,4,0.2.4,nonzero byte in first 4096B prefix; full chunk not fetched,4096
CHUNK_SAMPLE_POPULATED,info,PHerc0814/segments/20260226000000-46527_2um_try2/surface-volumes/1.129um-0.22m-59keV-volume-20260521123630-L1.zarr,5,0.0.0,307380/1900544 values differ from fill_value,1904640
CHUNK_SAMPLE_POPULATED,info,PHerc0814/segments/20260226000000-46527_2um_try2/surface-volumes/1.129um-0.22m-59keV-volume-20260521123630-L1.zarr,5,0.0.1,nonzero byte in first 4096B prefix; full chunk not fetched,4096
CHUNK_SAMPLE_POPULATED,info,PHerc0814/segments/20260226000000-46527_2um_try2/surface-volumes/1.129um-0.22m-59keV-volume-20260521123630-L1.zarr,5,0.0.3,512811/1900544 values differ from fill_value,1904640
CHUNK_SAMPLE_POPULATED,info,PHerc0814/segments/20250929040153-auto_grown_20250929040153260/surface-volumes/1.129um-0.22m-59keV-volume-20260521123630-L1.zarr,0,0.13.227,nonzero byte in first 4096B prefix; full chunk not fetched,4096
CHUNK_SAMPLE_POPULATED,info,PHerc0814/segments/20250929040153-auto_grown_20250929040153260/surface-volumes/1.129um-0.22m-59keV-volume-20260521123630-L1.zarr,0,0.27.91,nonzero byte in first 4096B prefix; full chunk not fetched,4096
CHUNK_SAMPLE_POPULATED,info,PHerc0814/segments/20250929040153-auto_grown_20250929040153260/surface-volumes/1.129um-0.22m-59keV-volume-20260521123630-L1.zarr,0,0.40.318,156256/1900544 values differ from fill_value,1904640
CHUNK_SAMPLE_POPULATED,info,PHerc0814/segments/20250929040153-auto_grown_20250929040153260/surface-volumes/1.129um-0.22m-59keV-volume-20260521123630-L1.zarr,1,0.13.136,444681/1900544 values differ from fill_value,1904640
CHUNK_SAMPLE_POPULATED,info,PHerc0814/segments/20250929040153-auto_grown_20250929040153260/surface-volumes/1.129um-0.22m-59keV-volume-20260521123630-L1.zarr,1,0.20.113,nonzero byte in first 4096B prefix; full chunk not fetched,4096
CHUNK_SAMPLE_POPULATED,info,PHerc0814/segments/20250929040153-auto_grown_20250929040153260/surface-volumes/1.129um-0.22m-59keV-volume-20260521123630-L1.zarr,1,0.27.90,336383/1900544 values differ from fill_value,1904640
CHUNK_SAMPLE_POPULATED,info,PHerc0814/segments/20250929040153-auto_grown_20250929040153260/surface-volumes/1.129um-0.22m-59keV-volume-20260521123630-L1.zarr,2,0.3.45,nonzero byte in first 4096B prefix; full chunk not fetched,4096
CHUNK_SAMPLE_POPULATED,info,PHerc0814/segments/20250929040153-auto_grown_20250929040153260/surface-volumes/1.129um-0.22m-59keV-volume-20260521123630-L1.zarr,2,0.10.45,nonzero byte in first 4096B prefix; full chunk not fetched,4096
CHUNK_SAMPLE_POPULATED,info,PHerc0814/segments/20250929040153-auto_grown_20250929040153260/surface-volumes/1.129um-0.22m-59keV-volume-20260521123630-L1.zarr,2,0.17.45,nonzero byte in first 4096B prefix; full chunk not fetched,4096
CHUNK_SAMPLE_POPULATED,info,PHerc0814/segments/20250929040153-auto_grown_20250929040153260/surface-volumes/1.129um-0.22m-59keV-volume-20260521123630-L1.zarr,3,0.3.23,nonzero byte in first 4096B prefix; full chunk not fetched,4096
CHUNK_SAMPLE_POPULATED,info,PHerc0814/segments/20250929040153-auto_grown_20250929040153260/surface-volumes/1.129um-0.22m-59keV-volume-20260521123630-L1.zarr,3,0.5.11,nonzero byte in first 4096B prefix; full chunk not fetched,4096
CHUNK_SAMPLE_POPULATED,info,PHerc0814/segments/20250929040153-auto_grown_20250929040153260/surface-volumes/1.129um-0.22m-59keV-volume-20260521123630-L1.zarr,3,0.10.22,nonzero byte in first 4096B prefix; full chunk not fetched,4096
CHUNK_SAMPLE_POPULATED,info,PHerc0814/segments/20250929040153-auto_grown_20250929040153260/surface-volumes/1.129um-0.22m-59keV-volume-20260521123630-L1.zarr,4,0.1.17,384750/1900544 values differ from fill_value,1904640
CHUNK_SAMPLE_POPULATED,info,PHerc0814/segments/20250929040153-auto_grown_20250929040153260/surface-volumes/1.129um-0.22m-59keV-volume-20260521123630-L1.zarr,4,0.2.14,nonzero byte in first 4096B prefix; full chunk not fetched,4096
CHUNK_SAMPLE_POPULATED,info,PHerc0814/segments/20250929040153-auto_grown_20250929040153260/surface-volumes/1.129um-0.22m-59keV-volume-20260521123630-L1.zarr,4,0.3.11,nonzero byte in first 4096B prefix; full chunk not fetched,4096
CHUNK_SAMPLE_POPULATED,info,PHerc0814/segments/20250929040153-auto_grown_20250929040153260/surface-volumes/1.129um-0.22m-59keV-volume-20260521123630-L1.zarr,5,0.0.0,255996/1900544 values differ from fill_value,1904640
CHUNK_SAMPLE_POPULATED,info,PHerc0814/segments/20250929040153-auto_grown_20250929040153260/surface-volumes/1.129um-0.22m-59keV-volume-20260521123630-L1.zarr,5,0.0.6,nonzero byte in first 4096B prefix; full chunk not fetched,4096
CHUNK_SAMPLE_POPULATED,info,PHerc0814/segments/20250929040153-auto_grown_20250929040153260/surface-volumes/1.129um-0.22m-59keV-volume-20260521123630-L1.zarr,5,0.1.0,nonzero byte in first 4096B prefix; full chunk not fetched,4096
CHUNK_SAMPLE_POPULATED,info,PHerc0500P2/segments/20250919184435-0500P2-wrap08_0919/surface-volumes/2.215um-0.4m-111keV-volume-20250526151718.zarr,2,0.0.0,nonzero byte in first 4096B prefix; full chunk not fetched,4096
CHUNK_SAMPLE_POPULATED,info,PHerc0500P2/segments/20250919184435-0500P2-wrap08_0919/surface-volumes/2.215um-0.4m-111keV-volume-20250526151718.zarr,2,0.1.0,nonzero byte in first 4096B prefix; full chunk not fetched,4096
CHUNK_SAMPLE_POPULATED,info,PHerc0500P2/segments/20250919184435-0500P2-wrap08_0919/surface-volumes/2.215um-0.4m-111keV-volume-20250526151718.zarr,2,0.2.0,nonzero byte in first 4096B prefix; full chunk not fetched,4096
CHUNK_SAMPLE_POPULATED,info,PHerc0500P2/segments/20250919184435-0500P2-wrap08_0919/surface-volumes/2.215um-0.4m-111keV-volume-20250526151718.zarr,3,0.0.0,nonzero byte in first 4096B prefix; full chunk not fetched,4096
CHUNK_SAMPLE_POPULATED,info,PHerc0500P2/segments/20250919184435-0500P2-wrap08_0919/surface-volumes/2.215um-0.4m-111keV-volume-20250526151718.zarr,3,0.0.2,nonzero byte in first 4096B prefix; full chunk not fetched,4096
CHUNK_SAMPLE_POPULATED,info,PHerc0500P2/segments/20250919184435-0500P2-wrap08_0919/surface-volumes/2.215um-0.4m-111keV-volume-20250526151718.zarr,3,0.1.0,nonzero byte in first 4096B prefix; full chunk not fetched,4096
CHUNK_SAMPLE_POPULATED,info,PHerc0500P2/segments/20250919184435-0500P2-wrap08_0919/surface-volumes/2.215um-0.4m-111keV-volume-20250526151718.zarr,4,0.0.0,nonzero byte in first 4096B prefix; full chunk not fetched,4096
CHUNK_SAMPLE_POPULATED,info,PHerc0500P2/segments/20250919184435-0500P2-wrap08_0919/surface-volumes/2.215um-0.4m-111keV-volume-20250526151718.zarr,4,0.0.1,nonzero byte in first 4096B prefix; full chunk not fetched,4096
CHUNK_SAMPLE_POPULATED,info,PHerc0500P2/segments/20250919184435-0500P2-wrap08_0919/surface-volumes/2.215um-0.4m-111keV-volume-20250526151718.zarr,4,0.1.0,nonzero byte in first 4096B prefix; full chunk not fetched,4096
CHUNK_SAMPLE_POPULATED,info,PHerc0500P2/segments/20250919184435-0500P2-wrap08_0919/surface-volumes/2.215um-0.4m-111keV-volume-20250526151718.zarr,5,0.0.0,nonzero byte in first 4096B prefix; full chunk not fetched,4096
CHUNK_SAMPLE_POPULATED,info,PHerc0814/segments/20260226110425-auto_grown_20260226110425097_abf/surface-volumes/1.129um-0.22m-59keV-volume-20260521123630-L1.zarr,0,0.2.15,152184/1900544 values differ from fill_value,1904640
CHUNK_SAMPLE_POPULATED,info,PHerc0814/segments/20260226110425-auto_grown_20260226110425097_abf/surface-volumes/1.129um-0.22m-59keV-volume-20260521123630-L1.zarr,0,0.7.15,nonzero byte in first 4096B prefix; full chunk not fetched,4096
CHUNK_SAMPLE_POPULATED,info,PHerc0814/segments/20260226110425-auto_grown_20260226110425097_abf/surface-volumes/1.129um-0.22m-59keV-volume-20260521123630-L1.zarr,0,0.10.0,nonzero byte in first 4096B prefix; full chunk not fetched,4096
CHUNK_SAMPLE_POPULATED,info,PHerc0814/segments/20260226110425-auto_grown_20260226110425097_abf/surface-volumes/1.129um-0.22m-59keV-volume-20260521123630-L1.zarr,1,0.2.8,nonzero byte in first 4096B prefix; full chunk not fetched,4096
CHUNK_SAMPLE_POPULATED,info,PHerc0814/segments/20260226110425-auto_grown_20260226110425097_abf/surface-volumes/1.129um-0.22m-59keV-volume-20260521123630-L1.zarr,1,0.3.12,nonzero byte in first 4096B prefix; full chunk not fetched,4096
CHUNK_SAMPLE_POPULATED,info,PHerc0814/segments/20260226110425-auto_grown_20260226110425097_abf/surface-volumes/1.129um-0.22m-59keV-volume-20260521123630-L1.zarr,1,0.5.0,nonzero byte in first 4096B prefix; full chunk not fetched,4096
CHUNK_SAMPLE_POPULATED,info,PHerc0814/segments/20260226110425-auto_grown_20260226110425097_abf/surface-volumes/1.129um-0.22m-59keV-volume-20260521123630-L1.zarr,2,0.0.5,nonzero byte in first 4096B prefix; full chunk not fetched,4096
CHUNK_SAMPLE_POPULATED,info,PHerc0814/segments/20260226110425-auto_grown_20260226110425097_abf/surface-volumes/1.129um-0.22m-59keV-volume-20260521123630-L1.zarr,2,0.1.7,nonzero byte in first 4096B prefix; full chunk not fetched,4096
CHUNK_SAMPLE_POPULATED,info,PHerc0814/segments/20260226110425-auto_grown_20260226110425097_abf/surface-volumes/1.129um-0.22m-59keV-volume-20260521123630-L1.zarr,2,0.2.4,nonzero byte in first 4096B prefix; full chunk not fetched,4096
CHUNK_SAMPLE_POPULATED,info,PHerc0814/segments/20260226110425-auto_grown_20260226110425097_abf/surface-volumes/1.129um-0.22m-59keV-volume-20260521123630-L1.zarr,3,0.0.0,222177/1900544 values differ from fill_value,1904640
CHUNK_SAMPLE_POPULATED,info,PHerc0814/segments/20260226110425-auto_grown_20260226110425097_abf/surface-volumes/1.129um-0.22m-59keV-volume-20260521123630-L1.zarr,3,0.0.1,nonzero byte in first 4096B prefix; full chunk not fetched,4096
CHUNK_SAMPLE_POPULATED,info,PHerc0814/segments/20260226110425-auto_grown_20260226110425097_abf/surface-volumes/1.129um-0.22m-59keV-volume-20260521123630-L1.zarr,3,0.0.3,nonzero byte in first 4096B prefix; full chunk not fetched,4096
CHUNK_SAMPLE_POPULATED,info,PHerc0814/segments/20260226110425-auto_grown_20260226110425097_abf/surface-volumes/1.129um-0.22m-59keV-volume-20260521123630-L1.zarr,4,0.0.0,nonzero byte in first 4096B prefix; full chunk not fetched,4096
CHUNK_SAMPLE_POPULATED,info,PHerc0814/segments/20260226110425-auto_grown_20260226110425097_abf/surface-volumes/1.129um-0.22m-59keV-volume-20260521123630-L1.zarr,4,0.0.1,nonzero byte in first 4096B prefix; full chunk not fetched,4096
CHUNK_SAMPLE_POPULATED,info,PHerc0814/segments/20260226110425-auto_grown_20260226110425097_abf/surface-volumes/1.129um-0.22m-59keV-volume-20260521123630-L1.zarr,4,0.1.0,nonzero byte in first 4096B prefix; full chunk not fetched,4096
CHUNK_SAMPLE_POPULATED,info,PHerc0814/segments/20260226110425-auto_grown_20260226110425097_abf/surface-volumes/1.129um-0.22m-59keV-volume-20260521123630-L1.zarr,5,0.0.0,nonzero byte in first 4096B prefix; full chunk not fetched,4096
CHUNK_SAMPLE_POPULATED,info,PHerc0814/segments/20260226121302-auto_grown_20260226121302716_abf/surface-volumes/1.129um-0.22m-59keV-volume-20260521123630-L1.zarr,0,0.7.16,nonzero byte in first 4096B prefix; full chunk not fetched,4096
CHUNK_SAMPLE_POPULATED,info,PHerc0814/segments/20260226121302-auto_grown_20260226121302716_abf/surface-volumes/1.129um-0.22m-59keV-volume-20260521123630-L1.zarr,0,0.10.0,nonzero byte in first 4096B prefix; full chunk not fetched,4096
CHUNK_SAMPLE_POPULATED,info,PHerc0814/segments/20260226121302-auto_grown_20260226121302716_abf/surface-volumes/1.129um-0.22m-59keV-volume-20260521123630-L1.zarr,0,0.12.15,nonzero byte in first 4096B prefix; full chunk not fetched,4096
CHUNK_SAMPLE_POPULATED,info,PHerc0814/segments/20260226121302-auto_grown_20260226121302716_abf/surface-volumes/1.129um-0.22m-59keV-volume-20260521123630-L1.zarr,1,0.2.8,nonzero byte in first 4096B prefix; full chunk not fetched,4096
CHUNK_SAMPLE_POPULATED,info,PHerc0814/segments/20260226121302-auto_grown_20260226121302716_abf/surface-volumes/1.129um-0.22m-59keV-volume-20260521123630-L1.zarr,1,0.3.12,nonzero byte in first 4096B prefix; full chunk not fetched,4096
CHUNK_SAMPLE_POPULATED,info,PHerc0814/segments/20260226121302-auto_grown_20260226121302716_abf/surface-volumes/1.129um-0.22m-59keV-volume-20260521123630-L1.zarr,1,0.5.0,nonzero byte in first 4096B prefix; full chunk not fetched,4096
CHUNK_SAMPLE_POPULATED,info,PHerc0814/segments/20260226121302-auto_grown_20260226121302716_abf/surface-volumes/1.129um-0.22m-59keV-volume-20260521123630-L1.zarr,2,0.0.5,337267/1900544 values differ from fill_value,1904640
CHUNK_SAMPLE_POPULATED,info,PHerc0814/segments/20260226121302-auto_grown_20260226121302716_abf/surface-volumes/1.129um-0.22m-59keV-volume-20260521123630-L1.zarr,2,0.1.7,nonzero byte in first 4096B prefix; full chunk not fetched,4096
CHUNK_SAMPLE_POPULATED,info,PHerc0814/segments/20260226121302-auto_grown_20260226121302716_abf/surface-volumes/1.129um-0.22m-59keV-volume-20260521123630-L1.zarr,2,0.2.4,nonzero byte in first 4096B prefix; full chunk not fetched,4096
CHUNK_SAMPLE_POPULATED,info,PHerc0814/segments/20260226121302-auto_grown_20260226121302716_abf/surface-volumes/1.129um-0.22m-59keV-volume-20260521123630-L1.zarr,3,0.0.0,208376/1900544 values differ from fill_value,1904640
CHUNK_SAMPLE_POPULATED,info,PHerc0814/segments/20260226121302-auto_grown_20260226121302716_abf/surface-volumes/1.129um-0.22m-59keV-volume-20260521123630-L1.zarr,3,0.0.1,nonzero byte in first 4096B prefix; full chunk not fetched,4096
CHUNK_SAMPLE_POPULATED,info,PHerc0814/segments/20260226121302-auto_grown_20260226121302716_abf/surface-volumes/1.129um-0.22m-59keV-volume-20260521123630-L1.zarr,3,0.0.3,nonzero byte in first 4096B prefix; full chunk not fetched,4096
CHUNK_SAMPLE_POPULATED,info,PHerc0814/segments/20260226121302-auto_grown_20260226121302716_abf/surface-volumes/1.129um-0.22m-59keV-volume-20260521123630-L1.zarr,4,0.0.0,nonzero byte in first 4096B prefix; full chunk not fetched,4096
CHUNK_SAMPLE_POPULATED,info,PHerc0814/segments/20260226121302-auto_grown_20260226121302716_abf/surface-volumes/1.129um-0.22m-59keV-volume-20260521123630-L1.zarr,4,0.0.1,nonzero byte in first 4096B prefix; full chunk not fetched,4096
CHUNK_SAMPLE_POPULATED,info,PHerc0814/segments/20260226121302-auto_grown_20260226121302716_abf/surface-volumes/1.129um-0.22m-59keV-volume-20260521123630-L1.zarr,4,0.1.0,nonzero byte in first 4096B prefix; full chunk not fetched,4096
CHUNK_SAMPLE_POPULATED,info,PHerc0814/segments/20260226121302-auto_grown_20260226121302716_abf/surface-volumes/1.129um-0.22m-59keV-volume-20260521123630-L1.zarr,5,0.0.0,nonzero byte in first 4096B prefix; full chunk not fetched,4096
CHUNK_SAMPLE_POPULATED,info,PHercParis4/segments/20260623154006-w085-088/surface-volumes/1.129um-0.23m-78keV-volume-20260608103018-L1.zarr,0,0.154.1501,nonzero byte in first 4096B prefix; full chunk not fetched,4096
CHUNK_SAMPLE_POPULATED,info,PHercParis4/segments/20260623154006-w085-088/surface-volumes/1.129um-0.23m-78keV-volume-20260608103018-L1.zarr,0,0.258.214,nonzero byte in first 4096B prefix; full chunk not fetched,4096
CHUNK_SAMPLE_POPULATED,info,PHercParis4/segments/20260623154006-w085-088/surface-volumes/1.129um-0.23m-78keV-volume-20260608103018-L1.zarr,0,0.361.643,nonzero byte in first 4096B prefix; full chunk not fetched,4096
CHUNK_SAMPLE_POPULATED,info,PHercParis4/segments/20260623154006-w085-088/surface-volumes/1.129um-0.23m-78keV-volume-20260608103018-L1.zarr,1,0.77.536,nonzero byte in first 4096B prefix; full chunk not fetched,4096
CHUNK_SAMPLE_POPULATED,info,PHercParis4/segments/20260623154006-w085-088/surface-volumes/1.129um-0.23m-78keV-volume-20260608103018-L1.zarr,1,0.129.321,nonzero byte in first 4096B prefix; full chunk not fetched,4096
CHUNK_SAMPLE_POPULATED,info,PHercParis4/segments/20260623154006-w085-088/surface-volumes/1.129um-0.23m-78keV-volume-20260608103018-L1.zarr,1,0.181.106,nonzero byte in first 4096B prefix; full chunk not fetched,4096
CHUNK_SAMPLE_POPULATED,info,PHercParis4/segments/20260623154006-w085-088/surface-volumes/1.129um-0.23m-78keV-volume-20260608103018-L1.zarr,5,0.4.47,nonzero byte in first 4096B prefix; full chunk not fetched,4096
CHUNK_SAMPLE_POPULATED,info,PHercParis4/segments/20260623154006-w085-088/surface-volumes/1.129um-0.23m-78keV-volume-20260608103018-L1.zarr,5,0.8.6,nonzero byte in first 4096B prefix; full chunk not fetched,4096
CHUNK_SAMPLE_POPULATED,info,PHercParis4/segments/20260623154006-w085-088/surface-volumes/1.129um-0.23m-78keV-volume-20260608103018-L1.zarr,5,0.11.19,nonzero byte in first 4096B prefix; full chunk not fetched,4096
CHUNK_SAMPLE_POPULATED,info,PHercParis4/segments/20260701183128-w053-058/surface-volumes/2.4um-0.22m-78keV-volume-20260411134726.zarr,0,0.71.722,nonzero byte in first 4096B prefix; full chunk not fetched,4096
CHUNK_SAMPLE_POPULATED,info,PHercParis4/segments/20260701183128-w053-058/surface-volumes/2.4um-0.22m-78keV-volume-20260411134726.zarr,0,0.214.722,nonzero byte in first 4096B prefix; full chunk not fetched,4096
CHUNK_SAMPLE_POPULATED,info,PHercParis4/segments/20260701183128-w053-058/surface-volumes/2.4um-0.22m-78keV-volume-20260411134726.zarr,0,0.357.722,nonzero byte in first 4096B prefix; full chunk not fetched,4096
CHUNK_SAMPLE_POPULATED,info,PHercParis4/segments/20260701183128-w053-058/surface-volumes/2.4um-0.22m-78keV-volume-20260411134726.zarr,1,0.35.542,nonzero byte in first 4096B prefix; full chunk not fetched,4096
CHUNK_SAMPLE_POPULATED,info,PHercParis4/segments/20260701183128-w053-058/surface-volumes/2.4um-0.22m-78keV-volume-20260411134726.zarr,1,0.71.361,nonzero byte in first 4096B prefix; full chunk not fetched,4096
CHUNK_SAMPLE_POPULATED,info,PHercParis4/segments/20260701183128-w053-058/surface-volumes/2.4um-0.22m-78keV-volume-20260411134726.zarr,1,0.107.180,nonzero byte in first 4096B prefix; full chunk not fetched,4096
CHUNK_SAMPLE_POPULATED,info,PHercParis4/segments/20260701183128-w053-058/surface-volumes/2.4um-0.22m-78keV-volume-20260411134726.zarr,2,0.17.317,nonzero byte in first 4096B prefix; full chunk not fetched,4096
CHUNK_SAMPLE_POPULATED,info,PHercParis4/segments/20260701183128-w053-058/surface-volumes/2.4um-0.22m-78keV-volume-20260411134726.zarr,2,0.35.271,nonzero byte in first 4096B prefix; full chunk not fetched,4096
CHUNK_SAMPLE_POPULATED,info,PHercParis4/segments/20260701183128-w053-058/surface-volumes/2.4um-0.22m-78keV-volume-20260411134726.zarr,2,0.53.226,nonzero byte in first 4096B prefix; full chunk not fetched,4096
CHUNK_SAMPLE_POPULATED,info,PHercParis4/segments/20260701183128-w053-058/surface-volumes/2.4um-0.22m-78keV-volume-20260411134726.zarr,3,0.18.0,nonzero byte in first 4096B prefix; full chunk not fetched,4096
CHUNK_SAMPLE_POPULATED,info,PHercParis4/segments/20260701183128-w053-058/surface-volumes/2.4um-0.22m-78keV-volume-20260411134726.zarr,4,0.4.45,nonzero byte in first 4096B prefix; full chunk not fetched,4096
CHUNK_SAMPLE_POPULATED,info,PHercParis4/segments/20260701183128-w053-058/surface-volumes/2.4um-0.22m-78keV-volume-20260411134726.zarr,4,0.9.0,nonzero byte in first 4096B prefix; full chunk not fetched,4096
CHUNK_SAMPLE_POPULATED,info,PHercParis4/segments/20260701183128-w053-058/surface-volumes/2.4um-0.22m-78keV-volume-20260411134726.zarr,4,0.13.45,nonzero byte in first 4096B prefix; full chunk not fetched,4096
CHUNK_SAMPLE_POPULATED,info,PHercParis4/segments/20260701183128-w053-058/surface-volumes/2.4um-0.22m-78keV-volume-20260411134726.zarr,5,0.2.11,nonzero byte in first 4096B prefix; full chunk not fetched,4096
CHUNK_SAMPLE_POPULATED,info,PHercParis4/segments/20260701183128-w053-058/surface-volumes/2.4um-0.22m-78keV-volume-20260411134726.zarr,5,0.4.23,nonzero byte in first 4096B prefix; full chunk not fetched,4096
CHUNK_SAMPLE_POPULATED,info,PHercParis4/segments/20260701183128-w053-058/surface-volumes/2.4um-0.22m-78keV-volume-20260411134726.zarr,5,0.6.34,nonzero byte in first 4096B prefix; full chunk not fetched,4096
CHUNK_SAMPLE_POPULATED,info,PHerc0846A/representations/predictions/surfaces/20260319102732-surface-20260413222639-surface-m7-L2-th0.2.zarr,0,2.19.19,1462711/7077888 values differ from fill_value,472635
CHUNK_SAMPLE_POPULATED,info,PHerc0846A/representations/predictions/surfaces/20260319102732-surface-20260413222639-surface-m7-L2-th0.2.zarr,0,7.19.19,1146071/7077888 values differ from fill_value,389529
CHUNK_SAMPLE_POPULATED,info,PHerc0846A/representations/predictions/surfaces/20260319102732-surface-20260413222639-surface-m7-L2-th0.2.zarr,0,12.19.19,1160571/7077888 values differ from fill_value,303847
CHUNK_SAMPLE_POPULATED,info,PHerc0846A/representations/predictions/surfaces/20260319102732-surface-20260413222639-surface-m7-L2-th0.2.zarr,2,0.6.2,1653172/7077888 values differ from fill_value,961334
CHUNK_SAMPLE_POPULATED,info,PHerc0846A/representations/predictions/surfaces/20260319102732-surface-20260413222639-surface-m7-L2-th0.2.zarr,2,1.2.5,1916915/7077888 values differ from fill_value,472197
CHUNK_SAMPLE_POPULATED,info,PHerc0846A/representations/predictions/surfaces/20260319102732-surface-20260413222639-surface-m7-L2-th0.2.zarr,2,2.5.0,1608145/7077888 values differ from fill_value,72046
CHUNK_SAMPLE_POPULATED,info,PHerc0846A/representations/predictions/surfaces/20260319102732-surface-20260413222639-surface-m7-L2-th0.2.zarr,3,0.1.4,581124/7077888 values differ from fill_value,74900
CHUNK_SAMPLE_POPULATED,info,PHerc0846A/representations/predictions/surfaces/20260319102732-surface-20260413222639-surface-m7-L2-th0.2.zarr,3,0.3.3,1575101/7077888 values differ from fill_value,647604
CHUNK_SAMPLE_POPULATED,info,PHerc0846A/representations/predictions/surfaces/20260319102732-surface-20260413222639-surface-m7-L2-th0.2.zarr,3,1.0.3,437232/7077888 values differ from fill_value,28729
CHUNK_SAMPLE_POPULATED,info,PHerc0846A/representations/predictions/surfaces/20260319102732-surface-20260413222639-surface-m7-L2-th0.2.zarr,4,0.0.0,623814/7077888 values differ from fill_value,261576
CHUNK_SAMPLE_POPULATED,info,PHerc0846A/representations/predictions/surfaces/20260319102732-surface-20260413222639-surface-m7-L2-th0.2.zarr,4,0.0.2,145927/7077888 values differ from fill_value,37547
CHUNK_SAMPLE_POPULATED,info,PHerc0846A/representations/predictions/surfaces/20260319102732-surface-20260413222639-surface-m7-L2-th0.2.zarr,4,0.1.1,1584588/7077888 values differ from fill_value,981975
CHUNK_SAMPLE_POPULATED,info,PHerc0846A/representations/predictions/surfaces/20260319102732-surface-20260413222639-surface-m7-L2-th0.2.zarr,5,0.0.0,739252/7077888 values differ from fill_value,433026
CHUNK_SAMPLE_POPULATED,info,PHerc0846A/representations/predictions/surfaces/20260319102732-surface-20260413222639-surface-m7-L2-th0.2.zarr,5,0.0.1,56113/7077888 values differ from fill_value,30893
CHUNK_SAMPLE_POPULATED,info,PHercParis4/segments/20260623171929-w128-129/surface-volumes/45.532um-11.0m-74keV-volume-20260310170716.zarr,0,0.11.16,nonzero byte in first 4096B prefix; full chunk not fetched,4096
CHUNK_SAMPLE_POPULATED,info,PHercParis4/segments/20260623171929-w128-129/surface-volumes/45.532um-11.0m-74keV-volume-20260310170716.zarr,0,0.18.48,nonzero byte in first 4096B prefix; full chunk not fetched,4096
CHUNK_SAMPLE_POPULATED,info,PHercParis4/segments/20260623171929-w128-129/surface-volumes/45.532um-11.0m-74keV-volume-20260310170716.zarr,0,0.22.32,8843/98304 values differ from fill_value,102400
CHUNK_SAMPLE_POPULATED,info,PHercParis4/segments/20260623171929-w128-129/surface-volumes/45.532um-11.0m-74keV-volume-20260310170716.zarr,1,0.3.25,36/98304 values differ from fill_value,102400
CHUNK_SAMPLE_POPULATED,info,PHercParis4/segments/20260623171929-w128-129/surface-volumes/45.532um-11.0m-74keV-volume-20260310170716.zarr,1,0.7.16,1/98304 values differ from fill_value,102400
CHUNK_SAMPLE_POPULATED,info,PHercParis4/segments/20260623171929-w128-129/surface-volumes/45.532um-11.0m-74keV-volume-20260310170716.zarr,1,0.9.12,nonzero byte in first 4096B prefix; full chunk not fetched,4096
CHUNK_SAMPLE_POPULATED,info,PHercParis4/segments/20260623171929-w128-129/surface-volumes/45.532um-11.0m-74keV-volume-20260310170716.zarr,2,0.3.0,52/98304 values differ from fill_value,102400
CHUNK_SAMPLE_POPULATED,info,PHercParis4/segments/20260623171929-w128-129/surface-volumes/45.532um-11.0m-74keV-volume-20260310170716.zarr,2,0.4.0,26/98304 values differ from fill_value,102400
CHUNK_SAMPLE_POPULATED,info,PHercParis4/segments/20260623171929-w128-129/surface-volumes/45.532um-11.0m-74keV-volume-20260310170716.zarr,3,0.1.0,43/98304 values differ from fill_value,102400
CHUNK_SAMPLE_POPULATED,info,PHercParis4/segments/20260623171929-w128-129/surface-volumes/45.532um-11.0m-74keV-volume-20260310170716.zarr,3,0.1.4,1645/98304 values differ from fill_value,102400
CHUNK_SAMPLE_POPULATED,info,PHercParis4/segments/20260623171929-w128-129/surface-volumes/45.532um-11.0m-74keV-volume-20260310170716.zarr,3,0.2.0,13757/98304 values differ from fill_value,102400
CHUNK_SAMPLE_POPULATED,info,PHercParis4/segments/20260623171929-w128-129/surface-volumes/45.532um-11.0m-74keV-volume-20260310170716.zarr,4,0.0.0,9013/98304 values differ from fill_value,102400
CHUNK_SAMPLE_POPULATED,info,PHercParis4/segments/20260623171929-w128-129/surface-volumes/45.532um-11.0m-74keV-volume-20260310170716.zarr,4,0.0.1,nonzero byte in first 4096B prefix; full chunk not fetched,4096
CHUNK_SAMPLE_POPULATED,info,PHercParis4/segments/20260623171929-w128-129/surface-volumes/45.532um-11.0m-74keV-volume-20260310170716.zarr,4,0.0.2,14403/98304 values differ from fill_value,102400
CHUNK_SAMPLE_POPULATED,info,PHercParis4/segments/20260623171929-w128-129/surface-volumes/45.532um-11.0m-74keV-volume-20260310170716.zarr,5,0.0.0,nonzero byte in first 4096B prefix; full chunk not fetched,4096
CHUNK_SAMPLE_POPULATED,info,PHercParis4/segments/20260623171929-w128-129/surface-volumes/45.532um-11.0m-74keV-volume-20260310170716.zarr,5,0.0.1,nonzero byte in first 4096B prefix; full chunk not fetched,4096
CHUNK_SAMPLE_POPULATED,info,PHercParis4/segments/20260623144957-w053-058/surface-volumes/1.129um-0.23m-78keV-volume-20260608103018-L1.zarr,1,0.75.581,nonzero byte in first 4096B prefix; full chunk not fetched,4096
CHUNK_SAMPLE_POPULATED,info,PHercParis4/segments/20260623144957-w053-058/surface-volumes/1.129um-0.23m-78keV-volume-20260608103018-L1.zarr,1,0.126.193,nonzero byte in first 4096B prefix; full chunk not fetched,4096
CHUNK_SAMPLE_POPULATED,info,PHercParis4/segments/20260623144957-w053-058/surface-volumes/1.129um-0.23m-78keV-volume-20260608103018-L1.zarr,1,0.176.580,nonzero byte in first 4096B prefix; full chunk not fetched,4096
CHUNK_SAMPLE_POPULATED,info,PHercParis4/segments/20260623144957-w053-058/surface-volumes/1.129um-0.23m-78keV-volume-20260608103018-L1.zarr,2,0.37.339,nonzero byte in first 4096B prefix; full chunk not fetched,4096
CHUNK_SAMPLE_POPULATED,info,PHercParis4/segments/20260623144957-w053-058/surface-volumes/1.129um-0.23m-78keV-volume-20260608103018-L1.zarr,2,0.63.48,nonzero byte in first 4096B prefix; full chunk not fetched,4096
CHUNK_SAMPLE_POPULATED,info,PHercParis4/segments/20260623144957-w053-058/surface-volumes/1.129um-0.23m-78keV-volume-20260608103018-L1.zarr,2,0.75.290,nonzero byte in first 4096B prefix; full chunk not fetched,4096
CHUNK_SAMPLE_POPULATED,info,PHercParis4/segments/20260623144957-w053-058/surface-volumes/1.129um-0.23m-78keV-volume-20260608103018-L1.zarr,3,0.19.24,nonzero byte in first 4096B prefix; full chunk not fetched,4096
CHUNK_SAMPLE_POPULATED,info,PHercParis4/segments/20260623144957-w053-058/surface-volumes/1.129um-0.23m-78keV-volume-20260608103018-L1.zarr,3,0.31.169,nonzero byte in first 4096B prefix; full chunk not fetched,4096
CHUNK_SAMPLE_POPULATED,info,PHercParis4/segments/20260623144957-w053-058/surface-volumes/1.129um-0.23m-78keV-volume-20260608103018-L1.zarr,3,0.38.48,nonzero byte in first 4096B prefix; full chunk not fetched,4096
CHUNK_SAMPLE_POPULATED,info,PHercParis4/segments/20260623144957-w053-058/surface-volumes/1.129um-0.23m-78keV-volume-20260608103018-L1.zarr,4,0.9.72,nonzero byte in first 4096B prefix; full chunk not fetched,4096
CHUNK_SAMPLE_POPULATED,info,PHercParis4/segments/20260623144957-w053-058/surface-volumes/1.129um-0.23m-78keV-volume-20260608103018-L1.zarr,4,0.16.24,nonzero byte in first 4096B prefix; full chunk not fetched,4096
CHUNK_SAMPLE_POPULATED,info,PHercParis4/segments/20260623144957-w053-058/surface-volumes/1.129um-0.23m-78keV-volume-20260608103018-L1.zarr,4,0.22.72,nonzero byte in first 4096B prefix; full chunk not fetched,4096
CHUNK_SAMPLE_POPULATED,info,PHercParis4/segments/20260623144957-w053-058/surface-volumes/1.129um-0.23m-78keV-volume-20260608103018-L1.zarr,5,0.3.12,106896/1900544 values differ from fill_value,1904640
CHUNK_SAMPLE_POPULATED,info,PHercParis4/segments/20260623144957-w053-058/surface-volumes/1.129um-0.23m-78keV-volume-20260608103018-L1.zarr,5,0.4.42,1114477/1900544 values differ from fill_value,1904640
CHUNK_SAMPLE_POPULATED,info,PHercParis4/segments/20260623144957-w053-058/surface-volumes/1.129um-0.23m-78keV-volume-20260608103018-L1.zarr,5,0.8.6,nonzero byte in first 4096B prefix; full chunk not fetched,4096
CHUNK_SAMPLE_POPULATED,info,PHerc0268/representations/predictions/lasagna/20251110183117-lasagna-20260419180421/PHerc0268_nx.ome.zarr,2,43.47.47,32768/32768 values differ from fill_value,24788
CHUNK_SAMPLE_POPULATED,info,PHerc0268/representations/predictions/lasagna/20251110183117-lasagna-20260419180421/PHerc0268_nx.ome.zarr,2,72.47.47,32768/32768 values differ from fill_value,18253
CHUNK_SAMPLE_POPULATED,info,PHerc0268/representations/predictions/lasagna/20251110183117-lasagna-20260419180421/PHerc0268_nx.ome.zarr,3,0.0.0,32768/32768 values differ from fill_value,163
CHUNK_SAMPLE_POPULATED,info,PHerc0268/representations/predictions/lasagna/20251110183117-lasagna-20260419180421/PHerc0268_nx.ome.zarr,3,7.12.0,32768/32768 values differ from fill_value,163
CHUNK_SAMPLE_POPULATED,info,PHerc0268/representations/predictions/lasagna/20251110183117-lasagna-20260419180421/PHerc0268_nx.ome.zarr,3,14.24.0,32768/32768 values differ from fill_value,163
CHUNK_SAMPLE_POPULATED,info,PHerc0268/representations/predictions/lasagna/20251110183117-lasagna-20260419180421/PHerc0268_nx.ome.zarr,4,0.0.0,32768/32768 values differ from fill_value,163
CHUNK_SAMPLE_POPULATED,info,PHerc0268/representations/predictions/lasagna/20251110183117-lasagna-20260419180421/PHerc0268_nx.ome.zarr,4,3.15.0,32768/32768 values differ from fill_value,163
CHUNK_SAMPLE_POPULATED,info,PHerc0268/representations/predictions/lasagna/20251110183117-lasagna-20260419180421/PHerc0268_nx.ome.zarr,4,7.6.0,32768/32768 values differ from fill_value,163
CHUNK_SAMPLE_POPULATED,info,PHerc0814/segments/20250929040153-auto_grown_20250929040153260/surface-volumes/2.399um-0.22m-78keV-volume-20260309142202.zarr,0,0.25.256,250777/1785856 values differ from fill_value,1789952
CHUNK_SAMPLE_POPULATED,info,PHerc0814/segments/20250929040153-auto_grown_20250929040153260/surface-volumes/2.399um-0.22m-78keV-volume-20260309142202.zarr,0,0.38.213,nonzero byte in first 4096B prefix; full chunk not fetched,4096
CHUNK_SAMPLE_POPULATED,info,PHerc0814/segments/20250929040153-auto_grown_20250929040153260/surface-volumes/2.399um-0.22m-78keV-volume-20260309142202.zarr,0,0.90.42,nonzero byte in first 4096B prefix; full chunk not fetched,4096
CHUNK_SAMPLE_POPULATED,info,PHerc0814/segments/20250929040153-auto_grown_20250929040153260/surface-volumes/2.399um-0.22m-78keV-volume-20260309142202.zarr,1,0.6.85,401071/1785856 values differ from fill_value,1789952
CHUNK_SAMPLE_POPULATED,info,PHerc0814/segments/20250929040153-auto_grown_20250929040153260/surface-volumes/2.399um-0.22m-78keV-volume-20260309142202.zarr,1,0.19.85,nonzero byte in first 4096B prefix; full chunk not fetched,4096
CHUNK_SAMPLE_POPULATED,info,PHerc0814/segments/20250929040153-auto_grown_20250929040153260/surface-volumes/2.399um-0.22m-78keV-volume-20260309142202.zarr,1,0.32.85,nonzero byte in first 4096B prefix; full chunk not fetched,4096
CHUNK_SAMPLE_POPULATED,info,PHerc0814/segments/20250929040153-auto_grown_20250929040153260/surface-volumes/2.399um-0.22m-78keV-volume-20260309142202.zarr,2,0.3.21,158704/1785856 values differ from fill_value,1789952
CHUNK_SAMPLE_POPULATED,info,PHerc0814/segments/20250929040153-auto_grown_20250929040153260/surface-volumes/2.399um-0.22m-78keV-volume-20260309142202.zarr,2,0.9.64,nonzero byte in first 4096B prefix; full chunk not fetched,4096
CHUNK_SAMPLE_POPULATED,info,PHerc0814/segments/20250929040153-auto_grown_20250929040153260/surface-volumes/2.399um-0.22m-78keV-volume-20260309142202.zarr,2,0.19.42,nonzero byte in first 4096B prefix; full chunk not fetched,4096
CHUNK_SAMPLE_POPULATED,info,PHerc0814/segments/20250929040153-auto_grown_20250929040153260/surface-volumes/2.399um-0.22m-78keV-volume-20260309142202.zarr,3,0.1.27,nonzero byte in first 4096B prefix; full chunk not fetched,4096
CHUNK_SAMPLE_POPULATED,info,PHerc0814/segments/20250929040153-auto_grown_20250929040153260/surface-volumes/2.399um-0.22m-78keV-volume-20260309142202.zarr,3,0.3.11,nonzero byte in first 4096B prefix; full chunk not fetched,4096
CHUNK_SAMPLE_POPULATED,info,PHerc0814/segments/20250929040153-auto_grown_20250929040153260/surface-volumes/2.399um-0.22m-78keV-volume-20260309142202.zarr,3,0.4.37,462487/1785856 values differ from fill_value,1789952
CHUNK_SAMPLE_POPULATED,info,PHerc0814/segments/20250929040153-auto_grown_20250929040153260/surface-volumes/2.399um-0.22m-78keV-volume-20260309142202.zarr,4,0.1.16,471725/1785856 values differ from fill_value,1789952
CHUNK_SAMPLE_POPULATED,info,PHerc0814/segments/20250929040153-auto_grown_20250929040153260/surface-volumes/2.399um-0.22m-78keV-volume-20260309142202.zarr,4,0.2.13,nonzero byte in first 4096B prefix; full chunk not fetched,4096
CHUNK_SAMPLE_POPULATED,info,PHerc0814/segments/20250929040153-auto_grown_20250929040153260/surface-volumes/2.399um-0.22m-78keV-volume-20260309142202.zarr,4,0.3.10,nonzero byte in first 4096B prefix; full chunk not fetched,4096
CHUNK_SAMPLE_POPULATED,info,PHerc0814/segments/20250929040153-auto_grown_20250929040153260/surface-volumes/2.399um-0.22m-78keV-volume-20260309142202.zarr,5,0.0.0,282136/1785856 values differ from fill_value,1789952
CHUNK_SAMPLE_POPULATED,info,PHerc0814/segments/20250929040153-auto_grown_20250929040153260/surface-volumes/2.399um-0.22m-78keV-volume-20260309142202.zarr,5,0.0.5,nonzero byte in first 4096B prefix; full chunk not fetched,4096
CHUNK_SAMPLE_POPULATED,info,PHerc0814/segments/20250929040153-auto_grown_20250929040153260/surface-volumes/2.399um-0.22m-78keV-volume-20260309142202.zarr,5,0.1.0,nonzero byte in first 4096B prefix; full chunk not fetched,4096
CHUNK_SAMPLE_POPULATED,info,PHerc0139/segments/20260203000000-w032_2026020303/surface-volumes/1.129um-0.22m-59keV-volume-20260413113053-L1.zarr,0,0.86.61,nonzero byte in first 4096B prefix; full chunk not fetched,4096
CHUNK_SAMPLE_POPULATED,info,PHerc0139/segments/20260203000000-w032_2026020303/surface-volumes/1.129um-0.22m-59keV-volume-20260413113053-L1.zarr,1,0.43.15,nonzero byte in first 4096B prefix; full chunk not fetched,4096
CHUNK_SAMPLE_POPULATED,info,PHerc0139/segments/20260203000000-w032_2026020303/surface-volumes/1.129um-0.22m-59keV-volume-20260413113053-L1.zarr,1,0.57.62,nonzero byte in first 4096B prefix; full chunk not fetched,4096
CHUNK_SAMPLE_POPULATED,info,PHerc0139/segments/20260203000000-w032_2026020303/surface-volumes/1.129um-0.22m-59keV-volume-20260413113053-L1.zarr,2,0.21.46,nonzero byte in first 4096B prefix; full chunk not fetched,4096
CHUNK_SAMPLE_POPULATED,info,PHerc0139/segments/20260203000000-w032_2026020303/surface-volumes/1.129um-0.22m-59keV-volume-20260413113053-L1.zarr,3,0.7.7,770608/1900544 values differ from fill_value,1904640
CHUNK_SAMPLE_POPULATED,info,PHerc0139/segments/20260203000000-w032_2026020303/surface-volumes/1.129um-0.22m-59keV-volume-20260413113053-L1.zarr,3,0.10.27,nonzero byte in first 4096B prefix; full chunk not fetched,4096
CHUNK_SAMPLE_POPULATED,info,PHerc0139/segments/20260203000000-w032_2026020303/surface-volumes/1.129um-0.22m-59keV-volume-20260413113053-L1.zarr,3,0.14.15,nonzero byte in first 4096B prefix; full chunk not fetched,4096
CHUNK_SAMPLE_POPULATED,info,PHerc0139/segments/20260203000000-w032_2026020303/surface-volumes/1.129um-0.22m-59keV-volume-20260413113053-L1.zarr,4,0.3.12,208133/1900544 values differ from fill_value,1904640
CHUNK_SAMPLE_POPULATED,info,PHerc0139/segments/20260203000000-w032_2026020303/surface-volumes/1.129um-0.22m-59keV-volume-20260413113053-L1.zarr,4,0.5.10,nonzero byte in first 4096B prefix; full chunk not fetched,4096
CHUNK_SAMPLE_POPULATED,info,PHerc0139/segments/20260203000000-w032_2026020303/surface-volumes/1.129um-0.22m-59keV-volume-20260413113053-L1.zarr,4,0.7.8,nonzero byte in first 4096B prefix; full chunk not fetched,4096
CHUNK_SAMPLE_POPULATED,info,PHerc0139/segments/20260203000000-w032_2026020303/surface-volumes/1.129um-0.22m-59keV-volume-20260413113053-L1.zarr,5,0.1.0,28469/1900544 values differ from fill_value,1904640
CHUNK_SAMPLE_POPULATED,info,PHerc0139/segments/20260203000000-w032_2026020303/surface-volumes/1.129um-0.22m-59keV-volume-20260413113053-L1.zarr,5,0.2.0,nonzero byte in first 4096B prefix; full chunk not fetched,4096
CHUNK_SAMPLE_POPULATED,info,PHerc0139/segments/20260203000000-w032_2026020303/surface-volumes/1.129um-0.22m-59keV-volume-20260413113053-L1.zarr,5,0.3.0,nonzero byte in first 4096B prefix; full chunk not fetched,4096
CHUNK_SAMPLE_POPULATED,info,PHerc0500P2/segments/20250919184436-0500P2-wrap09_0919/surface-volumes/4.317um-1.2m-111keV-volume-20250528085330.zarr,0,0.2.3,nonzero byte in first 4096B prefix; full chunk not fetched,4096
CHUNK_SAMPLE_POPULATED,info,PHerc0500P2/segments/20250919184436-0500P2-wrap09_0919/surface-volumes/4.317um-1.2m-111keV-volume-20250528085330.zarr,0,0.4.5,nonzero byte in first 4096B prefix; full chunk not fetched,4096
CHUNK_SAMPLE_POPULATED,info,PHerc0500P2/segments/20250919184436-0500P2-wrap09_0919/surface-volumes/4.317um-1.2m-111keV-volume-20250528085330.zarr,0,0.6.8,nonzero byte in first 4096B prefix; full chunk not fetched,4096
CHUNK_SAMPLE_POPULATED,info,PHerc0500P2/segments/20250919184436-0500P2-wrap09_0919/surface-volumes/4.317um-1.2m-111keV-volume-20250528085330.zarr,1,0.0.0,482144/999424 values differ from fill_value,1003520
CHUNK_SAMPLE_POPULATED,info,PHerc0500P2/segments/20250919184436-0500P2-wrap09_0919/surface-volumes/4.317um-1.2m-111keV-volume-20250528085330.zarr,1,0.1.1,nonzero byte in first 4096B prefix; full chunk not fetched,4096
CHUNK_SAMPLE_POPULATED,info,PHerc0500P2/segments/20250919184436-0500P2-wrap09_0919/surface-volumes/4.317um-1.2m-111keV-volume-20250528085330.zarr,1,0.2.1,nonzero byte in first 4096B prefix; full chunk not fetched,4096
CHUNK_SAMPLE_POPULATED,info,PHerc0500P2/segments/20250919184436-0500P2-wrap09_0919/surface-volumes/4.317um-1.2m-111keV-volume-20250528085330.zarr,2,0.0.0,nonzero byte in first 4096B prefix; full chunk not fetched,4096
CHUNK_SAMPLE_POPULATED,info,PHerc0500P2/segments/20250919184436-0500P2-wrap09_0919/surface-volumes/4.317um-1.2m-111keV-volume-20250528085330.zarr,2,0.0.2,nonzero byte in first 4096B prefix; full chunk not fetched,4096
CHUNK_SAMPLE_POPULATED,info,PHerc0500P2/segments/20250919184436-0500P2-wrap09_0919/surface-volumes/4.317um-1.2m-111keV-volume-20250528085330.zarr,2,0.1.1,nonzero byte in first 4096B prefix; full chunk not fetched,4096
CHUNK_SAMPLE_POPULATED,info,PHerc0500P2/segments/20250919184436-0500P2-wrap09_0919/surface-volumes/4.317um-1.2m-111keV-volume-20250528085330.zarr,3,0.0.0,nonzero byte in first 4096B prefix; full chunk not fetched,4096
CHUNK_SAMPLE_POPULATED,info,PHerc0500P2/segments/20250919184436-0500P2-wrap09_0919/surface-volumes/4.317um-1.2m-111keV-volume-20250528085330.zarr,3,0.0.1,nonzero byte in first 4096B prefix; full chunk not fetched,4096
CHUNK_SAMPLE_POPULATED,info,PHerc0500P2/segments/20250919184436-0500P2-wrap09_0919/surface-volumes/4.317um-1.2m-111keV-volume-20250528085330.zarr,3,0.1.0,nonzero byte in first 4096B prefix; full chunk not fetched,4096
CHUNK_SAMPLE_POPULATED,info,PHerc0500P2/segments/20250919184436-0500P2-wrap09_0919/surface-volumes/4.317um-1.2m-111keV-volume-20250528085330.zarr,4,0.0.0,nonzero byte in first 4096B prefix; full chunk not fetched,4096
CHUNK_SAMPLE_POPULATED,info,PHerc0500P2/segments/20250919184436-0500P2-wrap09_0919/surface-volumes/4.317um-1.2m-111keV-volume-20250528085330.zarr,4,0.1.0,nonzero byte in first 4096B prefix; full chunk not fetched,4096
CHUNK_SAMPLE_POPULATED,info,PHerc0500P2/segments/20250919184436-0500P2-wrap09_0919/surface-volumes/4.317um-1.2m-111keV-volume-20250528085330.zarr,5,0.0.0,nonzero byte in first 4096B prefix; full chunk not fetched,4096
CHUNK_SAMPLE_POPULATED,info,PHerc0490A/representations/predictions/surfaces/20250521151210-surface-20260413222639-surface-m7-L0-th0.2.zarr,3,0.0.0,233117/7077888 values differ from fill_value,19264
CHUNK_SAMPLE_POPULATED,info,PHerc0490A/representations/predictions/surfaces/20250521151210-surface-20260413222639-surface-m7-L0-th0.2.zarr,3,7.5.5,64669/7077888 values differ from fill_value,15268
CHUNK_SAMPLE_POPULATED,info,PHerc0490A/representations/predictions/surfaces/20250521151210-surface-20260413222639-surface-m7-L0-th0.2.zarr,4,0.0.0,919409/7077888 values differ from fill_value,262297
CHUNK_SAMPLE_POPULATED,info,PHerc0490A/representations/predictions/surfaces/20250521151210-surface-20260413222639-surface-m7-L0-th0.2.zarr,4,0.1.1,1833361/7077888 values differ from fill_value,711860
CHUNK_SAMPLE_POPULATED,info,PHerc0490A/representations/predictions/surfaces/20250521151210-surface-20260413222639-surface-m7-L0-th0.2.zarr,4,1.0.0,716630/7077888 values differ from fill_value,348345
CHUNK_SAMPLE_POPULATED,info,PHerc0490A/representations/predictions/surfaces/20250521151210-surface-20260413222639-surface-m7-L0-th0.2.zarr,5,0.0.0,1398906/7077888 values differ from fill_value,720692
CHUNK_SAMPLE_POPULATED,info,PHerc0490A/representations/predictions/surfaces/20250521151210-surface-20260413222639-surface-m7-L0-th0.2.zarr,5,0.0.1,433812/7077888 values differ from fill_value,248944
CHUNK_SAMPLE_POPULATED,info,PHerc0490A/representations/predictions/surfaces/20250521151210-surface-20260413222639-surface-m7-L0-th0.2.zarr,5,0.1.0,221103/7077888 values differ from fill_value,114213
CHUNK_SAMPLE_POPULATED,info,PHerc1299/representations/predictions/fibers/20260309130042-fibers-20260801084232-L1/PHerc1299-20260309130042-las-sd1-aac02eb8_ny.ome.zarr,3,24.10.10,262144/262144 values differ from fill_value,54165
CHUNK_SAMPLE_POPULATED,info,PHerc1299/representations/predictions/fibers/20260309130042-fibers-20260801084232-L1/PHerc1299-20260309130042-las-sd1-aac02eb8_ny.ome.zarr,3,36.15.15,262144/262144 values differ from fill_value,242695
CHUNK_SAMPLE_POPULATED,info,PHerc1299/representations/predictions/fibers/20260309130042-fibers-20260801084232-L1/PHerc1299-20260309130042-las-sd1-aac02eb8_ny.ome.zarr,3,48.20.20,262144/262144 values differ from fill_value,245142
CHUNK_SAMPLE_POPULATED,info,PHerc1299/representations/predictions/fibers/20260309130042-fibers-20260801084232-L1/PHerc1299-20260309130042-las-sd1-aac02eb8_ny.ome.zarr,4,12.5.5,262144/262144 values differ from fill_value,161135
CHUNK_SAMPLE_POPULATED,info,PHerc1299/representations/predictions/fibers/20260309130042-fibers-20260801084232-L1/PHerc1299-20260309130042-las-sd1-aac02eb8_ny.ome.zarr,4,24.10.10,262144/262144 values differ from fill_value,250333
CHUNK_SAMPLE_POPULATED,info,PHerc1299/representations/predictions/fibers/20260309130042-fibers-20260801084232-L1/PHerc1299-20260309130042-las-sd1-aac02eb8_ny.ome.zarr,4,36.15.15,262144/262144 values differ from fill_value,194296
CHUNK_SAMPLE_POPULATED,info,PHerc0500P2/segments/20250611133823-z_dbg_gen_00130_inp_hr/surface-volumes/2.215um-0.4m-111keV-volume-20250526151718.zarr,0,0.22.15,nonzero byte in first 4096B prefix; full chunk not fetched,4096
CHUNK_SAMPLE_POPULATED,info,PHerc0500P2/segments/20250611133823-z_dbg_gen_00130_inp_hr/surface-volumes/2.215um-0.4m-111keV-volume-20250526151718.zarr,0,0.111.14,nonzero byte in first 4096B prefix; full chunk not fetched,4096
CHUNK_SAMPLE_POPULATED,info,PHerc0500P2/segments/20250611133823-z_dbg_gen_00130_inp_hr/surface-volumes/2.215um-0.4m-111keV-volume-20250526151718.zarr,0,0.133.29,nonzero byte in first 4096B prefix; full chunk not fetched,4096
CHUNK_SAMPLE_POPULATED,info,PHerc0500P2/segments/20250611133823-z_dbg_gen_00130_inp_hr/surface-volumes/2.215um-0.4m-111keV-volume-20250526151718.zarr,1,0.11.4,nonzero byte in first 4096B prefix; full chunk not fetched,4096
CHUNK_SAMPLE_POPULATED,info,PHerc0500P2/segments/20250611133823-z_dbg_gen_00130_inp_hr/surface-volumes/2.215um-0.4m-111keV-volume-20250526151718.zarr,1,0.22.7,nonzero byte in first 4096B prefix; full chunk not fetched,4096
CHUNK_SAMPLE_POPULATED,info,PHerc0500P2/segments/20250611133823-z_dbg_gen_00130_inp_hr/surface-volumes/2.215um-0.4m-111keV-volume-20250526151718.zarr,1,0.33.11,nonzero byte in first 4096B prefix; full chunk not fetched,4096
CHUNK_SAMPLE_POPULATED,info,PHerc0500P2/segments/20250611133823-z_dbg_gen_00130_inp_hr/surface-volumes/2.215um-0.4m-111keV-volume-20250526151718.zarr,2,0.0.0,nonzero byte in first 4096B prefix; full chunk not fetched,4096
CHUNK_SAMPLE_POPULATED,info,PHerc0500P2/segments/20250611133823-z_dbg_gen_00130_inp_hr/surface-volumes/2.215um-0.4m-111keV-volume-20250526151718.zarr,2,0.11.3,nonzero byte in first 4096B prefix; full chunk not fetched,4096
CHUNK_SAMPLE_POPULATED,info,PHerc0500P2/segments/20250611133823-z_dbg_gen_00130_inp_hr/surface-volumes/2.215um-0.4m-111keV-volume-20250526151718.zarr,2,0.22.7,nonzero byte in first 4096B prefix; full chunk not fetched,4096
CHUNK_SAMPLE_POPULATED,info,PHerc0500P2/segments/20250611133823-z_dbg_gen_00130_inp_hr/surface-volumes/2.215um-0.4m-111keV-volume-20250526151718.zarr,3,0.0.0,nonzero byte in first 4096B prefix; full chunk not fetched,4096
CHUNK_SAMPLE_POPULATED,info,PHerc0500P2/segments/20250611133823-z_dbg_gen_00130_inp_hr/surface-volumes/2.215um-0.4m-111keV-volume-20250526151718.zarr,3,0.11.4,nonzero byte in first 4096B prefix; full chunk not fetched,4096
CHUNK_SAMPLE_POPULATED,info,PHerc0500P2/segments/20250611133823-z_dbg_gen_00130_inp_hr/surface-volumes/2.215um-0.4m-111keV-volume-20250526151718.zarr,3,0.14.2,nonzero byte in first 4096B prefix; full chunk not fetched,4096
CHUNK_SAMPLE_POPULATED,info,PHerc0500P2/segments/20250611133823-z_dbg_gen_00130_inp_hr/surface-volumes/2.215um-0.4m-111keV-volume-20250526151718.zarr,4,0.0.0,nonzero byte in first 4096B prefix; full chunk not fetched,4096
CHUNK_SAMPLE_POPULATED,info,PHerc0500P2/segments/20250611133823-z_dbg_gen_00130_inp_hr/surface-volumes/2.215um-0.4m-111keV-volume-20250526151718.zarr,4,0.3.0,nonzero byte in first 4096B prefix; full chunk not fetched,4096
CHUNK_SAMPLE_POPULATED,info,PHerc0500P2/segments/20250611133823-z_dbg_gen_00130_inp_hr/surface-volumes/2.215um-0.4m-111keV-volume-20250526151718.zarr,4,0.4.2,nonzero byte in first 4096B prefix; full chunk not fetched,4096
CHUNK_SAMPLE_POPULATED,info,PHerc0500P2/segments/20250611133823-z_dbg_gen_00130_inp_hr/surface-volumes/2.215um-0.4m-111keV-volume-20250526151718.zarr,5,0.0.0,nonzero byte in first 4096B prefix; full chunk not fetched,4096
CHUNK_SAMPLE_POPULATED,info,PHerc0500P2/segments/20250611133823-z_dbg_gen_00130_inp_hr/surface-volumes/2.215um-0.4m-111keV-volume-20250526151718.zarr,5,0.1.1,3063/1933312 values differ from fill_value,1937408
CHUNK_SAMPLE_POPULATED,info,PHerc0500P2/segments/20250611133823-z_dbg_gen_00130_inp_hr/surface-volumes/2.215um-0.4m-111keV-volume-20250526151718.zarr,5,0.2.0,nonzero byte in first 4096B prefix; full chunk not fetched,4096
CHUNK_SAMPLE_POPULATED,info,PHercParis4/segments/20260701183136-w089-091/surface-volumes/45.532um-11.0m-74keV-volume-20260310170716.zarr,0,0.8.0,nonzero byte in first 4096B prefix; full chunk not fetched,4096
CHUNK_SAMPLE_POPULATED,info,PHercParis4/segments/20260701183136-w089-091/surface-volumes/45.532um-11.0m-74keV-volume-20260310170716.zarr,0,0.12.0,nonzero byte in first 4096B prefix; full chunk not fetched,4096
CHUNK_SAMPLE_POPULATED,info,PHercParis4/segments/20260701183136-w089-091/surface-volumes/45.532um-11.0m-74keV-volume-20260310170716.zarr,1,0.2.0,3829/98304 values differ from fill_value,102400
CHUNK_SAMPLE_POPULATED,info,PHercParis4/segments/20260701183136-w089-091/surface-volumes/45.532um-11.0m-74keV-volume-20260310170716.zarr,1,0.4.0,nonzero byte in first 4096B prefix; full chunk not fetched,4096
CHUNK_SAMPLE_POPULATED,info,PHercParis4/segments/20260701183136-w089-091/surface-volumes/45.532um-11.0m-74keV-volume-20260310170716.zarr,1,0.6.0,nonzero byte in first 4096B prefix; full chunk not fetched,4096
CHUNK_SAMPLE_POPULATED,info,PHercParis4/segments/20260701183136-w089-091/surface-volumes/45.532um-11.0m-74keV-volume-20260310170716.zarr,2,0.1.0,nonzero byte in first 4096B prefix; full chunk not fetched,4096
CHUNK_SAMPLE_POPULATED,info,PHercParis4/segments/20260701183136-w089-091/surface-volumes/45.532um-11.0m-74keV-volume-20260310170716.zarr,2,0.2.0,nonzero byte in first 4096B prefix; full chunk not fetched,4096
CHUNK_SAMPLE_POPULATED,info,PHercParis4/segments/20260701183136-w089-091/surface-volumes/45.532um-11.0m-74keV-volume-20260310170716.zarr,2,0.3.0,nonzero byte in first 4096B prefix; full chunk not fetched,4096
CHUNK_SAMPLE_POPULATED,info,PHercParis4/segments/20260701183136-w089-091/surface-volumes/45.532um-11.0m-74keV-volume-20260310170716.zarr,3,0.0.0,40498/98304 values differ from fill_value,102400
CHUNK_SAMPLE_POPULATED,info,PHercParis4/segments/20260701183136-w089-091/surface-volumes/45.532um-11.0m-74keV-volume-20260310170716.zarr,3,0.0.4,nonzero byte in first 4096B prefix; full chunk not fetched,4096
CHUNK_SAMPLE_POPULATED,info,PHercParis4/segments/20260701183136-w089-091/surface-volumes/45.532um-11.0m-74keV-volume-20260310170716.zarr,3,0.1.0,nonzero byte in first 4096B prefix; full chunk not fetched,4096
CHUNK_SAMPLE_POPULATED,info,PHercParis4/segments/20260701183136-w089-091/surface-volumes/45.532um-11.0m-74keV-volume-20260310170716.zarr,4,0.0.0,nonzero byte in first 4096B prefix; full chunk not fetched,4096
CHUNK_SAMPLE_POPULATED,info,PHercParis4/segments/20260701183136-w089-091/surface-volumes/45.532um-11.0m-74keV-volume-20260310170716.zarr,4,0.0.1,nonzero byte in first 4096B prefix; full chunk not fetched,4096
CHUNK_SAMPLE_POPULATED,info,PHercParis4/segments/20260701183136-w089-091/surface-volumes/45.532um-11.0m-74keV-volume-20260310170716.zarr,4,0.0.2,nonzero byte in first 4096B prefix; full chunk not fetched,4096
CHUNK_SAMPLE_POPULATED,info,PHercParis4/segments/20260701183136-w089-091/surface-volumes/45.532um-11.0m-74keV-volume-20260310170716.zarr,5,0.0.0,nonzero byte in first 4096B prefix; full chunk not fetched,4096
CHUNK_SAMPLE_POPULATED,info,PHercParis4/segments/20260701183136-w089-091/surface-volumes/45.532um-11.0m-74keV-volume-20260310170716.zarr,5,0.0.1,nonzero byte in first 4096B prefix; full chunk not fetched,4096
CHUNK_SAMPLE_POPULATED,info,PHercParis4/segments/20260701183136-w089-091/surface-volumes/45.532um-11.0m-74keV-volume-20260310170716.zarr,5,0.0.2,nonzero byte in first 4096B prefix; full chunk not fetched,4096
CHUNK_SAMPLE_POPULATED,info,PHercMANBp/volumes/20251216152116-2.399um-0.2m-78keV-masked.zarr,0,33.49.49,nonzero byte in first 4096B prefix; full chunk not fetched,4096
CHUNK_SAMPLE_POPULATED,info,PHercMANBp/volumes/20251216152116-2.399um-0.2m-78keV-masked.zarr,0,100.49.49,nonzero byte in first 4096B prefix; full chunk not fetched,4096
CHUNK_SAMPLE_POPULATED,info,PHercMANBp/volumes/20251216152116-2.399um-0.2m-78keV-masked.zarr,2,8.12.12,nonzero byte in first 4096B prefix; full chunk not fetched,4096
CHUNK_SAMPLE_POPULATED,info,PHercMANBp/volumes/20251216152116-2.399um-0.2m-78keV-masked.zarr,2,25.12.12,nonzero byte in first 4096B prefix; full chunk not fetched,4096
CHUNK_SAMPLE_POPULATED,info,PHercMANBp/volumes/20251216152116-2.399um-0.2m-78keV-masked.zarr,3,8.6.6,nonzero byte in first 4096B prefix; full chunk not fetched,4096
CHUNK_SAMPLE_POPULATED,info,PHercMANBp/volumes/20251216152116-2.399um-0.2m-78keV-masked.zarr,3,12.9.9,nonzero byte in first 4096B prefix; full chunk not fetched,4096
CHUNK_SAMPLE_POPULATED,info,PHercMANBp/volumes/20251216152116-2.399um-0.2m-78keV-masked.zarr,4,4.3.3,nonzero byte in first 4096B prefix; full chunk not fetched,4096
CHUNK_SAMPLE_POPULATED,info,PHercMANBp/volumes/20251216152116-2.399um-0.2m-78keV-masked.zarr,5,1.1.0,34155/2097152 values differ from fill_value,2101248
CHUNK_SAMPLE_POPULATED,info,PHercMANBp/volumes/20251216152116-2.399um-0.2m-78keV-masked.zarr,5,4.1.1,16300/2097152 values differ from fill_value,2101248
CHUNK_SAMPLE_POPULATED,info,PHercParis4/segments/20260623171400-w126-127/surface-volumes/2.4um-0.22m-78keV-volume-20260411134726.zarr,0,0.185.298,nonzero byte in first 4096B prefix; full chunk not fetched,4096
CHUNK_SAMPLE_POPULATED,info,PHercParis4/segments/20260623171400-w126-127/surface-volumes/2.4um-0.22m-78keV-volume-20260411134726.zarr,0,0.308.896,nonzero byte in first 4096B prefix; full chunk not fetched,4096
CHUNK_SAMPLE_POPULATED,info,PHercParis4/segments/20260623171400-w126-127/surface-volumes/2.4um-0.22m-78keV-volume-20260411134726.zarr,0,0.370.597,nonzero byte in first 4096B prefix; full chunk not fetched,4096
CHUNK_SAMPLE_POPULATED,info,PHercParis4/segments/20260623171400-w126-127/surface-volumes/2.4um-0.22m-78keV-volume-20260411134726.zarr,1,0.61.448,nonzero byte in first 4096B prefix; full chunk not fetched,4096
CHUNK_SAMPLE_POPULATED,info,PHercParis4/segments/20260623171400-w126-127/surface-volumes/2.4um-0.22m-78keV-volume-20260411134726.zarr,1,0.123.298,nonzero byte in first 4096B prefix; full chunk not fetched,4096
CHUNK_SAMPLE_POPULATED,info,PHercParis4/segments/20260623171400-w126-127/surface-volumes/2.4um-0.22m-78keV-volume-20260411134726.zarr,1,0.154.224,nonzero byte in first 4096B prefix; full chunk not fetched,4096
CHUNK_SAMPLE_POPULATED,info,PHercParis4/segments/20260623171400-w126-127/surface-volumes/2.4um-0.22m-78keV-volume-20260411134726.zarr,2,0.77.149,nonzero byte in first 4096B prefix; full chunk not fetched,4096
CHUNK_SAMPLE_POPULATED,info,PHercParis4/segments/20260623171400-w126-127/surface-volumes/2.4um-0.22m-78keV-volume-20260411134726.zarr,2,0.108.149,nonzero byte in first 4096B prefix; full chunk not fetched,4096
CHUNK_SAMPLE_POPULATED,info,PHercParis4/segments/20260623171400-w126-127/surface-volumes/2.4um-0.22m-78keV-volume-20260411134726.zarr,3,0.23.37,nonzero byte in first 4096B prefix; full chunk not fetched,4096
CHUNK_SAMPLE_POPULATED,info,PHercParis4/segments/20260623171400-w126-127/surface-volumes/2.4um-0.22m-78keV-volume-20260411134726.zarr,3,0.38.112,nonzero byte in first 4096B prefix; full chunk not fetched,4096
CHUNK_SAMPLE_POPULATED,info,PHercParis4/segments/20260623171400-w126-127/surface-volumes/2.4um-0.22m-78keV-volume-20260411134726.zarr,3,0.46.74,nonzero byte in first 4096B prefix; full chunk not fetched,4096
CHUNK_SAMPLE_POPULATED,info,PHercParis4/segments/20260623171400-w126-127/surface-volumes/2.4um-0.22m-78keV-volume-20260411134726.zarr,4,0.7.56,932277/1785856 values differ from fill_value,1789952
CHUNK_SAMPLE_POPULATED,info,PHercParis4/segments/20260623171400-w126-127/surface-volumes/2.4um-0.22m-78keV-volume-20260411134726.zarr,4,0.11.47,132/1785856 values differ from fill_value,1789952
CHUNK_SAMPLE_POPULATED,info,PHercParis4/segments/20260623171400-w126-127/surface-volumes/2.4um-0.22m-78keV-volume-20260411134726.zarr,4,0.15.37,nonzero byte in first 4096B prefix; full chunk not fetched,4096
CHUNK_SAMPLE_POPULATED,info,PHercParis4/segments/20260623171400-w126-127/surface-volumes/2.4um-0.22m-78keV-volume-20260411134726.zarr,5,0.11.37,131521/1785856 values differ from fill_value,1789952
CHUNK_SAMPLE_POPULATED,info,PHercParis4/segments/20260623171400-w126-127/surface-volumes/2.4um-0.22m-78keV-volume-20260411134726.zarr,5,0.13.37,nonzero byte in first 4096B prefix; full chunk not fetched,4096
CHUNK_SAMPLE_POPULATED,info,PHerc0332/representations/predictions/fibers/20251211183505-fibers-20260915212757-L1/PHerc0332-20251211183505-las-sd1-f6b7319a_nx.ome.zarr,3,16.15.15,262144/262144 values differ from fill_value,254156
CHUNK_SAMPLE_POPULATED,info,PHerc0332/representations/predictions/fibers/20251211183505-fibers-20260915212757-L1/PHerc0332-20251211183505-las-sd1-f6b7319a_nx.ome.zarr,3,49.15.15,262144/262144 values differ from fill_value,255075
CHUNK_SAMPLE_POPULATED,info,PHercParis4/segments/20260623170305-w122-123/surface-volumes/1.129um-0.23m-78keV-volume-20260608103018-L1.zarr,0,0.151.142,761083/1900544 values differ from fill_value,1904640
CHUNK_SAMPLE_POPULATED,info,PHercParis4/segments/20260623170305-w122-123/surface-volumes/1.129um-0.23m-78keV-volume-20260608103018-L1.zarr,0,0.302.283,nonzero byte in first 4096B prefix; full chunk not fetched,4096
CHUNK_SAMPLE_POPULATED,info,PHercParis4/segments/20260623170305-w122-123/surface-volumes/1.129um-0.23m-78keV-volume-20260608103018-L1.zarr,1,0.75.426,nonzero byte in first 4096B prefix; full chunk not fetched,4096
CHUNK_SAMPLE_POPULATED,info,PHercParis4/segments/20260623170305-w122-123/surface-volumes/1.129um-0.23m-78keV-volume-20260608103018-L1.zarr,1,0.126.141,nonzero byte in first 4096B prefix; full chunk not fetched,4096
CHUNK_SAMPLE_POPULATED,info,PHercParis4/segments/20260623170305-w122-123/surface-volumes/1.129um-0.23m-78keV-volume-20260608103018-L1.zarr,1,0.176.425,nonzero byte in first 4096B prefix; full chunk not fetched,4096
CHUNK_SAMPLE_POPULATED,info,PHercParis4/segments/20260623170305-w122-123/surface-volumes/1.129um-0.23m-78keV-volume-20260608103018-L1.zarr,2,0.75.212,nonzero byte in first 4096B prefix; full chunk not fetched,4096
CHUNK_SAMPLE_POPULATED,info,PHercParis4/segments/20260623170305-w122-123/surface-volumes/1.129um-0.23m-78keV-volume-20260608103018-L1.zarr,3,0.19.17,nonzero byte in first 4096B prefix; full chunk not fetched,4096
CHUNK_SAMPLE_POPULATED,info,PHercParis4/segments/20260623170305-w122-123/surface-volumes/1.129um-0.23m-78keV-volume-20260608103018-L1.zarr,3,0.38.35,nonzero byte in first 4096B prefix; full chunk not fetched,4096
CHUNK_SAMPLE_POPULATED,info,PHercParis4/segments/20260623170305-w122-123/surface-volumes/1.129um-0.23m-78keV-volume-20260608103018-L1.zarr,4,0.9.53,nonzero byte in first 4096B prefix; full chunk not fetched,4096
CHUNK_SAMPLE_POPULATED,info,PHercParis4/segments/20260623170305-w122-123/surface-volumes/1.129um-0.23m-78keV-volume-20260608103018-L1.zarr,4,0.16.17,nonzero byte in first 4096B prefix; full chunk not fetched,4096
CHUNK_SAMPLE_POPULATED,info,PHercParis4/segments/20260623170305-w122-123/surface-volumes/1.129um-0.23m-78keV-volume-20260608103018-L1.zarr,4,0.22.52,nonzero byte in first 4096B prefix; full chunk not fetched,4096
CHUNK_SAMPLE_POPULATED,info,PHercParis4/segments/20260623170305-w122-123/surface-volumes/1.129um-0.23m-78keV-volume-20260608103018-L1.zarr,5,0.3.9,189481/1900544 values differ from fill_value,1904640
CHUNK_SAMPLE_POPULATED,info,PHercParis4/segments/20260623170305-w122-123/surface-volumes/1.129um-0.23m-78keV-volume-20260608103018-L1.zarr,5,0.9.26,nonzero byte in first 4096B prefix; full chunk not fetched,4096
CHUNK_SAMPLE_POPULATED,info,PHerc0800/segments/20251028213516-auto_grown_20251028213516907/surface-volumes/8.64um-1.2m-116keV-volume-20250521135224.zarr,0,0.4.4,71300/507904 values differ from fill_value,512000
CHUNK_SAMPLE_POPULATED,info,PHerc0800/segments/20251028213516-auto_grown_20251028213516907/surface-volumes/8.64um-1.2m-116keV-volume-20250521135224.zarr,0,0.6.6,nonzero byte in first 4096B prefix; full chunk not fetched,4096
CHUNK_SAMPLE_POPULATED,info,PHerc0800/segments/20251028213516-auto_grown_20251028213516907/surface-volumes/8.64um-1.2m-116keV-volume-20250521135224.zarr,0,0.8.8,nonzero byte in first 4096B prefix; full chunk not fetched,4096
CHUNK_SAMPLE_POPULATED,info,PHerc0800/segments/20251028213516-auto_grown_20251028213516907/surface-volumes/8.64um-1.2m-116keV-volume-20250521135224.zarr,1,0.2.2,nonzero byte in first 4096B prefix; full chunk not fetched,4096
CHUNK_SAMPLE_POPULATED,info,PHerc0800/segments/20251028213516-auto_grown_20251028213516907/surface-volumes/8.64um-1.2m-116keV-volume-20250521135224.zarr,1,0.3.3,nonzero byte in first 4096B prefix; full chunk not fetched,4096
CHUNK_SAMPLE_POPULATED,info,PHerc0800/segments/20251028213516-auto_grown_20251028213516907/surface-volumes/8.64um-1.2m-116keV-volume-20250521135224.zarr,1,0.4.4,nonzero byte in first 4096B prefix; full chunk not fetched,4096
CHUNK_SAMPLE_POPULATED,info,PHerc0800/segments/20251028213516-auto_grown_20251028213516907/surface-volumes/8.64um-1.2m-116keV-volume-20250521135224.zarr,2,0.0.3,63147/507904 values differ from fill_value,512000
CHUNK_SAMPLE_POPULATED,info,PHerc0800/segments/20251028213516-auto_grown_20251028213516907/surface-volumes/8.64um-1.2m-116keV-volume-20250521135224.zarr,2,0.1.1,nonzero byte in first 4096B prefix; full chunk not fetched,4096
CHUNK_SAMPLE_POPULATED,info,PHerc0800/segments/20251028213516-auto_grown_20251028213516907/surface-volumes/8.64um-1.2m-116keV-volume-20250521135224.zarr,2,0.1.4,9300/507904 values differ from fill_value,512000
CHUNK_SAMPLE_POPULATED,info,PHerc0800/segments/20251028213516-auto_grown_20251028213516907/surface-volumes/8.64um-1.2m-116keV-volume-20250521135224.zarr,3,0.0.0,177661/507904 values differ from fill_value,512000
CHUNK_SAMPLE_POPULATED,info,PHerc0800/segments/20251028213516-auto_grown_20251028213516907/surface-volumes/8.64um-1.2m-116keV-volume-20250521135224.zarr,3,0.0.1,nonzero byte in first 4096B prefix; full chunk not fetched,4096
CHUNK_SAMPLE_POPULATED,info,PHerc0800/segments/20251028213516-auto_grown_20251028213516907/surface-volumes/8.64um-1.2m-116keV-volume-20250521135224.zarr,3,0.0.2,2542/507904 values differ from fill_value,512000
CHUNK_SAMPLE_POPULATED,info,PHerc0800/segments/20251028213516-auto_grown_20251028213516907/surface-volumes/8.64um-1.2m-116keV-volume-20250521135224.zarr,4,0.0.0,nonzero byte in first 4096B prefix; full chunk not fetched,4096
CHUNK_SAMPLE_POPULATED,info,PHerc0800/segments/20251028213516-auto_grown_20251028213516907/surface-volumes/8.64um-1.2m-116keV-volume-20250521135224.zarr,4,0.0.1,3224/507904 values differ from fill_value,512000
CHUNK_SAMPLE_POPULATED,info,PHerc0800/segments/20251028213516-auto_grown_20251028213516907/surface-volumes/8.64um-1.2m-116keV-volume-20250521135224.zarr,4,0.1.0,nonzero byte in first 4096B prefix; full chunk not fetched,4096
CHUNK_SAMPLE_POPULATED,info,PHerc0800/segments/20251028213516-auto_grown_20251028213516907/surface-volumes/8.64um-1.2m-116keV-volume-20250521135224.zarr,5,0.0.0,nonzero byte in first 4096B prefix; full chunk not fetched,4096
CHUNK_SAMPLE_POPULATED,info,PHercParis4/segments/20260623150417-w064-068/surface-volumes/1.129um-0.23m-78keV-volume-20260608103018-L1.zarr,0,0.204.794,nonzero byte in first 4096B prefix; full chunk not fetched,4096
CHUNK_SAMPLE_POPULATED,info,PHercParis4/segments/20260623150417-w064-068/surface-volumes/1.129um-0.23m-78keV-volume-20260608103018-L1.zarr,0,0.306.1191,nonzero byte in first 4096B prefix; full chunk not fetched,4096
CHUNK_SAMPLE_POPULATED,info,PHercParis4/segments/20260623150417-w064-068/surface-volumes/1.129um-0.23m-78keV-volume-20260608103018-L1.zarr,0,0.357.1389,nonzero byte in first 4096B prefix; full chunk not fetched,4096
CHUNK_SAMPLE_POPULATED,info,PHercParis4/segments/20260623150417-w064-068/surface-volumes/1.129um-0.23m-78keV-volume-20260608103018-L1.zarr,1,0.76.695,nonzero byte in first 4096B prefix; full chunk not fetched,4096
CHUNK_SAMPLE_POPULATED,info,PHercParis4/segments/20260623150417-w064-068/surface-volumes/1.129um-0.23m-78keV-volume-20260608103018-L1.zarr,1,0.102.397,nonzero byte in first 4096B prefix; full chunk not fetched,4096
CHUNK_SAMPLE_POPULATED,info,PHercParis4/segments/20260623150417-w064-068/surface-volumes/1.129um-0.23m-78keV-volume-20260608103018-L1.zarr,1,0.128.99,nonzero byte in first 4096B prefix; full chunk not fetched,4096
CHUNK_SAMPLE_POPULATED,info,PHercParis4/segments/20260623150417-w064-068/surface-volumes/1.129um-0.23m-78keV-volume-20260608103018-L1.zarr,2,0.51.198,nonzero byte in first 4096B prefix; full chunk not fetched,4096
CHUNK_SAMPLE_POPULATED,info,PHercParis4/segments/20260623150417-w064-068/surface-volumes/1.129um-0.23m-78keV-volume-20260608103018-L1.zarr,2,0.77.99,nonzero byte in first 4096B prefix; full chunk not fetched,4096
CHUNK_SAMPLE_POPULATED,info,PHercParis4/segments/20260623150417-w064-068/surface-volumes/1.129um-0.23m-78keV-volume-20260608103018-L1.zarr,2,0.90.49,nonzero byte in first 4096B prefix; full chunk not fetched,4096
CHUNK_SAMPLE_POPULATED,info,PHercParis4/segments/20260623150417-w064-068/surface-volumes/1.129um-0.23m-78keV-volume-20260608103018-L1.zarr,3,0.19.99,nonzero byte in first 4096B prefix; full chunk not fetched,4096
CHUNK_SAMPLE_POPULATED,info,PHercParis4/segments/20260623150417-w064-068/surface-volumes/1.129um-0.23m-78keV-volume-20260608103018-L1.zarr,3,0.32.99,nonzero byte in first 4096B prefix; full chunk not fetched,4096
CHUNK_SAMPLE_POPULATED,info,PHercParis4/segments/20260623150417-w064-068/surface-volumes/1.129um-0.23m-78keV-volume-20260608103018-L1.zarr,3,0.45.99,nonzero byte in first 4096B prefix; full chunk not fetched,4096
CHUNK_SAMPLE_POPULATED,info,PHercParis4/segments/20260623150417-w064-068/surface-volumes/1.129um-0.23m-78keV-volume-20260608103018-L1.zarr,4,0.16.24,nonzero byte in first 4096B prefix; full chunk not fetched,4096
CHUNK_SAMPLE_POPULATED,info,PHercParis4/segments/20260623150417-w064-068/surface-volumes/1.129um-0.23m-78keV-volume-20260608103018-L1.zarr,4,0.19.49,nonzero byte in first 4096B prefix; full chunk not fetched,4096
CHUNK_SAMPLE_POPULATED,info,PHercParis4/segments/20260623150417-w064-068/surface-volumes/1.129um-0.23m-78keV-volume-20260608103018-L1.zarr,4,0.22.74,23320/1900544 values differ from fill_value,1904640
CHUNK_SAMPLE_POPULATED,info,PHercParis4/segments/20260623150417-w064-068/surface-volumes/1.129um-0.23m-78keV-volume-20260608103018-L1.zarr,5,0.4.43,960709/1900544 values differ from fill_value,1904640
CHUNK_SAMPLE_POPULATED,info,PHercParis4/segments/20260623150417-w064-068/surface-volumes/1.129um-0.23m-78keV-volume-20260608103018-L1.zarr,5,0.6.24,nonzero byte in first 4096B prefix; full chunk not fetched,4096
CHUNK_SAMPLE_POPULATED,info,PHercParis4/segments/20260623150417-w064-068/surface-volumes/1.129um-0.23m-78keV-volume-20260608103018-L1.zarr,5,0.8.6,nonzero byte in first 4096B prefix; full chunk not fetched,4096
CHUNK_SAMPLE_POPULATED,info,PHerc1299/representations/predictions/fibers/20260309130042-fibers-20260801084232-L1/PHerc1299-20260309130042-las-sd1-aac02eb8_nx.ome.zarr,3,24.10.10,262144/262144 values differ from fill_value,50861
CHUNK_SAMPLE_POPULATED,info,PHerc1299/representations/predictions/fibers/20260309130042-fibers-20260801084232-L1/PHerc1299-20260309130042-las-sd1-aac02eb8_nx.ome.zarr,3,36.15.15,262144/262144 values differ from fill_value,251017
CHUNK_SAMPLE_POPULATED,info,PHerc1299/representations/predictions/fibers/20260309130042-fibers-20260801084232-L1/PHerc1299-20260309130042-las-sd1-aac02eb8_nx.ome.zarr,3,48.20.20,262144/262144 values differ from fill_value,251630
CHUNK_SAMPLE_POPULATED,info,PHerc1299/representations/predictions/fibers/20260309130042-fibers-20260801084232-L1/PHerc1299-20260309130042-las-sd1-aac02eb8_nx.ome.zarr,4,12.5.5,262144/262144 values differ from fill_value,165707
CHUNK_SAMPLE_POPULATED,info,PHerc1299/representations/predictions/fibers/20260309130042-fibers-20260801084232-L1/PHerc1299-20260309130042-las-sd1-aac02eb8_nx.ome.zarr,4,24.10.10,262144/262144 values differ from fill_value,254660
CHUNK_SAMPLE_POPULATED,info,PHerc1299/representations/predictions/fibers/20260309130042-fibers-20260801084232-L1/PHerc1299-20260309130042-las-sd1-aac02eb8_nx.ome.zarr,4,36.15.15,262144/262144 values differ from fill_value,195532
CHUNK_SAMPLE_POPULATED,info,PHerc0490A/volumes/20250521151210-8.640um-1.2m-116keV-masked.zarr,2,5.13.9,802015/2097152 values differ from fill_value,2101248
CHUNK_SAMPLE_POPULATED,info,PHerc0490A/volumes/20250521151210-8.640um-1.2m-116keV-masked.zarr,2,8.11.4,nonzero byte in first 4096B prefix; full chunk not fetched,4096
CHUNK_SAMPLE_POPULATED,info,PHerc0490A/volumes/20250521151210-8.640um-1.2m-116keV-masked.zarr,2,14.6.13,nonzero byte in first 4096B prefix; full chunk not fetched,4096
CHUNK_SAMPLE_POPULATED,info,PHerc0490A/volumes/20250521151210-8.640um-1.2m-116keV-masked.zarr,3,1.4.4,979610/2097152 values differ from fill_value,2101248
CHUNK_SAMPLE_POPULATED,info,PHerc0490A/volumes/20250521151210-8.640um-1.2m-116keV-masked.zarr,3,4.4.4,nonzero byte in first 4096B prefix; full chunk not fetched,4096
CHUNK_SAMPLE_POPULATED,info,PHerc0490A/volumes/20250521151210-8.640um-1.2m-116keV-masked.zarr,3,7.4.4,nonzero byte in first 4096B prefix; full chunk not fetched,4096
CHUNK_SAMPLE_POPULATED,info,PHerc0490A/volumes/20250521151210-8.640um-1.2m-116keV-masked.zarr,4,0.0.0,24106/2097152 values differ from fill_value,2101248
CHUNK_SAMPLE_POPULATED,info,PHerc0490A/volumes/20250521151210-8.640um-1.2m-116keV-masked.zarr,4,1.2.2,nonzero byte in first 4096B prefix; full chunk not fetched,4096
CHUNK_SAMPLE_POPULATED,info,PHerc0490A/volumes/20250521151210-8.640um-1.2m-116keV-masked.zarr,4,2.1.1,nonzero byte in first 4096B prefix; full chunk not fetched,4096
CHUNK_SAMPLE_POPULATED,info,PHerc0490A/volumes/20250521151210-8.640um-1.2m-116keV-masked.zarr,5,0.0.0,nonzero byte in first 4096B prefix; full chunk not fetched,4096
CHUNK_SAMPLE_POPULATED,info,PHerc0490A/volumes/20250521151210-8.640um-1.2m-116keV-masked.zarr,5,0.1.0,nonzero byte in first 4096B prefix; full chunk not fetched,4096
CHUNK_SAMPLE_POPULATED,info,PHerc0490A/volumes/20250521151210-8.640um-1.2m-116keV-masked.zarr,5,0.2.0,nonzero byte in first 4096B prefix; full chunk not fetched,4096
CHUNK_SAMPLE_POPULATED,info,PHerc0814/segments/20251001060526-auto_grown_20251001060526760/surface-volumes/2.399um-0.22m-78keV-volume-20260309142202.zarr,1,0.36.0,nonzero byte in first 4096B prefix; full chunk not fetched,4096
CHUNK_SAMPLE_POPULATED,info,PHerc0814/segments/20251001060526-auto_grown_20251001060526760/surface-volumes/2.399um-0.22m-78keV-volume-20260309142202.zarr,2,0.4.94,nonzero byte in first 4096B prefix; full chunk not fetched,4096
CHUNK_SAMPLE_POPULATED,info,PHerc0814/segments/20251001060526-auto_grown_20251001060526760/surface-volumes/2.399um-0.22m-78keV-volume-20260309142202.zarr,2,0.13.94,nonzero byte in first 4096B prefix; full chunk not fetched,4096
CHUNK_SAMPLE_POPULATED,info,PHerc0814/segments/20251001060526-auto_grown_20251001060526760/surface-volumes/2.399um-0.22m-78keV-volume-20260309142202.zarr,2,0.18.0,nonzero byte in first 4096B prefix; full chunk not fetched,4096
CHUNK_SAMPLE_POPULATED,info,PHerc0814/segments/20251001060526-auto_grown_20251001060526760/surface-volumes/2.399um-0.22m-78keV-volume-20260309142202.zarr,3,0.2.23,nonzero byte in first 4096B prefix; full chunk not fetched,4096
CHUNK_SAMPLE_POPULATED,info,PHerc0814/segments/20251001060526-auto_grown_20251001060526760/surface-volumes/2.399um-0.22m-78keV-volume-20260309142202.zarr,3,0.4.47,nonzero byte in first 4096B prefix; full chunk not fetched,4096
CHUNK_SAMPLE_POPULATED,info,PHerc0814/segments/20251001060526-auto_grown_20251001060526760/surface-volumes/2.399um-0.22m-78keV-volume-20260309142202.zarr,3,0.9.0,nonzero byte in first 4096B prefix; full chunk not fetched,4096
CHUNK_SAMPLE_POPULATED,info,PHerc0814/segments/20251001060526-auto_grown_20251001060526760/surface-volumes/2.399um-0.22m-78keV-volume-20260309142202.zarr,4,0.1.6,1001056/1785856 values differ from fill_value,1789952
CHUNK_SAMPLE_POPULATED,info,PHerc0814/segments/20251001060526-auto_grown_20251001060526760/surface-volumes/2.399um-0.22m-78keV-volume-20260309142202.zarr,4,0.2.12,nonzero byte in first 4096B prefix; full chunk not fetched,4096
CHUNK_SAMPLE_POPULATED,info,PHerc0814/segments/20251001060526-auto_grown_20251001060526760/surface-volumes/2.399um-0.22m-78keV-volume-20260309142202.zarr,4,0.3.17,nonzero byte in first 4096B prefix; full chunk not fetched,4096
CHUNK_SAMPLE_POPULATED,info,PHerc0814/segments/20251001060526-auto_grown_20251001060526760/surface-volumes/2.399um-0.22m-78keV-volume-20260309142202.zarr,5,0.0.0,539251/1785856 values differ from fill_value,1789952
CHUNK_SAMPLE_POPULATED,info,PHerc0814/segments/20251001060526-auto_grown_20251001060526760/surface-volumes/2.399um-0.22m-78keV-volume-20260309142202.zarr,5,0.0.15,550046/1785856 values differ from fill_value,1789952
CHUNK_SAMPLE_POPULATED,info,PHerc0814/segments/20251001060526-auto_grown_20251001060526760/surface-volumes/2.399um-0.22m-78keV-volume-20260309142202.zarr,5,0.1.6,nonzero byte in first 4096B prefix; full chunk not fetched,4096
CHUNK_SAMPLE_POPULATED,info,PHerc0306B/representations/predictions/surfaces/20250521133212-surface-20260413222639-surface-m7-L0-th0.2.zarr,0,41.23.23,1431857/7077888 values differ from fill_value,412638
CHUNK_SAMPLE_POPULATED,info,PHerc0306B/representations/predictions/surfaces/20250521133212-surface-20260413222639-surface-m7-L0-th0.2.zarr,0,62.11.35,3388992/7077888 values differ from fill_value,70504
CHUNK_SAMPLE_POPULATED,info,PHerc0306B/representations/predictions/surfaces/20250521133212-surface-20260413222639-surface-m7-L0-th0.2.zarr,2,2.7.6,1850592/7077888 values differ from fill_value,1002208
CHUNK_SAMPLE_POPULATED,info,PHerc0306B/representations/predictions/surfaces/20250521133212-surface-20260413222639-surface-m7-L0-th0.2.zarr,2,13.1.5,1289244/7077888 values differ from fill_value,124158
CHUNK_SAMPLE_POPULATED,info,PHerc0306B/representations/predictions/surfaces/20250521133212-surface-20260413222639-surface-m7-L0-th0.2.zarr,2,18.4.5,1860977/7077888 values differ from fill_value,227980
CHUNK_SAMPLE_POPULATED,info,PHerc0306B/representations/predictions/surfaces/20250521133212-surface-20260413222639-surface-m7-L0-th0.2.zarr,3,1.2.1,1956018/7077888 values differ from fill_value,686794
CHUNK_SAMPLE_POPULATED,info,PHerc0306B/representations/predictions/surfaces/20250521133212-surface-20260413222639-surface-m7-L0-th0.2.zarr,3,2.4.3,1923275/7077888 values differ from fill_value,867797
CHUNK_SAMPLE_POPULATED,info,PHerc0306B/representations/predictions/surfaces/20250521133212-surface-20260413222639-surface-m7-L0-th0.2.zarr,3,5.3.0,80080/7077888 values differ from fill_value,14529
CHUNK_SAMPLE_POPULATED,info,PHerc0306B/representations/predictions/surfaces/20250521133212-surface-20260413222639-surface-m7-L0-th0.2.zarr,4,0.0.0,96213/7077888 values differ from fill_value,12801
CHUNK_SAMPLE_POPULATED,info,PHerc0306B/representations/predictions/surfaces/20250521133212-surface-20260413222639-surface-m7-L0-th0.2.zarr,4,0.2.1,665463/7077888 values differ from fill_value,267556
CHUNK_SAMPLE_POPULATED,info,PHerc0306B/representations/predictions/surfaces/20250521133212-surface-20260413222639-surface-m7-L0-th0.2.zarr,4,1.1.1,1812966/7077888 values differ from fill_value,1307344
CHUNK_SAMPLE_POPULATED,info,PHerc0306B/representations/predictions/surfaces/20250521133212-surface-20260413222639-surface-m7-L0-th0.2.zarr,5,0.0.0,1047644/7077888 values differ from fill_value,601987
CHUNK_SAMPLE_POPULATED,info,PHerc0306B/representations/predictions/surfaces/20250521133212-surface-20260413222639-surface-m7-L0-th0.2.zarr,5,0.0.1,319996/7077888 values differ from fill_value,206051
CHUNK_SAMPLE_POPULATED,info,PHerc0306B/representations/predictions/surfaces/20250521133212-surface-20260413222639-surface-m7-L0-th0.2.zarr,5,0.1.1,35657/7077888 values differ from fill_value,32638
CHUNK_SAMPLE_POPULATED,info,PHerc0846B/representations/predictions/surfaces/20250804142305-surface-20260413222639-surface-m7-L0-th0.2.zarr,0,36.20.20,1483407/7077888 values differ from fill_value,491295
CHUNK_SAMPLE_POPULATED,info,PHerc0846B/representations/predictions/surfaces/20250804142305-surface-20260413222639-surface-m7-L0-th0.2.zarr,0,45.25.25,2121099/7077888 values differ from fill_value,531087
CHUNK_SAMPLE_POPULATED,info,PHerc0846B/representations/predictions/surfaces/20250804142305-surface-20260413222639-surface-m7-L0-th0.2.zarr,0,54.30.30,631618/7077888 values differ from fill_value,118890
CHUNK_SAMPLE_POPULATED,info,PHerc0846B/representations/predictions/surfaces/20250804142305-surface-20260413222639-surface-m7-L0-th0.2.zarr,1,4.13.3,1764632/7077888 values differ from fill_value,835181
CHUNK_SAMPLE_POPULATED,info,PHerc0846B/representations/predictions/surfaces/20250804142305-surface-20260413222639-surface-m7-L0-th0.2.zarr,1,18.10.10,1502717/7077888 values differ from fill_value,826752
CHUNK_SAMPLE_POPULATED,info,PHerc0846B/representations/predictions/surfaces/20250804142305-surface-20260413222639-surface-m7-L0-th0.2.zarr,1,27.15.15,1650991/7077888 values differ from fill_value,190367
CHUNK_SAMPLE_POPULATED,info,PHerc0846B/representations/predictions/surfaces/20250804142305-surface-20260413222639-surface-m7-L0-th0.2.zarr,2,2.4.1,342264/7077888 values differ from fill_value,24947
CHUNK_SAMPLE_POPULATED,info,PHerc0846B/representations/predictions/surfaces/20250804142305-surface-20260413222639-surface-m7-L0-th0.2.zarr,2,9.5.5,1599265/7077888 values differ from fill_value,1027238
CHUNK_SAMPLE_POPULATED,info,PHerc0846B/representations/predictions/surfaces/20250804142305-surface-20260413222639-surface-m7-L0-th0.2.zarr,2,14.2.8,2256398/7077888 values differ from fill_value,472726
CHUNK_SAMPLE_POPULATED,info,PHerc0846B/representations/predictions/surfaces/20250804142305-surface-20260413222639-surface-m7-L0-th0.2.zarr,3,1.1.3,549035/7077888 values differ from fill_value,39836
CHUNK_SAMPLE_POPULATED,info,PHerc0846B/representations/predictions/surfaces/20250804142305-surface-20260413222639-surface-m7-L0-th0.2.zarr,3,2.3.0,1187096/7077888 values differ from fill_value,464151
CHUNK_SAMPLE_POPULATED,info,PHerc0846B/representations/predictions/surfaces/20250804142305-surface-20260413222639-surface-m7-L0-th0.2.zarr,3,6.1.2,1924793/7077888 values differ from fill_value,1113454
CHUNK_SAMPLE_POPULATED,info,PHerc0846B/representations/predictions/surfaces/20250804142305-surface-20260413222639-surface-m7-L0-th0.2.zarr,4,0.0.0,148647/7077888 values differ from fill_value,17444
CHUNK_SAMPLE_POPULATED,info,PHerc0846B/representations/predictions/surfaces/20250804142305-surface-20260413222639-surface-m7-L0-th0.2.zarr,4,0.2.0,37873/7077888 values differ from fill_value,10105
CHUNK_SAMPLE_POPULATED,info,PHerc0846B/representations/predictions/surfaces/20250804142305-surface-20260413222639-surface-m7-L0-th0.2.zarr,4,2.1.1,1511841/7077888 values differ from fill_value,957381
CHUNK_SAMPLE_POPULATED,info,PHerc0846B/representations/predictions/surfaces/20250804142305-surface-20260413222639-surface-m7-L0-th0.2.zarr,5,0.0.0,826836/7077888 values differ from fill_value,396582
CHUNK_SAMPLE_POPULATED,info,PHerc0846B/representations/predictions/surfaces/20250804142305-surface-20260413222639-surface-m7-L0-th0.2.zarr,5,0.0.1,101934/7077888 values differ from fill_value,49889
CHUNK_SAMPLE_POPULATED,info,PHerc0846B/representations/predictions/surfaces/20250804142305-surface-20260413222639-surface-m7-L0-th0.2.zarr,5,1.0.0,1287909/7077888 values differ from fill_value,757006
CHUNK_SAMPLE_POPULATED,info,PHerc0139/segments/20250108000000-w025_2025010863/surface-volumes/9.362um-1.2m-113keV-volume-20250728140407.zarr,0,0.0.0,39312/458752 values differ from fill_value,462848
CHUNK_SAMPLE_POPULATED,info,PHerc0139/segments/20250108000000-w025_2025010863/surface-volumes/9.362um-1.2m-113keV-volume-20250728140407.zarr,0,0.7.7,nonzero byte in first 4096B prefix; full chunk not fetched,4096
CHUNK_SAMPLE_POPULATED,info,PHerc0139/segments/20250108000000-w025_2025010863/surface-volumes/9.362um-1.2m-113keV-volume-20250728140407.zarr,0,0.14.13,nonzero byte in first 4096B prefix; full chunk not fetched,4096
CHUNK_SAMPLE_POPULATED,info,PHerc0139/segments/20250108000000-w025_2025010863/surface-volumes/9.362um-1.2m-113keV-volume-20250728140407.zarr,1,0.0.0,210532/458752 values differ from fill_value,462848
CHUNK_SAMPLE_POPULATED,info,PHerc0139/segments/20250108000000-w025_2025010863/surface-volumes/9.362um-1.2m-113keV-volume-20250728140407.zarr,1,0.3.17,nonzero byte in first 4096B prefix; full chunk not fetched,4096
CHUNK_SAMPLE_POPULATED,info,PHerc0139/segments/20250108000000-w025_2025010863/surface-volumes/9.362um-1.2m-113keV-volume-20250728140407.zarr,1,0.7.7,nonzero byte in first 4096B prefix; full chunk not fetched,4096
CHUNK_SAMPLE_POPULATED,info,PHerc0139/segments/20250108000000-w025_2025010863/surface-volumes/9.362um-1.2m-113keV-volume-20250728140407.zarr,2,0.0.0,nonzero byte in first 4096B prefix; full chunk not fetched,4096
CHUNK_SAMPLE_POPULATED,info,PHerc0139/segments/20250108000000-w025_2025010863/surface-volumes/9.362um-1.2m-113keV-volume-20250728140407.zarr,2,0.3.10,nonzero byte in first 4096B prefix; full chunk not fetched,4096
CHUNK_SAMPLE_POPULATED,info,PHerc0139/segments/20250108000000-w025_2025010863/surface-volumes/9.362um-1.2m-113keV-volume-20250728140407.zarr,2,0.5.8,nonzero byte in first 4096B prefix; full chunk not fetched,4096
CHUNK_SAMPLE_POPULATED,info,PHerc0139/segments/20250108000000-w025_2025010863/surface-volumes/9.362um-1.2m-113keV-volume-20250728140407.zarr,3,0.0.0,nonzero byte in first 4096B prefix; full chunk not fetched,4096
CHUNK_SAMPLE_POPULATED,info,PHerc0139/segments/20250108000000-w025_2025010863/surface-volumes/9.362um-1.2m-113keV-volume-20250728140407.zarr,3,0.1.0,nonzero byte in first 4096B prefix; full chunk not fetched,4096
CHUNK_SAMPLE_POPULATED,info,PHerc0139/segments/20250108000000-w025_2025010863/surface-volumes/9.362um-1.2m-113keV-volume-20250728140407.zarr,3,0.2.0,nonzero byte in first 4096B prefix; full chunk not fetched,4096
CHUNK_SAMPLE_POPULATED,info,PHerc0139/segments/20250108000000-w025_2025010863/surface-volumes/9.362um-1.2m-113keV-volume-20250728140407.zarr,4,0.0.0,nonzero byte in first 4096B prefix; full chunk not fetched,4096
CHUNK_SAMPLE_POPULATED,info,PHerc0139/segments/20250108000000-w025_2025010863/surface-volumes/9.362um-1.2m-113keV-volume-20250728140407.zarr,4,0.0.2,nonzero byte in first 4096B prefix; full chunk not fetched,4096
CHUNK_SAMPLE_POPULATED,info,PHerc0139/segments/20250108000000-w025_2025010863/surface-volumes/9.362um-1.2m-113keV-volume-20250728140407.zarr,4,0.1.0,nonzero byte in first 4096B prefix; full chunk not fetched,4096
CHUNK_SAMPLE_POPULATED,info,PHerc0139/segments/20250108000000-w025_2025010863/surface-volumes/9.362um-1.2m-113keV-volume-20250728140407.zarr,5,0.0.0,nonzero byte in first 4096B prefix; full chunk not fetched,4096
CHUNK_SAMPLE_POPULATED,info,PHerc0139/segments/20250108000000-w025_2025010863/surface-volumes/9.362um-1.2m-113keV-volume-20250728140407.zarr,5,0.0.1,nonzero byte in first 4096B prefix; full chunk not fetched,4096
CHUNK_SAMPLE_POPULATED,info,PHerc0139/segments/20250108000000-w025_2025010863/surface-volumes/9.362um-1.2m-113keV-volume-20250728140407.zarr,5,0.1.0,nonzero byte in first 4096B prefix; full chunk not fetched,4096
CHUNK_SAMPLE_POPULATED,info,PHercParis4/segments/20260603145540-5753_-4/surface-volumes/1.129um-0.23m-78keV-volume-20260608103018-L1.zarr,0,0.168.30,nonzero byte in first 4096B prefix; full chunk not fetched,4096
CHUNK_SAMPLE_POPULATED,info,PHercParis4/segments/20260603145540-5753_-4/surface-volumes/1.129um-0.23m-78keV-volume-20260608103018-L1.zarr,0,0.252.44,nonzero byte in first 4096B prefix; full chunk not fetched,4096
CHUNK_SAMPLE_POPULATED,info,PHercParis4/segments/20260603145540-5753_-4/surface-volumes/1.129um-0.23m-78keV-volume-20260608103018-L1.zarr,0,0.336.59,nonzero byte in first 4096B prefix; full chunk not fetched,4096
CHUNK_SAMPLE_POPULATED,info,PHercParis4/segments/20260603145540-5753_-4/surface-volumes/1.129um-0.23m-78keV-volume-20260608103018-L1.zarr,1,0.84.15,nonzero byte in first 4096B prefix; full chunk not fetched,4096
CHUNK_SAMPLE_POPULATED,info,PHercParis4/segments/20260603145540-5753_-4/surface-volumes/1.129um-0.23m-78keV-volume-20260608103018-L1.zarr,1,0.126.22,nonzero byte in first 4096B prefix; full chunk not fetched,4096
CHUNK_SAMPLE_POPULATED,info,PHercParis4/segments/20260603145540-5753_-4/surface-volumes/1.129um-0.23m-78keV-volume-20260608103018-L1.zarr,1,0.168.30,nonzero byte in first 4096B prefix; full chunk not fetched,4096
CHUNK_SAMPLE_POPULATED,info,PHercParis4/segments/20260603145540-5753_-4/surface-volumes/1.129um-0.23m-78keV-volume-20260608103018-L1.zarr,2,0.42.7,nonzero byte in first 4096B prefix; full chunk not fetched,4096
CHUNK_SAMPLE_POPULATED,info,PHercParis4/segments/20260603145540-5753_-4/surface-volumes/1.129um-0.23m-78keV-volume-20260608103018-L1.zarr,2,0.63.11,nonzero byte in first 4096B prefix; full chunk not fetched,4096
CHUNK_SAMPLE_POPULATED,info,PHercParis4/segments/20260603145540-5753_-4/surface-volumes/1.129um-0.23m-78keV-volume-20260608103018-L1.zarr,2,0.84.14,nonzero byte in first 4096B prefix; full chunk not fetched,4096
CHUNK_SAMPLE_POPULATED,info,PHercParis4/segments/20260603145540-5753_-4/surface-volumes/1.129um-0.23m-78keV-volume-20260608103018-L1.zarr,3,0.21.3,nonzero byte in first 4096B prefix; full chunk not fetched,4096
CHUNK_SAMPLE_POPULATED,info,PHercParis4/segments/20260603145540-5753_-4/surface-volumes/1.129um-0.23m-78keV-volume-20260608103018-L1.zarr,3,0.31.13,nonzero byte in first 4096B prefix; full chunk not fetched,4096
CHUNK_SAMPLE_POPULATED,info,PHercParis4/segments/20260603145540-5753_-4/surface-volumes/1.129um-0.23m-78keV-volume-20260608103018-L1.zarr,3,0.42.7,nonzero byte in first 4096B prefix; full chunk not fetched,4096
CHUNK_SAMPLE_POPULATED,info,PHercParis4/segments/20260603145540-5753_-4/surface-volumes/1.129um-0.23m-78keV-volume-20260608103018-L1.zarr,4,0.10.6,nonzero byte in first 4096B prefix; full chunk not fetched,4096
CHUNK_SAMPLE_POPULATED,info,PHercParis4/segments/20260603145540-5753_-4/surface-volumes/1.129um-0.23m-78keV-volume-20260608103018-L1.zarr,4,0.16.1,nonzero byte in first 4096B prefix; full chunk not fetched,4096
CHUNK_SAMPLE_POPULATED,info,PHercParis4/segments/20260603145540-5753_-4/surface-volumes/1.129um-0.23m-78keV-volume-20260608103018-L1.zarr,4,0.21.4,nonzero byte in first 4096B prefix; full chunk not fetched,4096
CHUNK_SAMPLE_POPULATED,info,PHercParis4/segments/20260603145540-5753_-4/surface-volumes/1.129um-0.23m-78keV-volume-20260608103018-L1.zarr,5,0.5.2,nonzero byte in first 4096B prefix; full chunk not fetched,4096
CHUNK_SAMPLE_POPULATED,info,PHercParis4/segments/20260603145540-5753_-4/surface-volumes/1.129um-0.23m-78keV-volume-20260608103018-L1.zarr,5,0.8.1,nonzero byte in first 4096B prefix; full chunk not fetched,4096
CHUNK_SAMPLE_POPULATED,info,PHercParis4/segments/20260603145540-5753_-4/surface-volumes/1.129um-0.23m-78keV-volume-20260608103018-L1.zarr,5,0.11.0,nonzero byte in first 4096B prefix; full chunk not fetched,4096
CHUNK_SAMPLE_POPULATED,info,PHerc0009B/segments/20250919125605-auto_grown_20250919055605407/surface-volumes/8.64um-1.2m-116keV-volume-20250521125136.zarr,0,0.13.33,nonzero byte in first 4096B prefix; full chunk not fetched,4096
CHUNK_SAMPLE_POPULATED,info,PHerc0009B/segments/20250919125605-auto_grown_20250919055605407/surface-volumes/8.64um-1.2m-116keV-volume-20250521125136.zarr,0,0.20.28,nonzero byte in first 4096B prefix; full chunk not fetched,4096
CHUNK_SAMPLE_POPULATED,info,PHerc0009B/segments/20250919125605-auto_grown_20250919055605407/surface-volumes/8.64um-1.2m-116keV-volume-20250521125136.zarr,0,0.27.22,295615/507904 values differ from fill_value,512000
CHUNK_SAMPLE_POPULATED,info,PHerc0009B/segments/20250919125605-auto_grown_20250919055605407/surface-volumes/8.64um-1.2m-116keV-volume-20250521125136.zarr,1,0.7.0,nonzero byte in first 4096B prefix; full chunk not fetched,4096
CHUNK_SAMPLE_POPULATED,info,PHerc0009B/segments/20250919125605-auto_grown_20250919055605407/surface-volumes/8.64um-1.2m-116keV-volume-20250521125136.zarr,1,0.10.11,nonzero byte in first 4096B prefix; full chunk not fetched,4096
CHUNK_SAMPLE_POPULATED,info,PHerc0009B/segments/20250919125605-auto_grown_20250919055605407/surface-volumes/8.64um-1.2m-116keV-volume-20250521125136.zarr,1,0.14.0,nonzero byte in first 4096B prefix; full chunk not fetched,4096
CHUNK_SAMPLE_POPULATED,info,PHerc0009B/segments/20250919125605-auto_grown_20250919055605407/surface-volumes/8.64um-1.2m-116keV-volume-20250521125136.zarr,2,0.0.0,212722/507904 values differ from fill_value,512000
CHUNK_SAMPLE_POPULATED,info,PHerc0009B/segments/20250919125605-auto_grown_20250919055605407/surface-volumes/8.64um-1.2m-116keV-volume-20250521125136.zarr,2,0.3.6,nonzero byte in first 4096B prefix; full chunk not fetched,4096
CHUNK_SAMPLE_POPULATED,info,PHerc0009B/segments/20250919125605-auto_grown_20250919055605407/surface-volumes/8.64um-1.2m-116keV-volume-20250521125136.zarr,2,0.5.3,nonzero byte in first 4096B prefix; full chunk not fetched,4096
CHUNK_SAMPLE_POPULATED,info,PHerc0009B/segments/20250919125605-auto_grown_20250919055605407/surface-volumes/8.64um-1.2m-116keV-volume-20250521125136.zarr,3,0.0.0,nonzero byte in first 4096B prefix; full chunk not fetched,4096
CHUNK_SAMPLE_POPULATED,info,PHerc0009B/segments/20250919125605-auto_grown_20250919055605407/surface-volumes/8.64um-1.2m-116keV-volume-20250521125136.zarr,3,0.1.4,nonzero byte in first 4096B prefix; full chunk not fetched,4096
CHUNK_SAMPLE_POPULATED,info,PHerc0009B/segments/20250919125605-auto_grown_20250919055605407/surface-volumes/8.64um-1.2m-116keV-volume-20250521125136.zarr,3,0.2.3,nonzero byte in first 4096B prefix; full chunk not fetched,4096
CHUNK_SAMPLE_POPULATED,info,PHerc0009B/segments/20250919125605-auto_grown_20250919055605407/surface-volumes/8.64um-1.2m-116keV-volume-20250521125136.zarr,4,0.0.0,nonzero byte in first 4096B prefix; full chunk not fetched,4096
CHUNK_SAMPLE_POPULATED,info,PHerc0009B/segments/20250919125605-auto_grown_20250919055605407/surface-volumes/8.64um-1.2m-116keV-volume-20250521125136.zarr,4,0.0.1,206394/507904 values differ from fill_value,512000
CHUNK_SAMPLE_POPULATED,info,PHerc0009B/segments/20250919125605-auto_grown_20250919055605407/surface-volumes/8.64um-1.2m-116keV-volume-20250521125136.zarr,4,0.1.0,nonzero byte in first 4096B prefix; full chunk not fetched,4096
CHUNK_SAMPLE_POPULATED,info,PHerc0009B/segments/20250919125605-auto_grown_20250919055605407/surface-volumes/8.64um-1.2m-116keV-volume-20250521125136.zarr,5,0.0.0,nonzero byte in first 4096B prefix; full chunk not fetched,4096
CHUNK_SAMPLE_POPULATED,info,PHerc0009B/segments/20250919125605-auto_grown_20250919055605407/surface-volumes/8.64um-1.2m-116keV-volume-20250521125136.zarr,5,0.0.1,103165/507904 values differ from fill_value,512000
CHUNK_SAMPLE_POPULATED,info,PHerc0009B/segments/20250919125605-auto_grown_20250919055605407/surface-volumes/8.64um-1.2m-116keV-volume-20250521125136.zarr,5,0.1.0,nonzero byte in first 4096B prefix; full chunk not fetched,4096
CHUNK_SAMPLE_POPULATED,info,PHercParis4/segments/20260623154006-w085-088/surface-volumes/45.532um-11.0m-74keV-volume-20260310170716.zarr,0,0.2.54,nonzero byte in first 4096B prefix; full chunk not fetched,4096
CHUNK_SAMPLE_POPULATED,info,PHercParis4/segments/20260623154006-w085-088/surface-volumes/45.532um-11.0m-74keV-volume-20260310170716.zarr,0,0.5.21,nonzero byte in first 4096B prefix; full chunk not fetched,4096
CHUNK_SAMPLE_POPULATED,info,PHercParis4/segments/20260623154006-w085-088/surface-volumes/45.532um-11.0m-74keV-volume-20260310170716.zarr,0,0.7.75,nonzero byte in first 4096B prefix; full chunk not fetched,4096
CHUNK_SAMPLE_POPULATED,info,PHercParis4/segments/20260623154006-w085-088/surface-volumes/45.532um-11.0m-74keV-volume-20260310170716.zarr,1,0.1.16,nonzero byte in first 4096B prefix; full chunk not fetched,4096
CHUNK_SAMPLE_POPULATED,info,PHercParis4/segments/20260623154006-w085-088/surface-volumes/45.532um-11.0m-74keV-volume-20260310170716.zarr,1,0.2.32,nonzero byte in first 4096B prefix; full chunk not fetched,4096
CHUNK_SAMPLE_POPULATED,info,PHercParis4/segments/20260623154006-w085-088/surface-volumes/45.532um-11.0m-74keV-volume-20260310170716.zarr,1,0.4.5,nonzero byte in first 4096B prefix; full chunk not fetched,4096
CHUNK_SAMPLE_POPULATED,info,PHercParis4/segments/20260623154006-w085-088/surface-volumes/45.532um-11.0m-74keV-volume-20260310170716.zarr,2,0.0.0,31960/98304 values differ from fill_value,102400
CHUNK_SAMPLE_POPULATED,info,PHercParis4/segments/20260623154006-w085-088/surface-volumes/45.532um-11.0m-74keV-volume-20260310170716.zarr,2,0.0.16,35284/98304 values differ from fill_value,102400
CHUNK_SAMPLE_POPULATED,info,PHercParis4/segments/20260623154006-w085-088/surface-volumes/45.532um-11.0m-74keV-volume-20260310170716.zarr,2,0.1.11,nonzero byte in first 4096B prefix; full chunk not fetched,4096
CHUNK_SAMPLE_POPULATED,info,PHercParis4/segments/20260623154006-w085-088/surface-volumes/45.532um-11.0m-74keV-volume-20260310170716.zarr,3,0.0.0,nonzero byte in first 4096B prefix; full chunk not fetched,4096
CHUNK_SAMPLE_POPULATED,info,PHercParis4/segments/20260623154006-w085-088/surface-volumes/45.532um-11.0m-74keV-volume-20260310170716.zarr,3,0.0.4,nonzero byte in first 4096B prefix; full chunk not fetched,4096
CHUNK_SAMPLE_POPULATED,info,PHercParis4/segments/20260623154006-w085-088/surface-volumes/45.532um-11.0m-74keV-volume-20260310170716.zarr,3,0.0.8,nonzero byte in first 4096B prefix; full chunk not fetched,4096
CHUNK_SAMPLE_POPULATED,info,PHercParis4/segments/20260623154006-w085-088/surface-volumes/45.532um-11.0m-74keV-volume-20260310170716.zarr,4,0.0.0,nonzero byte in first 4096B prefix; full chunk not fetched,4096
CHUNK_SAMPLE_POPULATED,info,PHercParis4/segments/20260623154006-w085-088/surface-volumes/45.532um-11.0m-74keV-volume-20260310170716.zarr,4,0.0.1,nonzero byte in first 4096B prefix; full chunk not fetched,4096
CHUNK_SAMPLE_POPULATED,info,PHercParis4/segments/20260623154006-w085-088/surface-volumes/45.532um-11.0m-74keV-volume-20260310170716.zarr,4,0.0.3,nonzero byte in first 4096B prefix; full chunk not fetched,4096
CHUNK_SAMPLE_POPULATED,info,PHercParis4/segments/20260623154006-w085-088/surface-volumes/45.532um-11.0m-74keV-volume-20260310170716.zarr,5,0.0.0,nonzero byte in first 4096B prefix; full chunk not fetched,4096
CHUNK_SAMPLE_POPULATED,info,PHercParis4/segments/20260623154006-w085-088/surface-volumes/45.532um-11.0m-74keV-volume-20260310170716.zarr,5,0.0.1,nonzero byte in first 4096B prefix; full chunk not fetched,4096
CHUNK_SAMPLE_POPULATED,info,PHercParis4/segments/20260623154006-w085-088/surface-volumes/45.532um-11.0m-74keV-volume-20260310170716.zarr,5,0.0.2,nonzero byte in first 4096B prefix; full chunk not fetched,4096
CHUNK_SAMPLE_POPULATED,info,PHerc0826/volumes/20250821151701-9.362um-1.2m-113keV-masked.zarr,3,6.3.0,195704/2097152 values differ from fill_value,2101248
CHUNK_SAMPLE_POPULATED,info,PHerc0826/volumes/20250821151701-9.362um-1.2m-113keV-masked.zarr,3,8.4.0,nonzero byte in first 4096B prefix; full chunk not fetched,4096
CHUNK_SAMPLE_POPULATED,info,PHerc0826/volumes/20250821151701-9.362um-1.2m-113keV-masked.zarr,4,0.0.0,7303/2097152 values differ from fill_value,2101248
CHUNK_SAMPLE_POPULATED,info,PHerc0826/volumes/20250821151701-9.362um-1.2m-113keV-masked.zarr,4,2.1.0,361826/2097152 values differ from fill_value,2101248
CHUNK_SAMPLE_POPULATED,info,PHerc0826/volumes/20250821151701-9.362um-1.2m-113keV-masked.zarr,4,3.1.2,986641/2097152 values differ from fill_value,2101248
CHUNK_SAMPLE_POPULATED,info,PHerc0826/volumes/20250821151701-9.362um-1.2m-113keV-masked.zarr,5,0.0.0,231285/2097152 values differ from fill_value,2101248
CHUNK_SAMPLE_POPULATED,info,PHerc0826/volumes/20250821151701-9.362um-1.2m-113keV-masked.zarr,5,0.1.0,nonzero byte in first 4096B prefix; full chunk not fetched,4096
CHUNK_SAMPLE_POPULATED,info,PHerc0826/volumes/20250821151701-9.362um-1.2m-113keV-masked.zarr,5,1.0.1,342790/2097152 values differ from fill_value,2101248
CHUNK_SAMPLE_POPULATED,info,PHerc0500P2/segments/20250611161415-z_dbg_gen_00411_inp_hr/surface-volumes/9.362um-1.2m-113keV-volume-20250820143440.zarr,0,0.9.12,nonzero byte in first 4096B prefix; full chunk not fetched,4096
CHUNK_SAMPLE_POPULATED,info,PHerc0500P2/segments/20250611161415-z_dbg_gen_00411_inp_hr/surface-volumes/9.362um-1.2m-113keV-volume-20250820143440.zarr,0,0.14.6,nonzero byte in first 4096B prefix; full chunk not fetched,4096
CHUNK_SAMPLE_POPULATED,info,PHerc0500P2/segments/20250611161415-z_dbg_gen_00411_inp_hr/surface-volumes/9.362um-1.2m-113keV-volume-20250820143440.zarr,0,0.19.0,nonzero byte in first 4096B prefix; full chunk not fetched,4096
CHUNK_SAMPLE_POPULATED,info,PHerc0500P2/segments/20250611161415-z_dbg_gen_00411_inp_hr/surface-volumes/9.362um-1.2m-113keV-volume-20250820143440.zarr,1,0.2.4,nonzero byte in first 4096B prefix; full chunk not fetched,4096
CHUNK_SAMPLE_POPULATED,info,PHerc0500P2/segments/20250611161415-z_dbg_gen_00411_inp_hr/surface-volumes/9.362um-1.2m-113keV-volume-20250820143440.zarr,1,0.4.9,nonzero byte in first 4096B prefix; full chunk not fetched,4096
CHUNK_SAMPLE_POPULATED,info,PHerc0500P2/segments/20250611161415-z_dbg_gen_00411_inp_hr/surface-volumes/9.362um-1.2m-113keV-volume-20250820143440.zarr,1,0.7.1,nonzero byte in first 4096B prefix; full chunk not fetched,4096
CHUNK_SAMPLE_POPULATED,info,PHerc0500P2/segments/20250611161415-z_dbg_gen_00411_inp_hr/surface-volumes/9.362um-1.2m-113keV-volume-20250820143440.zarr,2,0.1.1,277401/458752 values differ from fill_value,462848
CHUNK_SAMPLE_POPULATED,info,PHerc0500P2/segments/20250611161415-z_dbg_gen_00411_inp_hr/surface-volumes/9.362um-1.2m-113keV-volume-20250820143440.zarr,2,0.2.3,nonzero byte in first 4096B prefix; full chunk not fetched,4096
CHUNK_SAMPLE_POPULATED,info,PHerc0500P2/segments/20250611161415-z_dbg_gen_00411_inp_hr/surface-volumes/9.362um-1.2m-113keV-volume-20250820143440.zarr,2,0.3.4,nonzero byte in first 4096B prefix; full chunk not fetched,4096
CHUNK_SAMPLE_POPULATED,info,PHerc0500P2/segments/20250611161415-z_dbg_gen_00411_inp_hr/surface-volumes/9.362um-1.2m-113keV-volume-20250820143440.zarr,3,0.0.0,71031/458752 values differ from fill_value,462848
CHUNK_SAMPLE_POPULATED,info,PHerc0500P2/segments/20250611161415-z_dbg_gen_00411_inp_hr/surface-volumes/9.362um-1.2m-113keV-volume-20250820143440.zarr,3,0.0.2,43885/458752 values differ from fill_value,462848
CHUNK_SAMPLE_POPULATED,info,PHerc0500P2/segments/20250611161415-z_dbg_gen_00411_inp_hr/surface-volumes/9.362um-1.2m-113keV-volume-20250820143440.zarr,3,0.1.1,nonzero byte in first 4096B prefix; full chunk not fetched,4096
CHUNK_SAMPLE_POPULATED,info,PHerc0500P2/segments/20250611161415-z_dbg_gen_00411_inp_hr/surface-volumes/9.362um-1.2m-113keV-volume-20250820143440.zarr,4,0.0.0,nonzero byte in first 4096B prefix; full chunk not fetched,4096
CHUNK_SAMPLE_POPULATED,info,PHerc0500P2/segments/20250611161415-z_dbg_gen_00411_inp_hr/surface-volumes/9.362um-1.2m-113keV-volume-20250820143440.zarr,4,0.0.1,nonzero byte in first 4096B prefix; full chunk not fetched,4096
CHUNK_SAMPLE_POPULATED,info,PHerc0500P2/segments/20250611161415-z_dbg_gen_00411_inp_hr/surface-volumes/9.362um-1.2m-113keV-volume-20250820143440.zarr,4,0.1.0,nonzero byte in first 4096B prefix; full chunk not fetched,4096
CHUNK_SAMPLE_POPULATED,info,PHerc0500P2/segments/20250611161415-z_dbg_gen_00411_inp_hr/surface-volumes/9.362um-1.2m-113keV-volume-20250820143440.zarr,5,0.0.0,nonzero byte in first 4096B prefix; full chunk not fetched,4096
CHUNK_SAMPLE_POPULATED,info,PHerc0500P2/segments/20250611161415-z_dbg_gen_00411_inp_hr/surface-volumes/9.362um-1.2m-113keV-volume-20250820143440.zarr,5,0.1.0,nonzero byte in first 4096B prefix; full chunk not fetched,4096
CHUNK_SAMPLE_POPULATED,info,PHerc0257/volumes/20250821151750-9.362um-1.2m-113keV-masked.zarr,1,18.16.16,nonzero byte in first 4096B prefix; full chunk not fetched,4096
CHUNK_SAMPLE_POPULATED,info,PHerc0257/volumes/20250821151750-9.362um-1.2m-113keV-masked.zarr,1,46.8.8,nonzero byte in first 4096B prefix; full chunk not fetched,4096
CHUNK_SAMPLE_POPULATED,info,PHerc0257/volumes/20250821151750-9.362um-1.2m-113keV-masked.zarr,1,55.16.16,nonzero byte in first 4096B prefix; full chunk not fetched,4096
CHUNK_SAMPLE_POPULATED,info,PHerc0257/volumes/20250821151750-9.362um-1.2m-113keV-masked.zarr,2,4.10.10,nonzero byte in first 4096B prefix; full chunk not fetched,4096
CHUNK_SAMPLE_POPULATED,info,PHerc0257/volumes/20250821151750-9.362um-1.2m-113keV-masked.zarr,2,18.8.8,nonzero byte in first 4096B prefix; full chunk not fetched,4096
CHUNK_SAMPLE_POPULATED,info,PHerc0257/volumes/20250821151750-9.362um-1.2m-113keV-masked.zarr,2,27.12.12,28352/2097152 values differ from fill_value,2101248
CHUNK_SAMPLE_POPULATED,info,PHerc0257/volumes/20250821151750-9.362um-1.2m-113keV-masked.zarr,3,2.3.3,318620/2097152 values differ from fill_value,2101248
CHUNK_SAMPLE_POPULATED,info,PHerc0257/volumes/20250821151750-9.362um-1.2m-113keV-masked.zarr,3,9.4.4,nonzero byte in first 4096B prefix; full chunk not fetched,4096
CHUNK_SAMPLE_POPULATED,info,PHerc0257/volumes/20250821151750-9.362um-1.2m-113keV-masked.zarr,3,14.2.2,nonzero byte in first 4096B prefix; full chunk not fetched,4096
CHUNK_SAMPLE_POPULATED,info,PHerc0257/volumes/20250821151750-9.362um-1.2m-113keV-masked.zarr,4,1.1.1,640260/2097152 values differ from fill_value,2101248
CHUNK_SAMPLE_POPULATED,info,PHerc0257/volumes/20250821151750-9.362um-1.2m-113keV-masked.zarr,4,2.2.2,nonzero byte in first 4096B prefix; full chunk not fetched,4096
CHUNK_SAMPLE_POPULATED,info,PHerc0257/volumes/20250821151750-9.362um-1.2m-113keV-masked.zarr,4,6.1.1,nonzero byte in first 4096B prefix; full chunk not fetched,4096
CHUNK_SAMPLE_POPULATED,info,PHerc0257/volumes/20250821151750-9.362um-1.2m-113keV-masked.zarr,5,0.0.0,85211/2097152 values differ from fill_value,2101248
CHUNK_SAMPLE_POPULATED,info,PHerc0257/volumes/20250821151750-9.362um-1.2m-113keV-masked.zarr,5,2.1.1,nonzero byte in first 4096B prefix; full chunk not fetched,4096
CHUNK_SAMPLE_POPULATED,info,PHerc0257/volumes/20250821151750-9.362um-1.2m-113keV-masked.zarr,5,3.0.1,316902/2097152 values differ from fill_value,2101248
CHUNK_SAMPLE_POPULATED,info,PHerc0500P2/segments/20250716055227-z_dbg_gen_00260_inp_hr/surface-volumes/2.215um-0.4m-111keV-volume-20250526151718.zarr,1,0.5.15,nonzero byte in first 4096B prefix; full chunk not fetched,4096
CHUNK_SAMPLE_POPULATED,info,PHerc0500P2/segments/20250716055227-z_dbg_gen_00260_inp_hr/surface-volumes/2.215um-0.4m-111keV-volume-20250526151718.zarr,1,0.16.15,nonzero byte in first 4096B prefix; full chunk not fetched,4096
CHUNK_SAMPLE_POPULATED,info,PHerc0500P2/segments/20250716055227-z_dbg_gen_00260_inp_hr/surface-volumes/2.215um-0.4m-111keV-volume-20250526151718.zarr,1,0.27.14,nonzero byte in first 4096B prefix; full chunk not fetched,4096
CHUNK_SAMPLE_POPULATED,info,PHerc0500P2/segments/20250716055227-z_dbg_gen_00260_inp_hr/surface-volumes/2.215um-0.4m-111keV-volume-20250526151718.zarr,2,0.2.11,nonzero byte in first 4096B prefix; full chunk not fetched,4096
CHUNK_SAMPLE_POPULATED,info,PHerc0500P2/segments/20250716055227-z_dbg_gen_00260_inp_hr/surface-volumes/2.215um-0.4m-111keV-volume-20250526151718.zarr,2,0.5.7,nonzero byte in first 4096B prefix; full chunk not fetched,4096
CHUNK_SAMPLE_POPULATED,info,PHerc0500P2/segments/20250716055227-z_dbg_gen_00260_inp_hr/surface-volumes/2.215um-0.4m-111keV-volume-20250526151718.zarr,2,0.8.3,nonzero byte in first 4096B prefix; full chunk not fetched,4096
CHUNK_SAMPLE_POPULATED,info,PHerc0500P2/segments/20250716055227-z_dbg_gen_00260_inp_hr/surface-volumes/2.215um-0.4m-111keV-volume-20250526151718.zarr,3,0.1.3,nonzero byte in first 4096B prefix; full chunk not fetched,4096
CHUNK_SAMPLE_POPULATED,info,PHerc0500P2/segments/20250716055227-z_dbg_gen_00260_inp_hr/surface-volumes/2.215um-0.4m-111keV-volume-20250526151718.zarr,3,0.2.6,nonzero byte in first 4096B prefix; full chunk not fetched,4096
CHUNK_SAMPLE_POPULATED,info,PHerc0500P2/segments/20250716055227-z_dbg_gen_00260_inp_hr/surface-volumes/2.215um-0.4m-111keV-volume-20250526151718.zarr,3,0.4.1,nonzero byte in first 4096B prefix; full chunk not fetched,4096
CHUNK_SAMPLE_POPULATED,info,PHerc0500P2/segments/20250716055227-z_dbg_gen_00260_inp_hr/surface-volumes/2.215um-0.4m-111keV-volume-20250526151718.zarr,4,0.0.3,nonzero byte in first 4096B prefix; full chunk not fetched,4096
CHUNK_SAMPLE_POPULATED,info,PHerc0500P2/segments/20250716055227-z_dbg_gen_00260_inp_hr/surface-volumes/2.215um-0.4m-111keV-volume-20250526151718.zarr,4,0.1.2,nonzero byte in first 4096B prefix; full chunk not fetched,4096
CHUNK_SAMPLE_POPULATED,info,PHerc0500P2/segments/20250716055227-z_dbg_gen_00260_inp_hr/surface-volumes/2.215um-0.4m-111keV-volume-20250526151718.zarr,4,0.2.1,nonzero byte in first 4096B prefix; full chunk not fetched,4096
CHUNK_SAMPLE_POPULATED,info,PHerc0500P2/segments/20250716055227-z_dbg_gen_00260_inp_hr/surface-volumes/2.215um-0.4m-111keV-volume-20250526151718.zarr,5,0.0.0,nonzero byte in first 4096B prefix; full chunk not fetched,4096
CHUNK_SAMPLE_POPULATED,info,PHerc0500P2/segments/20250716055227-z_dbg_gen_00260_inp_hr/surface-volumes/2.215um-0.4m-111keV-volume-20250526151718.zarr,5,0.0.1,nonzero byte in first 4096B prefix; full chunk not fetched,4096
CHUNK_SAMPLE_POPULATED,info,PHerc0500P2/segments/20250716055227-z_dbg_gen_00260_inp_hr/surface-volumes/2.215um-0.4m-111keV-volume-20250526151718.zarr,5,0.1.0,nonzero byte in first 4096B prefix; full chunk not fetched,4096
CHUNK_SAMPLE_POPULATED,info,PHerc1667/segments/20251223230000-w031_2025122323_flatboi/surface-volumes/2.399um-0.22m-78keV-volume-20251217075048.zarr,0,0.36.157,nonzero byte in first 4096B prefix; full chunk not fetched,4096
CHUNK_SAMPLE_POPULATED,info,PHerc1667/segments/20251223230000-w031_2025122323_flatboi/surface-volumes/2.399um-0.22m-78keV-volume-20251217075048.zarr,0,0.73.63,nonzero byte in first 4096B prefix; full chunk not fetched,4096
CHUNK_SAMPLE_POPULATED,info,PHerc1667/segments/20251223230000-w031_2025122323_flatboi/surface-volumes/2.399um-0.22m-78keV-volume-20251217075048.zarr,0,0.109.220,nonzero byte in first 4096B prefix; full chunk not fetched,4096
CHUNK_SAMPLE_POPULATED,info,PHerc1667/segments/20251223230000-w031_2025122323_flatboi/surface-volumes/2.399um-0.22m-78keV-volume-20251217075048.zarr,1,0.36.94,nonzero byte in first 4096B prefix; full chunk not fetched,4096
CHUNK_SAMPLE_POPULATED,info,PHerc1667/segments/20251223230000-w031_2025122323_flatboi/surface-volumes/2.399um-0.22m-78keV-volume-20251217075048.zarr,1,0.55.15,nonzero byte in first 4096B prefix; full chunk not fetched,4096
CHUNK_SAMPLE_POPULATED,info,PHerc1667/segments/20251223230000-w031_2025122323_flatboi/surface-volumes/2.399um-0.22m-78keV-volume-20251217075048.zarr,1,0.73.62,nonzero byte in first 4096B prefix; full chunk not fetched,4096
CHUNK_SAMPLE_POPULATED,info,PHerc1667/segments/20251223230000-w031_2025122323_flatboi/surface-volumes/2.399um-0.22m-78keV-volume-20251217075048.zarr,2,0.9.16,nonzero byte in first 4096B prefix; full chunk not fetched,4096
CHUNK_SAMPLE_POPULATED,info,PHerc1667/segments/20251223230000-w031_2025122323_flatboi/surface-volumes/2.399um-0.22m-78keV-volume-20251217075048.zarr,2,0.18.31,nonzero byte in first 4096B prefix; full chunk not fetched,4096
CHUNK_SAMPLE_POPULATED,info,PHerc1667/segments/20251223230000-w031_2025122323_flatboi/surface-volumes/2.399um-0.22m-78keV-volume-20251217075048.zarr,2,0.27.47,nonzero byte in first 4096B prefix; full chunk not fetched,4096
CHUNK_SAMPLE_POPULATED,info,PHerc1667/segments/20251223230000-w031_2025122323_flatboi/surface-volumes/2.399um-0.22m-78keV-volume-20251217075048.zarr,3,0.4.20,nonzero byte in first 4096B prefix; full chunk not fetched,4096
CHUNK_SAMPLE_POPULATED,info,PHerc1667/segments/20251223230000-w031_2025122323_flatboi/surface-volumes/2.399um-0.22m-78keV-volume-20251217075048.zarr,3,0.9.8,nonzero byte in first 4096B prefix; full chunk not fetched,4096
CHUNK_SAMPLE_POPULATED,info,PHerc1667/segments/20251223230000-w031_2025122323_flatboi/surface-volumes/2.399um-0.22m-78keV-volume-20251217075048.zarr,3,0.13.28,nonzero byte in first 4096B prefix; full chunk not fetched,4096
CHUNK_SAMPLE_POPULATED,info,PHerc1667/segments/20251223230000-w031_2025122323_flatboi/surface-volumes/2.399um-0.22m-78keV-volume-20251217075048.zarr,4,0.2.6,473882/1785856 values differ from fill_value,1789952
CHUNK_SAMPLE_POPULATED,info,PHerc1667/segments/20251223230000-w031_2025122323_flatboi/surface-volumes/2.399um-0.22m-78keV-volume-20251217075048.zarr,4,0.4.12,nonzero byte in first 4096B prefix; full chunk not fetched,4096
CHUNK_SAMPLE_POPULATED,info,PHerc1667/segments/20251223230000-w031_2025122323_flatboi/surface-volumes/2.399um-0.22m-78keV-volume-20251217075048.zarr,4,0.7.2,nonzero byte in first 4096B prefix; full chunk not fetched,4096
CHUNK_SAMPLE_POPULATED,info,PHerc1667/segments/20251223230000-w031_2025122323_flatboi/surface-volumes/2.399um-0.22m-78keV-volume-20251217075048.zarr,5,0.0.0,24742/1785856 values differ from fill_value,1789952
CHUNK_SAMPLE_POPULATED,info,PHerc1667/segments/20251223230000-w031_2025122323_flatboi/surface-volumes/2.399um-0.22m-78keV-volume-20251217075048.zarr,5,0.1.2,nonzero byte in first 4096B prefix; full chunk not fetched,4096
CHUNK_SAMPLE_POPULATED,info,PHerc1667/segments/20251223230000-w031_2025122323_flatboi/surface-volumes/2.399um-0.22m-78keV-volume-20251217075048.zarr,5,0.2.4,nonzero byte in first 4096B prefix; full chunk not fetched,4096
CHUNK_SAMPLE_POPULATED,info,PHercParis4/segments/20260623141649-w053-058_jordi/surface-volumes/1.129um-0.23m-78keV-volume-20260608103018-L1.zarr,0,0.152.386,nonzero byte in first 4096B prefix; full chunk not fetched,4096
CHUNK_SAMPLE_POPULATED,info,PHercParis4/segments/20260623141649-w053-058_jordi/surface-volumes/1.129um-0.23m-78keV-volume-20260608103018-L1.zarr,0,0.253.1157,nonzero byte in first 4096B prefix; full chunk not fetched,4096
CHUNK_SAMPLE_POPULATED,info,PHercParis4/segments/20260623141649-w053-058_jordi/surface-volumes/1.129um-0.23m-78keV-volume-20260608103018-L1.zarr,0,0.355.385,nonzero byte in first 4096B prefix; full chunk not fetched,4096
CHUNK_SAMPLE_POPULATED,info,PHercParis4/segments/20260623141649-w053-058_jordi/surface-volumes/1.129um-0.23m-78keV-volume-20260608103018-L1.zarr,1,0.126.675,nonzero byte in first 4096B prefix; full chunk not fetched,4096
CHUNK_SAMPLE_POPULATED,info,PHercParis4/segments/20260623141649-w053-058_jordi/surface-volumes/1.129um-0.23m-78keV-volume-20260608103018-L1.zarr,1,0.152.192,nonzero byte in first 4096B prefix; full chunk not fetched,4096
CHUNK_SAMPLE_POPULATED,info,PHercParis4/segments/20260623141649-w053-058_jordi/surface-volumes/1.129um-0.23m-78keV-volume-20260608103018-L1.zarr,1,0.177.482,nonzero byte in first 4096B prefix; full chunk not fetched,4096
CHUNK_SAMPLE_POPULATED,info,PHercParis4/segments/20260623141649-w053-058_jordi/surface-volumes/1.129um-0.23m-78keV-volume-20260608103018-L1.zarr,2,0.38.96,nonzero byte in first 4096B prefix; full chunk not fetched,4096
CHUNK_SAMPLE_POPULATED,info,PHercParis4/segments/20260623141649-w053-058_jordi/surface-volumes/1.129um-0.23m-78keV-volume-20260608103018-L1.zarr,2,0.63.289,nonzero byte in first 4096B prefix; full chunk not fetched,4096
CHUNK_SAMPLE_POPULATED,info,PHercParis4/segments/20260623141649-w053-058_jordi/surface-volumes/1.129um-0.23m-78keV-volume-20260608103018-L1.zarr,2,0.89.96,nonzero byte in first 4096B prefix; full chunk not fetched,4096
CHUNK_SAMPLE_POPULATED,info,PHercParis4/segments/20260623141649-w053-058_jordi/surface-volumes/1.129um-0.23m-78keV-volume-20260608103018-L1.zarr,3,0.31.168,nonzero byte in first 4096B prefix; full chunk not fetched,4096
CHUNK_SAMPLE_POPULATED,info,PHercParis4/segments/20260623141649-w053-058_jordi/surface-volumes/1.129um-0.23m-78keV-volume-20260608103018-L1.zarr,3,0.38.48,nonzero byte in first 4096B prefix; full chunk not fetched,4096
CHUNK_SAMPLE_POPULATED,info,PHercParis4/segments/20260623141649-w053-058_jordi/surface-volumes/1.129um-0.23m-78keV-volume-20260608103018-L1.zarr,3,0.44.120,nonzero byte in first 4096B prefix; full chunk not fetched,4096
CHUNK_SAMPLE_POPULATED,info,PHercParis4/segments/20260623141649-w053-058_jordi/surface-volumes/1.129um-0.23m-78keV-volume-20260608103018-L1.zarr,4,0.9.72,nonzero byte in first 4096B prefix; full chunk not fetched,4096
CHUNK_SAMPLE_POPULATED,info,PHercParis4/segments/20260623141649-w053-058_jordi/surface-volumes/1.129um-0.23m-78keV-volume-20260608103018-L1.zarr,4,0.16.24,nonzero byte in first 4096B prefix; full chunk not fetched,4096
CHUNK_SAMPLE_POPULATED,info,PHercParis4/segments/20260623141649-w053-058_jordi/surface-volumes/1.129um-0.23m-78keV-volume-20260608103018-L1.zarr,4,0.22.72,nonzero byte in first 4096B prefix; full chunk not fetched,4096
CHUNK_SAMPLE_POPULATED,info,PHercParis4/segments/20260623141649-w053-058_jordi/surface-volumes/1.129um-0.23m-78keV-volume-20260608103018-L1.zarr,5,0.3.12,176002/1900544 values differ from fill_value,1904640
CHUNK_SAMPLE_POPULATED,info,PHercParis4/segments/20260623141649-w053-058_jordi/surface-volumes/1.129um-0.23m-78keV-volume-20260608103018-L1.zarr,5,0.4.42,1162332/1900544 values differ from fill_value,1904640
CHUNK_SAMPLE_POPULATED,info,PHercParis4/segments/20260623141649-w053-058_jordi/surface-volumes/1.129um-0.23m-78keV-volume-20260608103018-L1.zarr,5,0.8.6,nonzero byte in first 4096B prefix; full chunk not fetched,4096
CHUNK_SAMPLE_POPULATED,info,PHerc0500P2/segments/20250825181928-2/surface-volumes/2.215um-0.4m-111keV-volume-20250526151718.zarr,0,0.45.51,nonzero byte in first 4096B prefix; full chunk not fetched,4096
CHUNK_SAMPLE_POPULATED,info,PHerc0500P2/segments/20250825181928-2/surface-volumes/2.215um-0.4m-111keV-volume-20250526151718.zarr,0,0.68.25,nonzero byte in first 4096B prefix; full chunk not fetched,4096
CHUNK_SAMPLE_POPULATED,info,PHerc0500P2/segments/20250825181928-2/surface-volumes/2.215um-0.4m-111keV-volume-20250526151718.zarr,0,0.113.76,nonzero byte in first 4096B prefix; full chunk not fetched,4096
CHUNK_SAMPLE_POPULATED,info,PHerc0500P2/segments/20250825181928-2/surface-volumes/2.215um-0.4m-111keV-volume-20250526151718.zarr,1,0.11.19,nonzero byte in first 4096B prefix; full chunk not fetched,4096
CHUNK_SAMPLE_POPULATED,info,PHerc0500P2/segments/20250825181928-2/surface-volumes/2.215um-0.4m-111keV-volume-20250526151718.zarr,1,0.34.6,nonzero byte in first 4096B prefix; full chunk not fetched,4096
CHUNK_SAMPLE_POPULATED,info,PHerc0500P2/segments/20250825181928-2/surface-volumes/2.215um-0.4m-111keV-volume-20250526151718.zarr,1,0.45.25,nonzero byte in first 4096B prefix; full chunk not fetched,4096
CHUNK_SAMPLE_POPULATED,info,PHerc0500P2/segments/20250825181928-2/surface-volumes/2.215um-0.4m-111keV-volume-20250526151718.zarr,2,0.11.13,nonzero byte in first 4096B prefix; full chunk not fetched,4096
CHUNK_SAMPLE_POPULATED,info,PHerc0500P2/segments/20250825181928-2/surface-volumes/2.215um-0.4m-111keV-volume-20250526151718.zarr,2,0.17.6,nonzero byte in first 4096B prefix; full chunk not fetched,4096
CHUNK_SAMPLE_POPULATED,info,PHerc0500P2/segments/20250825181928-2/surface-volumes/2.215um-0.4m-111keV-volume-20250526151718.zarr,2,0.28.19,nonzero byte in first 4096B prefix; full chunk not fetched,4096
CHUNK_SAMPLE_POPULATED,info,PHerc0500P2/segments/20250825181928-2/surface-volumes/2.215um-0.4m-111keV-volume-20250526151718.zarr,3,0.8.8,nonzero byte in first 4096B prefix; full chunk not fetched,4096
CHUNK_SAMPLE_POPULATED,info,PHerc0500P2/segments/20250825181928-2/surface-volumes/2.215um-0.4m-111keV-volume-20250526151718.zarr,3,0.11.6,nonzero byte in first 4096B prefix; full chunk not fetched,4096
CHUNK_SAMPLE_POPULATED,info,PHerc0500P2/segments/20250825181928-2/surface-volumes/2.215um-0.4m-111keV-volume-20250526151718.zarr,3,0.14.4,nonzero byte in first 4096B prefix; full chunk not fetched,4096
CHUNK_SAMPLE_POPULATED,info,PHerc0500P2/segments/20250825181928-2/surface-volumes/2.215um-0.4m-111keV-volume-20250526151718.zarr,4,0.1.3,nonzero byte in first 4096B prefix; full chunk not fetched,4096
CHUNK_SAMPLE_POPULATED,info,PHerc0500P2/segments/20250825181928-2/surface-volumes/2.215um-0.4m-111keV-volume-20250526151718.zarr,4,0.3.0,151136/1933312 values differ from fill_value,1937408
CHUNK_SAMPLE_POPULATED,info,PHerc0500P2/segments/20250825181928-2/surface-volumes/2.215um-0.4m-111keV-volume-20250526151718.zarr,4,0.4.3,nonzero byte in first 4096B prefix; full chunk not fetched,4096
CHUNK_SAMPLE_POPULATED,info,PHerc0500P2/segments/20250825181928-2/surface-volumes/2.215um-0.4m-111keV-volume-20250526151718.zarr,5,0.0.0,138893/1933312 values differ from fill_value,1937408
CHUNK_SAMPLE_POPULATED,info,PHerc0500P2/segments/20250825181928-2/surface-volumes/2.215um-0.4m-111keV-volume-20250526151718.zarr,5,0.1.2,nonzero byte in first 4096B prefix; full chunk not fetched,4096
CHUNK_SAMPLE_POPULATED,info,PHerc0500P2/segments/20250825181928-2/surface-volumes/2.215um-0.4m-111keV-volume-20250526151718.zarr,5,0.2.1,nonzero byte in first 4096B prefix; full chunk not fetched,4096
CHUNK_SAMPLE_POPULATED,info,PHercParis4/segments/20260701183151-w128-129/surface-volumes/2.4um-0.22m-78keV-volume-20260411134726.zarr,0,0.87.417,nonzero byte in first 4096B prefix; full chunk not fetched,4096
CHUNK_SAMPLE_POPULATED,info,PHercParis4/segments/20260701183151-w128-129/surface-volumes/2.4um-0.22m-78keV-volume-20260411134726.zarr,0,0.174.834,nonzero byte in first 4096B prefix; full chunk not fetched,4096
CHUNK_SAMPLE_POPULATED,info,PHercParis4/segments/20260701183151-w128-129/surface-volumes/2.4um-0.22m-78keV-volume-20260411134726.zarr,0,0.436.972,nonzero byte in first 4096B prefix; full chunk not fetched,4096
CHUNK_SAMPLE_POPULATED,info,PHercParis4/segments/20260701183151-w128-129/surface-volumes/2.4um-0.22m-78keV-volume-20260411134726.zarr,1,0.131.139,nonzero byte in first 4096B prefix; full chunk not fetched,4096
CHUNK_SAMPLE_POPULATED,info,PHercParis4/segments/20260701183151-w128-129/surface-volumes/2.4um-0.22m-78keV-volume-20260411134726.zarr,1,0.218.416,nonzero byte in first 4096B prefix; full chunk not fetched,4096
CHUNK_SAMPLE_POPULATED,info,PHercParis4/segments/20260701183151-w128-129/surface-volumes/2.4um-0.22m-78keV-volume-20260411134726.zarr,1,0.262.277,nonzero byte in first 4096B prefix; full chunk not fetched,4096
CHUNK_SAMPLE_POPULATED,info,PHercParis4/segments/20260701183151-w128-129/surface-volumes/2.4um-0.22m-78keV-volume-20260411134726.zarr,2,0.43.208,nonzero byte in first 4096B prefix; full chunk not fetched,4096
CHUNK_SAMPLE_POPULATED,info,PHercParis4/segments/20260701183151-w128-129/surface-volumes/2.4um-0.22m-78keV-volume-20260411134726.zarr,2,0.109.104,43113/1785856 values differ from fill_value,1789952
CHUNK_SAMPLE_POPULATED,info,PHercParis4/segments/20260701183151-w128-129/surface-volumes/2.4um-0.22m-78keV-volume-20260411134726.zarr,2,0.131.69,nonzero byte in first 4096B prefix; full chunk not fetched,4096
CHUNK_SAMPLE_POPULATED,info,PHercParis4/segments/20260701183151-w128-129/surface-volumes/2.4um-0.22m-78keV-volume-20260411134726.zarr,4,0.27.34,nonzero byte in first 4096B prefix; full chunk not fetched,4096
CHUNK_SAMPLE_POPULATED,info,PHercParis4/segments/20260701183151-w128-129/surface-volumes/2.4um-0.22m-78keV-volume-20260411134726.zarr,4,0.38.34,nonzero byte in first 4096B prefix; full chunk not fetched,4096
CHUNK_SAMPLE_POPULATED,info,PHercParis4/segments/20260701183151-w128-129/surface-volumes/2.4um-0.22m-78keV-volume-20260411134726.zarr,5,0.8.8,nonzero byte in first 4096B prefix; full chunk not fetched,4096
CHUNK_SAMPLE_POPULATED,info,PHercParis4/segments/20260701183151-w128-129/surface-volumes/2.4um-0.22m-78keV-volume-20260411134726.zarr,5,0.13.26,nonzero byte in first 4096B prefix; full chunk not fetched,4096
CHUNK_SAMPLE_POPULATED,info,PHercParis4/segments/20260701183151-w128-129/surface-volumes/2.4um-0.22m-78keV-volume-20260411134726.zarr,5,0.16.17,nonzero byte in first 4096B prefix; full chunk not fetched,4096
