code,severity,root,level,chunk,detail,bytes_fetched
CHUNK_SAMPLE_POPULATED,info,PHercParis4/segments/20260602204401-5753_-7/ink-detection/PHercParis4-20260602204401-2.4um-0.22m-78keV-volume-20260411134726-L2-3d-ink-max.zarr,0,2960.1070,"window (2960, 1070)+(64, 64): 187/4096 values differ from fill_value (0.0)",0
CHUNK_SAMPLE_EMPTY,info,PHercParis4/segments/20260602204401-5753_-7/ink-detection/PHercParis4-20260602204401-2.4um-0.22m-78keV-volume-20260411134726-L2-3d-ink-max.zarr,0,9868.2055,"window (9868, 2055)+(64, 64): 0/4096 values differ from fill_value (0.0)",0
CHUNK_SAMPLE_POPULATED,info,PHercParis4/segments/20260602204401-5753_-7/ink-detection/PHercParis4-20260602204401-2.4um-0.22m-78keV-volume-20260411134726-L2-3d-ink-max.zarr,0,16775.225,"window (16775, 225)+(64, 64): 4096/4096 values differ from fill_value (0.0)",0
CHUNK_SAMPLE_POPULATED,info,PHercParis4/segments/20260602204401-5753_-7/ink-detection/PHercParis4-20260602204401-2.4um-0.22m-78keV-volume-20260411134726-L2-3d-ink-max.zarr,1,1475.522,"window (1475, 522)+(64, 64): 1347/4096 values differ from fill_value (0.0)",0
CHUNK_SAMPLE_EMPTY,info,PHercParis4/segments/20260602204401-5753_-7/ink-detection/PHercParis4-20260602204401-2.4um-0.22m-78keV-volume-20260411134726-L2-3d-ink-max.zarr,1,4918.1004,"window (4918, 1004)+(64, 64): 0/4096 values differ from fill_value (0.0)",0
CHUNK_SAMPLE_POPULATED,info,PHercParis4/segments/20260602204401-5753_-7/ink-detection/PHercParis4-20260602204401-2.4um-0.22m-78keV-volume-20260411134726-L2-3d-ink-max.zarr,1,8360.110,"window (8360, 110)+(64, 64): 4096/4096 values differ from fill_value (0.0)",0
CHUNK_SAMPLE_POPULATED,info,PHercParis4/segments/20260602204401-5753_-7/ink-detection/PHercParis4-20260602204401-2.4um-0.22m-78keV-volume-20260411134726-L2-3d-ink-max.zarr,2,732.249,"window (732, 249)+(64, 64): 2028/4096 values differ from fill_value (0.0)",0
CHUNK_SAMPLE_EMPTY,info,PHercParis4/segments/20260602204401-5753_-7/ink-detection/PHercParis4-20260602204401-2.4um-0.22m-78keV-volume-20260411134726-L2-3d-ink-max.zarr,2,2443.478,"window (2443, 478)+(64, 64): 0/4096 values differ from fill_value (0.0)",0
CHUNK_SAMPLE_POPULATED,info,PHercParis4/segments/20260602204401-5753_-7/ink-detection/PHercParis4-20260602204401-2.4um-0.22m-78keV-volume-20260411134726-L2-3d-ink-max.zarr,2,4153.52,"window (4153, 52)+(64, 64): 4093/4096 values differ from fill_value (0.0)",0
CHUNK_SAMPLE_POPULATED,info,PHercParis4/segments/20260602204401-5753_-7/ink-detection/PHercParis4-20260602204401-2.4um-0.22m-78keV-volume-20260411134726-L2-3d-ink-max.zarr,3,361.112,"window (361, 112)+(64, 64): 2382/4096 values differ from fill_value (0.0)",0
CHUNK_SAMPLE_POPULATED,info,PHercParis4/segments/20260602204401-5753_-7/ink-detection/PHercParis4-20260602204401-2.4um-0.22m-78keV-volume-20260411134726-L2-3d-ink-max.zarr,3,1205.216,"window (1205, 216)+(64, 64): 1325/4096 values differ from fill_value (0.0)",0
CHUNK_SAMPLE_POPULATED,info,PHercParis4/segments/20260602204401-5753_-7/ink-detection/PHercParis4-20260602204401-2.4um-0.22m-78keV-volume-20260411134726-L2-3d-ink-max.zarr,3,2049.23,"window (2049, 23)+(64, 64): 3806/4096 values differ from fill_value (0.0)",0
CHUNK_SAMPLE_POPULATED,info,PHercParis4/segments/20260602204401-5753_-7/ink-detection/PHercParis4-20260602204401-2.4um-0.22m-78keV-volume-20260411134726-L2-3d-ink-max.zarr,4,176.44,"window (176, 44)+(64, 64): 2486/4096 values differ from fill_value (0.0)",0
CHUNK_SAMPLE_POPULATED,info,PHercParis4/segments/20260602204401-5753_-7/ink-detection/PHercParis4-20260602204401-2.4um-0.22m-78keV-volume-20260411134726-L2-3d-ink-max.zarr,4,587.84,"window (587, 84)+(64, 64): 2210/4096 values differ from fill_value (0.0)",0
CHUNK_SAMPLE_POPULATED,info,PHercParis4/segments/20260602204401-5753_-7/ink-detection/PHercParis4-20260602204401-2.4um-0.22m-78keV-volume-20260411134726-L2-3d-ink-max.zarr,4,997.9,"window (997, 9)+(64, 64): 3241/4096 values differ from fill_value (0.0)",0
CHUNK_SAMPLE_POPULATED,info,PHercParis4/segments/20260602204401-5753_-7/ink-detection/PHercParis4-20260602204401-2.4um-0.22m-78keV-volume-20260411134726-L2-3d-ink-max.zarr,5,83.9,"window (83, 9)+(64, 64): 2511/4096 values differ from fill_value (0.0)",0
CHUNK_SAMPLE_POPULATED,info,PHercParis4/segments/20260602204401-5753_-7/ink-detection/PHercParis4-20260602204401-2.4um-0.22m-78keV-volume-20260411134726-L2-3d-ink-max.zarr,5,277.18,"window (277, 18)+(64, 64): 2536/4096 values differ from fill_value (0.0)",0
CHUNK_SAMPLE_POPULATED,info,PHercParis4/segments/20260602204401-5753_-7/ink-detection/PHercParis4-20260602204401-2.4um-0.22m-78keV-volume-20260411134726-L2-3d-ink-max.zarr,5,471.2,"window (471, 2)+(64, 64): 2756/4096 values differ from fill_value (0.0)",0
CHUNK_SAMPLE_POPULATED,info,PHercParis4/segments/20260603024952-5753_-2/ink-detection/PHercParis4-20260603024952-2.4um-0.22m-78keV-volume-20260411134726-L2-3d-ink-max.zarr,0,3035.1427,"window (3035, 1427)+(64, 64): 4096/4096 values differ from fill_value (0.0)",0
CHUNK_SAMPLE_POPULATED,info,PHercParis4/segments/20260603024952-5753_-2/ink-detection/PHercParis4-20260603024952-2.4um-0.22m-78keV-volume-20260411134726-L2-3d-ink-max.zarr,0,10118.2741,"window (10118, 2741)+(64, 64): 4096/4096 values differ from fill_value (0.0)",0
CHUNK_SAMPLE_POPULATED,info,PHercParis4/segments/20260603024952-5753_-2/ink-detection/PHercParis4-20260603024952-2.4um-0.22m-78keV-volume-20260411134726-L2-3d-ink-max.zarr,0,17200.300,"window (17200, 300)+(64, 64): 4096/4096 values differ from fill_value (0.0)",0
CHUNK_SAMPLE_POPULATED,info,PHercParis4/segments/20260603024952-5753_-2/ink-detection/PHercParis4-20260603024952-2.4um-0.22m-78keV-volume-20260411134726-L2-3d-ink-max.zarr,1,1512.701,"window (1512, 701)+(64, 64): 4096/4096 values differ from fill_value (0.0)",0
CHUNK_SAMPLE_POPULATED,info,PHercParis4/segments/20260603024952-5753_-2/ink-detection/PHercParis4-20260603024952-2.4um-0.22m-78keV-volume-20260411134726-L2-3d-ink-max.zarr,1,5043.1347,"window (5043, 1347)+(64, 64): 4096/4096 values differ from fill_value (0.0)",0
CHUNK_SAMPLE_POPULATED,info,PHercParis4/segments/20260603024952-5753_-2/ink-detection/PHercParis4-20260603024952-2.4um-0.22m-78keV-volume-20260411134726-L2-3d-ink-max.zarr,1,8573.147,"window (8573, 147)+(64, 64): 4096/4096 values differ from fill_value (0.0)",0
CHUNK_SAMPLE_POPULATED,info,PHercParis4/segments/20260603024952-5753_-2/ink-detection/PHercParis4-20260603024952-2.4um-0.22m-78keV-volume-20260411134726-L2-3d-ink-max.zarr,2,751.338,"window (751, 338)+(64, 64): 4096/4096 values differ from fill_value (0.0)",0
CHUNK_SAMPLE_POPULATED,info,PHercParis4/segments/20260603024952-5753_-2/ink-detection/PHercParis4-20260603024952-2.4um-0.22m-78keV-volume-20260411134726-L2-3d-ink-max.zarr,2,2505.650,"window (2505, 650)+(64, 64): 4096/4096 values differ from fill_value (0.0)",0
CHUNK_SAMPLE_POPULATED,info,PHercParis4/segments/20260603024952-5753_-2/ink-detection/PHercParis4-20260603024952-2.4um-0.22m-78keV-volume-20260411134726-L2-3d-ink-max.zarr,2,4259.71,"window (4259, 71)+(64, 64): 4096/4096 values differ from fill_value (0.0)",0
CHUNK_SAMPLE_POPULATED,info,PHercParis4/segments/20260603024952-5753_-2/ink-detection/PHercParis4-20260603024952-2.4um-0.22m-78keV-volume-20260411134726-L2-3d-ink-max.zarr,3,371.157,"window (371, 157)+(64, 64): 4096/4096 values differ from fill_value (0.0)",0
CHUNK_SAMPLE_POPULATED,info,PHercParis4/segments/20260603024952-5753_-2/ink-detection/PHercParis4-20260603024952-2.4um-0.22m-78keV-volume-20260411134726-L2-3d-ink-max.zarr,3,1237.302,"window (1237, 302)+(64, 64): 3403/4096 values differ from fill_value (0.0)",0
CHUNK_SAMPLE_POPULATED,info,PHercParis4/segments/20260603024952-5753_-2/ink-detection/PHercParis4-20260603024952-2.4um-0.22m-78keV-volume-20260411134726-L2-3d-ink-max.zarr,3,2102.33,"window (2102, 33)+(64, 64): 4096/4096 values differ from fill_value (0.0)",0
CHUNK_SAMPLE_POPULATED,info,PHercParis4/segments/20260603024952-5753_-2/ink-detection/PHercParis4-20260603024952-2.4um-0.22m-78keV-volume-20260411134726-L2-3d-ink-max.zarr,4,180.66,"window (180, 66)+(64, 64): 4096/4096 values differ from fill_value (0.0)",0
CHUNK_SAMPLE_POPULATED,info,PHercParis4/segments/20260603024952-5753_-2/ink-detection/PHercParis4-20260603024952-2.4um-0.22m-78keV-volume-20260411134726-L2-3d-ink-max.zarr,4,602.127,"window (602, 127)+(64, 64): 3062/4096 values differ from fill_value (0.0)",0
CHUNK_SAMPLE_POPULATED,info,PHercParis4/segments/20260603024952-5753_-2/ink-detection/PHercParis4-20260603024952-2.4um-0.22m-78keV-volume-20260411134726-L2-3d-ink-max.zarr,4,1024.14,"window (1024, 14)+(64, 64): 4019/4096 values differ from fill_value (0.0)",0
CHUNK_SAMPLE_POPULATED,info,PHercParis4/segments/20260603024952-5753_-2/ink-detection/PHercParis4-20260603024952-2.4um-0.22m-78keV-volume-20260411134726-L2-3d-ink-max.zarr,5,85.21,"window (85, 21)+(64, 64): 3724/4096 values differ from fill_value (0.0)",0
CHUNK_SAMPLE_POPULATED,info,PHercParis4/segments/20260603024952-5753_-2/ink-detection/PHercParis4-20260603024952-2.4um-0.22m-78keV-volume-20260411134726-L2-3d-ink-max.zarr,5,285.40,"window (285, 40)+(64, 64): 2968/4096 values differ from fill_value (0.0)",0
CHUNK_SAMPLE_POPULATED,info,PHercParis4/segments/20260603024952-5753_-2/ink-detection/PHercParis4-20260603024952-2.4um-0.22m-78keV-volume-20260411134726-L2-3d-ink-max.zarr,5,485.4,"window (485, 4)+(64, 64): 3896/4096 values differ from fill_value (0.0)",0
CHUNK_SAMPLE_POPULATED,info,PHercParis4/segments/20260603190005-5753_-5/ink-detection/PHercParis4-20260603190005-2.4um-0.22m-78keV-volume-20260411134726-L2-3d-ink-max.zarr,0,3017.1214,"window (3017, 1214)+(64, 64): 4096/4096 values differ from fill_value (0.0)",0
CHUNK_SAMPLE_POPULATED,info,PHercParis4/segments/20260603190005-5753_-5/ink-detection/PHercParis4-20260603190005-2.4um-0.22m-78keV-volume-20260411134726-L2-3d-ink-max.zarr,0,10058.2333,"window (10058, 2333)+(64, 64): 3905/4096 values differ from fill_value (0.0)",0
CHUNK_SAMPLE_POPULATED,info,PHercParis4/segments/20260603190005-5753_-5/ink-detection/PHercParis4-20260603190005-2.4um-0.22m-78keV-volume-20260411134726-L2-3d-ink-max.zarr,0,17098.255,"window (17098, 255)+(64, 64): 4096/4096 values differ from fill_value (0.0)",0
CHUNK_SAMPLE_POPULATED,info,PHercParis4/segments/20260603190005-5753_-5/ink-detection/PHercParis4-20260603190005-2.4um-0.22m-78keV-volume-20260411134726-L2-3d-ink-max.zarr,1,1503.595,"window (1503, 595)+(64, 64): 4096/4096 values differ from fill_value (0.0)",0
CHUNK_SAMPLE_POPULATED,info,PHercParis4/segments/20260603190005-5753_-5/ink-detection/PHercParis4-20260603190005-2.4um-0.22m-78keV-volume-20260411134726-L2-3d-ink-max.zarr,1,5013.1143,"window (5013, 1143)+(64, 64): 3589/4096 values differ from fill_value (0.0)",0
CHUNK_SAMPLE_POPULATED,info,PHercParis4/segments/20260603190005-5753_-5/ink-detection/PHercParis4-20260603190005-2.4um-0.22m-78keV-volume-20260411134726-L2-3d-ink-max.zarr,1,8522.125,"window (8522, 125)+(64, 64): 4096/4096 values differ from fill_value (0.0)",0
CHUNK_SAMPLE_POPULATED,info,PHercParis4/segments/20260603190005-5753_-5/ink-detection/PHercParis4-20260603190005-2.4um-0.22m-78keV-volume-20260411134726-L2-3d-ink-max.zarr,2,747.285,"window (747, 285)+(64, 64): 4096/4096 values differ from fill_value (0.0)",0
CHUNK_SAMPLE_POPULATED,info,PHercParis4/segments/20260603190005-5753_-5/ink-detection/PHercParis4-20260603190005-2.4um-0.22m-78keV-volume-20260411134726-L2-3d-ink-max.zarr,2,2490.548,"window (2490, 548)+(64, 64): 3341/4096 values differ from fill_value (0.0)",0
CHUNK_SAMPLE_POPULATED,info,PHercParis4/segments/20260603190005-5753_-5/ink-detection/PHercParis4-20260603190005-2.4um-0.22m-78keV-volume-20260411134726-L2-3d-ink-max.zarr,2,4233.60,"window (4233, 60)+(64, 64): 4095/4096 values differ from fill_value (0.0)",0
CHUNK_SAMPLE_POPULATED,info,PHercParis4/segments/20260603190005-5753_-5/ink-detection/PHercParis4-20260603190005-2.4um-0.22m-78keV-volume-20260411134726-L2-3d-ink-max.zarr,3,368.130,"window (368, 130)+(64, 64): 4096/4096 values differ from fill_value (0.0)",0
CHUNK_SAMPLE_POPULATED,info,PHercParis4/segments/20260603190005-5753_-5/ink-detection/PHercParis4-20260603190005-2.4um-0.22m-78keV-volume-20260411134726-L2-3d-ink-max.zarr,3,1229.251,"window (1229, 251)+(64, 64): 2620/4096 values differ from fill_value (0.0)",0
CHUNK_SAMPLE_POPULATED,info,PHercParis4/segments/20260603190005-5753_-5/ink-detection/PHercParis4-20260603190005-2.4um-0.22m-78keV-volume-20260411134726-L2-3d-ink-max.zarr,3,2090.27,"window (2090, 27)+(64, 64): 4011/4096 values differ from fill_value (0.0)",0
CHUNK_SAMPLE_POPULATED,info,PHercParis4/segments/20260603190005-5753_-5/ink-detection/PHercParis4-20260603190005-2.4um-0.22m-78keV-volume-20260411134726-L2-3d-ink-max.zarr,4,179.53,"window (179, 53)+(64, 64): 4082/4096 values differ from fill_value (0.0)",0
CHUNK_SAMPLE_POPULATED,info,PHercParis4/segments/20260603190005-5753_-5/ink-detection/PHercParis4-20260603190005-2.4um-0.22m-78keV-volume-20260411134726-L2-3d-ink-max.zarr,4,599.102,"window (599, 102)+(64, 64): 2829/4096 values differ from fill_value (0.0)",0
CHUNK_SAMPLE_POPULATED,info,PHercParis4/segments/20260603190005-5753_-5/ink-detection/PHercParis4-20260603190005-2.4um-0.22m-78keV-volume-20260411134726-L2-3d-ink-max.zarr,4,1018.11,"window (1018, 11)+(64, 64): 3941/4096 values differ from fill_value (0.0)",0
CHUNK_SAMPLE_POPULATED,info,PHercParis4/segments/20260603190005-5753_-5/ink-detection/PHercParis4-20260603190005-2.4um-0.22m-78keV-volume-20260411134726-L2-3d-ink-max.zarr,5,85.14,"window (85, 14)+(64, 64): 3356/4096 values differ from fill_value (0.0)",0
CHUNK_SAMPLE_POPULATED,info,PHercParis4/segments/20260603190005-5753_-5/ink-detection/PHercParis4-20260603190005-2.4um-0.22m-78keV-volume-20260411134726-L2-3d-ink-max.zarr,5,283.27,"window (283, 27)+(64, 64): 3014/4096 values differ from fill_value (0.0)",0
CHUNK_SAMPLE_POPULATED,info,PHercParis4/segments/20260603190005-5753_-5/ink-detection/PHercParis4-20260603190005-2.4um-0.22m-78keV-volume-20260411134726-L2-3d-ink-max.zarr,5,481.3,"window (481, 3)+(64, 64): 3806/4096 values differ from fill_value (0.0)",0
CHUNK_SAMPLE_POPULATED,info,PHercParis4/segments/20260603145540-5753_-4/ink-detection/PHercParis4-20260603145540-2.4um-0.22m-78keV-volume-20260411134726-L2-3d-ink-max.zarr,0,3029.1336,"window (3029, 1336)+(64, 64): 4096/4096 values differ from fill_value (0.0)",0
CHUNK_SAMPLE_POPULATED,info,PHercParis4/segments/20260603145540-5753_-4/ink-detection/PHercParis4-20260603145540-2.4um-0.22m-78keV-volume-20260411134726-L2-3d-ink-max.zarr,0,10098.2566,"window (10098, 2566)+(64, 64): 4096/4096 values differ from fill_value (0.0)",0
CHUNK_SAMPLE_EMPTY,info,PHercParis4/segments/20260603145540-5753_-4/ink-detection/PHercParis4-20260603145540-2.4um-0.22m-78keV-volume-20260411134726-L2-3d-ink-max.zarr,0,17166.281,"window (17166, 281)+(64, 64): 0/4096 values differ from fill_value (0.0)",0
CHUNK_SAMPLE_POPULATED,info,PHercParis4/segments/20260603145540-5753_-4/ink-detection/PHercParis4-20260603145540-2.4um-0.22m-78keV-volume-20260411134726-L2-3d-ink-max.zarr,1,1509.655,"window (1509, 655)+(64, 64): 4096/4096 values differ from fill_value (0.0)",0
CHUNK_SAMPLE_POPULATED,info,PHercParis4/segments/20260603145540-5753_-4/ink-detection/PHercParis4-20260603145540-2.4um-0.22m-78keV-volume-20260411134726-L2-3d-ink-max.zarr,1,5033.1259,"window (5033, 1259)+(64, 64): 4096/4096 values differ from fill_value (0.0)",0
CHUNK_SAMPLE_POPULATED,info,PHercParis4/segments/20260603145540-5753_-4/ink-detection/PHercParis4-20260603145540-2.4um-0.22m-78keV-volume-20260411134726-L2-3d-ink-max.zarr,1,8556.138,"window (8556, 138)+(64, 64): 1381/4096 values differ from fill_value (0.0)",0
CHUNK_SAMPLE_POPULATED,info,PHercParis4/segments/20260603145540-5753_-4/ink-detection/PHercParis4-20260603145540-2.4um-0.22m-78keV-volume-20260411134726-L2-3d-ink-max.zarr,2,750.315,"window (750, 315)+(64, 64): 4096/4096 values differ from fill_value (0.0)",0
CHUNK_SAMPLE_POPULATED,info,PHercParis4/segments/20260603145540-5753_-4/ink-detection/PHercParis4-20260603145540-2.4um-0.22m-78keV-volume-20260411134726-L2-3d-ink-max.zarr,2,2500.606,"window (2500, 606)+(64, 64): 4066/4096 values differ from fill_value (0.0)",0
CHUNK_SAMPLE_POPULATED,info,PHercParis4/segments/20260603145540-5753_-4/ink-detection/PHercParis4-20260603145540-2.4um-0.22m-78keV-volume-20260411134726-L2-3d-ink-max.zarr,2,4250.66,"window (4250, 66)+(64, 64): 2687/4096 values differ from fill_value (0.0)",0
CHUNK_SAMPLE_POPULATED,info,PHercParis4/segments/20260603145540-5753_-4/ink-detection/PHercParis4-20260603145540-2.4um-0.22m-78keV-volume-20260411134726-L2-3d-ink-max.zarr,3,370.145,"window (370, 145)+(64, 64): 4096/4096 values differ from fill_value (0.0)",0
CHUNK_SAMPLE_POPULATED,info,PHercParis4/segments/20260603145540-5753_-4/ink-detection/PHercParis4-20260603145540-2.4um-0.22m-78keV-volume-20260411134726-L2-3d-ink-max.zarr,3,1234.280,"window (1234, 280)+(64, 64): 3481/4096 values differ from fill_value (0.0)",0
CHUNK_SAMPLE_POPULATED,info,PHercParis4/segments/20260603145540-5753_-4/ink-detection/PHercParis4-20260603145540-2.4um-0.22m-78keV-volume-20260411134726-L2-3d-ink-max.zarr,3,2098.30,"window (2098, 30)+(64, 64): 3280/4096 values differ from fill_value (0.0)",0
CHUNK_SAMPLE_POPULATED,info,PHercParis4/segments/20260603145540-5753_-4/ink-detection/PHercParis4-20260603145540-2.4um-0.22m-78keV-volume-20260411134726-L2-3d-ink-max.zarr,4,180.60,"window (180, 60)+(64, 64): 4096/4096 values differ from fill_value (0.0)",0
CHUNK_SAMPLE_POPULATED,info,PHercParis4/segments/20260603145540-5753_-4/ink-detection/PHercParis4-20260603145540-2.4um-0.22m-78keV-volume-20260411134726-L2-3d-ink-max.zarr,4,601.116,"window (601, 116)+(64, 64): 3243/4096 values differ from fill_value (0.0)",0
CHUNK_SAMPLE_POPULATED,info,PHercParis4/segments/20260603145540-5753_-4/ink-detection/PHercParis4-20260603145540-2.4um-0.22m-78keV-volume-20260411134726-L2-3d-ink-max.zarr,4,1022.12,"window (1022, 12)+(64, 64): 3531/4096 values differ from fill_value (0.0)",0
CHUNK_SAMPLE_POPULATED,info,PHercParis4/segments/20260603145540-5753_-4/ink-detection/PHercParis4-20260603145540-2.4um-0.22m-78keV-volume-20260411134726-L2-3d-ink-max.zarr,5,85.18,"window (85, 18)+(64, 64): 3394/4096 values differ from fill_value (0.0)",0
CHUNK_SAMPLE_POPULATED,info,PHercParis4/segments/20260603145540-5753_-4/ink-detection/PHercParis4-20260603145540-2.4um-0.22m-78keV-volume-20260411134726-L2-3d-ink-max.zarr,5,285.35,"window (285, 35)+(64, 64): 3109/4096 values differ from fill_value (0.0)",0
CHUNK_SAMPLE_POPULATED,info,PHercParis4/segments/20260603145540-5753_-4/ink-detection/PHercParis4-20260603145540-2.4um-0.22m-78keV-volume-20260411134726-L2-3d-ink-max.zarr,5,484.3,"window (484, 3)+(64, 64): 3649/4096 values differ from fill_value (0.0)",0
CHUNK_SAMPLE_POPULATED,info,PHercParis4/segments/20260603005223-5753_-1/ink-detection/PHercParis4-20260603005223-2.4um-0.22m-78keV-volume-20260411134726-L2-3d-ink-max.zarr,0,3023.1457,"window (3023, 1457)+(64, 64): 4096/4096 values differ from fill_value (0.0)",0
CHUNK_SAMPLE_POPULATED,info,PHercParis4/segments/20260603005223-5753_-1/ink-detection/PHercParis4-20260603005223-2.4um-0.22m-78keV-volume-20260411134726-L2-3d-ink-max.zarr,0,10078.2800,"window (10078, 2800)+(64, 64): 4096/4096 values differ from fill_value (0.0)",0
CHUNK_SAMPLE_POPULATED,info,PHercParis4/segments/20260603005223-5753_-1/ink-detection/PHercParis4-20260603005223-2.4um-0.22m-78keV-volume-20260411134726-L2-3d-ink-max.zarr,0,17132.306,"window (17132, 306)+(64, 64): 4096/4096 values differ from fill_value (0.0)",0
CHUNK_SAMPLE_POPULATED,info,PHercParis4/segments/20260603005223-5753_-1/ink-detection/PHercParis4-20260603005223-2.4um-0.22m-78keV-volume-20260411134726-L2-3d-ink-max.zarr,1,1506.716,"window (1506, 716)+(64, 64): 4096/4096 values differ from fill_value (0.0)",0
CHUNK_SAMPLE_POPULATED,info,PHercParis4/segments/20260603005223-5753_-1/ink-detection/PHercParis4-20260603005223-2.4um-0.22m-78keV-volume-20260411134726-L2-3d-ink-max.zarr,1,5023.1376,"window (5023, 1376)+(64, 64): 4096/4096 values differ from fill_value (0.0)",0
CHUNK_SAMPLE_POPULATED,info,PHercParis4/segments/20260603005223-5753_-1/ink-detection/PHercParis4-20260603005223-2.4um-0.22m-78keV-volume-20260411134726-L2-3d-ink-max.zarr,1,8539.150,"window (8539, 150)+(64, 64): 4096/4096 values differ from fill_value (0.0)",0
CHUNK_SAMPLE_POPULATED,info,PHercParis4/segments/20260603005223-5753_-1/ink-detection/PHercParis4-20260603005223-2.4um-0.22m-78keV-volume-20260411134726-L2-3d-ink-max.zarr,2,748.346,"window (748, 346)+(64, 64): 4096/4096 values differ from fill_value (0.0)",0
CHUNK_SAMPLE_POPULATED,info,PHercParis4/segments/20260603005223-5753_-1/ink-detection/PHercParis4-20260603005223-2.4um-0.22m-78keV-volume-20260411134726-L2-3d-ink-max.zarr,2,2495.665,"window (2495, 665)+(64, 64): 4096/4096 values differ from fill_value (0.0)",0
CHUNK_SAMPLE_POPULATED,info,PHercParis4/segments/20260603005223-5753_-1/ink-detection/PHercParis4-20260603005223-2.4um-0.22m-78keV-volume-20260411134726-L2-3d-ink-max.zarr,2,4242.72,"window (4242, 72)+(64, 64): 4096/4096 values differ from fill_value (0.0)",0
CHUNK_SAMPLE_POPULATED,info,PHercParis4/segments/20260603005223-5753_-1/ink-detection/PHercParis4-20260603005223-2.4um-0.22m-78keV-volume-20260411134726-L2-3d-ink-max.zarr,3,369.161,"window (369, 161)+(64, 64): 4096/4096 values differ from fill_value (0.0)",0
CHUNK_SAMPLE_POPULATED,info,PHercParis4/segments/20260603005223-5753_-1/ink-detection/PHercParis4-20260603005223-2.4um-0.22m-78keV-volume-20260411134726-L2-3d-ink-max.zarr,3,1232.309,"window (1232, 309)+(64, 64): 4096/4096 values differ from fill_value (0.0)",0
CHUNK_SAMPLE_POPULATED,info,PHercParis4/segments/20260603005223-5753_-1/ink-detection/PHercParis4-20260603005223-2.4um-0.22m-78keV-volume-20260411134726-L2-3d-ink-max.zarr,3,2094.33,"window (2094, 33)+(64, 64): 4096/4096 values differ from fill_value (0.0)",0
CHUNK_SAMPLE_POPULATED,info,PHercParis4/segments/20260603005223-5753_-1/ink-detection/PHercParis4-20260603005223-2.4um-0.22m-78keV-volume-20260411134726-L2-3d-ink-max.zarr,4,180.68,"window (180, 68)+(64, 64): 4096/4096 values differ from fill_value (0.0)",0
CHUNK_SAMPLE_POPULATED,info,PHercParis4/segments/20260603005223-5753_-1/ink-detection/PHercParis4-20260603005223-2.4um-0.22m-78keV-volume-20260411134726-L2-3d-ink-max.zarr,4,600.131,"window (600, 131)+(64, 64): 3948/4096 values differ from fill_value (0.0)",0
CHUNK_SAMPLE_POPULATED,info,PHercParis4/segments/20260603005223-5753_-1/ink-detection/PHercParis4-20260603005223-2.4um-0.22m-78keV-volume-20260411134726-L2-3d-ink-max.zarr,4,1020.14,"window (1020, 14)+(64, 64): 4071/4096 values differ from fill_value (0.0)",0
CHUNK_SAMPLE_POPULATED,info,PHercParis4/segments/20260603005223-5753_-1/ink-detection/PHercParis4-20260603005223-2.4um-0.22m-78keV-volume-20260411134726-L2-3d-ink-max.zarr,5,85.22,"window (85, 22)+(64, 64): 3720/4096 values differ from fill_value (0.0)",0
CHUNK_SAMPLE_POPULATED,info,PHercParis4/segments/20260603005223-5753_-1/ink-detection/PHercParis4-20260603005223-2.4um-0.22m-78keV-volume-20260411134726-L2-3d-ink-max.zarr,5,284.42,"window (284, 42)+(64, 64): 3596/4096 values differ from fill_value (0.0)",0
CHUNK_SAMPLE_POPULATED,info,PHercParis4/segments/20260603005223-5753_-1/ink-detection/PHercParis4-20260603005223-2.4um-0.22m-78keV-volume-20260411134726-L2-3d-ink-max.zarr,5,482.4,"window (482, 4)+(64, 64): 3928/4096 values differ from fill_value (0.0)",0
CHUNK_SAMPLE_POPULATED,info,PHercParis4/segments/20260602230115-20230702185753_v14/ink-detection/PHercParis4-20260602230115-2.4um-0.22m-78keV-volume-20260411134726-L2-3d-ink-max.zarr,0,3381.2407,"window (3381, 2407)+(64, 64): 4096/4096 values differ from fill_value (0.0)",0
CHUNK_SAMPLE_POPULATED,info,PHercParis4/segments/20260602230115-20230702185753_v14/ink-detection/PHercParis4-20260602230115-2.4um-0.22m-78keV-volume-20260411134726-L2-3d-ink-max.zarr,0,11273.4625,"window (11273, 4625)+(64, 64): 4096/4096 values differ from fill_value (0.0)",0
CHUNK_SAMPLE_EMPTY,info,PHercParis4/segments/20260602230115-20230702185753_v14/ink-detection/PHercParis4-20260602230115-2.4um-0.22m-78keV-volume-20260411134726-L2-3d-ink-max.zarr,0,19164.506,"window (19164, 506)+(64, 64): 0/4096 values differ from fill_value (0.0)",0
CHUNK_SAMPLE_POPULATED,info,PHercParis4/segments/20260602230115-20230702185753_v14/ink-detection/PHercParis4-20260602230115-2.4um-0.22m-78keV-volume-20260411134726-L2-3d-ink-max.zarr,1,1686.1191,"window (1686, 1191)+(64, 64): 4096/4096 values differ from fill_value (0.0)",0
CHUNK_SAMPLE_POPULATED,info,PHercParis4/segments/20260602230115-20230702185753_v14/ink-detection/PHercParis4-20260602230115-2.4um-0.22m-78keV-volume-20260411134726-L2-3d-ink-max.zarr,1,5620.2289,"window (5620, 2289)+(64, 64): 4096/4096 values differ from fill_value (0.0)",0
CHUNK_SAMPLE_EMPTY,info,PHercParis4/segments/20260602230115-20230702185753_v14/ink-detection/PHercParis4-20260602230115-2.4um-0.22m-78keV-volume-20260411134726-L2-3d-ink-max.zarr,1,9554.250,"window (9554, 250)+(64, 64): 0/4096 values differ from fill_value (0.0)",0
CHUNK_SAMPLE_POPULATED,info,PHercParis4/segments/20260602230115-20230702185753_v14/ink-detection/PHercParis4-20260602230115-2.4um-0.22m-78keV-volume-20260411134726-L2-3d-ink-max.zarr,2,838.583,"window (838, 583)+(64, 64): 4096/4096 values differ from fill_value (0.0)",0
CHUNK_SAMPLE_POPULATED,info,PHercParis4/segments/20260602230115-20230702185753_v14/ink-detection/PHercParis4-20260602230115-2.4um-0.22m-78keV-volume-20260411134726-L2-3d-ink-max.zarr,2,2794.1121,"window (2794, 1121)+(64, 64): 4096/4096 values differ from fill_value (0.0)",0
CHUNK_SAMPLE_POPULATED,info,PHercParis4/segments/20260602230115-20230702185753_v14/ink-detection/PHercParis4-20260602230115-2.4um-0.22m-78keV-volume-20260411134726-L2-3d-ink-max.zarr,2,4750.122,"window (4750, 122)+(64, 64): 13/4096 values differ from fill_value (0.0)",0
CHUNK_SAMPLE_POPULATED,info,PHercParis4/segments/20260602230115-20230702185753_v14/ink-detection/PHercParis4-20260602230115-2.4um-0.22m-78keV-volume-20260411134726-L2-3d-ink-max.zarr,3,414.279,"window (414, 279)+(64, 64): 4096/4096 values differ from fill_value (0.0)",0
CHUNK_SAMPLE_POPULATED,info,PHercParis4/segments/20260602230115-20230702185753_v14/ink-detection/PHercParis4-20260602230115-2.4um-0.22m-78keV-volume-20260411134726-L2-3d-ink-max.zarr,3,1381.537,"window (1381, 537)+(64, 64): 4096/4096 values differ from fill_value (0.0)",0
CHUNK_SAMPLE_POPULATED,info,PHercParis4/segments/20260602230115-20230702185753_v14/ink-detection/PHercParis4-20260602230115-2.4um-0.22m-78keV-volume-20260411134726-L2-3d-ink-max.zarr,3,2348.58,"window (2348, 58)+(64, 64): 1295/4096 values differ from fill_value (0.0)",0
CHUNK_SAMPLE_POPULATED,info,PHercParis4/segments/20260602230115-20230702185753_v14/ink-detection/PHercParis4-20260602230115-2.4um-0.22m-78keV-volume-20260411134726-L2-3d-ink-max.zarr,4,202.127,"window (202, 127)+(64, 64): 4096/4096 values differ from fill_value (0.0)",0
CHUNK_SAMPLE_POPULATED,info,PHercParis4/segments/20260602230115-20230702185753_v14/ink-detection/PHercParis4-20260602230115-2.4um-0.22m-78keV-volume-20260411134726-L2-3d-ink-max.zarr,4,675.245,"window (675, 245)+(64, 64): 4096/4096 values differ from fill_value (0.0)",0
CHUNK_SAMPLE_POPULATED,info,PHercParis4/segments/20260602230115-20230702185753_v14/ink-detection/PHercParis4-20260602230115-2.4um-0.22m-78keV-volume-20260411134726-L2-3d-ink-max.zarr,4,1147.26,"window (1147, 26)+(64, 64): 1865/4096 values differ from fill_value (0.0)",0
CHUNK_SAMPLE_POPULATED,info,PHercParis4/segments/20260602230115-20230702185753_v14/ink-detection/PHercParis4-20260602230115-2.4um-0.22m-78keV-volume-20260411134726-L2-3d-ink-max.zarr,5,96.51,"window (96, 51)+(64, 64): 4096/4096 values differ from fill_value (0.0)",0
CHUNK_SAMPLE_POPULATED,info,PHercParis4/segments/20260602230115-20230702185753_v14/ink-detection/PHercParis4-20260602230115-2.4um-0.22m-78keV-volume-20260411134726-L2-3d-ink-max.zarr,5,321.99,"window (321, 99)+(64, 64): 4096/4096 values differ from fill_value (0.0)",0
CHUNK_SAMPLE_POPULATED,info,PHercParis4/segments/20260602230115-20230702185753_v14/ink-detection/PHercParis4-20260602230115-2.4um-0.22m-78keV-volume-20260411134726-L2-3d-ink-max.zarr,5,546.10,"window (546, 10)+(64, 64): 2815/4096 values differ from fill_value (0.0)",0
CHUNK_SAMPLE_POPULATED,info,PHercParis4/segments/20260603042357-5753_-3/ink-detection/PHercParis4-20260603042357-2.4um-0.22m-78keV-volume-20260411134726-L2-3d-ink-max.zarr,0,3041.1389,"window (3041, 1389)+(64, 64): 4096/4096 values differ from fill_value (0.0)",0
CHUNK_SAMPLE_POPULATED,info,PHercParis4/segments/20260603042357-5753_-3/ink-detection/PHercParis4-20260603042357-2.4um-0.22m-78keV-volume-20260411134726-L2-3d-ink-max.zarr,0,10138.2668,"window (10138, 2668)+(64, 64): 4096/4096 values differ from fill_value (0.0)",0
CHUNK_SAMPLE_POPULATED,info,PHercParis4/segments/20260603042357-5753_-3/ink-detection/PHercParis4-20260603042357-2.4um-0.22m-78keV-volume-20260411134726-L2-3d-ink-max.zarr,0,17234.292,"window (17234, 292)+(64, 64): 3395/4096 values differ from fill_value (0.0)",0
CHUNK_SAMPLE_POPULATED,info,PHercParis4/segments/20260603042357-5753_-3/ink-detection/PHercParis4-20260603042357-2.4um-0.22m-78keV-volume-20260411134726-L2-3d-ink-max.zarr,1,1515.682,"window (1515, 682)+(64, 64): 4096/4096 values differ from fill_value (0.0)",0
CHUNK_SAMPLE_POPULATED,info,PHercParis4/segments/20260603042357-5753_-3/ink-detection/PHercParis4-20260603042357-2.4um-0.22m-78keV-volume-20260411134726-L2-3d-ink-max.zarr,1,5053.1311,"window (5053, 1311)+(64, 64): 4096/4096 values differ from fill_value (0.0)",0
CHUNK_SAMPLE_POPULATED,info,PHercParis4/segments/20260603042357-5753_-3/ink-detection/PHercParis4-20260603042357-2.4um-0.22m-78keV-volume-20260411134726-L2-3d-ink-max.zarr,1,8590.143,"window (8590, 143)+(64, 64): 3668/4096 values differ from fill_value (0.0)",0
CHUNK_SAMPLE_POPULATED,info,PHercParis4/segments/20260603042357-5753_-3/ink-detection/PHercParis4-20260603042357-2.4um-0.22m-78keV-volume-20260411134726-L2-3d-ink-max.zarr,2,753.329,"window (753, 329)+(64, 64): 4096/4096 values differ from fill_value (0.0)",0
CHUNK_SAMPLE_POPULATED,info,PHercParis4/segments/20260603042357-5753_-3/ink-detection/PHercParis4-20260603042357-2.4um-0.22m-78keV-volume-20260411134726-L2-3d-ink-max.zarr,2,2510.632,"window (2510, 632)+(64, 64): 4044/4096 values differ from fill_value (0.0)",0
CHUNK_SAMPLE_POPULATED,info,PHercParis4/segments/20260603042357-5753_-3/ink-detection/PHercParis4-20260603042357-2.4um-0.22m-78keV-volume-20260411134726-L2-3d-ink-max.zarr,2,4267.69,"window (4267, 69)+(64, 64): 3859/4096 values differ from fill_value (0.0)",0
CHUNK_SAMPLE_POPULATED,info,PHercParis4/segments/20260603042357-5753_-3/ink-detection/PHercParis4-20260603042357-2.4um-0.22m-78keV-volume-20260411134726-L2-3d-ink-max.zarr,3,371.152,"window (371, 152)+(64, 64): 4096/4096 values differ from fill_value (0.0)",0
CHUNK_SAMPLE_POPULATED,info,PHercParis4/segments/20260603042357-5753_-3/ink-detection/PHercParis4-20260603042357-2.4um-0.22m-78keV-volume-20260411134726-L2-3d-ink-max.zarr,3,1239.292,"window (1239, 292)+(64, 64): 3462/4096 values differ from fill_value (0.0)",0
CHUNK_SAMPLE_POPULATED,info,PHercParis4/segments/20260603042357-5753_-3/ink-detection/PHercParis4-20260603042357-2.4um-0.22m-78keV-volume-20260411134726-L2-3d-ink-max.zarr,3,2107.32,"window (2107, 32)+(64, 64): 3936/4096 values differ from fill_value (0.0)",0
CHUNK_SAMPLE_POPULATED,info,PHercParis4/segments/20260603042357-5753_-3/ink-detection/PHercParis4-20260603042357-2.4um-0.22m-78keV-volume-20260411134726-L2-3d-ink-max.zarr,4,181.64,"window (181, 64)+(64, 64): 4096/4096 values differ from fill_value (0.0)",0
CHUNK_SAMPLE_POPULATED,info,PHercParis4/segments/20260603042357-5753_-3/ink-detection/PHercParis4-20260603042357-2.4um-0.22m-78keV-volume-20260411134726-L2-3d-ink-max.zarr,4,604.123,"window (604, 123)+(64, 64): 3160/4096 values differ from fill_value (0.0)",0
CHUNK_SAMPLE_POPULATED,info,PHercParis4/segments/20260603042357-5753_-3/ink-detection/PHercParis4-20260603042357-2.4um-0.22m-78keV-volume-20260411134726-L2-3d-ink-max.zarr,4,1026.13,"window (1026, 13)+(64, 64): 3832/4096 values differ from fill_value (0.0)",0
CHUNK_SAMPLE_POPULATED,info,PHercParis4/segments/20260603042357-5753_-3/ink-detection/PHercParis4-20260603042357-2.4um-0.22m-78keV-volume-20260411134726-L2-3d-ink-max.zarr,5,85.20,"window (85, 20)+(64, 64): 3625/4096 values differ from fill_value (0.0)",0
CHUNK_SAMPLE_POPULATED,info,PHercParis4/segments/20260603042357-5753_-3/ink-detection/PHercParis4-20260603042357-2.4um-0.22m-78keV-volume-20260411134726-L2-3d-ink-max.zarr,5,286.38,"window (286, 38)+(64, 64): 3089/4096 values differ from fill_value (0.0)",0
CHUNK_SAMPLE_POPULATED,info,PHercParis4/segments/20260603042357-5753_-3/ink-detection/PHercParis4-20260603042357-2.4um-0.22m-78keV-volume-20260411134726-L2-3d-ink-max.zarr,5,486.4,"window (486, 4)+(64, 64): 3792/4096 values differ from fill_value (0.0)",0
CHUNK_SAMPLE_POPULATED,info,PHercParis4/segments/20260602225659-5753_0/ink-detection/PHercParis4-20260602225659-2.4um-0.22m-78keV-volume-20260411134726-L2-3d-ink-max.zarr,0,2999.1510,"window (2999, 1510)+(64, 64): 4096/4096 values differ from fill_value (0.0)",0
CHUNK_SAMPLE_POPULATED,info,PHercParis4/segments/20260602225659-5753_0/ink-detection/PHercParis4-20260602225659-2.4um-0.22m-78keV-volume-20260411134726-L2-3d-ink-max.zarr,0,9998.2902,"window (9998, 2902)+(64, 64): 4096/4096 values differ from fill_value (0.0)",0
CHUNK_SAMPLE_POPULATED,info,PHercParis4/segments/20260602225659-5753_0/ink-detection/PHercParis4-20260602225659-2.4um-0.22m-78keV-volume-20260411134726-L2-3d-ink-max.zarr,0,16996.318,"window (16996, 318)+(64, 64): 4096/4096 values differ from fill_value (0.0)",0
CHUNK_SAMPLE_POPULATED,info,PHercParis4/segments/20260602225659-5753_0/ink-detection/PHercParis4-20260602225659-2.4um-0.22m-78keV-volume-20260411134726-L2-3d-ink-max.zarr,1,1494.743,"window (1494, 743)+(64, 64): 4096/4096 values differ from fill_value (0.0)",0
CHUNK_SAMPLE_POPULATED,info,PHercParis4/segments/20260602225659-5753_0/ink-detection/PHercParis4-20260602225659-2.4um-0.22m-78keV-volume-20260411134726-L2-3d-ink-max.zarr,1,4983.1427,"window (4983, 1427)+(64, 64): 4096/4096 values differ from fill_value (0.0)",0
CHUNK_SAMPLE_POPULATED,info,PHercParis4/segments/20260602225659-5753_0/ink-detection/PHercParis4-20260602225659-2.4um-0.22m-78keV-volume-20260411134726-L2-3d-ink-max.zarr,1,8471.156,"window (8471, 156)+(64, 64): 4096/4096 values differ from fill_value (0.0)",0
CHUNK_SAMPLE_POPULATED,info,PHercParis4/segments/20260602225659-5753_0/ink-detection/PHercParis4-20260602225659-2.4um-0.22m-78keV-volume-20260411134726-L2-3d-ink-max.zarr,2,742.359,"window (742, 359)+(64, 64): 4096/4096 values differ from fill_value (0.0)",0
CHUNK_SAMPLE_POPULATED,info,PHercParis4/segments/20260602225659-5753_0/ink-detection/PHercParis4-20260602225659-2.4um-0.22m-78keV-volume-20260411134726-L2-3d-ink-max.zarr,2,2475.690,"window (2475, 690)+(64, 64): 4096/4096 values differ from fill_value (0.0)",0
CHUNK_SAMPLE_POPULATED,info,PHercParis4/segments/20260602225659-5753_0/ink-detection/PHercParis4-20260602225659-2.4um-0.22m-78keV-volume-20260411134726-L2-3d-ink-max.zarr,2,4208.75,"window (4208, 75)+(64, 64): 4096/4096 values differ from fill_value (0.0)",0
CHUNK_SAMPLE_POPULATED,info,PHercParis4/segments/20260602225659-5753_0/ink-detection/PHercParis4-20260602225659-2.4um-0.22m-78keV-volume-20260411134726-L2-3d-ink-max.zarr,3,366.167,"window (366, 167)+(64, 64): 4096/4096 values differ from fill_value (0.0)",0
CHUNK_SAMPLE_POPULATED,info,PHercParis4/segments/20260602225659-5753_0/ink-detection/PHercParis4-20260602225659-2.4um-0.22m-78keV-volume-20260411134726-L2-3d-ink-max.zarr,3,1222.321,"window (1222, 321)+(64, 64): 3893/4096 values differ from fill_value (0.0)",0
CHUNK_SAMPLE_POPULATED,info,PHercParis4/segments/20260602225659-5753_0/ink-detection/PHercParis4-20260602225659-2.4um-0.22m-78keV-volume-20260411134726-L2-3d-ink-max.zarr,3,2077.35,"window (2077, 35)+(64, 64): 4096/4096 values differ from fill_value (0.0)",0
CHUNK_SAMPLE_POPULATED,info,PHercParis4/segments/20260602225659-5753_0/ink-detection/PHercParis4-20260602225659-2.4um-0.22m-78keV-volume-20260411134726-L2-3d-ink-max.zarr,4,178.71,"window (178, 71)+(64, 64): 4096/4096 values differ from fill_value (0.0)",0
CHUNK_SAMPLE_POPULATED,info,PHercParis4/segments/20260602225659-5753_0/ink-detection/PHercParis4-20260602225659-2.4um-0.22m-78keV-volume-20260411134726-L2-3d-ink-max.zarr,4,595.137,"window (595, 137)+(64, 64): 3641/4096 values differ from fill_value (0.0)",0
CHUNK_SAMPLE_POPULATED,info,PHercParis4/segments/20260602225659-5753_0/ink-detection/PHercParis4-20260602225659-2.4um-0.22m-78keV-volume-20260411134726-L2-3d-ink-max.zarr,4,1011.15,"window (1011, 15)+(64, 64): 4096/4096 values differ from fill_value (0.0)",0
CHUNK_SAMPLE_POPULATED,info,PHercParis4/segments/20260602225659-5753_0/ink-detection/PHercParis4-20260602225659-2.4um-0.22m-78keV-volume-20260411134726-L2-3d-ink-max.zarr,5,84.23,"window (84, 23)+(64, 64): 3909/4096 values differ from fill_value (0.0)",0
CHUNK_SAMPLE_POPULATED,info,PHercParis4/segments/20260602225659-5753_0/ink-detection/PHercParis4-20260602225659-2.4um-0.22m-78keV-volume-20260411134726-L2-3d-ink-max.zarr,5,281.45,"window (281, 45)+(64, 64): 3493/4096 values differ from fill_value (0.0)",0
CHUNK_SAMPLE_POPULATED,info,PHercParis4/segments/20260602225659-5753_0/ink-detection/PHercParis4-20260602225659-2.4um-0.22m-78keV-volume-20260411134726-L2-3d-ink-max.zarr,5,478.5,"window (478, 5)+(64, 64): 4055/4096 values differ from fill_value (0.0)",0
CHUNK_SAMPLE_POPULATED,info,PHercParis4/segments/20260603193311-5753_-1_copy/ink-detection/PHercParis4-20260603193311-2.4um-0.22m-78keV-volume-20260411134726-L2-3d-ink-max.zarr,0,3014.1579,"window (3014, 1579)+(64, 64): 4096/4096 values differ from fill_value (0.0)",0
CHUNK_SAMPLE_EMPTY,info,PHercParis4/segments/20260603193311-5753_-1_copy/ink-detection/PHercParis4-20260603193311-2.4um-0.22m-78keV-volume-20260411134726-L2-3d-ink-max.zarr,0,10048.3033,"window (10048, 3033)+(64, 64): 0/4096 values differ from fill_value (0.0)",0
CHUNK_SAMPLE_POPULATED,info,PHercParis4/segments/20260603193311-5753_-1_copy/ink-detection/PHercParis4-20260603193311-2.4um-0.22m-78keV-volume-20260411134726-L2-3d-ink-max.zarr,0,17081.332,"window (17081, 332)+(64, 64): 4096/4096 values differ from fill_value (0.0)",0
CHUNK_SAMPLE_POPULATED,info,PHercParis4/segments/20260603193311-5753_-1_copy/ink-detection/PHercParis4-20260603193311-2.4um-0.22m-78keV-volume-20260411134726-L2-3d-ink-max.zarr,1,1502.777,"window (1502, 777)+(64, 64): 4096/4096 values differ from fill_value (0.0)",0
CHUNK_SAMPLE_EMPTY,info,PHercParis4/segments/20260603193311-5753_-1_copy/ink-detection/PHercParis4-20260603193311-2.4um-0.22m-78keV-volume-20260411134726-L2-3d-ink-max.zarr,1,5008.1493,"window (5008, 1493)+(64, 64): 0/4096 values differ from fill_value (0.0)",0
CHUNK_SAMPLE_POPULATED,info,PHercParis4/segments/20260603193311-5753_-1_copy/ink-detection/PHercParis4-20260603193311-2.4um-0.22m-78keV-volume-20260411134726-L2-3d-ink-max.zarr,1,8513.163,"window (8513, 163)+(64, 64): 3399/4096 values differ from fill_value (0.0)",0
CHUNK_SAMPLE_POPULATED,info,PHercParis4/segments/20260603193311-5753_-1_copy/ink-detection/PHercParis4-20260603193311-2.4um-0.22m-78keV-volume-20260411134726-L2-3d-ink-max.zarr,2,746.376,"window (746, 376)+(64, 64): 4096/4096 values differ from fill_value (0.0)",0
CHUNK_SAMPLE_EMPTY,info,PHercParis4/segments/20260603193311-5753_-1_copy/ink-detection/PHercParis4-20260603193311-2.4um-0.22m-78keV-volume-20260411134726-L2-3d-ink-max.zarr,2,2488.723,"window (2488, 723)+(64, 64): 0/4096 values differ from fill_value (0.0)",0
CHUNK_SAMPLE_POPULATED,info,PHercParis4/segments/20260603193311-5753_-1_copy/ink-detection/PHercParis4-20260603193311-2.4um-0.22m-78keV-volume-20260411134726-L2-3d-ink-max.zarr,2,4229.79,"window (4229, 79)+(64, 64): 1838/4096 values differ from fill_value (0.0)",0
CHUNK_SAMPLE_POPULATED,info,PHercParis4/segments/20260603193311-5753_-1_copy/ink-detection/PHercParis4-20260603193311-2.4um-0.22m-78keV-volume-20260411134726-L2-3d-ink-max.zarr,3,368.176,"window (368, 176)+(64, 64): 4096/4096 values differ from fill_value (0.0)",0
CHUNK_SAMPLE_POPULATED,info,PHercParis4/segments/20260603193311-5753_-1_copy/ink-detection/PHercParis4-20260603193311-2.4um-0.22m-78keV-volume-20260411134726-L2-3d-ink-max.zarr,3,1228.338,"window (1228, 338)+(64, 64): 211/4096 values differ from fill_value (0.0)",0
CHUNK_SAMPLE_POPULATED,info,PHercParis4/segments/20260603193311-5753_-1_copy/ink-detection/PHercParis4-20260603193311-2.4um-0.22m-78keV-volume-20260411134726-L2-3d-ink-max.zarr,3,2087.37,"window (2087, 37)+(64, 64): 1775/4096 values differ from fill_value (0.0)",0
CHUNK_SAMPLE_POPULATED,info,PHercParis4/segments/20260603193311-5753_-1_copy/ink-detection/PHercParis4-20260603193311-2.4um-0.22m-78keV-volume-20260411134726-L2-3d-ink-max.zarr,4,179.76,"window (179, 76)+(64, 64): 4091/4096 values differ from fill_value (0.0)",0
CHUNK_SAMPLE_POPULATED,info,PHercParis4/segments/20260603193311-5753_-1_copy/ink-detection/PHercParis4-20260603193311-2.4um-0.22m-78keV-volume-20260411134726-L2-3d-ink-max.zarr,4,598.146,"window (598, 146)+(64, 64): 1023/4096 values differ from fill_value (0.0)",0
CHUNK_SAMPLE_POPULATED,info,PHercParis4/segments/20260603193311-5753_-1_copy/ink-detection/PHercParis4-20260603193311-2.4um-0.22m-78keV-volume-20260411134726-L2-3d-ink-max.zarr,4,1016.16,"window (1016, 16)+(64, 64): 2536/4096 values differ from fill_value (0.0)",0
CHUNK_SAMPLE_POPULATED,info,PHercParis4/segments/20260603193311-5753_-1_copy/ink-detection/PHercParis4-20260603193311-2.4um-0.22m-78keV-volume-20260411134726-L2-3d-ink-max.zarr,5,84.25,"window (84, 25)+(64, 64): 3380/4096 values differ from fill_value (0.0)",0
CHUNK_SAMPLE_POPULATED,info,PHercParis4/segments/20260603193311-5753_-1_copy/ink-detection/PHercParis4-20260603193311-2.4um-0.22m-78keV-volume-20260411134726-L2-3d-ink-max.zarr,5,283.49,"window (283, 49)+(64, 64): 2095/4096 values differ from fill_value (0.0)",0
CHUNK_SAMPLE_POPULATED,info,PHercParis4/segments/20260603193311-5753_-1_copy/ink-detection/PHercParis4-20260603193311-2.4um-0.22m-78keV-volume-20260411134726-L2-3d-ink-max.zarr,5,481.5,"window (481, 5)+(64, 64): 3204/4096 values differ from fill_value (0.0)",0
CHUNK_SAMPLE_POPULATED,info,PHercParis4/segments/20260603185441-5753_-6/ink-detection/PHercParis4-20260603185441-2.4um-0.22m-78keV-volume-20260411134726-L2-3d-ink-max.zarr,0,2987.1282,"window (2987, 1282)+(64, 64): 4096/4096 values differ from fill_value (0.0)",0
CHUNK_SAMPLE_POPULATED,info,PHercParis4/segments/20260603185441-5753_-6/ink-detection/PHercParis4-20260603185441-2.4um-0.22m-78keV-volume-20260411134726-L2-3d-ink-max.zarr,0,9958.2464,"window (9958, 2464)+(64, 64): 589/4096 values differ from fill_value (0.0)",0
CHUNK_SAMPLE_POPULATED,info,PHercParis4/segments/20260603185441-5753_-6/ink-detection/PHercParis4-20260603185441-2.4um-0.22m-78keV-volume-20260411134726-L2-3d-ink-max.zarr,0,16928.270,"window (16928, 270)+(64, 64): 427/4096 values differ from fill_value (0.0)",0
CHUNK_SAMPLE_POPULATED,info,PHercParis4/segments/20260603185441-5753_-6/ink-detection/PHercParis4-20260603185441-2.4um-0.22m-78keV-volume-20260411134726-L2-3d-ink-max.zarr,1,1488.629,"window (1488, 629)+(64, 64): 4096/4096 values differ from fill_value (0.0)",0
CHUNK_SAMPLE_POPULATED,info,PHercParis4/segments/20260603185441-5753_-6/ink-detection/PHercParis4-20260603185441-2.4um-0.22m-78keV-volume-20260411134726-L2-3d-ink-max.zarr,1,4963.1208,"window (4963, 1208)+(64, 64): 1911/4096 values differ from fill_value (0.0)",0
CHUNK_SAMPLE_POPULATED,info,PHercParis4/segments/20260603185441-5753_-6/ink-detection/PHercParis4-20260603185441-2.4um-0.22m-78keV-volume-20260411134726-L2-3d-ink-max.zarr,1,8437.132,"window (8437, 132)+(64, 64): 2267/4096 values differ from fill_value (0.0)",0
CHUNK_SAMPLE_POPULATED,info,PHercParis4/segments/20260603185441-5753_-6/ink-detection/PHercParis4-20260603185441-2.4um-0.22m-78keV-volume-20260411134726-L2-3d-ink-max.zarr,2,739.302,"window (739, 302)+(64, 64): 4032/4096 values differ from fill_value (0.0)",0
CHUNK_SAMPLE_POPULATED,info,PHercParis4/segments/20260603185441-5753_-6/ink-detection/PHercParis4-20260603185441-2.4um-0.22m-78keV-volume-20260411134726-L2-3d-ink-max.zarr,2,2465.581,"window (2465, 581)+(64, 64): 1835/4096 values differ from fill_value (0.0)",0
CHUNK_SAMPLE_POPULATED,info,PHercParis4/segments/20260603185441-5753_-6/ink-detection/PHercParis4-20260603185441-2.4um-0.22m-78keV-volume-20260411134726-L2-3d-ink-max.zarr,2,4191.63,"window (4191, 63)+(64, 64): 3042/4096 values differ from fill_value (0.0)",0
CHUNK_SAMPLE_POPULATED,info,PHercParis4/segments/20260603185441-5753_-6/ink-detection/PHercParis4-20260603185441-2.4um-0.22m-78keV-volume-20260411134726-L2-3d-ink-max.zarr,3,365.139,"window (365, 139)+(64, 64): 3398/4096 values differ from fill_value (0.0)",0
CHUNK_SAMPLE_POPULATED,info,PHercParis4/segments/20260603185441-5753_-6/ink-detection/PHercParis4-20260603185441-2.4um-0.22m-78keV-volume-20260411134726-L2-3d-ink-max.zarr,3,1217.267,"window (1217, 267)+(64, 64): 1825/4096 values differ from fill_value (0.0)",0
CHUNK_SAMPLE_POPULATED,info,PHercParis4/segments/20260603185441-5753_-6/ink-detection/PHercParis4-20260603185441-2.4um-0.22m-78keV-volume-20260411134726-L2-3d-ink-max.zarr,3,2068.29,"window (2068, 29)+(64, 64): 3344/4096 values differ from fill_value (0.0)",0
CHUNK_SAMPLE_POPULATED,info,PHercParis4/segments/20260603185441-5753_-6/ink-detection/PHercParis4-20260603185441-2.4um-0.22m-78keV-volume-20260411134726-L2-3d-ink-max.zarr,4,177.57,"window (177, 57)+(64, 64): 3026/4096 values differ from fill_value (0.0)",0
CHUNK_SAMPLE_POPULATED,info,PHercParis4/segments/20260603185441-5753_-6/ink-detection/PHercParis4-20260603185441-2.4um-0.22m-78keV-volume-20260411134726-L2-3d-ink-max.zarr,4,592.110,"window (592, 110)+(64, 64): 2453/4096 values differ from fill_value (0.0)",0
CHUNK_SAMPLE_POPULATED,info,PHercParis4/segments/20260603185441-5753_-6/ink-detection/PHercParis4-20260603185441-2.4um-0.22m-78keV-volume-20260411134726-L2-3d-ink-max.zarr,4,1007.12,"window (1007, 12)+(64, 64): 3549/4096 values differ from fill_value (0.0)",0
CHUNK_SAMPLE_POPULATED,info,PHercParis4/segments/20260603185441-5753_-6/ink-detection/PHercParis4-20260603185441-2.4um-0.22m-78keV-volume-20260411134726-L2-3d-ink-max.zarr,5,84.16,"window (84, 16)+(64, 64): 2827/4096 values differ from fill_value (0.0)",0
CHUNK_SAMPLE_POPULATED,info,PHercParis4/segments/20260603185441-5753_-6/ink-detection/PHercParis4-20260603185441-2.4um-0.22m-78keV-volume-20260411134726-L2-3d-ink-max.zarr,5,280.32,"window (280, 32)+(64, 64): 2799/4096 values differ from fill_value (0.0)",0
CHUNK_SAMPLE_POPULATED,info,PHercParis4/segments/20260603185441-5753_-6/ink-detection/PHercParis4-20260603185441-2.4um-0.22m-78keV-volume-20260411134726-L2-3d-ink-max.zarr,5,476.3,"window (476, 3)+(64, 64): 3545/4096 values differ from fill_value (0.0)",0
CHUNK_SAMPLE_POPULATED,info,PHercParis4/segments/20260604223808-20231210121321_v8/ink-detection/PHercParis4-20260604223808-2.4um-0.22m-78keV-volume-20260411134726-L2-3d-ink-max.zarr,0,2547.4417,"window (2547, 4417)+(64, 64): 4096/4096 values differ from fill_value (0.0)",0
CHUNK_SAMPLE_POPULATED,info,PHercParis4/segments/20260604223808-20231210121321_v8/ink-detection/PHercParis4-20260604223808-2.4um-0.22m-78keV-volume-20260411134726-L2-3d-ink-max.zarr,0,8490.8486,"window (8490, 8486)+(64, 64): 4096/4096 values differ from fill_value (0.0)",0
CHUNK_SAMPLE_POPULATED,info,PHercParis4/segments/20260604223808-20231210121321_v8/ink-detection/PHercParis4-20260604223808-2.4um-0.22m-78keV-volume-20260411134726-L2-3d-ink-max.zarr,0,14433.930,"window (14433, 930)+(64, 64): 4096/4096 values differ from fill_value (0.0)",0
CHUNK_SAMPLE_POPULATED,info,PHercParis4/segments/20260604223808-20231210121321_v8/ink-detection/PHercParis4-20260604223808-2.4um-0.22m-78keV-volume-20260411134726-L2-3d-ink-max.zarr,1,1268.2196,"window (1268, 2196)+(64, 64): 4096/4096 values differ from fill_value (0.0)",0
CHUNK_SAMPLE_POPULATED,info,PHercParis4/segments/20260604223808-20231210121321_v8/ink-detection/PHercParis4-20260604223808-2.4um-0.22m-78keV-volume-20260411134726-L2-3d-ink-max.zarr,1,4229.4220,"window (4229, 4220)+(64, 64): 4096/4096 values differ from fill_value (0.0)",0
CHUNK_SAMPLE_POPULATED,info,PHercParis4/segments/20260604223808-20231210121321_v8/ink-detection/PHercParis4-20260604223808-2.4um-0.22m-78keV-volume-20260411134726-L2-3d-ink-max.zarr,1,7190.462,"window (7190, 462)+(64, 64): 4096/4096 values differ from fill_value (0.0)",0
CHUNK_SAMPLE_POPULATED,info,PHercParis4/segments/20260604223808-20231210121321_v8/ink-detection/PHercParis4-20260604223808-2.4um-0.22m-78keV-volume-20260411134726-L2-3d-ink-max.zarr,2,629.1086,"window (629, 1086)+(64, 64): 4096/4096 values differ from fill_value (0.0)",0
CHUNK_SAMPLE_POPULATED,info,PHercParis4/segments/20260604223808-20231210121321_v8/ink-detection/PHercParis4-20260604223808-2.4um-0.22m-78keV-volume-20260411134726-L2-3d-ink-max.zarr,2,2099.2087,"window (2099, 2087)+(64, 64): 4096/4096 values differ from fill_value (0.0)",0
CHUNK_SAMPLE_POPULATED,info,PHercParis4/segments/20260604223808-20231210121321_v8/ink-detection/PHercParis4-20260604223808-2.4um-0.22m-78keV-volume-20260411134726-L2-3d-ink-max.zarr,2,3568.228,"window (3568, 228)+(64, 64): 4096/4096 values differ from fill_value (0.0)",0
CHUNK_SAMPLE_POPULATED,info,PHercParis4/segments/20260604223808-20231210121321_v8/ink-detection/PHercParis4-20260604223808-2.4um-0.22m-78keV-volume-20260411134726-L2-3d-ink-max.zarr,3,310.531,"window (310, 531)+(64, 64): 4096/4096 values differ from fill_value (0.0)",0
CHUNK_SAMPLE_POPULATED,info,PHercParis4/segments/20260604223808-20231210121321_v8/ink-detection/PHercParis4-20260604223808-2.4um-0.22m-78keV-volume-20260411134726-L2-3d-ink-max.zarr,3,1033.1020,"window (1033, 1020)+(64, 64): 4096/4096 values differ from fill_value (0.0)",0
CHUNK_SAMPLE_POPULATED,info,PHercParis4/segments/20260604223808-20231210121321_v8/ink-detection/PHercParis4-20260604223808-2.4um-0.22m-78keV-volume-20260411134726-L2-3d-ink-max.zarr,3,1756.111,"window (1756, 111)+(64, 64): 4096/4096 values differ from fill_value (0.0)",0
CHUNK_SAMPLE_POPULATED,info,PHercParis4/segments/20260604223808-20231210121321_v8/ink-detection/PHercParis4-20260604223808-2.4um-0.22m-78keV-volume-20260411134726-L2-3d-ink-max.zarr,4,150.253,"window (150, 253)+(64, 64): 4096/4096 values differ from fill_value (0.0)",0
CHUNK_SAMPLE_POPULATED,info,PHercParis4/segments/20260604223808-20231210121321_v8/ink-detection/PHercParis4-20260604223808-2.4um-0.22m-78keV-volume-20260411134726-L2-3d-ink-max.zarr,4,501.486,"window (501, 486)+(64, 64): 4096/4096 values differ from fill_value (0.0)",0
CHUNK_SAMPLE_POPULATED,info,PHercParis4/segments/20260604223808-20231210121321_v8/ink-detection/PHercParis4-20260604223808-2.4um-0.22m-78keV-volume-20260411134726-L2-3d-ink-max.zarr,4,851.53,"window (851, 53)+(64, 64): 4096/4096 values differ from fill_value (0.0)",0
CHUNK_SAMPLE_POPULATED,info,PHercParis4/segments/20260604223808-20231210121321_v8/ink-detection/PHercParis4-20260604223808-2.4um-0.22m-78keV-volume-20260411134726-L2-3d-ink-max.zarr,5,70.114,"window (70, 114)+(64, 64): 4096/4096 values differ from fill_value (0.0)",0
CHUNK_SAMPLE_POPULATED,info,PHercParis4/segments/20260604223808-20231210121321_v8/ink-detection/PHercParis4-20260604223808-2.4um-0.22m-78keV-volume-20260411134726-L2-3d-ink-max.zarr,5,234.220,"window (234, 220)+(64, 64): 4096/4096 values differ from fill_value (0.0)",0
CHUNK_SAMPLE_POPULATED,info,PHercParis4/segments/20260604223808-20231210121321_v8/ink-detection/PHercParis4-20260604223808-2.4um-0.22m-78keV-volume-20260411134726-L2-3d-ink-max.zarr,5,398.24,"window (398, 24)+(64, 64): 4096/4096 values differ from fill_value (0.0)",0
CHUNK_SAMPLE_POPULATED,info,PHercParis4/segments/20260603222816-20231005123336_v2_flatboi/ink-detection/PHercParis4-20260603222816-2.4um-0.22m-78keV-volume-20260411134726-L2-3d-ink-max.zarr,0,1768.4991,"window (1768, 4991)+(64, 64): 4096/4096 values differ from fill_value (0.0)",0
CHUNK_SAMPLE_POPULATED,info,PHercParis4/segments/20260603222816-20231005123336_v2_flatboi/ink-detection/PHercParis4-20260603222816-2.4um-0.22m-78keV-volume-20260411134726-L2-3d-ink-max.zarr,0,5895.9589,"window (5895, 9589)+(64, 64): 4096/4096 values differ from fill_value (0.0)",0
CHUNK_SAMPLE_POPULATED,info,PHercParis4/segments/20260603222816-20231005123336_v2_flatboi/ink-detection/PHercParis4-20260603222816-2.4um-0.22m-78keV-volume-20260411134726-L2-3d-ink-max.zarr,0,10022.1050,"window (10022, 1050)+(64, 64): 4096/4096 values differ from fill_value (0.0)",0
CHUNK_SAMPLE_POPULATED,info,PHercParis4/segments/20260603222816-20231005123336_v2_flatboi/ink-detection/PHercParis4-20260603222816-2.4um-0.22m-78keV-volume-20260411134726-L2-3d-ink-max.zarr,1,879.2483,"window (879, 2483)+(64, 64): 4096/4096 values differ from fill_value (0.0)",0
CHUNK_SAMPLE_POPULATED,info,PHercParis4/segments/20260603222816-20231005123336_v2_flatboi/ink-detection/PHercParis4-20260603222816-2.4um-0.22m-78keV-volume-20260411134726-L2-3d-ink-max.zarr,1,2932.4771,"window (2932, 4771)+(64, 64): 4096/4096 values differ from fill_value (0.0)",0
CHUNK_SAMPLE_POPULATED,info,PHercParis4/segments/20260603222816-20231005123336_v2_flatboi/ink-detection/PHercParis4-20260603222816-2.4um-0.22m-78keV-volume-20260411134726-L2-3d-ink-max.zarr,1,4984.522,"window (4984, 522)+(64, 64): 4096/4096 values differ from fill_value (0.0)",0
CHUNK_SAMPLE_POPULATED,info,PHercParis4/segments/20260603222816-20231005123336_v2_flatboi/ink-detection/PHercParis4-20260603222816-2.4um-0.22m-78keV-volume-20260411134726-L2-3d-ink-max.zarr,2,435.1229,"window (435, 1229)+(64, 64): 4096/4096 values differ from fill_value (0.0)",0
CHUNK_SAMPLE_POPULATED,info,PHercParis4/segments/20260603222816-20231005123336_v2_flatboi/ink-detection/PHercParis4-20260603222816-2.4um-0.22m-78keV-volume-20260411134726-L2-3d-ink-max.zarr,2,1450.2362,"window (1450, 2362)+(64, 64): 4096/4096 values differ from fill_value (0.0)",0
CHUNK_SAMPLE_POPULATED,info,PHercParis4/segments/20260603222816-20231005123336_v2_flatboi/ink-detection/PHercParis4-20260603222816-2.4um-0.22m-78keV-volume-20260411134726-L2-3d-ink-max.zarr,2,2465.258,"window (2465, 258)+(64, 64): 4096/4096 values differ from fill_value (0.0)",0
CHUNK_SAMPLE_POPULATED,info,PHercParis4/segments/20260603222816-20231005123336_v2_flatboi/ink-detection/PHercParis4-20260603222816-2.4um-0.22m-78keV-volume-20260411134726-L2-3d-ink-max.zarr,3,212.602,"window (212, 602)+(64, 64): 4096/4096 values differ from fill_value (0.0)",0
CHUNK_SAMPLE_POPULATED,info,PHercParis4/segments/20260603222816-20231005123336_v2_flatboi/ink-detection/PHercParis4-20260603222816-2.4um-0.22m-78keV-volume-20260411134726-L2-3d-ink-max.zarr,3,709.1157,"window (709, 1157)+(64, 64): 4096/4096 values differ from fill_value (0.0)",0
CHUNK_SAMPLE_POPULATED,info,PHercParis4/segments/20260603222816-20231005123336_v2_flatboi/ink-detection/PHercParis4-20260603222816-2.4um-0.22m-78keV-volume-20260411134726-L2-3d-ink-max.zarr,3,1205.126,"window (1205, 126)+(64, 64): 4096/4096 values differ from fill_value (0.0)",0
CHUNK_SAMPLE_POPULATED,info,PHercParis4/segments/20260603222816-20231005123336_v2_flatboi/ink-detection/PHercParis4-20260603222816-2.4um-0.22m-78keV-volume-20260411134726-L2-3d-ink-max.zarr,4,101.289,"window (101, 289)+(64, 64): 4096/4096 values differ from fill_value (0.0)",0
CHUNK_SAMPLE_POPULATED,info,PHercParis4/segments/20260603222816-20231005123336_v2_flatboi/ink-detection/PHercParis4-20260603222816-2.4um-0.22m-78keV-volume-20260411134726-L2-3d-ink-max.zarr,4,338.555,"window (338, 555)+(64, 64): 4096/4096 values differ from fill_value (0.0)",0
CHUNK_SAMPLE_POPULATED,info,PHercParis4/segments/20260603222816-20231005123336_v2_flatboi/ink-detection/PHercParis4-20260603222816-2.4um-0.22m-78keV-volume-20260411134726-L2-3d-ink-max.zarr,4,575.60,"window (575, 60)+(64, 64): 4096/4096 values differ from fill_value (0.0)",0
CHUNK_SAMPLE_POPULATED,info,PHercParis4/segments/20260603222816-20231005123336_v2_flatboi/ink-detection/PHercParis4-20260603222816-2.4um-0.22m-78keV-volume-20260411134726-L2-3d-ink-max.zarr,5,46.132,"window (46, 132)+(64, 64): 4096/4096 values differ from fill_value (0.0)",0
CHUNK_SAMPLE_POPULATED,info,PHercParis4/segments/20260603222816-20231005123336_v2_flatboi/ink-detection/PHercParis4-20260603222816-2.4um-0.22m-78keV-volume-20260411134726-L2-3d-ink-max.zarr,5,153.254,"window (153, 254)+(64, 64): 4096/4096 values differ from fill_value (0.0)",0
CHUNK_SAMPLE_POPULATED,info,PHercParis4/segments/20260603222816-20231005123336_v2_flatboi/ink-detection/PHercParis4-20260603222816-2.4um-0.22m-78keV-volume-20260411134726-L2-3d-ink-max.zarr,5,260.27,"window (260, 27)+(64, 64): 4096/4096 values differ from fill_value (0.0)",0
CHUNK_SAMPLE_POPULATED,info,PHercParis4/segments/20260623141924-w010-027/ink-detection/PHercParis4-20260623141924-2.4um-0.22m-78keV-volume-20260411134726-L2-3d-ink-max.zarr,0,1676.16140,"window (1676, 16140)+(64, 64): 4096/4096 values differ from fill_value (0.0)",0
CHUNK_SAMPLE_POPULATED,info,PHercParis4/segments/20260623141924-w010-027/ink-detection/PHercParis4-20260623141924-2.4um-0.22m-78keV-volume-20260411134726-L2-3d-ink-max.zarr,0,5588.31007,"window (5588, 31007)+(64, 64): 4096/4096 values differ from fill_value (0.0)",0
CHUNK_SAMPLE_POPULATED,info,PHercParis4/segments/20260623141924-w010-027/ink-detection/PHercParis4-20260623141924-2.4um-0.22m-78keV-volume-20260411134726-L2-3d-ink-max.zarr,0,9499.3398,"window (9499, 3398)+(64, 64): 4096/4096 values differ from fill_value (0.0)",0
CHUNK_SAMPLE_POPULATED,info,PHercParis4/segments/20260623141924-w010-027/ink-detection/PHercParis4-20260623141924-2.4um-0.22m-78keV-volume-20260411134726-L2-3d-ink-max.zarr,1,833.8058,"window (833, 8058)+(64, 64): 4096/4096 values differ from fill_value (0.0)",0
CHUNK_SAMPLE_POPULATED,info,PHercParis4/segments/20260623141924-w010-027/ink-detection/PHercParis4-20260623141924-2.4um-0.22m-78keV-volume-20260411134726-L2-3d-ink-max.zarr,1,2778.15480,"window (2778, 15480)+(64, 64): 4096/4096 values differ from fill_value (0.0)",0
CHUNK_SAMPLE_POPULATED,info,PHercParis4/segments/20260623141924-w010-027/ink-detection/PHercParis4-20260623141924-2.4um-0.22m-78keV-volume-20260411134726-L2-3d-ink-max.zarr,1,4722.1696,"window (4722, 1696)+(64, 64): 4096/4096 values differ from fill_value (0.0)",0
CHUNK_SAMPLE_POPULATED,info,PHercParis4/segments/20260623141924-w010-027/ink-detection/PHercParis4-20260623141924-2.4um-0.22m-78keV-volume-20260411134726-L2-3d-ink-max.zarr,2,411.4016,"window (411, 4016)+(64, 64): 4096/4096 values differ from fill_value (0.0)",0
CHUNK_SAMPLE_POPULATED,info,PHercParis4/segments/20260623141924-w010-027/ink-detection/PHercParis4-20260623141924-2.4um-0.22m-78keV-volume-20260411134726-L2-3d-ink-max.zarr,2,1373.7716,"window (1373, 7716)+(64, 64): 4096/4096 values differ from fill_value (0.0)",0
CHUNK_SAMPLE_POPULATED,info,PHercParis4/segments/20260623141924-w010-027/ink-detection/PHercParis4-20260623141924-2.4um-0.22m-78keV-volume-20260411134726-L2-3d-ink-max.zarr,2,2334.845,"window (2334, 845)+(64, 64): 4096/4096 values differ from fill_value (0.0)",0
CHUNK_SAMPLE_POPULATED,info,PHercParis4/segments/20260623141924-w010-027/ink-detection/PHercParis4-20260623141924-2.4um-0.22m-78keV-volume-20260411134726-L2-3d-ink-max.zarr,3,201.1996,"window (201, 1996)+(64, 64): 4096/4096 values differ from fill_value (0.0)",0
CHUNK_SAMPLE_POPULATED,info,PHercParis4/segments/20260623141924-w010-027/ink-detection/PHercParis4-20260623141924-2.4um-0.22m-78keV-volume-20260411134726-L2-3d-ink-max.zarr,3,670.3835,"window (670, 3835)+(64, 64): 4096/4096 values differ from fill_value (0.0)",0
CHUNK_SAMPLE_POPULATED,info,PHercParis4/segments/20260623141924-w010-027/ink-detection/PHercParis4-20260623141924-2.4um-0.22m-78keV-volume-20260411134726-L2-3d-ink-max.zarr,3,1139.420,"window (1139, 420)+(64, 64): 4096/4096 values differ from fill_value (0.0)",0
CHUNK_SAMPLE_POPULATED,info,PHercParis4/segments/20260623141924-w010-027/ink-detection/PHercParis4-20260623141924-2.4um-0.22m-78keV-volume-20260411134726-L2-3d-ink-max.zarr,4,95.986,"window (95, 986)+(64, 64): 4096/4096 values differ from fill_value (0.0)",0
CHUNK_SAMPLE_POPULATED,info,PHercParis4/segments/20260623141924-w010-027/ink-detection/PHercParis4-20260623141924-2.4um-0.22m-78keV-volume-20260411134726-L2-3d-ink-max.zarr,4,319.1894,"window (319, 1894)+(64, 64): 4092/4096 values differ from fill_value (0.0)",0
CHUNK_SAMPLE_POPULATED,info,PHercParis4/segments/20260623141924-w010-027/ink-detection/PHercParis4-20260623141924-2.4um-0.22m-78keV-volume-20260411134726-L2-3d-ink-max.zarr,4,543.207,"window (543, 207)+(64, 64): 4096/4096 values differ from fill_value (0.0)",0
CHUNK_SAMPLE_POPULATED,info,PHercParis4/segments/20260623141924-w010-027/ink-detection/PHercParis4-20260623141924-2.4um-0.22m-78keV-volume-20260411134726-L2-3d-ink-max.zarr,5,43.481,"window (43, 481)+(64, 64): 4096/4096 values differ from fill_value (0.0)",0
CHUNK_SAMPLE_POPULATED,info,PHercParis4/segments/20260623141924-w010-027/ink-detection/PHercParis4-20260623141924-2.4um-0.22m-78keV-volume-20260411134726-L2-3d-ink-max.zarr,5,144.924,"window (144, 924)+(64, 64): 4095/4096 values differ from fill_value (0.0)",0
CHUNK_SAMPLE_POPULATED,info,PHercParis4/segments/20260623141924-w010-027/ink-detection/PHercParis4-20260623141924-2.4um-0.22m-78keV-volume-20260411134726-L2-3d-ink-max.zarr,5,244.101,"window (244, 101)+(64, 64): 4096/4096 values differ from fill_value (0.0)",0
CHUNK_SAMPLE_POPULATED,info,PHercParis4/segments/20260623141649-w053-058_jordi/ink-detection/PHercParis4-20260623141649-2.4um-0.22m-78keV-volume-20260411134726-L2-3d-ink-max.zarr,0,1823.17645,"window (1823, 17645)+(64, 64): 4096/4096 values differ from fill_value (0.0)",0
CHUNK_SAMPLE_POPULATED,info,PHercParis4/segments/20260623141649-w053-058_jordi/ink-detection/PHercParis4-20260623141649-2.4um-0.22m-78keV-volume-20260411134726-L2-3d-ink-max.zarr,0,6078.33898,"window (6078, 33898)+(64, 64): 4096/4096 values differ from fill_value (0.0)",0
CHUNK_SAMPLE_POPULATED,info,PHercParis4/segments/20260623141649-w053-058_jordi/ink-detection/PHercParis4-20260623141649-2.4um-0.22m-78keV-volume-20260411134726-L2-3d-ink-max.zarr,0,10332.3714,"window (10332, 3714)+(64, 64): 4096/4096 values differ from fill_value (0.0)",0
CHUNK_SAMPLE_POPULATED,info,PHercParis4/segments/20260623141649-w053-058_jordi/ink-detection/PHercParis4-20260623141649-2.4um-0.22m-78keV-volume-20260411134726-L2-3d-ink-max.zarr,1,906.8810,"window (906, 8810)+(64, 64): 4096/4096 values differ from fill_value (0.0)",0
CHUNK_SAMPLE_POPULATED,info,PHercParis4/segments/20260623141649-w053-058_jordi/ink-detection/PHercParis4-20260623141649-2.4um-0.22m-78keV-volume-20260411134726-L2-3d-ink-max.zarr,1,3023.16925,"window (3023, 16925)+(64, 64): 4096/4096 values differ from fill_value (0.0)",0
CHUNK_SAMPLE_POPULATED,info,PHercParis4/segments/20260623141649-w053-058_jordi/ink-detection/PHercParis4-20260623141649-2.4um-0.22m-78keV-volume-20260411134726-L2-3d-ink-max.zarr,1,5139.1854,"window (5139, 1854)+(64, 64): 4096/4096 values differ from fill_value (0.0)",0
CHUNK_SAMPLE_POPULATED,info,PHercParis4/segments/20260623141649-w053-058_jordi/ink-detection/PHercParis4-20260623141649-2.4um-0.22m-78keV-volume-20260411134726-L2-3d-ink-max.zarr,2,448.4393,"window (448, 4393)+(64, 64): 4096/4096 values differ from fill_value (0.0)",0
CHUNK_SAMPLE_POPULATED,info,PHercParis4/segments/20260623141649-w053-058_jordi/ink-detection/PHercParis4-20260623141649-2.4um-0.22m-78keV-volume-20260411134726-L2-3d-ink-max.zarr,2,1495.8439,"window (1495, 8439)+(64, 64): 4096/4096 values differ from fill_value (0.0)",0
CHUNK_SAMPLE_POPULATED,info,PHercParis4/segments/20260623141649-w053-058_jordi/ink-detection/PHercParis4-20260623141649-2.4um-0.22m-78keV-volume-20260411134726-L2-3d-ink-max.zarr,2,2542.924,"window (2542, 924)+(64, 64): 4096/4096 values differ from fill_value (0.0)",0
CHUNK_SAMPLE_POPULATED,info,PHercParis4/segments/20260623141649-w053-058_jordi/ink-detection/PHercParis4-20260623141649-2.4um-0.22m-78keV-volume-20260411134726-L2-3d-ink-max.zarr,3,219.2184,"window (219, 2184)+(64, 64): 4096/4096 values differ from fill_value (0.0)",0
CHUNK_SAMPLE_POPULATED,info,PHercParis4/segments/20260623141649-w053-058_jordi/ink-detection/PHercParis4-20260623141649-2.4um-0.22m-78keV-volume-20260411134726-L2-3d-ink-max.zarr,3,732.4196,"window (732, 4196)+(64, 64): 4096/4096 values differ from fill_value (0.0)",0
CHUNK_SAMPLE_POPULATED,info,PHercParis4/segments/20260623141649-w053-058_jordi/ink-detection/PHercParis4-20260623141649-2.4um-0.22m-78keV-volume-20260411134726-L2-3d-ink-max.zarr,3,1244.459,"window (1244, 459)+(64, 64): 4096/4096 values differ from fill_value (0.0)",0
CHUNK_SAMPLE_POPULATED,info,PHercParis4/segments/20260623141649-w053-058_jordi/ink-detection/PHercParis4-20260623141649-2.4um-0.22m-78keV-volume-20260411134726-L2-3d-ink-max.zarr,4,105.1080,"window (105, 1080)+(64, 64): 4096/4096 values differ from fill_value (0.0)",0
CHUNK_SAMPLE_POPULATED,info,PHercParis4/segments/20260623141649-w053-058_jordi/ink-detection/PHercParis4-20260623141649-2.4um-0.22m-78keV-volume-20260411134726-L2-3d-ink-max.zarr,4,350.2075,"window (350, 2075)+(64, 64): 4096/4096 values differ from fill_value (0.0)",0
CHUNK_SAMPLE_POPULATED,info,PHercParis4/segments/20260623141649-w053-058_jordi/ink-detection/PHercParis4-20260623141649-2.4um-0.22m-78keV-volume-20260411134726-L2-3d-ink-max.zarr,4,595.227,"window (595, 227)+(64, 64): 4096/4096 values differ from fill_value (0.0)",0
CHUNK_SAMPLE_POPULATED,info,PHercParis4/segments/20260623141649-w053-058_jordi/ink-detection/PHercParis4-20260623141649-2.4um-0.22m-78keV-volume-20260411134726-L2-3d-ink-max.zarr,5,47.528,"window (47, 528)+(64, 64): 4096/4096 values differ from fill_value (0.0)",0
CHUNK_SAMPLE_POPULATED,info,PHercParis4/segments/20260623141649-w053-058_jordi/ink-detection/PHercParis4-20260623141649-2.4um-0.22m-78keV-volume-20260411134726-L2-3d-ink-max.zarr,5,159.1014,"window (159, 1014)+(64, 64): 4096/4096 values differ from fill_value (0.0)",0
CHUNK_SAMPLE_POPULATED,info,PHercParis4/segments/20260623141649-w053-058_jordi/ink-detection/PHercParis4-20260623141649-2.4um-0.22m-78keV-volume-20260411134726-L2-3d-ink-max.zarr,5,270.111,"window (270, 111)+(64, 64): 4096/4096 values differ from fill_value (0.0)",0
CHUNK_SAMPLE_POPULATED,info,PHercParis4/segments/20260623144224-w046-052/ink-detection/PHercParis4-20260623144224-2.4um-0.22m-78keV-volume-20260411134726-L2-3d-ink-max.zarr,0,1796.18291,"window (1796, 18291)+(64, 64): 4096/4096 values differ from fill_value (0.0)",0
CHUNK_SAMPLE_POPULATED,info,PHercParis4/segments/20260623144224-w046-052/ink-detection/PHercParis4-20260623144224-2.4um-0.22m-78keV-volume-20260411134726-L2-3d-ink-max.zarr,0,5988.35139,"window (5988, 35139)+(64, 64): 4096/4096 values differ from fill_value (0.0)",0
CHUNK_SAMPLE_POPULATED,info,PHercParis4/segments/20260623144224-w046-052/ink-detection/PHercParis4-20260623144224-2.4um-0.22m-78keV-volume-20260411134726-L2-3d-ink-max.zarr,0,10179.3850,"window (10179, 3850)+(64, 64): 4096/4096 values differ from fill_value (0.0)",0
CHUNK_SAMPLE_POPULATED,info,PHercParis4/segments/20260623144224-w046-052/ink-detection/PHercParis4-20260623144224-2.4um-0.22m-78keV-volume-20260411134726-L2-3d-ink-max.zarr,1,893.9133,"window (893, 9133)+(64, 64): 4096/4096 values differ from fill_value (0.0)",0
CHUNK_SAMPLE_POPULATED,info,PHercParis4/segments/20260623144224-w046-052/ink-detection/PHercParis4-20260623144224-2.4um-0.22m-78keV-volume-20260411134726-L2-3d-ink-max.zarr,1,2978.17546,"window (2978, 17546)+(64, 64): 4096/4096 values differ from fill_value (0.0)",0
CHUNK_SAMPLE_POPULATED,info,PHercParis4/segments/20260623144224-w046-052/ink-detection/PHercParis4-20260623144224-2.4um-0.22m-78keV-volume-20260411134726-L2-3d-ink-max.zarr,1,5062.1922,"window (5062, 1922)+(64, 64): 4096/4096 values differ from fill_value (0.0)",0
CHUNK_SAMPLE_POPULATED,info,PHercParis4/segments/20260623144224-w046-052/ink-detection/PHercParis4-20260623144224-2.4um-0.22m-78keV-volume-20260411134726-L2-3d-ink-max.zarr,2,441.4554,"window (441, 4554)+(64, 64): 4096/4096 values differ from fill_value (0.0)",0
CHUNK_SAMPLE_POPULATED,info,PHercParis4/segments/20260623144224-w046-052/ink-detection/PHercParis4-20260623144224-2.4um-0.22m-78keV-volume-20260411134726-L2-3d-ink-max.zarr,2,1473.8749,"window (1473, 8749)+(64, 64): 4096/4096 values differ from fill_value (0.0)",0
CHUNK_SAMPLE_POPULATED,info,PHercParis4/segments/20260623144224-w046-052/ink-detection/PHercParis4-20260623144224-2.4um-0.22m-78keV-volume-20260411134726-L2-3d-ink-max.zarr,2,2504.958,"window (2504, 958)+(64, 64): 4096/4096 values differ from fill_value (0.0)",0
CHUNK_SAMPLE_POPULATED,info,PHercParis4/segments/20260623144224-w046-052/ink-detection/PHercParis4-20260623144224-2.4um-0.22m-78keV-volume-20260411134726-L2-3d-ink-max.zarr,3,216.2265,"window (216, 2265)+(64, 64): 4096/4096 values differ from fill_value (0.0)",0
CHUNK_SAMPLE_POPULATED,info,PHercParis4/segments/20260623144224-w046-052/ink-detection/PHercParis4-20260623144224-2.4um-0.22m-78keV-volume-20260411134726-L2-3d-ink-max.zarr,3,720.4351,"window (720, 4351)+(64, 64): 4096/4096 values differ from fill_value (0.0)",0
CHUNK_SAMPLE_POPULATED,info,PHercParis4/segments/20260623144224-w046-052/ink-detection/PHercParis4-20260623144224-2.4um-0.22m-78keV-volume-20260411134726-L2-3d-ink-max.zarr,3,1224.476,"window (1224, 476)+(64, 64): 4096/4096 values differ from fill_value (0.0)",0
CHUNK_SAMPLE_POPULATED,info,PHercParis4/segments/20260623144224-w046-052/ink-detection/PHercParis4-20260623144224-2.4um-0.22m-78keV-volume-20260411134726-L2-3d-ink-max.zarr,4,103.1120,"window (103, 1120)+(64, 64): 4096/4096 values differ from fill_value (0.0)",0
CHUNK_SAMPLE_POPULATED,info,PHercParis4/segments/20260623144224-w046-052/ink-detection/PHercParis4-20260623144224-2.4um-0.22m-78keV-volume-20260411134726-L2-3d-ink-max.zarr,4,344.2152,"window (344, 2152)+(64, 64): 4096/4096 values differ from fill_value (0.0)",0
CHUNK_SAMPLE_POPULATED,info,PHercParis4/segments/20260623144224-w046-052/ink-detection/PHercParis4-20260623144224-2.4um-0.22m-78keV-volume-20260411134726-L2-3d-ink-max.zarr,4,585.235,"window (585, 235)+(64, 64): 4096/4096 values differ from fill_value (0.0)",0
CHUNK_SAMPLE_POPULATED,info,PHercParis4/segments/20260623144224-w046-052/ink-detection/PHercParis4-20260623144224-2.4um-0.22m-78keV-volume-20260411134726-L2-3d-ink-max.zarr,5,46.548,"window (46, 548)+(64, 64): 4096/4096 values differ from fill_value (0.0)",0
CHUNK_SAMPLE_POPULATED,info,PHercParis4/segments/20260623144224-w046-052/ink-detection/PHercParis4-20260623144224-2.4um-0.22m-78keV-volume-20260411134726-L2-3d-ink-max.zarr,5,156.1053,"window (156, 1053)+(64, 64): 4096/4096 values differ from fill_value (0.0)",0
CHUNK_SAMPLE_POPULATED,info,PHercParis4/segments/20260623144224-w046-052/ink-detection/PHercParis4-20260623144224-2.4um-0.22m-78keV-volume-20260411134726-L2-3d-ink-max.zarr,5,266.115,"window (266, 115)+(64, 64): 4096/4096 values differ from fill_value (0.0)",0
CHUNK_SAMPLE_POPULATED,info,PHercParis4/segments/20260623141135-w046-052_jordi/ink-detection/PHercParis4-20260623141135-2.4um-0.22m-78keV-volume-20260411134726-L2-3d-ink-max.zarr,0,1799.18208,"window (1799, 18208)+(64, 64): 4096/4096 values differ from fill_value (0.0)",0
CHUNK_SAMPLE_POPULATED,info,PHercParis4/segments/20260623141135-w046-052_jordi/ink-detection/PHercParis4-20260623141135-2.4um-0.22m-78keV-volume-20260411134726-L2-3d-ink-max.zarr,0,5998.34978,"window (5998, 34978)+(64, 64): 4096/4096 values differ from fill_value (0.0)",0
CHUNK_SAMPLE_POPULATED,info,PHercParis4/segments/20260623141135-w046-052_jordi/ink-detection/PHercParis4-20260623141135-2.4um-0.22m-78keV-volume-20260411134726-L2-3d-ink-max.zarr,0,10196.3833,"window (10196, 3833)+(64, 64): 4096/4096 values differ from fill_value (0.0)",0
CHUNK_SAMPLE_POPULATED,info,PHercParis4/segments/20260623141135-w046-052_jordi/ink-detection/PHercParis4-20260623141135-2.4um-0.22m-78keV-volume-20260411134726-L2-3d-ink-max.zarr,1,894.9091,"window (894, 9091)+(64, 64): 4096/4096 values differ from fill_value (0.0)",0
CHUNK_SAMPLE_POPULATED,info,PHercParis4/segments/20260623141135-w046-052_jordi/ink-detection/PHercParis4-20260623141135-2.4um-0.22m-78keV-volume-20260411134726-L2-3d-ink-max.zarr,1,2983.17465,"window (2983, 17465)+(64, 64): 4096/4096 values differ from fill_value (0.0)",0
CHUNK_SAMPLE_POPULATED,info,PHercParis4/segments/20260623141135-w046-052_jordi/ink-detection/PHercParis4-20260623141135-2.4um-0.22m-78keV-volume-20260411134726-L2-3d-ink-max.zarr,1,5071.1914,"window (5071, 1914)+(64, 64): 4096/4096 values differ from fill_value (0.0)",0
CHUNK_SAMPLE_POPULATED,info,PHercParis4/segments/20260623141135-w046-052_jordi/ink-detection/PHercParis4-20260623141135-2.4um-0.22m-78keV-volume-20260411134726-L2-3d-ink-max.zarr,2,442.4533,"window (442, 4533)+(64, 64): 4096/4096 values differ from fill_value (0.0)",0
CHUNK_SAMPLE_POPULATED,info,PHercParis4/segments/20260623141135-w046-052_jordi/ink-detection/PHercParis4-20260623141135-2.4um-0.22m-78keV-volume-20260411134726-L2-3d-ink-max.zarr,2,1475.8709,"window (1475, 8709)+(64, 64): 4096/4096 values differ from fill_value (0.0)",0
CHUNK_SAMPLE_POPULATED,info,PHercParis4/segments/20260623141135-w046-052_jordi/ink-detection/PHercParis4-20260623141135-2.4um-0.22m-78keV-volume-20260411134726-L2-3d-ink-max.zarr,2,2508.954,"window (2508, 954)+(64, 64): 4096/4096 values differ from fill_value (0.0)",0
CHUNK_SAMPLE_POPULATED,info,PHercParis4/segments/20260623141135-w046-052_jordi/ink-detection/PHercParis4-20260623141135-2.4um-0.22m-78keV-volume-20260411134726-L2-3d-ink-max.zarr,3,216.2254,"window (216, 2254)+(64, 64): 4096/4096 values differ from fill_value (0.0)",0
CHUNK_SAMPLE_POPULATED,info,PHercParis4/segments/20260623141135-w046-052_jordi/ink-detection/PHercParis4-20260623141135-2.4um-0.22m-78keV-volume-20260411134726-L2-3d-ink-max.zarr,3,722.4331,"window (722, 4331)+(64, 64): 4096/4096 values differ from fill_value (0.0)",0
CHUNK_SAMPLE_POPULATED,info,PHercParis4/segments/20260623141135-w046-052_jordi/ink-detection/PHercParis4-20260623141135-2.4um-0.22m-78keV-volume-20260411134726-L2-3d-ink-max.zarr,3,1227.474,"window (1227, 474)+(64, 64): 4096/4096 values differ from fill_value (0.0)",0
CHUNK_SAMPLE_POPULATED,info,PHercParis4/segments/20260623141135-w046-052_jordi/ink-detection/PHercParis4-20260623141135-2.4um-0.22m-78keV-volume-20260411134726-L2-3d-ink-max.zarr,4,103.1115,"window (103, 1115)+(64, 64): 4096/4096 values differ from fill_value (0.0)",0
CHUNK_SAMPLE_POPULATED,info,PHercParis4/segments/20260623141135-w046-052_jordi/ink-detection/PHercParis4-20260623141135-2.4um-0.22m-78keV-volume-20260411134726-L2-3d-ink-max.zarr,4,345.2142,"window (345, 2142)+(64, 64): 4096/4096 values differ from fill_value (0.0)",0
CHUNK_SAMPLE_POPULATED,info,PHercParis4/segments/20260623141135-w046-052_jordi/ink-detection/PHercParis4-20260623141135-2.4um-0.22m-78keV-volume-20260411134726-L2-3d-ink-max.zarr,4,586.234,"window (586, 234)+(64, 64): 4096/4096 values differ from fill_value (0.0)",0
CHUNK_SAMPLE_POPULATED,info,PHercParis4/segments/20260623141135-w046-052_jordi/ink-detection/PHercParis4-20260623141135-2.4um-0.22m-78keV-volume-20260411134726-L2-3d-ink-max.zarr,5,46.545,"window (46, 545)+(64, 64): 4096/4096 values differ from fill_value (0.0)",0
CHUNK_SAMPLE_POPULATED,info,PHercParis4/segments/20260623141135-w046-052_jordi/ink-detection/PHercParis4-20260623141135-2.4um-0.22m-78keV-volume-20260411134726-L2-3d-ink-max.zarr,5,156.1048,"window (156, 1048)+(64, 64): 4096/4096 values differ from fill_value (0.0)",0
CHUNK_SAMPLE_POPULATED,info,PHercParis4/segments/20260623141135-w046-052_jordi/ink-detection/PHercParis4-20260623141135-2.4um-0.22m-78keV-volume-20260411134726-L2-3d-ink-max.zarr,5,266.114,"window (266, 114)+(64, 64): 4096/4096 values differ from fill_value (0.0)",0
CHUNK_SAMPLE_POPULATED,info,PHercParis4/segments/20260623142658-w028-037/ink-detection/PHercParis4-20260623142658-2.4um-0.22m-78keV-volume-20260411134726-L2-3d-ink-max.zarr,0,1730.16771,"window (1730, 16771)+(64, 64): 4096/4096 values differ from fill_value (0.0)",0
CHUNK_SAMPLE_POPULATED,info,PHercParis4/segments/20260623142658-w028-037/ink-detection/PHercParis4-20260623142658-2.4um-0.22m-78keV-volume-20260411134726-L2-3d-ink-max.zarr,0,5768.32219,"window (5768, 32219)+(64, 64): 4096/4096 values differ from fill_value (0.0)",0
CHUNK_SAMPLE_POPULATED,info,PHercParis4/segments/20260623142658-w028-037/ink-detection/PHercParis4-20260623142658-2.4um-0.22m-78keV-volume-20260411134726-L2-3d-ink-max.zarr,0,9805.3530,"window (9805, 3530)+(64, 64): 4096/4096 values differ from fill_value (0.0)",0
CHUNK_SAMPLE_POPULATED,info,PHercParis4/segments/20260623142658-w028-037/ink-detection/PHercParis4-20260623142658-2.4um-0.22m-78keV-volume-20260411134726-L2-3d-ink-max.zarr,1,860.8373,"window (860, 8373)+(64, 64): 4096/4096 values differ from fill_value (0.0)",0
CHUNK_SAMPLE_POPULATED,info,PHercParis4/segments/20260623142658-w028-037/ink-detection/PHercParis4-20260623142658-2.4um-0.22m-78keV-volume-20260411134726-L2-3d-ink-max.zarr,1,2868.16086,"window (2868, 16086)+(64, 64): 4096/4096 values differ from fill_value (0.0)",0
CHUNK_SAMPLE_POPULATED,info,PHercParis4/segments/20260623142658-w028-037/ink-detection/PHercParis4-20260623142658-2.4um-0.22m-78keV-volume-20260411134726-L2-3d-ink-max.zarr,1,4875.1762,"window (4875, 1762)+(64, 64): 4096/4096 values differ from fill_value (0.0)",0
CHUNK_SAMPLE_POPULATED,info,PHercParis4/segments/20260623142658-w028-037/ink-detection/PHercParis4-20260623142658-2.4um-0.22m-78keV-volume-20260411134726-L2-3d-ink-max.zarr,2,425.4174,"window (425, 4174)+(64, 64): 4096/4096 values differ from fill_value (0.0)",0
CHUNK_SAMPLE_POPULATED,info,PHercParis4/segments/20260623142658-w028-037/ink-detection/PHercParis4-20260623142658-2.4um-0.22m-78keV-volume-20260411134726-L2-3d-ink-max.zarr,2,1418.8019,"window (1418, 8019)+(64, 64): 4096/4096 values differ from fill_value (0.0)",0
CHUNK_SAMPLE_POPULATED,info,PHercParis4/segments/20260623142658-w028-037/ink-detection/PHercParis4-20260623142658-2.4um-0.22m-78keV-volume-20260411134726-L2-3d-ink-max.zarr,2,2410.878,"window (2410, 878)+(64, 64): 4096/4096 values differ from fill_value (0.0)",0
CHUNK_SAMPLE_POPULATED,info,PHercParis4/segments/20260623142658-w028-037/ink-detection/PHercParis4-20260623142658-2.4um-0.22m-78keV-volume-20260411134726-L2-3d-ink-max.zarr,3,207.2075,"window (207, 2075)+(64, 64): 4096/4096 values differ from fill_value (0.0)",0
CHUNK_SAMPLE_POPULATED,info,PHercParis4/segments/20260623142658-w028-037/ink-detection/PHercParis4-20260623142658-2.4um-0.22m-78keV-volume-20260411134726-L2-3d-ink-max.zarr,3,693.3986,"window (693, 3986)+(64, 64): 4096/4096 values differ from fill_value (0.0)",0
CHUNK_SAMPLE_POPULATED,info,PHercParis4/segments/20260623142658-w028-037/ink-detection/PHercParis4-20260623142658-2.4um-0.22m-78keV-volume-20260411134726-L2-3d-ink-max.zarr,3,1178.436,"window (1178, 436)+(64, 64): 4096/4096 values differ from fill_value (0.0)",0
CHUNK_SAMPLE_POPULATED,info,PHercParis4/segments/20260623142658-w028-037/ink-detection/PHercParis4-20260623142658-2.4um-0.22m-78keV-volume-20260411134726-L2-3d-ink-max.zarr,4,99.1025,"window (99, 1025)+(64, 64): 4096/4096 values differ from fill_value (0.0)",0
CHUNK_SAMPLE_POPULATED,info,PHercParis4/segments/20260623142658-w028-037/ink-detection/PHercParis4-20260623142658-2.4um-0.22m-78keV-volume-20260411134726-L2-3d-ink-max.zarr,4,330.1970,"window (330, 1970)+(64, 64): 4096/4096 values differ from fill_value (0.0)",0
CHUNK_SAMPLE_POPULATED,info,PHercParis4/segments/20260623142658-w028-037/ink-detection/PHercParis4-20260623142658-2.4um-0.22m-78keV-volume-20260411134726-L2-3d-ink-max.zarr,4,561.215,"window (561, 215)+(64, 64): 4096/4096 values differ from fill_value (0.0)",0
CHUNK_SAMPLE_POPULATED,info,PHercParis4/segments/20260623142658-w028-037/ink-detection/PHercParis4-20260623142658-2.4um-0.22m-78keV-volume-20260411134726-L2-3d-ink-max.zarr,5,44.500,"window (44, 500)+(64, 64): 4096/4096 values differ from fill_value (0.0)",0
CHUNK_SAMPLE_POPULATED,info,PHercParis4/segments/20260623142658-w028-037/ink-detection/PHercParis4-20260623142658-2.4um-0.22m-78keV-volume-20260411134726-L2-3d-ink-max.zarr,5,149.962,"window (149, 962)+(64, 64): 4096/4096 values differ from fill_value (0.0)",0
CHUNK_SAMPLE_POPULATED,info,PHercParis4/segments/20260623142658-w028-037/ink-detection/PHercParis4-20260623142658-2.4um-0.22m-78keV-volume-20260411134726-L2-3d-ink-max.zarr,5,254.105,"window (254, 105)+(64, 64): 4096/4096 values differ from fill_value (0.0)",0
CHUNK_SAMPLE_POPULATED,info,PHercParis4/segments/20260623144957-w053-058/ink-detection/PHercParis4-20260623144957-2.4um-0.22m-78keV-volume-20260411134726-L2-3d-ink-max.zarr,0,1814.17706,"window (1814, 17706)+(64, 64): 4096/4096 values differ from fill_value (0.0)",0
CHUNK_SAMPLE_POPULATED,info,PHercParis4/segments/20260623144957-w053-058/ink-detection/PHercParis4-20260623144957-2.4um-0.22m-78keV-volume-20260411134726-L2-3d-ink-max.zarr,0,6048.34015,"window (6048, 34015)+(64, 64): 4096/4096 values differ from fill_value (0.0)",0
CHUNK_SAMPLE_POPULATED,info,PHercParis4/segments/20260623144957-w053-058/ink-detection/PHercParis4-20260623144957-2.4um-0.22m-78keV-volume-20260411134726-L2-3d-ink-max.zarr,0,10281.3727,"window (10281, 3727)+(64, 64): 4096/4096 values differ from fill_value (0.0)",0
CHUNK_SAMPLE_POPULATED,info,PHercParis4/segments/20260623144957-w053-058/ink-detection/PHercParis4-20260623144957-2.4um-0.22m-78keV-volume-20260411134726-L2-3d-ink-max.zarr,1,902.8841,"window (902, 8841)+(64, 64): 4096/4096 values differ from fill_value (0.0)",0
CHUNK_SAMPLE_POPULATED,info,PHercParis4/segments/20260623144957-w053-058/ink-detection/PHercParis4-20260623144957-2.4um-0.22m-78keV-volume-20260411134726-L2-3d-ink-max.zarr,1,3008.16984,"window (3008, 16984)+(64, 64): 4096/4096 values differ from fill_value (0.0)",0
CHUNK_SAMPLE_POPULATED,info,PHercParis4/segments/20260623144957-w053-058/ink-detection/PHercParis4-20260623144957-2.4um-0.22m-78keV-volume-20260411134726-L2-3d-ink-max.zarr,1,5113.1861,"window (5113, 1861)+(64, 64): 4096/4096 values differ from fill_value (0.0)",0
CHUNK_SAMPLE_POPULATED,info,PHercParis4/segments/20260623144957-w053-058/ink-detection/PHercParis4-20260623144957-2.4um-0.22m-78keV-volume-20260411134726-L2-3d-ink-max.zarr,2,446.4408,"window (446, 4408)+(64, 64): 4096/4096 values differ from fill_value (0.0)",0
CHUNK_SAMPLE_POPULATED,info,PHercParis4/segments/20260623144957-w053-058/ink-detection/PHercParis4-20260623144957-2.4um-0.22m-78keV-volume-20260411134726-L2-3d-ink-max.zarr,2,1488.8468,"window (1488, 8468)+(64, 64): 4096/4096 values differ from fill_value (0.0)",0
CHUNK_SAMPLE_POPULATED,info,PHercParis4/segments/20260623144957-w053-058/ink-detection/PHercParis4-20260623144957-2.4um-0.22m-78keV-volume-20260411134726-L2-3d-ink-max.zarr,2,2529.928,"window (2529, 928)+(64, 64): 4096/4096 values differ from fill_value (0.0)",0
CHUNK_SAMPLE_POPULATED,info,PHercParis4/segments/20260623144957-w053-058/ink-detection/PHercParis4-20260623144957-2.4um-0.22m-78keV-volume-20260411134726-L2-3d-ink-max.zarr,3,218.2192,"window (218, 2192)+(64, 64): 4096/4096 values differ from fill_value (0.0)",0
CHUNK_SAMPLE_POPULATED,info,PHercParis4/segments/20260623144957-w053-058/ink-detection/PHercParis4-20260623144957-2.4um-0.22m-78keV-volume-20260411134726-L2-3d-ink-max.zarr,3,728.4211,"window (728, 4211)+(64, 64): 4096/4096 values differ from fill_value (0.0)",0
CHUNK_SAMPLE_POPULATED,info,PHercParis4/segments/20260623144957-w053-058/ink-detection/PHercParis4-20260623144957-2.4um-0.22m-78keV-volume-20260411134726-L2-3d-ink-max.zarr,3,1237.461,"window (1237, 461)+(64, 64): 4096/4096 values differ from fill_value (0.0)",0
CHUNK_SAMPLE_POPULATED,info,PHercParis4/segments/20260623144957-w053-058/ink-detection/PHercParis4-20260623144957-2.4um-0.22m-78keV-volume-20260411134726-L2-3d-ink-max.zarr,4,104.1084,"window (104, 1084)+(64, 64): 4096/4096 values differ from fill_value (0.0)",0
CHUNK_SAMPLE_POPULATED,info,PHercParis4/segments/20260623144957-w053-058/ink-detection/PHercParis4-20260623144957-2.4um-0.22m-78keV-volume-20260411134726-L2-3d-ink-max.zarr,4,348.2082,"window (348, 2082)+(64, 64): 4096/4096 values differ from fill_value (0.0)",0
CHUNK_SAMPLE_POPULATED,info,PHercParis4/segments/20260623144957-w053-058/ink-detection/PHercParis4-20260623144957-2.4um-0.22m-78keV-volume-20260411134726-L2-3d-ink-max.zarr,4,591.228,"window (591, 228)+(64, 64): 4096/4096 values differ from fill_value (0.0)",0
CHUNK_SAMPLE_POPULATED,info,PHercParis4/segments/20260623144957-w053-058/ink-detection/PHercParis4-20260623144957-2.4um-0.22m-78keV-volume-20260411134726-L2-3d-ink-max.zarr,5,47.530,"window (47, 530)+(64, 64): 4096/4096 values differ from fill_value (0.0)",0
CHUNK_SAMPLE_POPULATED,info,PHercParis4/segments/20260623144957-w053-058/ink-detection/PHercParis4-20260623144957-2.4um-0.22m-78keV-volume-20260411134726-L2-3d-ink-max.zarr,5,158.1018,"window (158, 1018)+(64, 64): 4096/4096 values differ from fill_value (0.0)",0
CHUNK_SAMPLE_POPULATED,info,PHercParis4/segments/20260623144957-w053-058/ink-detection/PHercParis4-20260623144957-2.4um-0.22m-78keV-volume-20260411134726-L2-3d-ink-max.zarr,5,268.111,"window (268, 111)+(64, 64): 4096/4096 values differ from fill_value (0.0)",0
CHUNK_SAMPLE_POPULATED,info,PHercParis4/segments/20260623143441-w038-045/ink-detection/PHercParis4-20260623143441-2.4um-0.22m-78keV-volume-20260411134726-L2-3d-ink-max.zarr,0,1772.17584,"window (1772, 17584)+(64, 64): 4096/4096 values differ from fill_value (0.0)",0
CHUNK_SAMPLE_POPULATED,info,PHercParis4/segments/20260623143441-w038-045/ink-detection/PHercParis4-20260623143441-2.4um-0.22m-78keV-volume-20260411134726-L2-3d-ink-max.zarr,0,5908.33781,"window (5908, 33781)+(64, 64): 4096/4096 values differ from fill_value (0.0)",0
CHUNK_SAMPLE_POPULATED,info,PHercParis4/segments/20260623143441-w038-045/ink-detection/PHercParis4-20260623143441-2.4um-0.22m-78keV-volume-20260411134726-L2-3d-ink-max.zarr,0,10043.3702,"window (10043, 3702)+(64, 64): 4096/4096 values differ from fill_value (0.0)",0
CHUNK_SAMPLE_POPULATED,info,PHercParis4/segments/20260623143441-w038-045/ink-detection/PHercParis4-20260623143441-2.4um-0.22m-78keV-volume-20260411134726-L2-3d-ink-max.zarr,1,881.8780,"window (881, 8780)+(64, 64): 4096/4096 values differ from fill_value (0.0)",0
CHUNK_SAMPLE_POPULATED,info,PHercParis4/segments/20260623143441-w038-045/ink-detection/PHercParis4-20260623143441-2.4um-0.22m-78keV-volume-20260411134726-L2-3d-ink-max.zarr,1,2938.16867,"window (2938, 16867)+(64, 64): 4096/4096 values differ from fill_value (0.0)",0
CHUNK_SAMPLE_POPULATED,info,PHercParis4/segments/20260623143441-w038-045/ink-detection/PHercParis4-20260623143441-2.4um-0.22m-78keV-volume-20260411134726-L2-3d-ink-max.zarr,1,4994.1848,"window (4994, 1848)+(64, 64): 4096/4096 values differ from fill_value (0.0)",0
CHUNK_SAMPLE_POPULATED,info,PHercParis4/segments/20260623143441-w038-045/ink-detection/PHercParis4-20260623143441-2.4um-0.22m-78keV-volume-20260411134726-L2-3d-ink-max.zarr,2,435.4377,"window (435, 4377)+(64, 64): 4096/4096 values differ from fill_value (0.0)",0
CHUNK_SAMPLE_POPULATED,info,PHercParis4/segments/20260623143441-w038-045/ink-detection/PHercParis4-20260623143441-2.4um-0.22m-78keV-volume-20260411134726-L2-3d-ink-max.zarr,2,1453.8410,"window (1453, 8410)+(64, 64): 3428/4096 values differ from fill_value (0.0)",0
CHUNK_SAMPLE_POPULATED,info,PHercParis4/segments/20260623143441-w038-045/ink-detection/PHercParis4-20260623143441-2.4um-0.22m-78keV-volume-20260411134726-L2-3d-ink-max.zarr,2,2470.921,"window (2470, 921)+(64, 64): 4096/4096 values differ from fill_value (0.0)",0
CHUNK_SAMPLE_POPULATED,info,PHercParis4/segments/20260623143441-w038-045/ink-detection/PHercParis4-20260623143441-2.4um-0.22m-78keV-volume-20260411134726-L2-3d-ink-max.zarr,3,213.2177,"window (213, 2177)+(64, 64): 4096/4096 values differ from fill_value (0.0)",0
CHUNK_SAMPLE_POPULATED,info,PHercParis4/segments/20260623143441-w038-045/ink-detection/PHercParis4-20260623143441-2.4um-0.22m-78keV-volume-20260411134726-L2-3d-ink-max.zarr,3,710.4182,"window (710, 4182)+(64, 64): 3796/4096 values differ from fill_value (0.0)",0
CHUNK_SAMPLE_POPULATED,info,PHercParis4/segments/20260623143441-w038-045/ink-detection/PHercParis4-20260623143441-2.4um-0.22m-78keV-volume-20260411134726-L2-3d-ink-max.zarr,3,1207.458,"window (1207, 458)+(64, 64): 4096/4096 values differ from fill_value (0.0)",0
CHUNK_SAMPLE_POPULATED,info,PHercParis4/segments/20260623143441-w038-045/ink-detection/PHercParis4-20260623143441-2.4um-0.22m-78keV-volume-20260411134726-L2-3d-ink-max.zarr,4,101.1076,"window (101, 1076)+(64, 64): 4096/4096 values differ from fill_value (0.0)",0
CHUNK_SAMPLE_POPULATED,info,PHercParis4/segments/20260623143441-w038-045/ink-detection/PHercParis4-20260623143441-2.4um-0.22m-78keV-volume-20260411134726-L2-3d-ink-max.zarr,4,339.2068,"window (339, 2068)+(64, 64): 3726/4096 values differ from fill_value (0.0)",0
CHUNK_SAMPLE_POPULATED,info,PHercParis4/segments/20260623143441-w038-045/ink-detection/PHercParis4-20260623143441-2.4um-0.22m-78keV-volume-20260411134726-L2-3d-ink-max.zarr,4,577.226,"window (577, 226)+(64, 64): 4096/4096 values differ from fill_value (0.0)",0
CHUNK_SAMPLE_POPULATED,info,PHercParis4/segments/20260623143441-w038-045/ink-detection/PHercParis4-20260623143441-2.4um-0.22m-78keV-volume-20260411134726-L2-3d-ink-max.zarr,5,46.526,"window (46, 526)+(64, 64): 4096/4096 values differ from fill_value (0.0)",0
CHUNK_SAMPLE_POPULATED,info,PHercParis4/segments/20260623143441-w038-045/ink-detection/PHercParis4-20260623143441-2.4um-0.22m-78keV-volume-20260411134726-L2-3d-ink-max.zarr,5,154.1011,"window (154, 1011)+(64, 64): 3913/4096 values differ from fill_value (0.0)",0
CHUNK_SAMPLE_POPULATED,info,PHercParis4/segments/20260623143441-w038-045/ink-detection/PHercParis4-20260623143441-2.4um-0.22m-78keV-volume-20260411134726-L2-3d-ink-max.zarr,5,261.110,"window (261, 110)+(64, 64): 4096/4096 values differ from fill_value (0.0)",0
CHUNK_SAMPLE_POPULATED,info,PHercParis4/segments/20260623145652-w059-063/ink-detection/PHercParis4-20260623145652-2.4um-0.22m-78keV-volume-20260411134726-L2-3d-ink-max.zarr,0,1829.16414,"window (1829, 16414)+(64, 64): 4096/4096 values differ from fill_value (0.0)",0
CHUNK_SAMPLE_POPULATED,info,PHercParis4/segments/20260623145652-w059-063/ink-detection/PHercParis4-20260623145652-2.4um-0.22m-78keV-volume-20260411134726-L2-3d-ink-max.zarr,0,6098.31533,"window (6098, 31533)+(64, 64): 4096/4096 values differ from fill_value (0.0)",0
CHUNK_SAMPLE_POPULATED,info,PHercParis4/segments/20260623145652-w059-063/ink-detection/PHercParis4-20260623145652-2.4um-0.22m-78keV-volume-20260411134726-L2-3d-ink-max.zarr,0,10366.3455,"window (10366, 3455)+(64, 64): 4096/4096 values differ from fill_value (0.0)",0
CHUNK_SAMPLE_POPULATED,info,PHercParis4/segments/20260623145652-w059-063/ink-detection/PHercParis4-20260623145652-2.4um-0.22m-78keV-volume-20260411134726-L2-3d-ink-max.zarr,1,909.8195,"window (909, 8195)+(64, 64): 4096/4096 values differ from fill_value (0.0)",0
CHUNK_SAMPLE_POPULATED,info,PHercParis4/segments/20260623145652-w059-063/ink-detection/PHercParis4-20260623145652-2.4um-0.22m-78keV-volume-20260411134726-L2-3d-ink-max.zarr,1,3033.15743,"window (3033, 15743)+(64, 64): 4096/4096 values differ from fill_value (0.0)",0
CHUNK_SAMPLE_POPULATED,info,PHercParis4/segments/20260623145652-w059-063/ink-detection/PHercParis4-20260623145652-2.4um-0.22m-78keV-volume-20260411134726-L2-3d-ink-max.zarr,1,5156.1725,"window (5156, 1725)+(64, 64): 4096/4096 values differ from fill_value (0.0)",0
CHUNK_SAMPLE_POPULATED,info,PHercParis4/segments/20260623145652-w059-063/ink-detection/PHercParis4-20260623145652-2.4um-0.22m-78keV-volume-20260411134726-L2-3d-ink-max.zarr,2,450.4085,"window (450, 4085)+(64, 64): 4096/4096 values differ from fill_value (0.0)",0
CHUNK_SAMPLE_POPULATED,info,PHercParis4/segments/20260623145652-w059-063/ink-detection/PHercParis4-20260623145652-2.4um-0.22m-78keV-volume-20260411134726-L2-3d-ink-max.zarr,2,1500.7848,"window (1500, 7848)+(64, 64): 4096/4096 values differ from fill_value (0.0)",0
CHUNK_SAMPLE_POPULATED,info,PHercParis4/segments/20260623145652-w059-063/ink-detection/PHercParis4-20260623145652-2.4um-0.22m-78keV-volume-20260411134726-L2-3d-ink-max.zarr,2,2550.860,"window (2550, 860)+(64, 64): 4096/4096 values differ from fill_value (0.0)",0
CHUNK_SAMPLE_POPULATED,info,PHercParis4/segments/20260623145652-w059-063/ink-detection/PHercParis4-20260623145652-2.4um-0.22m-78keV-volume-20260411134726-L2-3d-ink-max.zarr,3,220.2030,"window (220, 2030)+(64, 64): 4096/4096 values differ from fill_value (0.0)",0
CHUNK_SAMPLE_POPULATED,info,PHercParis4/segments/20260623145652-w059-063/ink-detection/PHercParis4-20260623145652-2.4um-0.22m-78keV-volume-20260411134726-L2-3d-ink-max.zarr,3,734.3901,"window (734, 3901)+(64, 64): 4096/4096 values differ from fill_value (0.0)",0
CHUNK_SAMPLE_POPULATED,info,PHercParis4/segments/20260623145652-w059-063/ink-detection/PHercParis4-20260623145652-2.4um-0.22m-78keV-volume-20260411134726-L2-3d-ink-max.zarr,3,1248.427,"window (1248, 427)+(64, 64): 4096/4096 values differ from fill_value (0.0)",0
CHUNK_SAMPLE_POPULATED,info,PHercParis4/segments/20260623145652-w059-063/ink-detection/PHercParis4-20260623145652-2.4um-0.22m-78keV-volume-20260411134726-L2-3d-ink-max.zarr,4,105.1003,"window (105, 1003)+(64, 64): 4096/4096 values differ from fill_value (0.0)",0
CHUNK_SAMPLE_POPULATED,info,PHercParis4/segments/20260623145652-w059-063/ink-detection/PHercParis4-20260623145652-2.4um-0.22m-78keV-volume-20260411134726-L2-3d-ink-max.zarr,4,351.1927,"window (351, 1927)+(64, 64): 4096/4096 values differ from fill_value (0.0)",0
CHUNK_SAMPLE_POPULATED,info,PHercParis4/segments/20260623145652-w059-063/ink-detection/PHercParis4-20260623145652-2.4um-0.22m-78keV-volume-20260411134726-L2-3d-ink-max.zarr,4,597.211,"window (597, 211)+(64, 64): 4096/4096 values differ from fill_value (0.0)",0
CHUNK_SAMPLE_POPULATED,info,PHercParis4/segments/20260623145652-w059-063/ink-detection/PHercParis4-20260623145652-2.4um-0.22m-78keV-volume-20260411134726-L2-3d-ink-max.zarr,5,48.489,"window (48, 489)+(64, 64): 4096/4096 values differ from fill_value (0.0)",0
CHUNK_SAMPLE_POPULATED,info,PHercParis4/segments/20260623145652-w059-063/ink-detection/PHercParis4-20260623145652-2.4um-0.22m-78keV-volume-20260411134726-L2-3d-ink-max.zarr,5,160.940,"window (160, 940)+(64, 64): 4096/4096 values differ from fill_value (0.0)",0
CHUNK_SAMPLE_POPULATED,info,PHercParis4/segments/20260623145652-w059-063/ink-detection/PHercParis4-20260623145652-2.4um-0.22m-78keV-volume-20260411134726-L2-3d-ink-max.zarr,5,272.103,"window (272, 103)+(64, 64): 4096/4096 values differ from fill_value (0.0)",0
CHUNK_SAMPLE_POPULATED,info,PHercParis4/segments/20260623151729-w073-076/ink-detection/PHercParis4-20260623151729-2.4um-0.22m-78keV-volume-20260411134726-L2-3d-ink-max.zarr,0,1832.16627,"window (1832, 16627)+(64, 64): 4096/4096 values differ from fill_value (0.0)",0
CHUNK_SAMPLE_POPULATED,info,PHercParis4/segments/20260623151729-w073-076/ink-detection/PHercParis4-20260623151729-2.4um-0.22m-78keV-volume-20260411134726-L2-3d-ink-max.zarr,0,6108.31941,"window (6108, 31941)+(64, 64): 4096/4096 values differ from fill_value (0.0)",0
CHUNK_SAMPLE_POPULATED,info,PHercParis4/segments/20260623151729-w073-076/ink-detection/PHercParis4-20260623151729-2.4um-0.22m-78keV-volume-20260411134726-L2-3d-ink-max.zarr,0,10383.3500,"window (10383, 3500)+(64, 64): 4096/4096 values differ from fill_value (0.0)",0
CHUNK_SAMPLE_POPULATED,info,PHercParis4/segments/20260623151729-w073-076/ink-detection/PHercParis4-20260623151729-2.4um-0.22m-78keV-volume-20260411134726-L2-3d-ink-max.zarr,1,911.8301,"window (911, 8301)+(64, 64): 4096/4096 values differ from fill_value (0.0)",0
CHUNK_SAMPLE_POPULATED,info,PHercParis4/segments/20260623151729-w073-076/ink-detection/PHercParis4-20260623151729-2.4um-0.22m-78keV-volume-20260411134726-L2-3d-ink-max.zarr,1,3038.15947,"window (3038, 15947)+(64, 64): 4096/4096 values differ from fill_value (0.0)",0
CHUNK_SAMPLE_POPULATED,info,PHercParis4/segments/20260623151729-w073-076/ink-detection/PHercParis4-20260623151729-2.4um-0.22m-78keV-volume-20260411134726-L2-3d-ink-max.zarr,1,5164.1747,"window (5164, 1747)+(64, 64): 4096/4096 values differ from fill_value (0.0)",0
CHUNK_SAMPLE_POPULATED,info,PHercParis4/segments/20260623151729-w073-076/ink-detection/PHercParis4-20260623151729-2.4um-0.22m-78keV-volume-20260411134726-L2-3d-ink-max.zarr,2,450.4138,"window (450, 4138)+(64, 64): 4096/4096 values differ from fill_value (0.0)",0
CHUNK_SAMPLE_POPULATED,info,PHercParis4/segments/20260623151729-w073-076/ink-detection/PHercParis4-20260623151729-2.4um-0.22m-78keV-volume-20260411134726-L2-3d-ink-max.zarr,2,1503.7950,"window (1503, 7950)+(64, 64): 4096/4096 values differ from fill_value (0.0)",0
CHUNK_SAMPLE_POPULATED,info,PHercParis4/segments/20260623151729-w073-076/ink-detection/PHercParis4-20260623151729-2.4um-0.22m-78keV-volume-20260411134726-L2-3d-ink-max.zarr,2,2555.871,"window (2555, 871)+(64, 64): 4096/4096 values differ from fill_value (0.0)",0
CHUNK_SAMPLE_POPULATED,info,PHercParis4/segments/20260623151729-w073-076/ink-detection/PHercParis4-20260623151729-2.4um-0.22m-78keV-volume-20260411134726-L2-3d-ink-max.zarr,3,220.2057,"window (220, 2057)+(64, 64): 4096/4096 values differ from fill_value (0.0)",0
CHUNK_SAMPLE_POPULATED,info,PHercParis4/segments/20260623151729-w073-076/ink-detection/PHercParis4-20260623151729-2.4um-0.22m-78keV-volume-20260411134726-L2-3d-ink-max.zarr,3,735.3952,"window (735, 3952)+(64, 64): 4096/4096 values differ from fill_value (0.0)",0
CHUNK_SAMPLE_POPULATED,info,PHercParis4/segments/20260623151729-w073-076/ink-detection/PHercParis4-20260623151729-2.4um-0.22m-78keV-volume-20260411134726-L2-3d-ink-max.zarr,3,1250.433,"window (1250, 433)+(64, 64): 4096/4096 values differ from fill_value (0.0)",0
CHUNK_SAMPLE_POPULATED,info,PHercParis4/segments/20260623151729-w073-076/ink-detection/PHercParis4-20260623151729-2.4um-0.22m-78keV-volume-20260411134726-L2-3d-ink-max.zarr,4,105.1016,"window (105, 1016)+(64, 64): 4096/4096 values differ from fill_value (0.0)",0
CHUNK_SAMPLE_POPULATED,info,PHercParis4/segments/20260623151729-w073-076/ink-detection/PHercParis4-20260623151729-2.4um-0.22m-78keV-volume-20260411134726-L2-3d-ink-max.zarr,4,352.1952,"window (352, 1952)+(64, 64): 4096/4096 values differ from fill_value (0.0)",0
CHUNK_SAMPLE_POPULATED,info,PHercParis4/segments/20260623151729-w073-076/ink-detection/PHercParis4-20260623151729-2.4um-0.22m-78keV-volume-20260411134726-L2-3d-ink-max.zarr,4,598.214,"window (598, 214)+(64, 64): 4096/4096 values differ from fill_value (0.0)",0
CHUNK_SAMPLE_POPULATED,info,PHercParis4/segments/20260623151729-w073-076/ink-detection/PHercParis4-20260623151729-2.4um-0.22m-78keV-volume-20260411134726-L2-3d-ink-max.zarr,5,48.496,"window (48, 496)+(64, 64): 4096/4096 values differ from fill_value (0.0)",0
CHUNK_SAMPLE_POPULATED,info,PHercParis4/segments/20260623151729-w073-076/ink-detection/PHercParis4-20260623151729-2.4um-0.22m-78keV-volume-20260411134726-L2-3d-ink-max.zarr,5,160.953,"window (160, 953)+(64, 64): 4096/4096 values differ from fill_value (0.0)",0
CHUNK_SAMPLE_POPULATED,info,PHercParis4/segments/20260623151729-w073-076/ink-detection/PHercParis4-20260623151729-2.4um-0.22m-78keV-volume-20260411134726-L2-3d-ink-max.zarr,5,272.104,"window (272, 104)+(64, 64): 4096/4096 values differ from fill_value (0.0)",0
CHUNK_SAMPLE_POPULATED,info,PHercParis4/segments/20260623150417-w064-068/ink-detection/PHercParis4-20260623150417-2.4um-0.22m-78keV-volume-20260411134726-L2-3d-ink-max.zarr,0,1838.18162,"window (1838, 18162)+(64, 64): 4096/4096 values differ from fill_value (0.0)",0
CHUNK_SAMPLE_POPULATED,info,PHercParis4/segments/20260623150417-w064-068/ink-detection/PHercParis4-20260623150417-2.4um-0.22m-78keV-volume-20260411134726-L2-3d-ink-max.zarr,0,6128.34891,"window (6128, 34891)+(64, 64): 4096/4096 values differ from fill_value (0.0)",0
CHUNK_SAMPLE_POPULATED,info,PHercParis4/segments/20260623150417-w064-068/ink-detection/PHercParis4-20260623150417-2.4um-0.22m-78keV-volume-20260411134726-L2-3d-ink-max.zarr,0,10417.3823,"window (10417, 3823)+(64, 64): 4096/4096 values differ from fill_value (0.0)",0
CHUNK_SAMPLE_POPULATED,info,PHercParis4/segments/20260623150417-w064-068/ink-detection/PHercParis4-20260623150417-2.4um-0.22m-78keV-volume-20260411134726-L2-3d-ink-max.zarr,1,914.9069,"window (914, 9069)+(64, 64): 4096/4096 values differ from fill_value (0.0)",0
CHUNK_SAMPLE_POPULATED,info,PHercParis4/segments/20260623150417-w064-068/ink-detection/PHercParis4-20260623150417-2.4um-0.22m-78keV-volume-20260411134726-L2-3d-ink-max.zarr,1,3048.17422,"window (3048, 17422)+(64, 64): 4096/4096 values differ from fill_value (0.0)",0
CHUNK_SAMPLE_POPULATED,info,PHercParis4/segments/20260623150417-w064-068/ink-detection/PHercParis4-20260623150417-2.4um-0.22m-78keV-volume-20260411134726-L2-3d-ink-max.zarr,1,5181.1909,"window (5181, 1909)+(64, 64): 4096/4096 values differ from fill_value (0.0)",0
CHUNK_SAMPLE_POPULATED,info,PHercParis4/segments/20260623150417-w064-068/ink-detection/PHercParis4-20260623150417-2.4um-0.22m-78keV-volume-20260411134726-L2-3d-ink-max.zarr,2,452.4522,"window (452, 4522)+(64, 64): 4096/4096 values differ from fill_value (0.0)",0
CHUNK_SAMPLE_POPULATED,info,PHercParis4/segments/20260623150417-w064-068/ink-detection/PHercParis4-20260623150417-2.4um-0.22m-78keV-volume-20260411134726-L2-3d-ink-max.zarr,2,1508.8687,"window (1508, 8687)+(64, 64): 4096/4096 values differ from fill_value (0.0)",0
CHUNK_SAMPLE_POPULATED,info,PHercParis4/segments/20260623150417-w064-068/ink-detection/PHercParis4-20260623150417-2.4um-0.22m-78keV-volume-20260411134726-L2-3d-ink-max.zarr,2,2563.952,"window (2563, 952)+(64, 64): 4096/4096 values differ from fill_value (0.0)",0
CHUNK_SAMPLE_POPULATED,info,PHercParis4/segments/20260623150417-w064-068/ink-detection/PHercParis4-20260623150417-2.4um-0.22m-78keV-volume-20260411134726-L2-3d-ink-max.zarr,3,221.2249,"window (221, 2249)+(64, 64): 4096/4096 values differ from fill_value (0.0)",0
CHUNK_SAMPLE_POPULATED,info,PHercParis4/segments/20260623150417-w064-068/ink-detection/PHercParis4-20260623150417-2.4um-0.22m-78keV-volume-20260411134726-L2-3d-ink-max.zarr,3,738.4320,"window (738, 4320)+(64, 64): 4096/4096 values differ from fill_value (0.0)",0
CHUNK_SAMPLE_POPULATED,info,PHercParis4/segments/20260623150417-w064-068/ink-detection/PHercParis4-20260623150417-2.4um-0.22m-78keV-volume-20260411134726-L2-3d-ink-max.zarr,3,1254.473,"window (1254, 473)+(64, 64): 4096/4096 values differ from fill_value (0.0)",0
CHUNK_SAMPLE_POPULATED,info,PHercParis4/segments/20260623150417-w064-068/ink-detection/PHercParis4-20260623150417-2.4um-0.22m-78keV-volume-20260411134726-L2-3d-ink-max.zarr,4,105.1112,"window (105, 1112)+(64, 64): 4096/4096 values differ from fill_value (0.0)",0
CHUNK_SAMPLE_POPULATED,info,PHercParis4/segments/20260623150417-w064-068/ink-detection/PHercParis4-20260623150417-2.4um-0.22m-78keV-volume-20260411134726-L2-3d-ink-max.zarr,4,353.2137,"window (353, 2137)+(64, 64): 4096/4096 values differ from fill_value (0.0)",0
CHUNK_SAMPLE_POPULATED,info,PHercParis4/segments/20260623150417-w064-068/ink-detection/PHercParis4-20260623150417-2.4um-0.22m-78keV-volume-20260411134726-L2-3d-ink-max.zarr,4,600.234,"window (600, 234)+(64, 64): 4096/4096 values differ from fill_value (0.0)",0
CHUNK_SAMPLE_POPULATED,info,PHercParis4/segments/20260623150417-w064-068/ink-detection/PHercParis4-20260623150417-2.4um-0.22m-78keV-volume-20260411134726-L2-3d-ink-max.zarr,5,48.544,"window (48, 544)+(64, 64): 4096/4096 values differ from fill_value (0.0)",0
CHUNK_SAMPLE_POPULATED,info,PHercParis4/segments/20260623150417-w064-068/ink-detection/PHercParis4-20260623150417-2.4um-0.22m-78keV-volume-20260411134726-L2-3d-ink-max.zarr,5,160.1045,"window (160, 1045)+(64, 64): 4096/4096 values differ from fill_value (0.0)",0
CHUNK_SAMPLE_POPULATED,info,PHercParis4/segments/20260623150417-w064-068/ink-detection/PHercParis4-20260623150417-2.4um-0.22m-78keV-volume-20260411134726-L2-3d-ink-max.zarr,5,272.114,"window (272, 114)+(64, 64): 4096/4096 values differ from fill_value (0.0)",0
CHUNK_SAMPLE_POPULATED,info,PHercParis4/segments/20260623153216-w081-084/ink-detection/PHercParis4-20260623153216-2.4um-0.22m-78keV-volume-20260411134726-L2-3d-ink-max.zarr,0,1847.18618,"window (1847, 18618)+(64, 64): 4096/4096 values differ from fill_value (0.0)",0
CHUNK_SAMPLE_POPULATED,info,PHercParis4/segments/20260623153216-w081-084/ink-detection/PHercParis4-20260623153216-2.4um-0.22m-78keV-volume-20260411134726-L2-3d-ink-max.zarr,0,6158.35767,"window (6158, 35767)+(64, 64): 4096/4096 values differ from fill_value (0.0)",0
CHUNK_SAMPLE_POPULATED,info,PHercParis4/segments/20260623153216-w081-084/ink-detection/PHercParis4-20260623153216-2.4um-0.22m-78keV-volume-20260411134726-L2-3d-ink-max.zarr,0,10468.3919,"window (10468, 3919)+(64, 64): 4096/4096 values differ from fill_value (0.0)",0
CHUNK_SAMPLE_POPULATED,info,PHercParis4/segments/20260623153216-w081-084/ink-detection/PHercParis4-20260623153216-2.4um-0.22m-78keV-volume-20260411134726-L2-3d-ink-max.zarr,1,918.9297,"window (918, 9297)+(64, 64): 4096/4096 values differ from fill_value (0.0)",0
CHUNK_SAMPLE_POPULATED,info,PHercParis4/segments/20260623153216-w081-084/ink-detection/PHercParis4-20260623153216-2.4um-0.22m-78keV-volume-20260411134726-L2-3d-ink-max.zarr,1,3063.17860,"window (3063, 17860)+(64, 64): 4096/4096 values differ from fill_value (0.0)",0
CHUNK_SAMPLE_POPULATED,info,PHercParis4/segments/20260623153216-w081-084/ink-detection/PHercParis4-20260623153216-2.4um-0.22m-78keV-volume-20260411134726-L2-3d-ink-max.zarr,1,5207.1957,"window (5207, 1957)+(64, 64): 4096/4096 values differ from fill_value (0.0)",0
CHUNK_SAMPLE_POPULATED,info,PHercParis4/segments/20260623153216-w081-084/ink-detection/PHercParis4-20260623153216-2.4um-0.22m-78keV-volume-20260411134726-L2-3d-ink-max.zarr,2,454.4636,"window (454, 4636)+(64, 64): 4096/4096 values differ from fill_value (0.0)",0
CHUNK_SAMPLE_POPULATED,info,PHercParis4/segments/20260623153216-w081-084/ink-detection/PHercParis4-20260623153216-2.4um-0.22m-78keV-volume-20260411134726-L2-3d-ink-max.zarr,2,1515.8906,"window (1515, 8906)+(64, 64): 4096/4096 values differ from fill_value (0.0)",0
CHUNK_SAMPLE_POPULATED,info,PHercParis4/segments/20260623153216-w081-084/ink-detection/PHercParis4-20260623153216-2.4um-0.22m-78keV-volume-20260411134726-L2-3d-ink-max.zarr,2,2576.976,"window (2576, 976)+(64, 64): 4096/4096 values differ from fill_value (0.0)",0
CHUNK_SAMPLE_POPULATED,info,PHercParis4/segments/20260623153216-w081-084/ink-detection/PHercParis4-20260623153216-2.4um-0.22m-78keV-volume-20260411134726-L2-3d-ink-max.zarr,3,222.2306,"window (222, 2306)+(64, 64): 4096/4096 values differ from fill_value (0.0)",0
CHUNK_SAMPLE_POPULATED,info,PHercParis4/segments/20260623153216-w081-084/ink-detection/PHercParis4-20260623153216-2.4um-0.22m-78keV-volume-20260411134726-L2-3d-ink-max.zarr,3,742.4430,"window (742, 4430)+(64, 64): 4096/4096 values differ from fill_value (0.0)",0
CHUNK_SAMPLE_POPULATED,info,PHercParis4/segments/20260623153216-w081-084/ink-detection/PHercParis4-20260623153216-2.4um-0.22m-78keV-volume-20260411134726-L2-3d-ink-max.zarr,3,1261.485,"window (1261, 485)+(64, 64): 4096/4096 values differ from fill_value (0.0)",0
CHUNK_SAMPLE_POPULATED,info,PHercParis4/segments/20260623153216-w081-084/ink-detection/PHercParis4-20260623153216-2.4um-0.22m-78keV-volume-20260411134726-L2-3d-ink-max.zarr,4,106.1141,"window (106, 1141)+(64, 64): 4096/4096 values differ from fill_value (0.0)",0
CHUNK_SAMPLE_POPULATED,info,PHercParis4/segments/20260623153216-w081-084/ink-detection/PHercParis4-20260623153216-2.4um-0.22m-78keV-volume-20260411134726-L2-3d-ink-max.zarr,4,355.2192,"window (355, 2192)+(64, 64): 4096/4096 values differ from fill_value (0.0)",0
CHUNK_SAMPLE_POPULATED,info,PHercParis4/segments/20260623153216-w081-084/ink-detection/PHercParis4-20260623153216-2.4um-0.22m-78keV-volume-20260411134726-L2-3d-ink-max.zarr,4,603.240,"window (603, 240)+(64, 64): 4096/4096 values differ from fill_value (0.0)",0
CHUNK_SAMPLE_POPULATED,info,PHercParis4/segments/20260623153216-w081-084/ink-detection/PHercParis4-20260623153216-2.4um-0.22m-78keV-volume-20260411134726-L2-3d-ink-max.zarr,5,48.558,"window (48, 558)+(64, 64): 4096/4096 values differ from fill_value (0.0)",0
CHUNK_SAMPLE_POPULATED,info,PHercParis4/segments/20260623153216-w081-084/ink-detection/PHercParis4-20260623153216-2.4um-0.22m-78keV-volume-20260411134726-L2-3d-ink-max.zarr,5,161.1073,"window (161, 1073)+(64, 64): 4096/4096 values differ from fill_value (0.0)",0
CHUNK_SAMPLE_POPULATED,info,PHercParis4/segments/20260623153216-w081-084/ink-detection/PHercParis4-20260623153216-2.4um-0.22m-78keV-volume-20260411134726-L2-3d-ink-max.zarr,5,274.117,"window (274, 117)+(64, 64): 4096/4096 values differ from fill_value (0.0)",0
CHUNK_SAMPLE_POPULATED,info,PHercParis4/segments/20260623152443-w077-080/ink-detection/PHercParis4-20260623152443-2.4um-0.22m-78keV-volume-20260411134726-L2-3d-ink-max.zarr,0,1835.17562,"window (1835, 17562)+(64, 64): 4096/4096 values differ from fill_value (0.0)",0
CHUNK_SAMPLE_POPULATED,info,PHercParis4/segments/20260623152443-w077-080/ink-detection/PHercParis4-20260623152443-2.4um-0.22m-78keV-volume-20260411134726-L2-3d-ink-max.zarr,0,6118.33737,"window (6118, 33737)+(64, 64): 4096/4096 values differ from fill_value (0.0)",0
CHUNK_SAMPLE_POPULATED,info,PHercParis4/segments/20260623152443-w077-080/ink-detection/PHercParis4-20260623152443-2.4um-0.22m-78keV-volume-20260411134726-L2-3d-ink-max.zarr,0,10400.3697,"window (10400, 3697)+(64, 64): 4096/4096 values differ from fill_value (0.0)",0
CHUNK_SAMPLE_POPULATED,info,PHercParis4/segments/20260623152443-w077-080/ink-detection/PHercParis4-20260623152443-2.4um-0.22m-78keV-volume-20260411134726-L2-3d-ink-max.zarr,1,912.8768,"window (912, 8768)+(64, 64): 4096/4096 values differ from fill_value (0.0)",0
CHUNK_SAMPLE_POPULATED,info,PHercParis4/segments/20260623152443-w077-080/ink-detection/PHercParis4-20260623152443-2.4um-0.22m-78keV-volume-20260411134726-L2-3d-ink-max.zarr,1,3043.16845,"window (3043, 16845)+(64, 64): 4096/4096 values differ from fill_value (0.0)",0
CHUNK_SAMPLE_POPULATED,info,PHercParis4/segments/20260623152443-w077-080/ink-detection/PHercParis4-20260623152443-2.4um-0.22m-78keV-volume-20260411134726-L2-3d-ink-max.zarr,1,5173.1846,"window (5173, 1846)+(64, 64): 4096/4096 values differ from fill_value (0.0)",0
CHUNK_SAMPLE_POPULATED,info,PHercParis4/segments/20260623152443-w077-080/ink-detection/PHercParis4-20260623152443-2.4um-0.22m-78keV-volume-20260411134726-L2-3d-ink-max.zarr,2,451.4372,"window (451, 4372)+(64, 64): 4096/4096 values differ from fill_value (0.0)",0
CHUNK_SAMPLE_POPULATED,info,PHercParis4/segments/20260623152443-w077-080/ink-detection/PHercParis4-20260623152443-2.4um-0.22m-78keV-volume-20260411134726-L2-3d-ink-max.zarr,2,1505.8399,"window (1505, 8399)+(64, 64): 4096/4096 values differ from fill_value (0.0)",0
CHUNK_SAMPLE_POPULATED,info,PHercParis4/segments/20260623152443-w077-080/ink-detection/PHercParis4-20260623152443-2.4um-0.22m-78keV-volume-20260411134726-L2-3d-ink-max.zarr,2,2559.920,"window (2559, 920)+(64, 64): 4096/4096 values differ from fill_value (0.0)",0
CHUNK_SAMPLE_POPULATED,info,PHercParis4/segments/20260623152443-w077-080/ink-detection/PHercParis4-20260623152443-2.4um-0.22m-78keV-volume-20260411134726-L2-3d-ink-max.zarr,3,221.2173,"window (221, 2173)+(64, 64): 4096/4096 values differ from fill_value (0.0)",0
CHUNK_SAMPLE_POPULATED,info,PHercParis4/segments/20260623152443-w077-080/ink-detection/PHercParis4-20260623152443-2.4um-0.22m-78keV-volume-20260411134726-L2-3d-ink-max.zarr,3,737.4176,"window (737, 4176)+(64, 64): 4096/4096 values differ from fill_value (0.0)",0
CHUNK_SAMPLE_POPULATED,info,PHercParis4/segments/20260623152443-w077-080/ink-detection/PHercParis4-20260623152443-2.4um-0.22m-78keV-volume-20260411134726-L2-3d-ink-max.zarr,3,1252.457,"window (1252, 457)+(64, 64): 4096/4096 values differ from fill_value (0.0)",0
CHUNK_SAMPLE_POPULATED,info,PHercParis4/segments/20260623152443-w077-080/ink-detection/PHercParis4-20260623152443-2.4um-0.22m-78keV-volume-20260411134726-L2-3d-ink-max.zarr,4,105.1075,"window (105, 1075)+(64, 64): 4096/4096 values differ from fill_value (0.0)",0
CHUNK_SAMPLE_POPULATED,info,PHercParis4/segments/20260623152443-w077-080/ink-detection/PHercParis4-20260623152443-2.4um-0.22m-78keV-volume-20260411134726-L2-3d-ink-max.zarr,4,352.2065,"window (352, 2065)+(64, 64): 4096/4096 values differ from fill_value (0.0)",0
CHUNK_SAMPLE_POPULATED,info,PHercParis4/segments/20260623152443-w077-080/ink-detection/PHercParis4-20260623152443-2.4um-0.22m-78keV-volume-20260411134726-L2-3d-ink-max.zarr,4,599.226,"window (599, 226)+(64, 64): 4096/4096 values differ from fill_value (0.0)",0
CHUNK_SAMPLE_POPULATED,info,PHercParis4/segments/20260623152443-w077-080/ink-detection/PHercParis4-20260623152443-2.4um-0.22m-78keV-volume-20260411134726-L2-3d-ink-max.zarr,5,48.525,"window (48, 525)+(64, 64): 4096/4096 values differ from fill_value (0.0)",0
CHUNK_SAMPLE_POPULATED,info,PHercParis4/segments/20260623152443-w077-080/ink-detection/PHercParis4-20260623152443-2.4um-0.22m-78keV-volume-20260411134726-L2-3d-ink-max.zarr,5,160.1009,"window (160, 1009)+(64, 64): 4096/4096 values differ from fill_value (0.0)",0
CHUNK_SAMPLE_POPULATED,info,PHercParis4/segments/20260623152443-w077-080/ink-detection/PHercParis4-20260623152443-2.4um-0.22m-78keV-volume-20260411134726-L2-3d-ink-max.zarr,5,272.110,"window (272, 110)+(64, 64): 4096/4096 values differ from fill_value (0.0)",0
CHUNK_SAMPLE_POPULATED,info,PHercParis4/segments/20260623155240-w092-094/ink-detection/PHercParis4-20260623155240-2.4um-0.22m-78keV-volume-20260411134726-L2-3d-ink-max.zarr,0,1853.16148,"window (1853, 16148)+(64, 64): 4096/4096 values differ from fill_value (0.0)",0
CHUNK_SAMPLE_POPULATED,info,PHercParis4/segments/20260623155240-w092-094/ink-detection/PHercParis4-20260623155240-2.4um-0.22m-78keV-volume-20260411134726-L2-3d-ink-max.zarr,0,6178.31022,"window (6178, 31022)+(64, 64): 4096/4096 values differ from fill_value (0.0)",0
CHUNK_SAMPLE_POPULATED,info,PHercParis4/segments/20260623155240-w092-094/ink-detection/PHercParis4-20260623155240-2.4um-0.22m-78keV-volume-20260411134726-L2-3d-ink-max.zarr,0,10502.3399,"window (10502, 3399)+(64, 64): 4096/4096 values differ from fill_value (0.0)",0
CHUNK_SAMPLE_POPULATED,info,PHercParis4/segments/20260623155240-w092-094/ink-detection/PHercParis4-20260623155240-2.4um-0.22m-78keV-volume-20260411134726-L2-3d-ink-max.zarr,1,921.8062,"window (921, 8062)+(64, 64): 4096/4096 values differ from fill_value (0.0)",0
CHUNK_SAMPLE_POPULATED,info,PHercParis4/segments/20260623155240-w092-094/ink-detection/PHercParis4-20260623155240-2.4um-0.22m-78keV-volume-20260411134726-L2-3d-ink-max.zarr,1,3073.15487,"window (3073, 15487)+(64, 64): 4096/4096 values differ from fill_value (0.0)",0
CHUNK_SAMPLE_POPULATED,info,PHercParis4/segments/20260623155240-w092-094/ink-detection/PHercParis4-20260623155240-2.4um-0.22m-78keV-volume-20260411134726-L2-3d-ink-max.zarr,1,5224.1697,"window (5224, 1697)+(64, 64): 4096/4096 values differ from fill_value (0.0)",0
CHUNK_SAMPLE_POPULATED,info,PHercParis4/segments/20260623155240-w092-094/ink-detection/PHercParis4-20260623155240-2.4um-0.22m-78keV-volume-20260411134726-L2-3d-ink-max.zarr,2,456.4018,"window (456, 4018)+(64, 64): 4096/4096 values differ from fill_value (0.0)",0
CHUNK_SAMPLE_POPULATED,info,PHercParis4/segments/20260623155240-w092-094/ink-detection/PHercParis4-20260623155240-2.4um-0.22m-78keV-volume-20260411134726-L2-3d-ink-max.zarr,2,1520.7720,"window (1520, 7720)+(64, 64): 4096/4096 values differ from fill_value (0.0)",0
CHUNK_SAMPLE_POPULATED,info,PHercParis4/segments/20260623155240-w092-094/ink-detection/PHercParis4-20260623155240-2.4um-0.22m-78keV-volume-20260411134726-L2-3d-ink-max.zarr,2,2584.846,"window (2584, 846)+(64, 64): 4096/4096 values differ from fill_value (0.0)",0
CHUNK_SAMPLE_POPULATED,info,PHercParis4/segments/20260623155240-w092-094/ink-detection/PHercParis4-20260623155240-2.4um-0.22m-78keV-volume-20260411134726-L2-3d-ink-max.zarr,3,223.1997,"window (223, 1997)+(64, 64): 4096/4096 values differ from fill_value (0.0)",0
CHUNK_SAMPLE_POPULATED,info,PHercParis4/segments/20260623155240-w092-094/ink-detection/PHercParis4-20260623155240-2.4um-0.22m-78keV-volume-20260411134726-L2-3d-ink-max.zarr,3,744.3836,"window (744, 3836)+(64, 64): 4096/4096 values differ from fill_value (0.0)",0
CHUNK_SAMPLE_POPULATED,info,PHercParis4/segments/20260623155240-w092-094/ink-detection/PHercParis4-20260623155240-2.4um-0.22m-78keV-volume-20260411134726-L2-3d-ink-max.zarr,3,1265.420,"window (1265, 420)+(64, 64): 4096/4096 values differ from fill_value (0.0)",0
CHUNK_SAMPLE_POPULATED,info,PHercParis4/segments/20260623155240-w092-094/ink-detection/PHercParis4-20260623155240-2.4um-0.22m-78keV-volume-20260411134726-L2-3d-ink-max.zarr,4,106.986,"window (106, 986)+(64, 64): 4096/4096 values differ from fill_value (0.0)",0
CHUNK_SAMPLE_POPULATED,info,PHercParis4/segments/20260623155240-w092-094/ink-detection/PHercParis4-20260623155240-2.4um-0.22m-78keV-volume-20260411134726-L2-3d-ink-max.zarr,4,356.1895,"window (356, 1895)+(64, 64): 4096/4096 values differ from fill_value (0.0)",0
CHUNK_SAMPLE_POPULATED,info,PHercParis4/segments/20260623155240-w092-094/ink-detection/PHercParis4-20260623155240-2.4um-0.22m-78keV-volume-20260411134726-L2-3d-ink-max.zarr,4,606.207,"window (606, 207)+(64, 64): 4096/4096 values differ from fill_value (0.0)",0
CHUNK_SAMPLE_POPULATED,info,PHercParis4/segments/20260623155240-w092-094/ink-detection/PHercParis4-20260623155240-2.4um-0.22m-78keV-volume-20260411134726-L2-3d-ink-max.zarr,5,48.481,"window (48, 481)+(64, 64): 4026/4096 values differ from fill_value (0.0)",0
CHUNK_SAMPLE_POPULATED,info,PHercParis4/segments/20260623155240-w092-094/ink-detection/PHercParis4-20260623155240-2.4um-0.22m-78keV-volume-20260411134726-L2-3d-ink-max.zarr,5,162.924,"window (162, 924)+(64, 64): 4096/4096 values differ from fill_value (0.0)",0
CHUNK_SAMPLE_POPULATED,info,PHercParis4/segments/20260623155240-w092-094/ink-detection/PHercParis4-20260623155240-2.4um-0.22m-78keV-volume-20260411134726-L2-3d-ink-max.zarr,5,276.101,"window (276, 101)+(64, 64): 4096/4096 values differ from fill_value (0.0)",0
CHUNK_SAMPLE_POPULATED,info,PHercParis4/segments/20260623151041-w069-072/ink-detection/PHercParis4-20260623151041-2.4um-0.22m-78keV-volume-20260411134726-L2-3d-ink-max.zarr,0,1832.15730,"window (1832, 15730)+(64, 64): 4096/4096 values differ from fill_value (0.0)",0
CHUNK_SAMPLE_POPULATED,info,PHercParis4/segments/20260623151041-w069-072/ink-detection/PHercParis4-20260623151041-2.4um-0.22m-78keV-volume-20260411134726-L2-3d-ink-max.zarr,0,6108.30219,"window (6108, 30219)+(64, 64): 4096/4096 values differ from fill_value (0.0)",0
CHUNK_SAMPLE_POPULATED,info,PHercParis4/segments/20260623151041-w069-072/ink-detection/PHercParis4-20260623151041-2.4um-0.22m-78keV-volume-20260411134726-L2-3d-ink-max.zarr,0,10383.3311,"window (10383, 3311)+(64, 64): 4096/4096 values differ from fill_value (0.0)",0
CHUNK_SAMPLE_POPULATED,info,PHercParis4/segments/20260623151041-w069-072/ink-detection/PHercParis4-20260623151041-2.4um-0.22m-78keV-volume-20260411134726-L2-3d-ink-max.zarr,1,911.7853,"window (911, 7853)+(64, 64): 4096/4096 values differ from fill_value (0.0)",0
CHUNK_SAMPLE_POPULATED,info,PHercParis4/segments/20260623151041-w069-072/ink-detection/PHercParis4-20260623151041-2.4um-0.22m-78keV-volume-20260411134726-L2-3d-ink-max.zarr,1,3038.15086,"window (3038, 15086)+(64, 64): 4096/4096 values differ from fill_value (0.0)",0
CHUNK_SAMPLE_POPULATED,info,PHercParis4/segments/20260623151041-w069-072/ink-detection/PHercParis4-20260623151041-2.4um-0.22m-78keV-volume-20260411134726-L2-3d-ink-max.zarr,1,5164.1653,"window (5164, 1653)+(64, 64): 4096/4096 values differ from fill_value (0.0)",0
CHUNK_SAMPLE_POPULATED,info,PHercParis4/segments/20260623151041-w069-072/ink-detection/PHercParis4-20260623151041-2.4um-0.22m-78keV-volume-20260411134726-L2-3d-ink-max.zarr,2,450.3914,"window (450, 3914)+(64, 64): 4096/4096 values differ from fill_value (0.0)",0
CHUNK_SAMPLE_POPULATED,info,PHercParis4/segments/20260623151041-w069-072/ink-detection/PHercParis4-20260623151041-2.4um-0.22m-78keV-volume-20260411134726-L2-3d-ink-max.zarr,2,1503.7519,"window (1503, 7519)+(64, 64): 4096/4096 values differ from fill_value (0.0)",0
CHUNK_SAMPLE_POPULATED,info,PHercParis4/segments/20260623151041-w069-072/ink-detection/PHercParis4-20260623151041-2.4um-0.22m-78keV-volume-20260411134726-L2-3d-ink-max.zarr,2,2555.824,"window (2555, 824)+(64, 64): 4096/4096 values differ from fill_value (0.0)",0
CHUNK_SAMPLE_POPULATED,info,PHercParis4/segments/20260623151041-w069-072/ink-detection/PHercParis4-20260623151041-2.4um-0.22m-78keV-volume-20260411134726-L2-3d-ink-max.zarr,3,220.1945,"window (220, 1945)+(64, 64): 4096/4096 values differ from fill_value (0.0)",0
CHUNK_SAMPLE_POPULATED,info,PHercParis4/segments/20260623151041-w069-072/ink-detection/PHercParis4-20260623151041-2.4um-0.22m-78keV-volume-20260411134726-L2-3d-ink-max.zarr,3,735.3736,"window (735, 3736)+(64, 64): 4096/4096 values differ from fill_value (0.0)",0
CHUNK_SAMPLE_POPULATED,info,PHercParis4/segments/20260623151041-w069-072/ink-detection/PHercParis4-20260623151041-2.4um-0.22m-78keV-volume-20260411134726-L2-3d-ink-max.zarr,3,1250.409,"window (1250, 409)+(64, 64): 4096/4096 values differ from fill_value (0.0)",0
CHUNK_SAMPLE_POPULATED,info,PHercParis4/segments/20260623151041-w069-072/ink-detection/PHercParis4-20260623151041-2.4um-0.22m-78keV-volume-20260411134726-L2-3d-ink-max.zarr,4,105.960,"window (105, 960)+(64, 64): 4096/4096 values differ from fill_value (0.0)",0
CHUNK_SAMPLE_POPULATED,info,PHercParis4/segments/20260623151041-w069-072/ink-detection/PHercParis4-20260623151041-2.4um-0.22m-78keV-volume-20260411134726-L2-3d-ink-max.zarr,4,352.1845,"window (352, 1845)+(64, 64): 4096/4096 values differ from fill_value (0.0)",0
CHUNK_SAMPLE_POPULATED,info,PHercParis4/segments/20260623151041-w069-072/ink-detection/PHercParis4-20260623151041-2.4um-0.22m-78keV-volume-20260411134726-L2-3d-ink-max.zarr,4,598.202,"window (598, 202)+(64, 64): 4096/4096 values differ from fill_value (0.0)",0
CHUNK_SAMPLE_POPULATED,info,PHercParis4/segments/20260623151041-w069-072/ink-detection/PHercParis4-20260623151041-2.4um-0.22m-78keV-volume-20260411134726-L2-3d-ink-max.zarr,5,48.468,"window (48, 468)+(64, 64): 4096/4096 values differ from fill_value (0.0)",0
CHUNK_SAMPLE_POPULATED,info,PHercParis4/segments/20260623151041-w069-072/ink-detection/PHercParis4-20260623151041-2.4um-0.22m-78keV-volume-20260411134726-L2-3d-ink-max.zarr,5,160.899,"window (160, 899)+(64, 64): 4096/4096 values differ from fill_value (0.0)",0
CHUNK_SAMPLE_POPULATED,info,PHercParis4/segments/20260623151041-w069-072/ink-detection/PHercParis4-20260623151041-2.4um-0.22m-78keV-volume-20260411134726-L2-3d-ink-max.zarr,5,272.98,"window (272, 98)+(64, 64): 4096/4096 values differ from fill_value (0.0)",0
CHUNK_SAMPLE_POPULATED,info,PHercParis4/segments/20260623154617-w089-091/ink-detection/PHercParis4-20260623154617-2.4um-0.22m-78keV-volume-20260411134726-L2-3d-ink-max.zarr,0,1850.15601,"window (1850, 15601)+(64, 64): 4096/4096 values differ from fill_value (0.0)",0
CHUNK_SAMPLE_POPULATED,info,PHercParis4/segments/20260623154617-w089-091/ink-detection/PHercParis4-20260623154617-2.4um-0.22m-78keV-volume-20260411134726-L2-3d-ink-max.zarr,0,6168.29970,"window (6168, 29970)+(64, 64): 4096/4096 values differ from fill_value (0.0)",0
CHUNK_SAMPLE_POPULATED,info,PHercParis4/segments/20260623154617-w089-091/ink-detection/PHercParis4-20260623154617-2.4um-0.22m-78keV-volume-20260411134726-L2-3d-ink-max.zarr,0,10485.3284,"window (10485, 3284)+(64, 64): 4096/4096 values differ from fill_value (0.0)",0
CHUNK_SAMPLE_POPULATED,info,PHercParis4/segments/20260623154617-w089-091/ink-detection/PHercParis4-20260623154617-2.4um-0.22m-78keV-volume-20260411134726-L2-3d-ink-max.zarr,1,920.7788,"window (920, 7788)+(64, 64): 4096/4096 values differ from fill_value (0.0)",0
CHUNK_SAMPLE_POPULATED,info,PHercParis4/segments/20260623154617-w089-091/ink-detection/PHercParis4-20260623154617-2.4um-0.22m-78keV-volume-20260411134726-L2-3d-ink-max.zarr,1,3068.14962,"window (3068, 14962)+(64, 64): 4096/4096 values differ from fill_value (0.0)",0
CHUNK_SAMPLE_POPULATED,info,PHercParis4/segments/20260623154617-w089-091/ink-detection/PHercParis4-20260623154617-2.4um-0.22m-78keV-volume-20260411134726-L2-3d-ink-max.zarr,1,5215.1639,"window (5215, 1639)+(64, 64): 4096/4096 values differ from fill_value (0.0)",0
CHUNK_SAMPLE_POPULATED,info,PHercParis4/segments/20260623154617-w089-091/ink-detection/PHercParis4-20260623154617-2.4um-0.22m-78keV-volume-20260411134726-L2-3d-ink-max.zarr,2,455.3882,"window (455, 3882)+(64, 64): 4096/4096 values differ from fill_value (0.0)",0
CHUNK_SAMPLE_POPULATED,info,PHercParis4/segments/20260623154617-w089-091/ink-detection/PHercParis4-20260623154617-2.4um-0.22m-78keV-volume-20260411134726-L2-3d-ink-max.zarr,2,1518.7457,"window (1518, 7457)+(64, 64): 4096/4096 values differ from fill_value (0.0)",0
CHUNK_SAMPLE_POPULATED,info,PHercParis4/segments/20260623154617-w089-091/ink-detection/PHercParis4-20260623154617-2.4um-0.22m-78keV-volume-20260411134726-L2-3d-ink-max.zarr,2,2580.817,"window (2580, 817)+(64, 64): 4096/4096 values differ from fill_value (0.0)",0
CHUNK_SAMPLE_POPULATED,info,PHercParis4/segments/20260623154617-w089-091/ink-detection/PHercParis4-20260623154617-2.4um-0.22m-78keV-volume-20260411134726-L2-3d-ink-max.zarr,3,222.1928,"window (222, 1928)+(64, 64): 4096/4096 values differ from fill_value (0.0)",0
CHUNK_SAMPLE_POPULATED,info,PHercParis4/segments/20260623154617-w089-091/ink-detection/PHercParis4-20260623154617-2.4um-0.22m-78keV-volume-20260411134726-L2-3d-ink-max.zarr,3,743.3705,"window (743, 3705)+(64, 64): 4096/4096 values differ from fill_value (0.0)",0
CHUNK_SAMPLE_POPULATED,info,PHercParis4/segments/20260623154617-w089-091/ink-detection/PHercParis4-20260623154617-2.4um-0.22m-78keV-volume-20260411134726-L2-3d-ink-max.zarr,3,1263.406,"window (1263, 406)+(64, 64): 4096/4096 values differ from fill_value (0.0)",0
CHUNK_SAMPLE_POPULATED,info,PHercParis4/segments/20260623154617-w089-091/ink-detection/PHercParis4-20260623154617-2.4um-0.22m-78keV-volume-20260411134726-L2-3d-ink-max.zarr,4,106.952,"window (106, 952)+(64, 64): 4096/4096 values differ from fill_value (0.0)",0
CHUNK_SAMPLE_POPULATED,info,PHercParis4/segments/20260623154617-w089-091/ink-detection/PHercParis4-20260623154617-2.4um-0.22m-78keV-volume-20260411134726-L2-3d-ink-max.zarr,4,355.1829,"window (355, 1829)+(64, 64): 4096/4096 values differ from fill_value (0.0)",0
CHUNK_SAMPLE_POPULATED,info,PHercParis4/segments/20260623154617-w089-091/ink-detection/PHercParis4-20260623154617-2.4um-0.22m-78keV-volume-20260411134726-L2-3d-ink-max.zarr,4,604.200,"window (604, 200)+(64, 64): 4096/4096 values differ from fill_value (0.0)",0
CHUNK_SAMPLE_POPULATED,info,PHercParis4/segments/20260623154617-w089-091/ink-detection/PHercParis4-20260623154617-2.4um-0.22m-78keV-volume-20260411134726-L2-3d-ink-max.zarr,5,48.463,"window (48, 463)+(64, 64): 4090/4096 values differ from fill_value (0.0)",0
CHUNK_SAMPLE_POPULATED,info,PHercParis4/segments/20260623154617-w089-091/ink-detection/PHercParis4-20260623154617-2.4um-0.22m-78keV-volume-20260411134726-L2-3d-ink-max.zarr,5,162.891,"window (162, 891)+(64, 64): 4096/4096 values differ from fill_value (0.0)",0
CHUNK_SAMPLE_POPULATED,info,PHercParis4/segments/20260623154617-w089-091/ink-detection/PHercParis4-20260623154617-2.4um-0.22m-78keV-volume-20260411134726-L2-3d-ink-max.zarr,5,275.97,"window (275, 97)+(64, 64): 4096/4096 values differ from fill_value (0.0)",0
CHUNK_SAMPLE_EMPTY,info,PHercParis4/segments/20260623161921-w104-106/ink-detection/PHercParis4-20260623161921-2.4um-0.22m-78keV-volume-20260411134726-L2-3d-ink-max.zarr,0,1859.17653,"window (1859, 17653)+(64, 64): 0/4096 values differ from fill_value (0.0)",0
CHUNK_SAMPLE_POPULATED,info,PHercParis4/segments/20260623161921-w104-106/ink-detection/PHercParis4-20260623161921-2.4um-0.22m-78keV-volume-20260411134726-L2-3d-ink-max.zarr,0,6198.33912,"window (6198, 33912)+(64, 64): 4096/4096 values differ from fill_value (0.0)",0
CHUNK_SAMPLE_POPULATED,info,PHercParis4/segments/20260623161921-w104-106/ink-detection/PHercParis4-20260623161921-2.4um-0.22m-78keV-volume-20260411134726-L2-3d-ink-max.zarr,0,10536.3716,"window (10536, 3716)+(64, 64): 4096/4096 values differ from fill_value (0.0)",0
CHUNK_SAMPLE_EMPTY,info,PHercParis4/segments/20260623161921-w104-106/ink-detection/PHercParis4-20260623161921-2.4um-0.22m-78keV-volume-20260411134726-L2-3d-ink-max.zarr,1,924.8814,"window (924, 8814)+(64, 64): 0/4096 values differ from fill_value (0.0)",0
CHUNK_SAMPLE_POPULATED,info,PHercParis4/segments/20260623161921-w104-106/ink-detection/PHercParis4-20260623161921-2.4um-0.22m-78keV-volume-20260411134726-L2-3d-ink-max.zarr,1,3083.16933,"window (3083, 16933)+(64, 64): 4096/4096 values differ from fill_value (0.0)",0
CHUNK_SAMPLE_POPULATED,info,PHercParis4/segments/20260623161921-w104-106/ink-detection/PHercParis4-20260623161921-2.4um-0.22m-78keV-volume-20260411134726-L2-3d-ink-max.zarr,1,5241.1855,"window (5241, 1855)+(64, 64): 4096/4096 values differ from fill_value (0.0)",0
CHUNK_SAMPLE_POPULATED,info,PHercParis4/segments/20260623161921-w104-106/ink-detection/PHercParis4-20260623161921-2.4um-0.22m-78keV-volume-20260411134726-L2-3d-ink-max.zarr,2,457.4395,"window (457, 4395)+(64, 64): 1309/4096 values differ from fill_value (0.0)",0
CHUNK_SAMPLE_POPULATED,info,PHercParis4/segments/20260623161921-w104-106/ink-detection/PHercParis4-20260623161921-2.4um-0.22m-78keV-volume-20260411134726-L2-3d-ink-max.zarr,2,1525.8443,"window (1525, 8443)+(64, 64): 4096/4096 values differ from fill_value (0.0)",0
CHUNK_SAMPLE_POPULATED,info,PHercParis4/segments/20260623161921-w104-106/ink-detection/PHercParis4-20260623161921-2.4um-0.22m-78keV-volume-20260411134726-L2-3d-ink-max.zarr,2,2593.925,"window (2593, 925)+(64, 64): 4096/4096 values differ from fill_value (0.0)",0
CHUNK_SAMPLE_POPULATED,info,PHercParis4/segments/20260623161921-w104-106/ink-detection/PHercParis4-20260623161921-2.4um-0.22m-78keV-volume-20260411134726-L2-3d-ink-max.zarr,3,224.2185,"window (224, 2185)+(64, 64): 2434/4096 values differ from fill_value (0.0)",0
CHUNK_SAMPLE_POPULATED,info,PHercParis4/segments/20260623161921-w104-106/ink-detection/PHercParis4-20260623161921-2.4um-0.22m-78keV-volume-20260411134726-L2-3d-ink-max.zarr,3,747.4198,"window (747, 4198)+(64, 64): 4096/4096 values differ from fill_value (0.0)",0
CHUNK_SAMPLE_POPULATED,info,PHercParis4/segments/20260623161921-w104-106/ink-detection/PHercParis4-20260623161921-2.4um-0.22m-78keV-volume-20260411134726-L2-3d-ink-max.zarr,3,1269.460,"window (1269, 460)+(64, 64): 4096/4096 values differ from fill_value (0.0)",0
CHUNK_SAMPLE_POPULATED,info,PHercParis4/segments/20260623161921-w104-106/ink-detection/PHercParis4-20260623161921-2.4um-0.22m-78keV-volume-20260411134726-L2-3d-ink-max.zarr,4,107.1080,"window (107, 1080)+(64, 64): 2962/4096 values differ from fill_value (0.0)",0
CHUNK_SAMPLE_POPULATED,info,PHercParis4/segments/20260623161921-w104-106/ink-detection/PHercParis4-20260623161921-2.4um-0.22m-78keV-volume-20260411134726-L2-3d-ink-max.zarr,4,357.2076,"window (357, 2076)+(64, 64): 4096/4096 values differ from fill_value (0.0)",0
CHUNK_SAMPLE_POPULATED,info,PHercParis4/segments/20260623161921-w104-106/ink-detection/PHercParis4-20260623161921-2.4um-0.22m-78keV-volume-20260411134726-L2-3d-ink-max.zarr,4,607.227,"window (607, 227)+(64, 64): 4096/4096 values differ from fill_value (0.0)",0
CHUNK_SAMPLE_POPULATED,info,PHercParis4/segments/20260623161921-w104-106/ink-detection/PHercParis4-20260623161921-2.4um-0.22m-78keV-volume-20260411134726-L2-3d-ink-max.zarr,5,48.528,"window (48, 528)+(64, 64): 3171/4096 values differ from fill_value (0.0)",0
CHUNK_SAMPLE_POPULATED,info,PHercParis4/segments/20260623161921-w104-106/ink-detection/PHercParis4-20260623161921-2.4um-0.22m-78keV-volume-20260411134726-L2-3d-ink-max.zarr,5,163.1014,"window (163, 1014)+(64, 64): 4009/4096 values differ from fill_value (0.0)",0
CHUNK_SAMPLE_POPULATED,info,PHercParis4/segments/20260623161921-w104-106/ink-detection/PHercParis4-20260623161921-2.4um-0.22m-78keV-volume-20260411134726-L2-3d-ink-max.zarr,5,277.111,"window (277, 111)+(64, 64): 4096/4096 values differ from fill_value (0.0)",0
CHUNK_SAMPLE_EMPTY,info,PHercParis4/segments/20260623164141-w113-115/ink-detection/PHercParis4-20260623164141-2.4um-0.22m-78keV-volume-20260411134726-L2-3d-ink-max.zarr,0,1865.18610,"window (1865, 18610)+(64, 64): 0/4096 values differ from fill_value (0.0)",0
CHUNK_SAMPLE_POPULATED,info,PHercParis4/segments/20260623164141-w113-115/ink-detection/PHercParis4-20260623164141-2.4um-0.22m-78keV-volume-20260411134726-L2-3d-ink-max.zarr,0,6218.35752,"window (6218, 35752)+(64, 64): 4096/4096 values differ from fill_value (0.0)",0
CHUNK_SAMPLE_POPULATED,info,PHercParis4/segments/20260623164141-w113-115/ink-detection/PHercParis4-20260623164141-2.4um-0.22m-78keV-volume-20260411134726-L2-3d-ink-max.zarr,0,10570.3918,"window (10570, 3918)+(64, 64): 4096/4096 values differ from fill_value (0.0)",0
CHUNK_SAMPLE_EMPTY,info,PHercParis4/segments/20260623164141-w113-115/ink-detection/PHercParis4-20260623164141-2.4um-0.22m-78keV-volume-20260411134726-L2-3d-ink-max.zarr,1,927.9293,"window (927, 9293)+(64, 64): 0/4096 values differ from fill_value (0.0)",0
CHUNK_SAMPLE_POPULATED,info,PHercParis4/segments/20260623164141-w113-115/ink-detection/PHercParis4-20260623164141-2.4um-0.22m-78keV-volume-20260411134726-L2-3d-ink-max.zarr,1,3093.17852,"window (3093, 17852)+(64, 64): 4096/4096 values differ from fill_value (0.0)",0
CHUNK_SAMPLE_POPULATED,info,PHercParis4/segments/20260623164141-w113-115/ink-detection/PHercParis4-20260623164141-2.4um-0.22m-78keV-volume-20260411134726-L2-3d-ink-max.zarr,1,5258.1956,"window (5258, 1956)+(64, 64): 4096/4096 values differ from fill_value (0.0)",0
CHUNK_SAMPLE_POPULATED,info,PHercParis4/segments/20260623164141-w113-115/ink-detection/PHercParis4-20260623164141-2.4um-0.22m-78keV-volume-20260411134726-L2-3d-ink-max.zarr,2,459.4634,"window (459, 4634)+(64, 64): 324/4096 values differ from fill_value (0.0)",0
CHUNK_SAMPLE_POPULATED,info,PHercParis4/segments/20260623164141-w113-115/ink-detection/PHercParis4-20260623164141-2.4um-0.22m-78keV-volume-20260411134726-L2-3d-ink-max.zarr,2,1530.8903,"window (1530, 8903)+(64, 64): 4096/4096 values differ from fill_value (0.0)",0
CHUNK_SAMPLE_POPULATED,info,PHercParis4/segments/20260623164141-w113-115/ink-detection/PHercParis4-20260623164141-2.4um-0.22m-78keV-volume-20260411134726-L2-3d-ink-max.zarr,2,2601.975,"window (2601, 975)+(64, 64): 4096/4096 values differ from fill_value (0.0)",0
CHUNK_SAMPLE_POPULATED,info,PHercParis4/segments/20260623164141-w113-115/ink-detection/PHercParis4-20260623164141-2.4um-0.22m-78keV-volume-20260411134726-L2-3d-ink-max.zarr,3,224.2305,"window (224, 2305)+(64, 64): 1454/4096 values differ from fill_value (0.0)",0
CHUNK_SAMPLE_POPULATED,info,PHercParis4/segments/20260623164141-w113-115/ink-detection/PHercParis4-20260623164141-2.4um-0.22m-78keV-volume-20260411134726-L2-3d-ink-max.zarr,3,749.4428,"window (749, 4428)+(64, 64): 4096/4096 values differ from fill_value (0.0)",0
CHUNK_SAMPLE_POPULATED,info,PHercParis4/segments/20260623164141-w113-115/ink-detection/PHercParis4-20260623164141-2.4um-0.22m-78keV-volume-20260411134726-L2-3d-ink-max.zarr,3,1274.485,"window (1274, 485)+(64, 64): 4096/4096 values differ from fill_value (0.0)",0
CHUNK_SAMPLE_POPULATED,info,PHercParis4/segments/20260623164141-w113-115/ink-detection/PHercParis4-20260623164141-2.4um-0.22m-78keV-volume-20260411134726-L2-3d-ink-max.zarr,4,107.1140,"window (107, 1140)+(64, 64): 1996/4096 values differ from fill_value (0.0)",0
CHUNK_SAMPLE_POPULATED,info,PHercParis4/segments/20260623164141-w113-115/ink-detection/PHercParis4-20260623164141-2.4um-0.22m-78keV-volume-20260411134726-L2-3d-ink-max.zarr,4,359.2190,"window (359, 2190)+(64, 64): 4096/4096 values differ from fill_value (0.0)",0
CHUNK_SAMPLE_POPULATED,info,PHercParis4/segments/20260623164141-w113-115/ink-detection/PHercParis4-20260623164141-2.4um-0.22m-78keV-volume-20260411134726-L2-3d-ink-max.zarr,4,610.240,"window (610, 240)+(64, 64): 4096/4096 values differ from fill_value (0.0)",0
CHUNK_SAMPLE_POPULATED,info,PHercParis4/segments/20260623164141-w113-115/ink-detection/PHercParis4-20260623164141-2.4um-0.22m-78keV-volume-20260411134726-L2-3d-ink-max.zarr,5,49.558,"window (49, 558)+(64, 64): 2107/4096 values differ from fill_value (0.0)",0
CHUNK_SAMPLE_POPULATED,info,PHercParis4/segments/20260623164141-w113-115/ink-detection/PHercParis4-20260623164141-2.4um-0.22m-78keV-volume-20260411134726-L2-3d-ink-max.zarr,5,163.1072,"window (163, 1072)+(64, 64): 3490/4096 values differ from fill_value (0.0)",0
CHUNK_SAMPLE_POPULATED,info,PHercParis4/segments/20260623164141-w113-115/ink-detection/PHercParis4-20260623164141-2.4um-0.22m-78keV-volume-20260411134726-L2-3d-ink-max.zarr,5,277.117,"window (277, 117)+(64, 64): 4096/4096 values differ from fill_value (0.0)",0
CHUNK_SAMPLE_POPULATED,info,PHercParis4/segments/20260623160554-w098-100/ink-detection/PHercParis4-20260623160554-2.4um-0.22m-78keV-volume-20260411134726-L2-3d-ink-max.zarr,0,1841.17037,"window (1841, 17037)+(64, 64): 4096/4096 values differ from fill_value (0.0)",0
CHUNK_SAMPLE_POPULATED,info,PHercParis4/segments/20260623160554-w098-100/ink-detection/PHercParis4-20260623160554-2.4um-0.22m-78keV-volume-20260411134726-L2-3d-ink-max.zarr,0,6138.32730,"window (6138, 32730)+(64, 64): 4096/4096 values differ from fill_value (0.0)",0
CHUNK_SAMPLE_POPULATED,info,PHercParis4/segments/20260623160554-w098-100/ink-detection/PHercParis4-20260623160554-2.4um-0.22m-78keV-volume-20260411134726-L2-3d-ink-max.zarr,0,10434.3586,"window (10434, 3586)+(64, 64): 4096/4096 values differ from fill_value (0.0)",0
CHUNK_SAMPLE_POPULATED,info,PHercParis4/segments/20260623160554-w098-100/ink-detection/PHercParis4-20260623160554-2.4um-0.22m-78keV-volume-20260411134726-L2-3d-ink-max.zarr,1,915.8506,"window (915, 8506)+(64, 64): 4096/4096 values differ from fill_value (0.0)",0
CHUNK_SAMPLE_POPULATED,info,PHercParis4/segments/20260623160554-w098-100/ink-detection/PHercParis4-20260623160554-2.4um-0.22m-78keV-volume-20260411134726-L2-3d-ink-max.zarr,1,3053.16341,"window (3053, 16341)+(64, 64): 4096/4096 values differ from fill_value (0.0)",0
CHUNK_SAMPLE_POPULATED,info,PHercParis4/segments/20260623160554-w098-100/ink-detection/PHercParis4-20260623160554-2.4um-0.22m-78keV-volume-20260411134726-L2-3d-ink-max.zarr,1,5190.1790,"window (5190, 1790)+(64, 64): 4096/4096 values differ from fill_value (0.0)",0
CHUNK_SAMPLE_POPULATED,info,PHercParis4/segments/20260623160554-w098-100/ink-detection/PHercParis4-20260623160554-2.4um-0.22m-78keV-volume-20260411134726-L2-3d-ink-max.zarr,2,453.4241,"window (453, 4241)+(64, 64): 4077/4096 values differ from fill_value (0.0)",0
CHUNK_SAMPLE_POPULATED,info,PHercParis4/segments/20260623160554-w098-100/ink-detection/PHercParis4-20260623160554-2.4um-0.22m-78keV-volume-20260411134726-L2-3d-ink-max.zarr,2,1510.8147,"window (1510, 8147)+(64, 64): 4096/4096 values differ from fill_value (0.0)",0
CHUNK_SAMPLE_POPULATED,info,PHercParis4/segments/20260623160554-w098-100/ink-detection/PHercParis4-20260623160554-2.4um-0.22m-78keV-volume-20260411134726-L2-3d-ink-max.zarr,2,2567.892,"window (2567, 892)+(64, 64): 4096/4096 values differ from fill_value (0.0)",0
CHUNK_SAMPLE_POPULATED,info,PHercParis4/segments/20260623160554-w098-100/ink-detection/PHercParis4-20260623160554-2.4um-0.22m-78keV-volume-20260411134726-L2-3d-ink-max.zarr,3,221.2108,"window (221, 2108)+(64, 64): 3785/4096 values differ from fill_value (0.0)",0
CHUNK_SAMPLE_POPULATED,info,PHercParis4/segments/20260623160554-w098-100/ink-detection/PHercParis4-20260623160554-2.4um-0.22m-78keV-volume-20260411134726-L2-3d-ink-max.zarr,3,739.4050,"window (739, 4050)+(64, 64): 4096/4096 values differ from fill_value (0.0)",0
CHUNK_SAMPLE_POPULATED,info,PHercParis4/segments/20260623160554-w098-100/ink-detection/PHercParis4-20260623160554-2.4um-0.22m-78keV-volume-20260411134726-L2-3d-ink-max.zarr,3,1257.443,"window (1257, 443)+(64, 64): 4096/4096 values differ from fill_value (0.0)",0
CHUNK_SAMPLE_POPULATED,info,PHercParis4/segments/20260623160554-w098-100/ink-detection/PHercParis4-20260623160554-2.4um-0.22m-78keV-volume-20260411134726-L2-3d-ink-max.zarr,4,106.1042,"window (106, 1042)+(64, 64): 3709/4096 values differ from fill_value (0.0)",0
CHUNK_SAMPLE_POPULATED,info,PHercParis4/segments/20260623160554-w098-100/ink-detection/PHercParis4-20260623160554-2.4um-0.22m-78keV-volume-20260411134726-L2-3d-ink-max.zarr,4,354.2002,"window (354, 2002)+(64, 64): 4096/4096 values differ from fill_value (0.0)",0
CHUNK_SAMPLE_POPULATED,info,PHercParis4/segments/20260623160554-w098-100/ink-detection/PHercParis4-20260623160554-2.4um-0.22m-78keV-volume-20260411134726-L2-3d-ink-max.zarr,4,601.219,"window (601, 219)+(64, 64): 4096/4096 values differ from fill_value (0.0)",0
CHUNK_SAMPLE_POPULATED,info,PHercParis4/segments/20260623160554-w098-100/ink-detection/PHercParis4-20260623160554-2.4um-0.22m-78keV-volume-20260411134726-L2-3d-ink-max.zarr,5,48.509,"window (48, 509)+(64, 64): 3669/4096 values differ from fill_value (0.0)",0
CHUNK_SAMPLE_POPULATED,info,PHercParis4/segments/20260623160554-w098-100/ink-detection/PHercParis4-20260623160554-2.4um-0.22m-78keV-volume-20260411134726-L2-3d-ink-max.zarr,5,161.978,"window (161, 978)+(64, 64): 4096/4096 values differ from fill_value (0.0)",0
CHUNK_SAMPLE_POPULATED,info,PHercParis4/segments/20260623160554-w098-100/ink-detection/PHercParis4-20260623160554-2.4um-0.22m-78keV-volume-20260411134726-L2-3d-ink-max.zarr,5,273.107,"window (273, 107)+(64, 64): 4096/4096 values differ from fill_value (0.0)",0
CHUNK_SAMPLE_EMPTY,info,PHercParis4/segments/20260623163339-w110-112/ink-detection/PHercParis4-20260623163339-2.4um-0.22m-78keV-volume-20260411134726-L2-3d-ink-max.zarr,0,1871.18238,"window (1871, 18238)+(64, 64): 0/4096 values differ from fill_value (0.0)",0
CHUNK_SAMPLE_POPULATED,info,PHercParis4/segments/20260623163339-w110-112/ink-detection/PHercParis4-20260623163339-2.4um-0.22m-78keV-volume-20260411134726-L2-3d-ink-max.zarr,0,6238.35037,"window (6238, 35037)+(64, 64): 4096/4096 values differ from fill_value (0.0)",0
CHUNK_SAMPLE_POPULATED,info,PHercParis4/segments/20260623163339-w110-112/ink-detection/PHercParis4-20260623163339-2.4um-0.22m-78keV-volume-20260411134726-L2-3d-ink-max.zarr,0,10604.3839,"window (10604, 3839)+(64, 64): 4096/4096 values differ from fill_value (0.0)",0
CHUNK_SAMPLE_EMPTY,info,PHercParis4/segments/20260623163339-w110-112/ink-detection/PHercParis4-20260623163339-2.4um-0.22m-78keV-volume-20260411134726-L2-3d-ink-max.zarr,1,930.9107,"window (930, 9107)+(64, 64): 0/4096 values differ from fill_value (0.0)",0
CHUNK_SAMPLE_POPULATED,info,PHercParis4/segments/20260623163339-w110-112/ink-detection/PHercParis4-20260623163339-2.4um-0.22m-78keV-volume-20260411134726-L2-3d-ink-max.zarr,1,3103.17495,"window (3103, 17495)+(64, 64): 4096/4096 values differ from fill_value (0.0)",0
CHUNK_SAMPLE_POPULATED,info,PHercParis4/segments/20260623163339-w110-112/ink-detection/PHercParis4-20260623163339-2.4um-0.22m-78keV-volume-20260411134726-L2-3d-ink-max.zarr,1,5275.1917,"window (5275, 1917)+(64, 64): 4096/4096 values differ from fill_value (0.0)",0
CHUNK_SAMPLE_POPULATED,info,PHercParis4/segments/20260623163339-w110-112/ink-detection/PHercParis4-20260623163339-2.4um-0.22m-78keV-volume-20260411134726-L2-3d-ink-max.zarr,2,460.4541,"window (460, 4541)+(64, 64): 124/4096 values differ from fill_value (0.0)",0
CHUNK_SAMPLE_POPULATED,info,PHercParis4/segments/20260623163339-w110-112/ink-detection/PHercParis4-20260623163339-2.4um-0.22m-78keV-volume-20260411134726-L2-3d-ink-max.zarr,2,1535.8724,"window (1535, 8724)+(64, 64): 4096/4096 values differ from fill_value (0.0)",0
CHUNK_SAMPLE_POPULATED,info,PHercParis4/segments/20260623163339-w110-112/ink-detection/PHercParis4-20260623163339-2.4um-0.22m-78keV-volume-20260411134726-L2-3d-ink-max.zarr,2,2610.956,"window (2610, 956)+(64, 64): 4096/4096 values differ from fill_value (0.0)",0
CHUNK_SAMPLE_POPULATED,info,PHercParis4/segments/20260623163339-w110-112/ink-detection/PHercParis4-20260623163339-2.4um-0.22m-78keV-volume-20260411134726-L2-3d-ink-max.zarr,3,225.2258,"window (225, 2258)+(64, 64): 1424/4096 values differ from fill_value (0.0)",0
CHUNK_SAMPLE_POPULATED,info,PHercParis4/segments/20260623163339-w110-112/ink-detection/PHercParis4-20260623163339-2.4um-0.22m-78keV-volume-20260411134726-L2-3d-ink-max.zarr,3,752.4339,"window (752, 4339)+(64, 64): 4096/4096 values differ from fill_value (0.0)",0
CHUNK_SAMPLE_POPULATED,info,PHercParis4/segments/20260623163339-w110-112/ink-detection/PHercParis4-20260623163339-2.4um-0.22m-78keV-volume-20260411134726-L2-3d-ink-max.zarr,3,1278.475,"window (1278, 475)+(64, 64): 4096/4096 values differ from fill_value (0.0)",0
CHUNK_SAMPLE_POPULATED,info,PHercParis4/segments/20260623163339-w110-112/ink-detection/PHercParis4-20260623163339-2.4um-0.22m-78keV-volume-20260411134726-L2-3d-ink-max.zarr,4,108.1117,"window (108, 1117)+(64, 64): 2111/4096 values differ from fill_value (0.0)",0
CHUNK_SAMPLE_POPULATED,info,PHercParis4/segments/20260623163339-w110-112/ink-detection/PHercParis4-20260623163339-2.4um-0.22m-78keV-volume-20260411134726-L2-3d-ink-max.zarr,4,360.2146,"window (360, 2146)+(64, 64): 4096/4096 values differ from fill_value (0.0)",0
CHUNK_SAMPLE_POPULATED,info,PHercParis4/segments/20260623163339-w110-112/ink-detection/PHercParis4-20260623163339-2.4um-0.22m-78keV-volume-20260411134726-L2-3d-ink-max.zarr,4,612.235,"window (612, 235)+(64, 64): 4096/4096 values differ from fill_value (0.0)",0
CHUNK_SAMPLE_POPULATED,info,PHercParis4/segments/20260623163339-w110-112/ink-detection/PHercParis4-20260623163339-2.4um-0.22m-78keV-volume-20260411134726-L2-3d-ink-max.zarr,5,49.546,"window (49, 546)+(64, 64): 2317/4096 values differ from fill_value (0.0)",0
CHUNK_SAMPLE_POPULATED,info,PHercParis4/segments/20260623163339-w110-112/ink-detection/PHercParis4-20260623163339-2.4um-0.22m-78keV-volume-20260411134726-L2-3d-ink-max.zarr,5,164.1049,"window (164, 1049)+(64, 64): 3487/4096 values differ from fill_value (0.0)",0
CHUNK_SAMPLE_POPULATED,info,PHercParis4/segments/20260623163339-w110-112/ink-detection/PHercParis4-20260623163339-2.4um-0.22m-78keV-volume-20260411134726-L2-3d-ink-max.zarr,5,278.115,"window (278, 115)+(64, 64): 4096/4096 values differ from fill_value (0.0)",0
CHUNK_SAMPLE_POPULATED,info,PHercParis4/segments/20260623154006-w085-088/ink-detection/PHercParis4-20260623154006-2.4um-0.22m-78keV-volume-20260411134726-L2-3d-ink-max.zarr,0,1856.19621,"window (1856, 19621)+(64, 64): 4096/4096 values differ from fill_value (0.0)",0
CHUNK_SAMPLE_POPULATED,info,PHercParis4/segments/20260623154006-w085-088/ink-detection/PHercParis4-20260623154006-2.4um-0.22m-78keV-volume-20260411134726-L2-3d-ink-max.zarr,0,6188.37694,"window (6188, 37694)+(64, 64): 4096/4096 values differ from fill_value (0.0)",0
CHUNK_SAMPLE_POPULATED,info,PHercParis4/segments/20260623154006-w085-088/ink-detection/PHercParis4-20260623154006-2.4um-0.22m-78keV-volume-20260411134726-L2-3d-ink-max.zarr,0,10519.4130,"window (10519, 4130)+(64, 64): 4096/4096 values differ from fill_value (0.0)",0
CHUNK_SAMPLE_POPULATED,info,PHercParis4/segments/20260623154006-w085-088/ink-detection/PHercParis4-20260623154006-2.4um-0.22m-78keV-volume-20260411134726-L2-3d-ink-max.zarr,1,923.9798,"window (923, 9798)+(64, 64): 4096/4096 values differ from fill_value (0.0)",0
CHUNK_SAMPLE_POPULATED,info,PHercParis4/segments/20260623154006-w085-088/ink-detection/PHercParis4-20260623154006-2.4um-0.22m-78keV-volume-20260411134726-L2-3d-ink-max.zarr,1,3078.18823,"window (3078, 18823)+(64, 64): 4096/4096 values differ from fill_value (0.0)",0
CHUNK_SAMPLE_POPULATED,info,PHercParis4/segments/20260623154006-w085-088/ink-detection/PHercParis4-20260623154006-2.4um-0.22m-78keV-volume-20260411134726-L2-3d-ink-max.zarr,1,5232.2062,"window (5232, 2062)+(64, 64): 4096/4096 values differ from fill_value (0.0)",0
CHUNK_SAMPLE_POPULATED,info,PHercParis4/segments/20260623154006-w085-088/ink-detection/PHercParis4-20260623154006-2.4um-0.22m-78keV-volume-20260411134726-L2-3d-ink-max.zarr,2,456.4887,"window (456, 4887)+(64, 64): 4096/4096 values differ from fill_value (0.0)",0
CHUNK_SAMPLE_POPULATED,info,PHercParis4/segments/20260623154006-w085-088/ink-detection/PHercParis4-20260623154006-2.4um-0.22m-78keV-volume-20260411134726-L2-3d-ink-max.zarr,2,1523.9388,"window (1523, 9388)+(64, 64): 4096/4096 values differ from fill_value (0.0)",0
CHUNK_SAMPLE_POPULATED,info,PHercParis4/segments/20260623154006-w085-088/ink-detection/PHercParis4-20260623154006-2.4um-0.22m-78keV-volume-20260411134726-L2-3d-ink-max.zarr,2,2589.1028,"window (2589, 1028)+(64, 64): 4096/4096 values differ from fill_value (0.0)",0
CHUNK_SAMPLE_POPULATED,info,PHercParis4/segments/20260623154006-w085-088/ink-detection/PHercParis4-20260623154006-2.4um-0.22m-78keV-volume-20260411134726-L2-3d-ink-max.zarr,3,223.2431,"window (223, 2431)+(64, 64): 4096/4096 values differ from fill_value (0.0)",0
CHUNK_SAMPLE_POPULATED,info,PHercParis4/segments/20260623154006-w085-088/ink-detection/PHercParis4-20260623154006-2.4um-0.22m-78keV-volume-20260411134726-L2-3d-ink-max.zarr,3,745.4671,"window (745, 4671)+(64, 64): 4096/4096 values differ from fill_value (0.0)",0
CHUNK_SAMPLE_POPULATED,info,PHercParis4/segments/20260623154006-w085-088/ink-detection/PHercParis4-20260623154006-2.4um-0.22m-78keV-volume-20260411134726-L2-3d-ink-max.zarr,3,1267.511,"window (1267, 511)+(64, 64): 4096/4096 values differ from fill_value (0.0)",0
CHUNK_SAMPLE_POPULATED,info,PHercParis4/segments/20260623154006-w085-088/ink-detection/PHercParis4-20260623154006-2.4um-0.22m-78keV-volume-20260411134726-L2-3d-ink-max.zarr,4,107.1203,"window (107, 1203)+(64, 64): 4096/4096 values differ from fill_value (0.0)",0
CHUNK_SAMPLE_POPULATED,info,PHercParis4/segments/20260623154006-w085-088/ink-detection/PHercParis4-20260623154006-2.4um-0.22m-78keV-volume-20260411134726-L2-3d-ink-max.zarr,4,357.2312,"window (357, 2312)+(64, 64): 4096/4096 values differ from fill_value (0.0)",0
CHUNK_SAMPLE_POPULATED,info,PHercParis4/segments/20260623154006-w085-088/ink-detection/PHercParis4-20260623154006-2.4um-0.22m-78keV-volume-20260411134726-L2-3d-ink-max.zarr,4,606.253,"window (606, 253)+(64, 64): 4096/4096 values differ from fill_value (0.0)",0
CHUNK_SAMPLE_POPULATED,info,PHercParis4/segments/20260623154006-w085-088/ink-detection/PHercParis4-20260623154006-2.4um-0.22m-78keV-volume-20260411134726-L2-3d-ink-max.zarr,5,48.589,"window (48, 589)+(64, 64): 4096/4096 values differ from fill_value (0.0)",0
CHUNK_SAMPLE_POPULATED,info,PHercParis4/segments/20260623154006-w085-088/ink-detection/PHercParis4-20260623154006-2.4um-0.22m-78keV-volume-20260411134726-L2-3d-ink-max.zarr,5,162.1132,"window (162, 1132)+(64, 64): 4096/4096 values differ from fill_value (0.0)",0
CHUNK_SAMPLE_POPULATED,info,PHercParis4/segments/20260623154006-w085-088/ink-detection/PHercParis4-20260623154006-2.4um-0.22m-78keV-volume-20260411134726-L2-3d-ink-max.zarr,5,276.124,"window (276, 124)+(64, 64): 4096/4096 values differ from fill_value (0.0)",0
CHUNK_SAMPLE_POPULATED,info,PHercParis4/segments/20260623155914-w095-097/ink-detection/PHercParis4-20260623155914-2.4um-0.22m-78keV-volume-20260411134726-L2-3d-ink-max.zarr,0,1850.16642,"window (1850, 16642)+(64, 64): 4096/4096 values differ from fill_value (0.0)",0
CHUNK_SAMPLE_POPULATED,info,PHercParis4/segments/20260623155914-w095-097/ink-detection/PHercParis4-20260623155914-2.4um-0.22m-78keV-volume-20260411134726-L2-3d-ink-max.zarr,0,6168.31971,"window (6168, 31971)+(64, 64): 4096/4096 values differ from fill_value (0.0)",0
CHUNK_SAMPLE_POPULATED,info,PHercParis4/segments/20260623155914-w095-097/ink-detection/PHercParis4-20260623155914-2.4um-0.22m-78keV-volume-20260411134726-L2-3d-ink-max.zarr,0,10485.3503,"window (10485, 3503)+(64, 64): 4096/4096 values differ from fill_value (0.0)",0
CHUNK_SAMPLE_POPULATED,info,PHercParis4/segments/20260623155914-w095-097/ink-detection/PHercParis4-20260623155914-2.4um-0.22m-78keV-volume-20260411134726-L2-3d-ink-max.zarr,1,920.8309,"window (920, 8309)+(64, 64): 4096/4096 values differ from fill_value (0.0)",0
CHUNK_SAMPLE_POPULATED,info,PHercParis4/segments/20260623155914-w095-097/ink-detection/PHercParis4-20260623155914-2.4um-0.22m-78keV-volume-20260411134726-L2-3d-ink-max.zarr,1,3068.15962,"window (3068, 15962)+(64, 64): 4096/4096 values differ from fill_value (0.0)",0
CHUNK_SAMPLE_POPULATED,info,PHercParis4/segments/20260623155914-w095-097/ink-detection/PHercParis4-20260623155914-2.4um-0.22m-78keV-volume-20260411134726-L2-3d-ink-max.zarr,1,5215.1749,"window (5215, 1749)+(64, 64): 4096/4096 values differ from fill_value (0.0)",0
CHUNK_SAMPLE_POPULATED,info,PHercParis4/segments/20260623155914-w095-097/ink-detection/PHercParis4-20260623155914-2.4um-0.22m-78keV-volume-20260411134726-L2-3d-ink-max.zarr,2,455.4142,"window (455, 4142)+(64, 64): 4096/4096 values differ from fill_value (0.0)",0
CHUNK_SAMPLE_POPULATED,info,PHercParis4/segments/20260623155914-w095-097/ink-detection/PHercParis4-20260623155914-2.4um-0.22m-78keV-volume-20260411134726-L2-3d-ink-max.zarr,2,1518.7957,"window (1518, 7957)+(64, 64): 4096/4096 values differ from fill_value (0.0)",0
CHUNK_SAMPLE_POPULATED,info,PHercParis4/segments/20260623155914-w095-097/ink-detection/PHercParis4-20260623155914-2.4um-0.22m-78keV-volume-20260411134726-L2-3d-ink-max.zarr,2,2580.872,"window (2580, 872)+(64, 64): 4096/4096 values differ from fill_value (0.0)",0
CHUNK_SAMPLE_POPULATED,info,PHercParis4/segments/20260623155914-w095-097/ink-detection/PHercParis4-20260623155914-2.4um-0.22m-78keV-volume-20260411134726-L2-3d-ink-max.zarr,3,222.2059,"window (222, 2059)+(64, 64): 4096/4096 values differ from fill_value (0.0)",0
CHUNK_SAMPLE_POPULATED,info,PHercParis4/segments/20260623155914-w095-097/ink-detection/PHercParis4-20260623155914-2.4um-0.22m-78keV-volume-20260411134726-L2-3d-ink-max.zarr,3,743.3955,"window (743, 3955)+(64, 64): 4096/4096 values differ from fill_value (0.0)",0
CHUNK_SAMPLE_POPULATED,info,PHercParis4/segments/20260623155914-w095-097/ink-detection/PHercParis4-20260623155914-2.4um-0.22m-78keV-volume-20260411134726-L2-3d-ink-max.zarr,3,1263.433,"window (1263, 433)+(64, 64): 4096/4096 values differ from fill_value (0.0)",0
CHUNK_SAMPLE_POPULATED,info,PHercParis4/segments/20260623155914-w095-097/ink-detection/PHercParis4-20260623155914-2.4um-0.22m-78keV-volume-20260411134726-L2-3d-ink-max.zarr,4,106.1017,"window (106, 1017)+(64, 64): 3972/4096 values differ from fill_value (0.0)",0
CHUNK_SAMPLE_POPULATED,info,PHercParis4/segments/20260623155914-w095-097/ink-detection/PHercParis4-20260623155914-2.4um-0.22m-78keV-volume-20260411134726-L2-3d-ink-max.zarr,4,355.1954,"window (355, 1954)+(64, 64): 4096/4096 values differ from fill_value (0.0)",0
CHUNK_SAMPLE_POPULATED,info,PHercParis4/segments/20260623155914-w095-097/ink-detection/PHercParis4-20260623155914-2.4um-0.22m-78keV-volume-20260411134726-L2-3d-ink-max.zarr,4,604.214,"window (604, 214)+(64, 64): 4096/4096 values differ from fill_value (0.0)",0
CHUNK_SAMPLE_POPULATED,info,PHercParis4/segments/20260623155914-w095-097/ink-detection/PHercParis4-20260623155914-2.4um-0.22m-78keV-volume-20260411134726-L2-3d-ink-max.zarr,5,48.496,"window (48, 496)+(64, 64): 3831/4096 values differ from fill_value (0.0)",0
CHUNK_SAMPLE_POPULATED,info,PHercParis4/segments/20260623155914-w095-097/ink-detection/PHercParis4-20260623155914-2.4um-0.22m-78keV-volume-20260411134726-L2-3d-ink-max.zarr,5,162.954,"window (162, 954)+(64, 64): 4096/4096 values differ from fill_value (0.0)",0
CHUNK_SAMPLE_POPULATED,info,PHercParis4/segments/20260623155914-w095-097/ink-detection/PHercParis4-20260623155914-2.4um-0.22m-78keV-volume-20260411134726-L2-3d-ink-max.zarr,5,275.104,"window (275, 104)+(64, 64): 4096/4096 values differ from fill_value (0.0)",0
CHUNK_SAMPLE_EMPTY,info,PHercParis4/segments/20260623162614-w107-109/ink-detection/PHercParis4-20260623162614-2.4um-0.22m-78keV-volume-20260411134726-L2-3d-ink-max.zarr,0,1868.17957,"window (1868, 17957)+(64, 64): 0/4096 values differ from fill_value (0.0)",0
CHUNK_SAMPLE_POPULATED,info,PHercParis4/segments/20260623162614-w107-109/ink-detection/PHercParis4-20260623162614-2.4um-0.22m-78keV-volume-20260411134726-L2-3d-ink-max.zarr,0,6228.34496,"window (6228, 34496)+(64, 64): 4096/4096 values differ from fill_value (0.0)",0
CHUNK_SAMPLE_POPULATED,info,PHercParis4/segments/20260623162614-w107-109/ink-detection/PHercParis4-20260623162614-2.4um-0.22m-78keV-volume-20260411134726-L2-3d-ink-max.zarr,0,10587.3780,"window (10587, 3780)+(64, 64): 4096/4096 values differ from fill_value (0.0)",0
CHUNK_SAMPLE_EMPTY,info,PHercParis4/segments/20260623162614-w107-109/ink-detection/PHercParis4-20260623162614-2.4um-0.22m-78keV-volume-20260411134726-L2-3d-ink-max.zarr,1,929.8966,"window (929, 8966)+(64, 64): 0/4096 values differ from fill_value (0.0)",0
CHUNK_SAMPLE_POPULATED,info,PHercParis4/segments/20260623162614-w107-109/ink-detection/PHercParis4-20260623162614-2.4um-0.22m-78keV-volume-20260411134726-L2-3d-ink-max.zarr,1,3098.17225,"window (3098, 17225)+(64, 64): 4096/4096 values differ from fill_value (0.0)",0
CHUNK_SAMPLE_POPULATED,info,PHercParis4/segments/20260623162614-w107-109/ink-detection/PHercParis4-20260623162614-2.4um-0.22m-78keV-volume-20260411134726-L2-3d-ink-max.zarr,1,5266.1887,"window (5266, 1887)+(64, 64): 4096/4096 values differ from fill_value (0.0)",0
CHUNK_SAMPLE_POPULATED,info,PHercParis4/segments/20260623162614-w107-109/ink-detection/PHercParis4-20260623162614-2.4um-0.22m-78keV-volume-20260411134726-L2-3d-ink-max.zarr,2,459.4471,"window (459, 4471)+(64, 64): 969/4096 values differ from fill_value (0.0)",0
CHUNK_SAMPLE_POPULATED,info,PHercParis4/segments/20260623162614-w107-109/ink-detection/PHercParis4-20260623162614-2.4um-0.22m-78keV-volume-20260411134726-L2-3d-ink-max.zarr,2,1533.8589,"window (1533, 8589)+(64, 64): 4096/4096 values differ from fill_value (0.0)",0
CHUNK_SAMPLE_POPULATED,info,PHercParis4/segments/20260623162614-w107-109/ink-detection/PHercParis4-20260623162614-2.4um-0.22m-78keV-volume-20260411134726-L2-3d-ink-max.zarr,2,2606.941,"window (2606, 941)+(64, 64): 4096/4096 values differ from fill_value (0.0)",0
CHUNK_SAMPLE_POPULATED,info,PHercParis4/segments/20260623162614-w107-109/ink-detection/PHercParis4-20260623162614-2.4um-0.22m-78keV-volume-20260411134726-L2-3d-ink-max.zarr,3,225.2223,"window (225, 2223)+(64, 64): 2163/4096 values differ from fill_value (0.0)",0
CHUNK_SAMPLE_POPULATED,info,PHercParis4/segments/20260623162614-w107-109/ink-detection/PHercParis4-20260623162614-2.4um-0.22m-78keV-volume-20260411134726-L2-3d-ink-max.zarr,3,750.4271,"window (750, 4271)+(64, 64): 4096/4096 values differ from fill_value (0.0)",0
CHUNK_SAMPLE_POPULATED,info,PHercParis4/segments/20260623162614-w107-109/ink-detection/PHercParis4-20260623162614-2.4um-0.22m-78keV-volume-20260411134726-L2-3d-ink-max.zarr,3,1275.468,"window (1275, 468)+(64, 64): 4096/4096 values differ from fill_value (0.0)",0
CHUNK_SAMPLE_POPULATED,info,PHercParis4/segments/20260623162614-w107-109/ink-detection/PHercParis4-20260623162614-2.4um-0.22m-78keV-volume-20260411134726-L2-3d-ink-max.zarr,4,107.1099,"window (107, 1099)+(64, 64): 2670/4096 values differ from fill_value (0.0)",0
CHUNK_SAMPLE_POPULATED,info,PHercParis4/segments/20260623162614-w107-109/ink-detection/PHercParis4-20260623162614-2.4um-0.22m-78keV-volume-20260411134726-L2-3d-ink-max.zarr,4,359.2112,"window (359, 2112)+(64, 64): 4096/4096 values differ from fill_value (0.0)",0
CHUNK_SAMPLE_POPULATED,info,PHercParis4/segments/20260623162614-w107-109/ink-detection/PHercParis4-20260623162614-2.4um-0.22m-78keV-volume-20260411134726-L2-3d-ink-max.zarr,4,611.231,"window (611, 231)+(64, 64): 4096/4096 values differ from fill_value (0.0)",0
CHUNK_SAMPLE_POPULATED,info,PHercParis4/segments/20260623162614-w107-109/ink-detection/PHercParis4-20260623162614-2.4um-0.22m-78keV-volume-20260411134726-L2-3d-ink-max.zarr,5,49.537,"window (49, 537)+(64, 64): 2836/4096 values differ from fill_value (0.0)",0
CHUNK_SAMPLE_POPULATED,info,PHercParis4/segments/20260623162614-w107-109/ink-detection/PHercParis4-20260623162614-2.4um-0.22m-78keV-volume-20260411134726-L2-3d-ink-max.zarr,5,164.1032,"window (164, 1032)+(64, 64): 3767/4096 values differ from fill_value (0.0)",0
CHUNK_SAMPLE_POPULATED,info,PHercParis4/segments/20260623162614-w107-109/ink-detection/PHercParis4-20260623162614-2.4um-0.22m-78keV-volume-20260411134726-L2-3d-ink-max.zarr,5,278.113,"window (278, 113)+(64, 64): 4096/4096 values differ from fill_value (0.0)",0
CHUNK_SAMPLE_POPULATED,info,PHercParis4/segments/20260623165230-w118-119/ink-detection/PHercParis4-20260623165230-2.4um-0.22m-78keV-volume-20260411134726-L2-3d-ink-max.zarr,0,1829.12819,"window (1829, 12819)+(64, 64): 4096/4096 values differ from fill_value (0.0)",0
CHUNK_SAMPLE_POPULATED,info,PHercParis4/segments/20260623165230-w118-119/ink-detection/PHercParis4-20260623165230-2.4um-0.22m-78keV-volume-20260411134726-L2-3d-ink-max.zarr,0,6098.24627,"window (6098, 24627)+(64, 64): 4096/4096 values differ from fill_value (0.0)",0
CHUNK_SAMPLE_POPULATED,info,PHercParis4/segments/20260623165230-w118-119/ink-detection/PHercParis4-20260623165230-2.4um-0.22m-78keV-volume-20260411134726-L2-3d-ink-max.zarr,0,10366.2698,"window (10366, 2698)+(64, 64): 4096/4096 values differ from fill_value (0.0)",0
CHUNK_SAMPLE_POPULATED,info,PHercParis4/segments/20260623165230-w118-119/ink-detection/PHercParis4-20260623165230-2.4um-0.22m-78keV-volume-20260411134726-L2-3d-ink-max.zarr,1,909.6397,"window (909, 6397)+(64, 64): 4096/4096 values differ from fill_value (0.0)",0
CHUNK_SAMPLE_POPULATED,info,PHercParis4/segments/20260623165230-w118-119/ink-detection/PHercParis4-20260623165230-2.4um-0.22m-78keV-volume-20260411134726-L2-3d-ink-max.zarr,1,3033.12290,"window (3033, 12290)+(64, 64): 4096/4096 values differ from fill_value (0.0)",0
CHUNK_SAMPLE_POPULATED,info,PHercParis4/segments/20260623165230-w118-119/ink-detection/PHercParis4-20260623165230-2.4um-0.22m-78keV-volume-20260411134726-L2-3d-ink-max.zarr,1,5156.1346,"window (5156, 1346)+(64, 64): 4096/4096 values differ from fill_value (0.0)",0
CHUNK_SAMPLE_POPULATED,info,PHercParis4/segments/20260623165230-w118-119/ink-detection/PHercParis4-20260623165230-2.4um-0.22m-78keV-volume-20260411134726-L2-3d-ink-max.zarr,2,450.3186,"window (450, 3186)+(64, 64): 4096/4096 values differ from fill_value (0.0)",0
CHUNK_SAMPLE_POPULATED,info,PHercParis4/segments/20260623165230-w118-119/ink-detection/PHercParis4-20260623165230-2.4um-0.22m-78keV-volume-20260411134726-L2-3d-ink-max.zarr,2,1500.6121,"window (1500, 6121)+(64, 64): 4096/4096 values differ from fill_value (0.0)",0
CHUNK_SAMPLE_POPULATED,info,PHercParis4/segments/20260623165230-w118-119/ink-detection/PHercParis4-20260623165230-2.4um-0.22m-78keV-volume-20260411134726-L2-3d-ink-max.zarr,2,2550.670,"window (2550, 670)+(64, 64): 4096/4096 values differ from fill_value (0.0)",0
CHUNK_SAMPLE_POPULATED,info,PHercParis4/segments/20260623165230-w118-119/ink-detection/PHercParis4-20260623165230-2.4um-0.22m-78keV-volume-20260411134726-L2-3d-ink-max.zarr,3,220.1581,"window (220, 1581)+(64, 64): 4096/4096 values differ from fill_value (0.0)",0
CHUNK_SAMPLE_POPULATED,info,PHercParis4/segments/20260623165230-w118-119/ink-detection/PHercParis4-20260623165230-2.4um-0.22m-78keV-volume-20260411134726-L2-3d-ink-max.zarr,3,734.3037,"window (734, 3037)+(64, 64): 4096/4096 values differ from fill_value (0.0)",0
CHUNK_SAMPLE_POPULATED,info,PHercParis4/segments/20260623165230-w118-119/ink-detection/PHercParis4-20260623165230-2.4um-0.22m-78keV-volume-20260411134726-L2-3d-ink-max.zarr,3,1248.332,"window (1248, 332)+(64, 64): 4096/4096 values differ from fill_value (0.0)",0
CHUNK_SAMPLE_POPULATED,info,PHercParis4/segments/20260623165230-w118-119/ink-detection/PHercParis4-20260623165230-2.4um-0.22m-78keV-volume-20260411134726-L2-3d-ink-max.zarr,4,105.778,"window (105, 778)+(64, 64): 4090/4096 values differ from fill_value (0.0)",0
CHUNK_SAMPLE_POPULATED,info,PHercParis4/segments/20260623165230-w118-119/ink-detection/PHercParis4-20260623165230-2.4um-0.22m-78keV-volume-20260411134726-L2-3d-ink-max.zarr,4,351.1495,"window (351, 1495)+(64, 64): 4096/4096 values differ from fill_value (0.0)",0
CHUNK_SAMPLE_POPULATED,info,PHercParis4/segments/20260623165230-w118-119/ink-detection/PHercParis4-20260623165230-2.4um-0.22m-78keV-volume-20260411134726-L2-3d-ink-max.zarr,4,597.163,"window (597, 163)+(64, 64): 4096/4096 values differ from fill_value (0.0)",0
CHUNK_SAMPLE_POPULATED,info,PHercParis4/segments/20260623165230-w118-119/ink-detection/PHercParis4-20260623165230-2.4um-0.22m-78keV-volume-20260411134726-L2-3d-ink-max.zarr,5,48.377,"window (48, 377)+(64, 64): 3685/4096 values differ from fill_value (0.0)",0
CHUNK_SAMPLE_POPULATED,info,PHercParis4/segments/20260623165230-w118-119/ink-detection/PHercParis4-20260623165230-2.4um-0.22m-78keV-volume-20260411134726-L2-3d-ink-max.zarr,5,160.724,"window (160, 724)+(64, 64): 4096/4096 values differ from fill_value (0.0)",0
CHUNK_SAMPLE_POPULATED,info,PHercParis4/segments/20260623165230-w118-119/ink-detection/PHercParis4-20260623165230-2.4um-0.22m-78keV-volume-20260411134726-L2-3d-ink-max.zarr,5,272.79,"window (272, 79)+(64, 64): 4096/4096 values differ from fill_value (0.0)",0
CHUNK_SAMPLE_POPULATED,info,PHercParis4/segments/20260623164704-w116-117/ink-detection/PHercParis4-20260623164704-2.4um-0.22m-78keV-volume-20260411134726-L2-3d-ink-max.zarr,0,1844.12713,"window (1844, 12713)+(64, 64): 4096/4096 values differ from fill_value (0.0)",0
CHUNK_SAMPLE_POPULATED,info,PHercParis4/segments/20260623164704-w116-117/ink-detection/PHercParis4-20260623164704-2.4um-0.22m-78keV-volume-20260411134726-L2-3d-ink-max.zarr,0,6148.24422,"window (6148, 24422)+(64, 64): 4096/4096 values differ from fill_value (0.0)",0
CHUNK_SAMPLE_POPULATED,info,PHercParis4/segments/20260623164704-w116-117/ink-detection/PHercParis4-20260623164704-2.4um-0.22m-78keV-volume-20260411134726-L2-3d-ink-max.zarr,0,10451.2676,"window (10451, 2676)+(64, 64): 4096/4096 values differ from fill_value (0.0)",0
CHUNK_SAMPLE_POPULATED,info,PHercParis4/segments/20260623164704-w116-117/ink-detection/PHercParis4-20260623164704-2.4um-0.22m-78keV-volume-20260411134726-L2-3d-ink-max.zarr,1,917.6344,"window (917, 6344)+(64, 64): 4096/4096 values differ from fill_value (0.0)",0
CHUNK_SAMPLE_POPULATED,info,PHercParis4/segments/20260623164704-w116-117/ink-detection/PHercParis4-20260623164704-2.4um-0.22m-78keV-volume-20260411134726-L2-3d-ink-max.zarr,1,3058.12188,"window (3058, 12188)+(64, 64): 4096/4096 values differ from fill_value (0.0)",0
CHUNK_SAMPLE_POPULATED,info,PHercParis4/segments/20260623164704-w116-117/ink-detection/PHercParis4-20260623164704-2.4um-0.22m-78keV-volume-20260411134726-L2-3d-ink-max.zarr,1,5198.1335,"window (5198, 1335)+(64, 64): 4096/4096 values differ from fill_value (0.0)",0
CHUNK_SAMPLE_POPULATED,info,PHercParis4/segments/20260623164704-w116-117/ink-detection/PHercParis4-20260623164704-2.4um-0.22m-78keV-volume-20260411134726-L2-3d-ink-max.zarr,2,453.3160,"window (453, 3160)+(64, 64): 4096/4096 values differ from fill_value (0.0)",0
CHUNK_SAMPLE_POPULATED,info,PHercParis4/segments/20260623164704-w116-117/ink-detection/PHercParis4-20260623164704-2.4um-0.22m-78keV-volume-20260411134726-L2-3d-ink-max.zarr,2,1513.6070,"window (1513, 6070)+(64, 64): 4096/4096 values differ from fill_value (0.0)",0
CHUNK_SAMPLE_POPULATED,info,PHercParis4/segments/20260623164704-w116-117/ink-detection/PHercParis4-20260623164704-2.4um-0.22m-78keV-volume-20260411134726-L2-3d-ink-max.zarr,2,2572.665,"window (2572, 665)+(64, 64): 4096/4096 values differ from fill_value (0.0)",0
CHUNK_SAMPLE_POPULATED,info,PHercParis4/segments/20260623164704-w116-117/ink-detection/PHercParis4-20260623164704-2.4um-0.22m-78keV-volume-20260411134726-L2-3d-ink-max.zarr,3,222.1567,"window (222, 1567)+(64, 64): 4096/4096 values differ from fill_value (0.0)",0
CHUNK_SAMPLE_POPULATED,info,PHercParis4/segments/20260623164704-w116-117/ink-detection/PHercParis4-20260623164704-2.4um-0.22m-78keV-volume-20260411134726-L2-3d-ink-max.zarr,3,740.3011,"window (740, 3011)+(64, 64): 4096/4096 values differ from fill_value (0.0)",0
CHUNK_SAMPLE_POPULATED,info,PHercParis4/segments/20260623164704-w116-117/ink-detection/PHercParis4-20260623164704-2.4um-0.22m-78keV-volume-20260411134726-L2-3d-ink-max.zarr,3,1258.330,"window (1258, 330)+(64, 64): 4096/4096 values differ from fill_value (0.0)",0
CHUNK_SAMPLE_POPULATED,info,PHercParis4/segments/20260623164704-w116-117/ink-detection/PHercParis4-20260623164704-2.4um-0.22m-78keV-volume-20260411134726-L2-3d-ink-max.zarr,4,106.771,"window (106, 771)+(64, 64): 4093/4096 values differ from fill_value (0.0)",0
CHUNK_SAMPLE_POPULATED,info,PHercParis4/segments/20260623164704-w116-117/ink-detection/PHercParis4-20260623164704-2.4um-0.22m-78keV-volume-20260411134726-L2-3d-ink-max.zarr,4,354.1482,"window (354, 1482)+(64, 64): 4096/4096 values differ from fill_value (0.0)",0
CHUNK_SAMPLE_POPULATED,info,PHercParis4/segments/20260623164704-w116-117/ink-detection/PHercParis4-20260623164704-2.4um-0.22m-78keV-volume-20260411134726-L2-3d-ink-max.zarr,4,602.162,"window (602, 162)+(64, 64): 4096/4096 values differ from fill_value (0.0)",0
CHUNK_SAMPLE_POPULATED,info,PHercParis4/segments/20260623164704-w116-117/ink-detection/PHercParis4-20260623164704-2.4um-0.22m-78keV-volume-20260411134726-L2-3d-ink-max.zarr,5,48.373,"window (48, 373)+(64, 64): 3716/4096 values differ from fill_value (0.0)",0
CHUNK_SAMPLE_POPULATED,info,PHercParis4/segments/20260623164704-w116-117/ink-detection/PHercParis4-20260623164704-2.4um-0.22m-78keV-volume-20260411134726-L2-3d-ink-max.zarr,5,161.718,"window (161, 718)+(64, 64): 4096/4096 values differ from fill_value (0.0)",0
CHUNK_SAMPLE_POPULATED,info,PHercParis4/segments/20260623164704-w116-117/ink-detection/PHercParis4-20260623164704-2.4um-0.22m-78keV-volume-20260411134726-L2-3d-ink-max.zarr,5,274.78,"window (274, 78)+(64, 64): 4096/4096 values differ from fill_value (0.0)",0
CHUNK_SAMPLE_EMPTY,info,PHercParis4/segments/20260623171400-w126-127/ink-detection/PHercParis4-20260623171400-2.4um-0.22m-78keV-volume-20260411134726-L2-3d-ink-max.zarr,0,2357.14499,"window (2357, 14499)+(64, 64): 0/4096 values differ from fill_value (0.0)",0
CHUNK_SAMPLE_POPULATED,info,PHercParis4/segments/20260623171400-w126-127/ink-detection/PHercParis4-20260623171400-2.4um-0.22m-78keV-volume-20260411134726-L2-3d-ink-max.zarr,0,7858.27853,"window (7858, 27853)+(64, 64): 4096/4096 values differ from fill_value (0.0)",0
CHUNK_SAMPLE_POPULATED,info,PHercParis4/segments/20260623171400-w126-127/ink-detection/PHercParis4-20260623171400-2.4um-0.22m-78keV-volume-20260411134726-L2-3d-ink-max.zarr,0,13358.3052,"window (13358, 3052)+(64, 64): 4096/4096 values differ from fill_value (0.0)",0
CHUNK_SAMPLE_EMPTY,info,PHercParis4/segments/20260623171400-w126-127/ink-detection/PHercParis4-20260623171400-2.4um-0.22m-78keV-volume-20260411134726-L2-3d-ink-max.zarr,1,1173.7237,"window (1173, 7237)+(64, 64): 0/4096 values differ from fill_value (0.0)",0
CHUNK_SAMPLE_POPULATED,info,PHercParis4/segments/20260623171400-w126-127/ink-detection/PHercParis4-20260623171400-2.4um-0.22m-78keV-volume-20260411134726-L2-3d-ink-max.zarr,1,3913.13903,"window (3913, 13903)+(64, 64): 4096/4096 values differ from fill_value (0.0)",0
CHUNK_SAMPLE_POPULATED,info,PHercParis4/segments/20260623171400-w126-127/ink-detection/PHercParis4-20260623171400-2.4um-0.22m-78keV-volume-20260411134726-L2-3d-ink-max.zarr,1,6652.1523,"window (6652, 1523)+(64, 64): 4096/4096 values differ from fill_value (0.0)",0
CHUNK_SAMPLE_EMPTY,info,PHercParis4/segments/20260623171400-w126-127/ink-detection/PHercParis4-20260623171400-2.4um-0.22m-78keV-volume-20260411134726-L2-3d-ink-max.zarr,2,582.3606,"window (582, 3606)+(64, 64): 0/4096 values differ from fill_value (0.0)",0
CHUNK_SAMPLE_POPULATED,info,PHercParis4/segments/20260623171400-w126-127/ink-detection/PHercParis4-20260623171400-2.4um-0.22m-78keV-volume-20260411134726-L2-3d-ink-max.zarr,2,1940.6928,"window (1940, 6928)+(64, 64): 4096/4096 values differ from fill_value (0.0)",0
CHUNK_SAMPLE_POPULATED,info,PHercParis4/segments/20260623171400-w126-127/ink-detection/PHercParis4-20260623171400-2.4um-0.22m-78keV-volume-20260411134726-L2-3d-ink-max.zarr,2,3298.759,"window (3298, 759)+(64, 64): 4096/4096 values differ from fill_value (0.0)",0
CHUNK_SAMPLE_EMPTY,info,PHercParis4/segments/20260623171400-w126-127/ink-detection/PHercParis4-20260623171400-2.4um-0.22m-78keV-volume-20260411134726-L2-3d-ink-max.zarr,3,286.1791,"window (286, 1791)+(64, 64): 0/4096 values differ from fill_value (0.0)",0
CHUNK_SAMPLE_POPULATED,info,PHercParis4/segments/20260623171400-w126-127/ink-detection/PHercParis4-20260623171400-2.4um-0.22m-78keV-volume-20260411134726-L2-3d-ink-max.zarr,3,954.3441,"window (954, 3441)+(64, 64): 4096/4096 values differ from fill_value (0.0)",0
CHUNK_SAMPLE_POPULATED,info,PHercParis4/segments/20260623171400-w126-127/ink-detection/PHercParis4-20260623171400-2.4um-0.22m-78keV-volume-20260411134726-L2-3d-ink-max.zarr,3,1622.377,"window (1622, 377)+(64, 64): 4096/4096 values differ from fill_value (0.0)",0
CHUNK_SAMPLE_POPULATED,info,PHercParis4/segments/20260623171400-w126-127/ink-detection/PHercParis4-20260623171400-2.4um-0.22m-78keV-volume-20260411134726-L2-3d-ink-max.zarr,4,138.883,"window (138, 883)+(64, 64): 482/4096 values differ from fill_value (0.0)",0
CHUNK_SAMPLE_POPULATED,info,PHercParis4/segments/20260623171400-w126-127/ink-detection/PHercParis4-20260623171400-2.4um-0.22m-78keV-volume-20260411134726-L2-3d-ink-max.zarr,4,461.1697,"window (461, 1697)+(64, 64): 4096/4096 values differ from fill_value (0.0)",0
CHUNK_SAMPLE_POPULATED,info,PHercParis4/segments/20260623171400-w126-127/ink-detection/PHercParis4-20260623171400-2.4um-0.22m-78keV-volume-20260411134726-L2-3d-ink-max.zarr,4,784.186,"window (784, 186)+(64, 64): 4096/4096 values differ from fill_value (0.0)",0
CHUNK_SAMPLE_POPULATED,info,PHercParis4/segments/20260623171400-w126-127/ink-detection/PHercParis4-20260623171400-2.4um-0.22m-78keV-volume-20260411134726-L2-3d-ink-max.zarr,5,64.429,"window (64, 429)+(64, 64): 2366/4096 values differ from fill_value (0.0)",0
CHUNK_SAMPLE_POPULATED,info,PHercParis4/segments/20260623171400-w126-127/ink-detection/PHercParis4-20260623171400-2.4um-0.22m-78keV-volume-20260411134726-L2-3d-ink-max.zarr,5,215.825,"window (215, 825)+(64, 64): 4096/4096 values differ from fill_value (0.0)",0
CHUNK_SAMPLE_POPULATED,info,PHercParis4/segments/20260623171400-w126-127/ink-detection/PHercParis4-20260623171400-2.4um-0.22m-78keV-volume-20260411134726-L2-3d-ink-max.zarr,5,365.90,"window (365, 90)+(64, 64): 2550/4096 values differ from fill_value (0.0)",0
CHUNK_SAMPLE_POPULATED,info,PHercParis4/segments/20260623170305-w122-123/ink-detection/PHercParis4-20260623170305-2.4um-0.22m-78keV-volume-20260411134726-L2-3d-ink-max.zarr,0,1808.12979,"window (1808, 12979)+(64, 64): 4096/4096 values differ from fill_value (0.0)",0
CHUNK_SAMPLE_POPULATED,info,PHercParis4/segments/20260623170305-w122-123/ink-detection/PHercParis4-20260623170305-2.4um-0.22m-78keV-volume-20260411134726-L2-3d-ink-max.zarr,0,6028.24933,"window (6028, 24933)+(64, 64): 4096/4096 values differ from fill_value (0.0)",0
CHUNK_SAMPLE_POPULATED,info,PHercParis4/segments/20260623170305-w122-123/ink-detection/PHercParis4-20260623170305-2.4um-0.22m-78keV-volume-20260411134726-L2-3d-ink-max.zarr,0,10247.2732,"window (10247, 2732)+(64, 64): 4096/4096 values differ from fill_value (0.0)",0
CHUNK_SAMPLE_POPULATED,info,PHercParis4/segments/20260623170305-w122-123/ink-detection/PHercParis4-20260623170305-2.4um-0.22m-78keV-volume-20260411134726-L2-3d-ink-max.zarr,1,899.6477,"window (899, 6477)+(64, 64): 4096/4096 values differ from fill_value (0.0)",0
CHUNK_SAMPLE_POPULATED,info,PHercParis4/segments/20260623170305-w122-123/ink-detection/PHercParis4-20260623170305-2.4um-0.22m-78keV-volume-20260411134726-L2-3d-ink-max.zarr,1,2998.12443,"window (2998, 12443)+(64, 64): 4096/4096 values differ from fill_value (0.0)",0
CHUNK_SAMPLE_POPULATED,info,PHercParis4/segments/20260623170305-w122-123/ink-detection/PHercParis4-20260623170305-2.4um-0.22m-78keV-volume-20260411134726-L2-3d-ink-max.zarr,1,5096.1363,"window (5096, 1363)+(64, 64): 4096/4096 values differ from fill_value (0.0)",0
CHUNK_SAMPLE_POPULATED,info,PHercParis4/segments/20260623170305-w122-123/ink-detection/PHercParis4-20260623170305-2.4um-0.22m-78keV-volume-20260411134726-L2-3d-ink-max.zarr,2,444.3226,"window (444, 3226)+(64, 64): 4096/4096 values differ from fill_value (0.0)",0
CHUNK_SAMPLE_POPULATED,info,PHercParis4/segments/20260623170305-w122-123/ink-detection/PHercParis4-20260623170305-2.4um-0.22m-78keV-volume-20260411134726-L2-3d-ink-max.zarr,2,1483.6198,"window (1483, 6198)+(64, 64): 4096/4096 values differ from fill_value (0.0)",0
CHUNK_SAMPLE_POPULATED,info,PHercParis4/segments/20260623170305-w122-123/ink-detection/PHercParis4-20260623170305-2.4um-0.22m-78keV-volume-20260411134726-L2-3d-ink-max.zarr,2,2521.679,"window (2521, 679)+(64, 64): 4096/4096 values differ from fill_value (0.0)",0
CHUNK_SAMPLE_POPULATED,info,PHercParis4/segments/20260623170305-w122-123/ink-detection/PHercParis4-20260623170305-2.4um-0.22m-78keV-volume-20260411134726-L2-3d-ink-max.zarr,3,217.1601,"window (217, 1601)+(64, 64): 4096/4096 values differ from fill_value (0.0)",0
CHUNK_SAMPLE_POPULATED,info,PHercParis4/segments/20260623170305-w122-123/ink-detection/PHercParis4-20260623170305-2.4um-0.22m-78keV-volume-20260411134726-L2-3d-ink-max.zarr,3,725.3076,"window (725, 3076)+(64, 64): 4096/4096 values differ from fill_value (0.0)",0
CHUNK_SAMPLE_POPULATED,info,PHercParis4/segments/20260623170305-w122-123/ink-detection/PHercParis4-20260623170305-2.4um-0.22m-78keV-volume-20260411134726-L2-3d-ink-max.zarr,3,1233.337,"window (1233, 337)+(64, 64): 4096/4096 values differ from fill_value (0.0)",0
CHUNK_SAMPLE_POPULATED,info,PHercParis4/segments/20260623170305-w122-123/ink-detection/PHercParis4-20260623170305-2.4um-0.22m-78keV-volume-20260411134726-L2-3d-ink-max.zarr,4,104.788,"window (104, 788)+(64, 64): 4094/4096 values differ from fill_value (0.0)",0
CHUNK_SAMPLE_POPULATED,info,PHercParis4/segments/20260623170305-w122-123/ink-detection/PHercParis4-20260623170305-2.4um-0.22m-78keV-volume-20260411134726-L2-3d-ink-max.zarr,4,347.1514,"window (347, 1514)+(64, 64): 4096/4096 values differ from fill_value (0.0)",0
CHUNK_SAMPLE_POPULATED,info,PHercParis4/segments/20260623170305-w122-123/ink-detection/PHercParis4-20260623170305-2.4um-0.22m-78keV-volume-20260411134726-L2-3d-ink-max.zarr,4,589.166,"window (589, 166)+(64, 64): 4096/4096 values differ from fill_value (0.0)",0
CHUNK_SAMPLE_POPULATED,info,PHercParis4/segments/20260623170305-w122-123/ink-detection/PHercParis4-20260623170305-2.4um-0.22m-78keV-volume-20260411134726-L2-3d-ink-max.zarr,5,47.382,"window (47, 382)+(64, 64): 3661/4096 values differ from fill_value (0.0)",0
CHUNK_SAMPLE_POPULATED,info,PHercParis4/segments/20260623170305-w122-123/ink-detection/PHercParis4-20260623170305-2.4um-0.22m-78keV-volume-20260411134726-L2-3d-ink-max.zarr,5,157.734,"window (157, 734)+(64, 64): 4096/4096 values differ from fill_value (0.0)",0
CHUNK_SAMPLE_POPULATED,info,PHercParis4/segments/20260623170305-w122-123/ink-detection/PHercParis4-20260623170305-2.4um-0.22m-78keV-volume-20260411134726-L2-3d-ink-max.zarr,5,267.80,"window (267, 80)+(64, 64): 4085/4096 values differ from fill_value (0.0)",0
CHUNK_SAMPLE_POPULATED,info,PHercParis4/segments/20260623165742-w120-121/ink-detection/PHercParis4-20260623165742-2.4um-0.22m-78keV-volume-20260411134726-L2-3d-ink-max.zarr,0,1811.12918,"window (1811, 12918)+(64, 64): 4096/4096 values differ from fill_value (0.0)",0
CHUNK_SAMPLE_POPULATED,info,PHercParis4/segments/20260623165742-w120-121/ink-detection/PHercParis4-20260623165742-2.4um-0.22m-78keV-volume-20260411134726-L2-3d-ink-max.zarr,0,6038.24817,"window (6038, 24817)+(64, 64): 4096/4096 values differ from fill_value (0.0)",0
CHUNK_SAMPLE_POPULATED,info,PHercParis4/segments/20260623165742-w120-121/ink-detection/PHercParis4-20260623165742-2.4um-0.22m-78keV-volume-20260411134726-L2-3d-ink-max.zarr,0,10264.2719,"window (10264, 2719)+(64, 64): 4096/4096 values differ from fill_value (0.0)",0
CHUNK_SAMPLE_POPULATED,info,PHercParis4/segments/20260623165742-w120-121/ink-detection/PHercParis4-20260623165742-2.4um-0.22m-78keV-volume-20260411134726-L2-3d-ink-max.zarr,1,900.6447,"window (900, 6447)+(64, 64): 4096/4096 values differ from fill_value (0.0)",0
CHUNK_SAMPLE_POPULATED,info,PHercParis4/segments/20260623165742-w120-121/ink-detection/PHercParis4-20260623165742-2.4um-0.22m-78keV-volume-20260411134726-L2-3d-ink-max.zarr,1,3003.12385,"window (3003, 12385)+(64, 64): 4096/4096 values differ from fill_value (0.0)",0
CHUNK_SAMPLE_POPULATED,info,PHercParis4/segments/20260623165742-w120-121/ink-detection/PHercParis4-20260623165742-2.4um-0.22m-78keV-volume-20260411134726-L2-3d-ink-max.zarr,1,5105.1357,"window (5105, 1357)+(64, 64): 4096/4096 values differ from fill_value (0.0)",0
CHUNK_SAMPLE_POPULATED,info,PHercParis4/segments/20260623165742-w120-121/ink-detection/PHercParis4-20260623165742-2.4um-0.22m-78keV-volume-20260411134726-L2-3d-ink-max.zarr,2,445.3211,"window (445, 3211)+(64, 64): 4096/4096 values differ from fill_value (0.0)",0
CHUNK_SAMPLE_POPULATED,info,PHercParis4/segments/20260623165742-w120-121/ink-detection/PHercParis4-20260623165742-2.4um-0.22m-78keV-volume-20260411134726-L2-3d-ink-max.zarr,2,1485.6169,"window (1485, 6169)+(64, 64): 4096/4096 values differ from fill_value (0.0)",0
CHUNK_SAMPLE_POPULATED,info,PHercParis4/segments/20260623165742-w120-121/ink-detection/PHercParis4-20260623165742-2.4um-0.22m-78keV-volume-20260411134726-L2-3d-ink-max.zarr,2,2525.676,"window (2525, 676)+(64, 64): 4096/4096 values differ from fill_value (0.0)",0
CHUNK_SAMPLE_POPULATED,info,PHercParis4/segments/20260623165742-w120-121/ink-detection/PHercParis4-20260623165742-2.4um-0.22m-78keV-volume-20260411134726-L2-3d-ink-max.zarr,3,218.1593,"window (218, 1593)+(64, 64): 4096/4096 values differ from fill_value (0.0)",0
CHUNK_SAMPLE_POPULATED,info,PHercParis4/segments/20260623165742-w120-121/ink-detection/PHercParis4-20260623165742-2.4um-0.22m-78keV-volume-20260411134726-L2-3d-ink-max.zarr,3,727.3061,"window (727, 3061)+(64, 64): 4096/4096 values differ from fill_value (0.0)",0
CHUNK_SAMPLE_POPULATED,info,PHercParis4/segments/20260623165742-w120-121/ink-detection/PHercParis4-20260623165742-2.4um-0.22m-78keV-volume-20260411134726-L2-3d-ink-max.zarr,3,1235.335,"window (1235, 335)+(64, 64): 4096/4096 values differ from fill_value (0.0)",0
CHUNK_SAMPLE_POPULATED,info,PHercParis4/segments/20260623165742-w120-121/ink-detection/PHercParis4-20260623165742-2.4um-0.22m-78keV-volume-20260411134726-L2-3d-ink-max.zarr,4,104.784,"window (104, 784)+(64, 64): 4096/4096 values differ from fill_value (0.0)",0
CHUNK_SAMPLE_POPULATED,info,PHercParis4/segments/20260623165742-w120-121/ink-detection/PHercParis4-20260623165742-2.4um-0.22m-78keV-volume-20260411134726-L2-3d-ink-max.zarr,4,347.1507,"window (347, 1507)+(64, 64): 4096/4096 values differ from fill_value (0.0)",0
CHUNK_SAMPLE_POPULATED,info,PHercParis4/segments/20260623165742-w120-121/ink-detection/PHercParis4-20260623165742-2.4um-0.22m-78keV-volume-20260411134726-L2-3d-ink-max.zarr,4,590.165,"window (590, 165)+(64, 64): 4096/4096 values differ from fill_value (0.0)",0
CHUNK_SAMPLE_POPULATED,info,PHercParis4/segments/20260623165742-w120-121/ink-detection/PHercParis4-20260623165742-2.4um-0.22m-78keV-volume-20260411134726-L2-3d-ink-max.zarr,5,47.380,"window (47, 380)+(64, 64): 3708/4096 values differ from fill_value (0.0)",0
CHUNK_SAMPLE_POPULATED,info,PHercParis4/segments/20260623165742-w120-121/ink-detection/PHercParis4-20260623165742-2.4um-0.22m-78keV-volume-20260411134726-L2-3d-ink-max.zarr,5,158.730,"window (158, 730)+(64, 64): 4096/4096 values differ from fill_value (0.0)",0
CHUNK_SAMPLE_POPULATED,info,PHercParis4/segments/20260623165742-w120-121/ink-detection/PHercParis4-20260623165742-2.4um-0.22m-78keV-volume-20260411134726-L2-3d-ink-max.zarr,5,268.80,"window (268, 80)+(64, 64): 4096/4096 values differ from fill_value (0.0)",0
CHUNK_SAMPLE_POPULATED,info,PHercParis4/segments/20260623170833-w124-125/ink-detection/PHercParis4-20260623170833-2.4um-0.22m-78keV-volume-20260411134726-L2-3d-ink-max.zarr,0,1889.13199,"window (1889, 13199)+(64, 64): 4096/4096 values differ from fill_value (0.0)",0
CHUNK_SAMPLE_POPULATED,info,PHercParis4/segments/20260623170833-w124-125/ink-detection/PHercParis4-20260623170833-2.4um-0.22m-78keV-volume-20260411134726-L2-3d-ink-max.zarr,0,6298.25357,"window (6298, 25357)+(64, 64): 4096/4096 values differ from fill_value (0.0)",0
CHUNK_SAMPLE_POPULATED,info,PHercParis4/segments/20260623170833-w124-125/ink-detection/PHercParis4-20260623170833-2.4um-0.22m-78keV-volume-20260411134726-L2-3d-ink-max.zarr,0,10706.2778,"window (10706, 2778)+(64, 64): 4096/4096 values differ from fill_value (0.0)",0
CHUNK_SAMPLE_POPULATED,info,PHercParis4/segments/20260623170833-w124-125/ink-detection/PHercParis4-20260623170833-2.4um-0.22m-78keV-volume-20260411134726-L2-3d-ink-max.zarr,1,939.6587,"window (939, 6587)+(64, 64): 4096/4096 values differ from fill_value (0.0)",0
CHUNK_SAMPLE_POPULATED,info,PHercParis4/segments/20260623170833-w124-125/ink-detection/PHercParis4-20260623170833-2.4um-0.22m-78keV-volume-20260411134726-L2-3d-ink-max.zarr,1,3133.12655,"window (3133, 12655)+(64, 64): 4096/4096 values differ from fill_value (0.0)",0
CHUNK_SAMPLE_POPULATED,info,PHercParis4/segments/20260623170833-w124-125/ink-detection/PHercParis4-20260623170833-2.4um-0.22m-78keV-volume-20260411134726-L2-3d-ink-max.zarr,1,5326.1386,"window (5326, 1386)+(64, 64): 4096/4096 values differ from fill_value (0.0)",0
CHUNK_SAMPLE_POPULATED,info,PHercParis4/segments/20260623170833-w124-125/ink-detection/PHercParis4-20260623170833-2.4um-0.22m-78keV-volume-20260411134726-L2-3d-ink-max.zarr,2,465.3281,"window (465, 3281)+(64, 64): 4096/4096 values differ from fill_value (0.0)",0
CHUNK_SAMPLE_POPULATED,info,PHercParis4/segments/20260623170833-w124-125/ink-detection/PHercParis4-20260623170833-2.4um-0.22m-78keV-volume-20260411134726-L2-3d-ink-max.zarr,2,1550.6304,"window (1550, 6304)+(64, 64): 4096/4096 values differ from fill_value (0.0)",0
CHUNK_SAMPLE_POPULATED,info,PHercParis4/segments/20260623170833-w124-125/ink-detection/PHercParis4-20260623170833-2.4um-0.22m-78keV-volume-20260411134726-L2-3d-ink-max.zarr,2,2635.690,"window (2635, 690)+(64, 64): 4096/4096 values differ from fill_value (0.0)",0
CHUNK_SAMPLE_POPULATED,info,PHercParis4/segments/20260623170833-w124-125/ink-detection/PHercParis4-20260623170833-2.4um-0.22m-78keV-volume-20260411134726-L2-3d-ink-max.zarr,3,227.1628,"window (227, 1628)+(64, 64): 4096/4096 values differ from fill_value (0.0)",0
CHUNK_SAMPLE_POPULATED,info,PHercParis4/segments/20260623170833-w124-125/ink-detection/PHercParis4-20260623170833-2.4um-0.22m-78keV-volume-20260411134726-L2-3d-ink-max.zarr,3,759.3128,"window (759, 3128)+(64, 64): 4096/4096 values differ from fill_value (0.0)",0
CHUNK_SAMPLE_POPULATED,info,PHercParis4/segments/20260623170833-w124-125/ink-detection/PHercParis4-20260623170833-2.4um-0.22m-78keV-volume-20260411134726-L2-3d-ink-max.zarr,3,1291.342,"window (1291, 342)+(64, 64): 4096/4096 values differ from fill_value (0.0)",0
CHUNK_SAMPLE_POPULATED,info,PHercParis4/segments/20260623170833-w124-125/ink-detection/PHercParis4-20260623170833-2.4um-0.22m-78keV-volume-20260411134726-L2-3d-ink-max.zarr,4,109.802,"window (109, 802)+(64, 64): 4096/4096 values differ from fill_value (0.0)",0
CHUNK_SAMPLE_POPULATED,info,PHercParis4/segments/20260623170833-w124-125/ink-detection/PHercParis4-20260623170833-2.4um-0.22m-78keV-volume-20260411134726-L2-3d-ink-max.zarr,4,364.1541,"window (364, 1541)+(64, 64): 4096/4096 values differ from fill_value (0.0)",0
CHUNK_SAMPLE_POPULATED,info,PHercParis4/segments/20260623170833-w124-125/ink-detection/PHercParis4-20260623170833-2.4um-0.22m-78keV-volume-20260411134726-L2-3d-ink-max.zarr,4,618.168,"window (618, 168)+(64, 64): 4096/4096 values differ from fill_value (0.0)",0
CHUNK_SAMPLE_POPULATED,info,PHercParis4/segments/20260623170833-w124-125/ink-detection/PHercParis4-20260623170833-2.4um-0.22m-78keV-volume-20260411134726-L2-3d-ink-max.zarr,5,49.389,"window (49, 389)+(64, 64): 3741/4096 values differ from fill_value (0.0)",0
CHUNK_SAMPLE_POPULATED,info,PHercParis4/segments/20260623170833-w124-125/ink-detection/PHercParis4-20260623170833-2.4um-0.22m-78keV-volume-20260411134726-L2-3d-ink-max.zarr,5,166.747,"window (166, 747)+(64, 64): 4096/4096 values differ from fill_value (0.0)",0
CHUNK_SAMPLE_POPULATED,info,PHercParis4/segments/20260623170833-w124-125/ink-detection/PHercParis4-20260623170833-2.4um-0.22m-78keV-volume-20260411134726-L2-3d-ink-max.zarr,5,282.81,"window (282, 81)+(64, 64): 3822/4096 values differ from fill_value (0.0)",0
CHUNK_SAMPLE_POPULATED,info,PHercParis4/segments/20260623161233-w101-103/ink-detection/PHercParis4-20260623161233-2.4um-0.22m-78keV-volume-20260411134726-L2-3d-ink-max.zarr,0,1838.17364,"window (1838, 17364)+(64, 64): 1920/4096 values differ from fill_value (0.0)",0
CHUNK_SAMPLE_POPULATED,info,PHercParis4/segments/20260623161233-w101-103/ink-detection/PHercParis4-20260623161233-2.4um-0.22m-78keV-volume-20260411134726-L2-3d-ink-max.zarr,0,6128.33358,"window (6128, 33358)+(64, 64): 4096/4096 values differ from fill_value (0.0)",0
CHUNK_SAMPLE_POPULATED,info,PHercParis4/segments/20260623161233-w101-103/ink-detection/PHercParis4-20260623161233-2.4um-0.22m-78keV-volume-20260411134726-L2-3d-ink-max.zarr,0,10417.3655,"window (10417, 3655)+(64, 64): 4096/4096 values differ from fill_value (0.0)",0
CHUNK_SAMPLE_POPULATED,info,PHercParis4/segments/20260623161233-w101-103/ink-detection/PHercParis4-20260623161233-2.4um-0.22m-78keV-volume-20260411134726-L2-3d-ink-max.zarr,1,914.8670,"window (914, 8670)+(64, 64): 2688/4096 values differ from fill_value (0.0)",0
CHUNK_SAMPLE_POPULATED,info,PHercParis4/segments/20260623161233-w101-103/ink-detection/PHercParis4-20260623161233-2.4um-0.22m-78keV-volume-20260411134726-L2-3d-ink-max.zarr,1,3048.16655,"window (3048, 16655)+(64, 64): 4096/4096 values differ from fill_value (0.0)",0
CHUNK_SAMPLE_POPULATED,info,PHercParis4/segments/20260623161233-w101-103/ink-detection/PHercParis4-20260623161233-2.4um-0.22m-78keV-volume-20260411134726-L2-3d-ink-max.zarr,1,5181.1825,"window (5181, 1825)+(64, 64): 4096/4096 values differ from fill_value (0.0)",0
CHUNK_SAMPLE_POPULATED,info,PHercParis4/segments/20260623161233-w101-103/ink-detection/PHercParis4-20260623161233-2.4um-0.22m-78keV-volume-20260411134726-L2-3d-ink-max.zarr,2,452.4322,"window (452, 4322)+(64, 64): 3072/4096 values differ from fill_value (0.0)",0
CHUNK_SAMPLE_POPULATED,info,PHercParis4/segments/20260623161233-w101-103/ink-detection/PHercParis4-20260623161233-2.4um-0.22m-78keV-volume-20260411134726-L2-3d-ink-max.zarr,2,1508.8304,"window (1508, 8304)+(64, 64): 4096/4096 values differ from fill_value (0.0)",0
CHUNK_SAMPLE_POPULATED,info,PHercParis4/segments/20260623161233-w101-103/ink-detection/PHercParis4-20260623161233-2.4um-0.22m-78keV-volume-20260411134726-L2-3d-ink-max.zarr,2,2563.910,"window (2563, 910)+(64, 64): 4096/4096 values differ from fill_value (0.0)",0
CHUNK_SAMPLE_POPULATED,info,PHercParis4/segments/20260623161233-w101-103/ink-detection/PHercParis4-20260623161233-2.4um-0.22m-78keV-volume-20260411134726-L2-3d-ink-max.zarr,3,221.2149,"window (221, 2149)+(64, 64): 3275/4096 values differ from fill_value (0.0)",0
CHUNK_SAMPLE_POPULATED,info,PHercParis4/segments/20260623161233-w101-103/ink-detection/PHercParis4-20260623161233-2.4um-0.22m-78keV-volume-20260411134726-L2-3d-ink-max.zarr,3,738.4128,"window (738, 4128)+(64, 64): 4096/4096 values differ from fill_value (0.0)",0
CHUNK_SAMPLE_POPULATED,info,PHercParis4/segments/20260623161233-w101-103/ink-detection/PHercParis4-20260623161233-2.4um-0.22m-78keV-volume-20260411134726-L2-3d-ink-max.zarr,3,1254.452,"window (1254, 452)+(64, 64): 4096/4096 values differ from fill_value (0.0)",0
CHUNK_SAMPLE_POPULATED,info,PHercParis4/segments/20260623161233-w101-103/ink-detection/PHercParis4-20260623161233-2.4um-0.22m-78keV-volume-20260411134726-L2-3d-ink-max.zarr,4,105.1062,"window (105, 1062)+(64, 64): 3412/4096 values differ from fill_value (0.0)",0
CHUNK_SAMPLE_POPULATED,info,PHercParis4/segments/20260623161233-w101-103/ink-detection/PHercParis4-20260623161233-2.4um-0.22m-78keV-volume-20260411134726-L2-3d-ink-max.zarr,4,353.2041,"window (353, 2041)+(64, 64): 4096/4096 values differ from fill_value (0.0)",0
CHUNK_SAMPLE_POPULATED,info,PHercParis4/segments/20260623161233-w101-103/ink-detection/PHercParis4-20260623161233-2.4um-0.22m-78keV-volume-20260411134726-L2-3d-ink-max.zarr,4,600.223,"window (600, 223)+(64, 64): 4096/4096 values differ from fill_value (0.0)",0
CHUNK_SAMPLE_POPULATED,info,PHercParis4/segments/20260623161233-w101-103/ink-detection/PHercParis4-20260623161233-2.4um-0.22m-78keV-volume-20260411134726-L2-3d-ink-max.zarr,5,48.519,"window (48, 519)+(64, 64): 3538/4096 values differ from fill_value (0.0)",0
CHUNK_SAMPLE_POPULATED,info,PHercParis4/segments/20260623161233-w101-103/ink-detection/PHercParis4-20260623161233-2.4um-0.22m-78keV-volume-20260411134726-L2-3d-ink-max.zarr,5,160.997,"window (160, 997)+(64, 64): 4096/4096 values differ from fill_value (0.0)",0
CHUNK_SAMPLE_POPULATED,info,PHercParis4/segments/20260623161233-w101-103/ink-detection/PHercParis4-20260623161233-2.4um-0.22m-78keV-volume-20260411134726-L2-3d-ink-max.zarr,5,272.109,"window (272, 109)+(64, 64): 4096/4096 values differ from fill_value (0.0)",0
CHUNK_SAMPLE_EMPTY,info,PHercParis4/segments/20260623171929-w128-129/ink-detection/PHercParis4-20260623171929-2.4um-0.22m-78keV-volume-20260411134726-L2-3d-ink-max.zarr,0,2636.14772,"window (2636, 14772)+(64, 64): 0/4096 values differ from fill_value (0.0)",0
CHUNK_SAMPLE_POPULATED,info,PHercParis4/segments/20260623171929-w128-129/ink-detection/PHercParis4-20260623171929-2.4um-0.22m-78keV-volume-20260411134726-L2-3d-ink-max.zarr,0,8788.28379,"window (8788, 28379)+(64, 64): 4096/4096 values differ from fill_value (0.0)",0
CHUNK_SAMPLE_POPULATED,info,PHercParis4/segments/20260623171929-w128-129/ink-detection/PHercParis4-20260623171929-2.4um-0.22m-78keV-volume-20260411134726-L2-3d-ink-max.zarr,0,14939.3110,"window (14939, 3110)+(64, 64): 4096/4096 values differ from fill_value (0.0)",0
CHUNK_SAMPLE_POPULATED,info,PHercParis4/segments/20260623171929-w128-129/ink-detection/PHercParis4-20260623171929-2.4um-0.22m-78keV-volume-20260411134726-L2-3d-ink-max.zarr,1,1313.7374,"window (1313, 7374)+(64, 64): 452/4096 values differ from fill_value (0.0)",0
CHUNK_SAMPLE_POPULATED,info,PHercParis4/segments/20260623171929-w128-129/ink-detection/PHercParis4-20260623171929-2.4um-0.22m-78keV-volume-20260411134726-L2-3d-ink-max.zarr,1,4378.14166,"window (4378, 14166)+(64, 64): 4096/4096 values differ from fill_value (0.0)",0
CHUNK_SAMPLE_POPULATED,info,PHercParis4/segments/20260623171929-w128-129/ink-detection/PHercParis4-20260623171929-2.4um-0.22m-78keV-volume-20260411134726-L2-3d-ink-max.zarr,1,7442.1552,"window (7442, 1552)+(64, 64): 4096/4096 values differ from fill_value (0.0)",0
CHUNK_SAMPLE_POPULATED,info,PHercParis4/segments/20260623171929-w128-129/ink-detection/PHercParis4-20260623171929-2.4um-0.22m-78keV-volume-20260411134726-L2-3d-ink-max.zarr,2,651.3674,"window (651, 3674)+(64, 64): 1700/4096 values differ from fill_value (0.0)",0
CHUNK_SAMPLE_POPULATED,info,PHercParis4/segments/20260623171929-w128-129/ink-detection/PHercParis4-20260623171929-2.4um-0.22m-78keV-volume-20260411134726-L2-3d-ink-max.zarr,2,2173.7059,"window (2173, 7059)+(64, 64): 4096/4096 values differ from fill_value (0.0)",0
CHUNK_SAMPLE_POPULATED,info,PHercParis4/segments/20260623171929-w128-129/ink-detection/PHercParis4-20260623171929-2.4um-0.22m-78keV-volume-20260411134726-L2-3d-ink-max.zarr,2,3694.773,"window (3694, 773)+(64, 64): 4096/4096 values differ from fill_value (0.0)",0
CHUNK_SAMPLE_POPULATED,info,PHercParis4/segments/20260623171929-w128-129/ink-detection/PHercParis4-20260623171929-2.4um-0.22m-78keV-volume-20260411134726-L2-3d-ink-max.zarr,3,321.1825,"window (321, 1825)+(64, 64): 2438/4096 values differ from fill_value (0.0)",0
CHUNK_SAMPLE_POPULATED,info,PHercParis4/segments/20260623171929-w128-129/ink-detection/PHercParis4-20260623171929-2.4um-0.22m-78keV-volume-20260411134726-L2-3d-ink-max.zarr,3,1070.3506,"window (1070, 3506)+(64, 64): 4096/4096 values differ from fill_value (0.0)",0
CHUNK_SAMPLE_POPULATED,info,PHercParis4/segments/20260623171929-w128-129/ink-detection/PHercParis4-20260623171929-2.4um-0.22m-78keV-volume-20260411134726-L2-3d-ink-max.zarr,3,1819.384,"window (1819, 384)+(64, 64): 4096/4096 values differ from fill_value (0.0)",0
CHUNK_SAMPLE_POPULATED,info,PHercParis4/segments/20260623171929-w128-129/ink-detection/PHercParis4-20260623171929-2.4um-0.22m-78keV-volume-20260411134726-L2-3d-ink-max.zarr,4,155.900,"window (155, 900)+(64, 64): 2704/4096 values differ from fill_value (0.0)",0
CHUNK_SAMPLE_POPULATED,info,PHercParis4/segments/20260623171929-w128-129/ink-detection/PHercParis4-20260623171929-2.4um-0.22m-78keV-volume-20260411134726-L2-3d-ink-max.zarr,4,519.1730,"window (519, 1730)+(64, 64): 4096/4096 values differ from fill_value (0.0)",0
CHUNK_SAMPLE_POPULATED,info,PHercParis4/segments/20260623171929-w128-129/ink-detection/PHercParis4-20260623171929-2.4um-0.22m-78keV-volume-20260411134726-L2-3d-ink-max.zarr,4,883.189,"window (883, 189)+(64, 64): 4096/4096 values differ from fill_value (0.0)",0
CHUNK_SAMPLE_POPULATED,info,PHercParis4/segments/20260623171929-w128-129/ink-detection/PHercParis4-20260623171929-2.4um-0.22m-78keV-volume-20260411134726-L2-3d-ink-max.zarr,5,73.438,"window (73, 438)+(64, 64): 1911/4096 values differ from fill_value (0.0)",0
CHUNK_SAMPLE_POPULATED,info,PHercParis4/segments/20260623171929-w128-129/ink-detection/PHercParis4-20260623171929-2.4um-0.22m-78keV-volume-20260411134726-L2-3d-ink-max.zarr,5,244.841,"window (244, 841)+(64, 64): 4096/4096 values differ from fill_value (0.0)",0
CHUNK_SAMPLE_POPULATED,info,PHercParis4/segments/20260623171929-w128-129/ink-detection/PHercParis4-20260623171929-2.4um-0.22m-78keV-volume-20260411134726-L2-3d-ink-max.zarr,5,414.92,"window (414, 92)+(64, 64): 3412/4096 values differ from fill_value (0.0)",0
CHUNK_SAMPLE_POPULATED,info,PHercParis4/segments/20260701183127-w046-052/ink-detection/PHercParis4-20260701183127-2.4um-0.22m-78keV-volume-20260411134726-L2-3d-ink-max.zarr,0,2801.18481,"window (2801, 18481)+(64, 64): 4096/4096 values differ from fill_value (0.0)",0
CHUNK_SAMPLE_POPULATED,info,PHercParis4/segments/20260701183127-w046-052/ink-detection/PHercParis4-20260701183127-2.4um-0.22m-78keV-volume-20260411134726-L2-3d-ink-max.zarr,0,9338.35504,"window (9338, 35504)+(64, 64): 4096/4096 values differ from fill_value (0.0)",0
CHUNK_SAMPLE_POPULATED,info,PHercParis4/segments/20260701183127-w046-052/ink-detection/PHercParis4-20260701183127-2.4um-0.22m-78keV-volume-20260411134726-L2-3d-ink-max.zarr,0,15874.3890,"window (15874, 3890)+(64, 64): 4096/4096 values differ from fill_value (0.0)",0
CHUNK_SAMPLE_POPULATED,info,PHercParis4/segments/20260701183127-w046-052/ink-detection/PHercParis4-20260701183127-2.4um-0.22m-78keV-volume-20260411134726-L2-3d-ink-max.zarr,1,1395.9228,"window (1395, 9228)+(64, 64): 4096/4096 values differ from fill_value (0.0)",0
CHUNK_SAMPLE_POPULATED,info,PHercParis4/segments/20260701183127-w046-052/ink-detection/PHercParis4-20260701183127-2.4um-0.22m-78keV-volume-20260411134726-L2-3d-ink-max.zarr,1,4653.17728,"window (4653, 17728)+(64, 64): 4096/4096 values differ from fill_value (0.0)",0
CHUNK_SAMPLE_POPULATED,info,PHercParis4/segments/20260701183127-w046-052/ink-detection/PHercParis4-20260701183127-2.4um-0.22m-78keV-volume-20260411134726-L2-3d-ink-max.zarr,1,7910.1942,"window (7910, 1942)+(64, 64): 4096/4096 values differ from fill_value (0.0)",0
CHUNK_SAMPLE_POPULATED,info,PHercParis4/segments/20260701183127-w046-052/ink-detection/PHercParis4-20260701183127-2.4um-0.22m-78keV-volume-20260411134726-L2-3d-ink-max.zarr,2,693.4602,"window (693, 4602)+(64, 64): 4096/4096 values differ from fill_value (0.0)",0
CHUNK_SAMPLE_POPULATED,info,PHercParis4/segments/20260701183127-w046-052/ink-detection/PHercParis4-20260701183127-2.4um-0.22m-78keV-volume-20260411134726-L2-3d-ink-max.zarr,2,2310.8841,"window (2310, 8841)+(64, 64): 4096/4096 values differ from fill_value (0.0)",0
CHUNK_SAMPLE_POPULATED,info,PHercParis4/segments/20260701183127-w046-052/ink-detection/PHercParis4-20260701183127-2.4um-0.22m-78keV-volume-20260411134726-L2-3d-ink-max.zarr,2,3927.968,"window (3927, 968)+(64, 64): 4096/4096 values differ from fill_value (0.0)",0
CHUNK_SAMPLE_POPULATED,info,PHercParis4/segments/20260701183127-w046-052/ink-detection/PHercParis4-20260701183127-2.4um-0.22m-78keV-volume-20260411134726-L2-3d-ink-max.zarr,3,341.2289,"window (341, 2289)+(64, 64): 4096/4096 values differ from fill_value (0.0)",0
CHUNK_SAMPLE_POPULATED,info,PHercParis4/segments/20260701183127-w046-052/ink-detection/PHercParis4-20260701183127-2.4um-0.22m-78keV-volume-20260411134726-L2-3d-ink-max.zarr,3,1139.4397,"window (1139, 4397)+(64, 64): 4096/4096 values differ from fill_value (0.0)",0
CHUNK_SAMPLE_POPULATED,info,PHercParis4/segments/20260701183127-w046-052/ink-detection/PHercParis4-20260701183127-2.4um-0.22m-78keV-volume-20260411134726-L2-3d-ink-max.zarr,3,1937.481,"window (1937, 481)+(64, 64): 4096/4096 values differ from fill_value (0.0)",0
CHUNK_SAMPLE_POPULATED,info,PHercParis4/segments/20260701183127-w046-052/ink-detection/PHercParis4-20260701183127-2.4um-0.22m-78keV-volume-20260411134726-L2-3d-ink-max.zarr,4,166.1132,"window (166, 1132)+(64, 64): 4096/4096 values differ from fill_value (0.0)",0
CHUNK_SAMPLE_POPULATED,info,PHercParis4/segments/20260701183127-w046-052/ink-detection/PHercParis4-20260701183127-2.4um-0.22m-78keV-volume-20260411134726-L2-3d-ink-max.zarr,4,554.2175,"window (554, 2175)+(64, 64): 4096/4096 values differ from fill_value (0.0)",0
CHUNK_SAMPLE_POPULATED,info,PHercParis4/segments/20260701183127-w046-052/ink-detection/PHercParis4-20260701183127-2.4um-0.22m-78keV-volume-20260411134726-L2-3d-ink-max.zarr,4,941.238,"window (941, 238)+(64, 64): 4096/4096 values differ from fill_value (0.0)",0
CHUNK_SAMPLE_POPULATED,info,PHercParis4/segments/20260701183127-w046-052/ink-detection/PHercParis4-20260701183127-2.4um-0.22m-78keV-volume-20260411134726-L2-3d-ink-max.zarr,5,78.554,"window (78, 554)+(64, 64): 4096/4096 values differ from fill_value (0.0)",0
CHUNK_SAMPLE_POPULATED,info,PHercParis4/segments/20260701183127-w046-052/ink-detection/PHercParis4-20260701183127-2.4um-0.22m-78keV-volume-20260411134726-L2-3d-ink-max.zarr,5,261.1064,"window (261, 1064)+(64, 64): 4096/4096 values differ from fill_value (0.0)",0
CHUNK_SAMPLE_POPULATED,info,PHercParis4/segments/20260701183127-w046-052/ink-detection/PHercParis4-20260701183127-2.4um-0.22m-78keV-volume-20260411134726-L2-3d-ink-max.zarr,5,443.116,"window (443, 116)+(64, 64): 4096/4096 values differ from fill_value (0.0)",0
CHUNK_SAMPLE_POPULATED,info,PHercParis4/segments/20260701183125-w028-037/ink-detection/PHercParis4-20260701183125-2.4um-0.22m-78keV-volume-20260411134726-L2-3d-ink-max.zarr,0,2675.16566,"window (2675, 16566)+(64, 64): 4096/4096 values differ from fill_value (0.0)",0
CHUNK_SAMPLE_POPULATED,info,PHercParis4/segments/20260701183125-w028-037/ink-detection/PHercParis4-20260701183125-2.4um-0.22m-78keV-volume-20260411134726-L2-3d-ink-max.zarr,0,8918.31825,"window (8918, 31825)+(64, 64): 4096/4096 values differ from fill_value (0.0)",0
CHUNK_SAMPLE_POPULATED,info,PHercParis4/segments/20260701183125-w028-037/ink-detection/PHercParis4-20260701183125-2.4um-0.22m-78keV-volume-20260411134726-L2-3d-ink-max.zarr,0,15160.3487,"window (15160, 3487)+(64, 64): 4096/4096 values differ from fill_value (0.0)",0
CHUNK_SAMPLE_POPULATED,info,PHercParis4/segments/20260701183125-w028-037/ink-detection/PHercParis4-20260701183125-2.4um-0.22m-78keV-volume-20260411134726-L2-3d-ink-max.zarr,1,1332.8271,"window (1332, 8271)+(64, 64): 4096/4096 values differ from fill_value (0.0)",0
CHUNK_SAMPLE_POPULATED,info,PHercParis4/segments/20260701183125-w028-037/ink-detection/PHercParis4-20260701183125-2.4um-0.22m-78keV-volume-20260411134726-L2-3d-ink-max.zarr,1,4443.15889,"window (4443, 15889)+(64, 64): 4096/4096 values differ from fill_value (0.0)",0
CHUNK_SAMPLE_POPULATED,info,PHercParis4/segments/20260701183125-w028-037/ink-detection/PHercParis4-20260701183125-2.4um-0.22m-78keV-volume-20260411134726-L2-3d-ink-max.zarr,1,7553.1741,"window (7553, 1741)+(64, 64): 4096/4096 values differ from fill_value (0.0)",0
CHUNK_SAMPLE_POPULATED,info,PHercParis4/segments/20260701183125-w028-037/ink-detection/PHercParis4-20260701183125-2.4um-0.22m-78keV-volume-20260411134726-L2-3d-ink-max.zarr,2,661.4123,"window (661, 4123)+(64, 64): 4096/4096 values differ from fill_value (0.0)",0
CHUNK_SAMPLE_POPULATED,info,PHercParis4/segments/20260701183125-w028-037/ink-detection/PHercParis4-20260701183125-2.4um-0.22m-78keV-volume-20260411134726-L2-3d-ink-max.zarr,2,2205.7921,"window (2205, 7921)+(64, 64): 4096/4096 values differ from fill_value (0.0)",0
CHUNK_SAMPLE_POPULATED,info,PHercParis4/segments/20260701183125-w028-037/ink-detection/PHercParis4-20260701183125-2.4um-0.22m-78keV-volume-20260411134726-L2-3d-ink-max.zarr,2,3749.868,"window (3749, 868)+(64, 64): 4096/4096 values differ from fill_value (0.0)",0
CHUNK_SAMPLE_POPULATED,info,PHercParis4/segments/20260701183125-w028-037/ink-detection/PHercParis4-20260701183125-2.4um-0.22m-78keV-volume-20260411134726-L2-3d-ink-max.zarr,3,326.2049,"window (326, 2049)+(64, 64): 4096/4096 values differ from fill_value (0.0)",0
CHUNK_SAMPLE_POPULATED,info,PHercParis4/segments/20260701183125-w028-037/ink-detection/PHercParis4-20260701183125-2.4um-0.22m-78keV-volume-20260411134726-L2-3d-ink-max.zarr,3,1087.3937,"window (1087, 3937)+(64, 64): 4096/4096 values differ from fill_value (0.0)",0
CHUNK_SAMPLE_POPULATED,info,PHercParis4/segments/20260701183125-w028-037/ink-detection/PHercParis4-20260701183125-2.4um-0.22m-78keV-volume-20260411134726-L2-3d-ink-max.zarr,3,1847.431,"window (1847, 431)+(64, 64): 4096/4096 values differ from fill_value (0.0)",0
CHUNK_SAMPLE_POPULATED,info,PHercParis4/segments/20260701183125-w028-037/ink-detection/PHercParis4-20260701183125-2.4um-0.22m-78keV-volume-20260411134726-L2-3d-ink-max.zarr,4,158.1012,"window (158, 1012)+(64, 64): 4096/4096 values differ from fill_value (0.0)",0
CHUNK_SAMPLE_POPULATED,info,PHercParis4/segments/20260701183125-w028-037/ink-detection/PHercParis4-20260701183125-2.4um-0.22m-78keV-volume-20260411134726-L2-3d-ink-max.zarr,4,527.1945,"window (527, 1945)+(64, 64): 4096/4096 values differ from fill_value (0.0)",0
CHUNK_SAMPLE_POPULATED,info,PHercParis4/segments/20260701183125-w028-037/ink-detection/PHercParis4-20260701183125-2.4um-0.22m-78keV-volume-20260411134726-L2-3d-ink-max.zarr,4,896.213,"window (896, 213)+(64, 64): 4096/4096 values differ from fill_value (0.0)",0
CHUNK_SAMPLE_POPULATED,info,PHercParis4/segments/20260701183125-w028-037/ink-detection/PHercParis4-20260701183125-2.4um-0.22m-78keV-volume-20260411134726-L2-3d-ink-max.zarr,5,74.494,"window (74, 494)+(64, 64): 4096/4096 values differ from fill_value (0.0)",0
CHUNK_SAMPLE_POPULATED,info,PHercParis4/segments/20260701183125-w028-037/ink-detection/PHercParis4-20260701183125-2.4um-0.22m-78keV-volume-20260411134726-L2-3d-ink-max.zarr,5,248.949,"window (248, 949)+(64, 64): 4096/4096 values differ from fill_value (0.0)",0
CHUNK_SAMPLE_POPULATED,info,PHercParis4/segments/20260701183125-w028-037/ink-detection/PHercParis4-20260701183125-2.4um-0.22m-78keV-volume-20260411134726-L2-3d-ink-max.zarr,5,421.104,"window (421, 104)+(64, 64): 4096/4096 values differ from fill_value (0.0)",0
CHUNK_SAMPLE_POPULATED,info,PHercParis4/segments/20260701183124-w010-027/ink-detection/PHercParis4-20260701183124-2.4um-0.22m-78keV-volume-20260411134726-L2-3d-ink-max.zarr,0,2606.16125,"window (2606, 16125)+(64, 64): 4096/4096 values differ from fill_value (0.0)",0
CHUNK_SAMPLE_POPULATED,info,PHercParis4/segments/20260701183124-w010-027/ink-detection/PHercParis4-20260701183124-2.4um-0.22m-78keV-volume-20260411134726-L2-3d-ink-max.zarr,0,8688.30978,"window (8688, 30978)+(64, 64): 4096/4096 values differ from fill_value (0.0)",0
CHUNK_SAMPLE_POPULATED,info,PHercParis4/segments/20260701183124-w010-027/ink-detection/PHercParis4-20260701183124-2.4um-0.22m-78keV-volume-20260411134726-L2-3d-ink-max.zarr,0,14769.3394,"window (14769, 3394)+(64, 64): 4096/4096 values differ from fill_value (0.0)",0
CHUNK_SAMPLE_POPULATED,info,PHercParis4/segments/20260701183124-w010-027/ink-detection/PHercParis4-20260701183124-2.4um-0.22m-78keV-volume-20260411134726-L2-3d-ink-max.zarr,1,1298.8050,"window (1298, 8050)+(64, 64): 4096/4096 values differ from fill_value (0.0)",0
CHUNK_SAMPLE_POPULATED,info,PHercParis4/segments/20260701183124-w010-027/ink-detection/PHercParis4-20260701183124-2.4um-0.22m-78keV-volume-20260411134726-L2-3d-ink-max.zarr,1,4328.15465,"window (4328, 15465)+(64, 64): 4096/4096 values differ from fill_value (0.0)",0
CHUNK_SAMPLE_POPULATED,info,PHercParis4/segments/20260701183124-w010-027/ink-detection/PHercParis4-20260701183124-2.4um-0.22m-78keV-volume-20260411134726-L2-3d-ink-max.zarr,1,7357.1694,"window (7357, 1694)+(64, 64): 4096/4096 values differ from fill_value (0.0)",0
CHUNK_SAMPLE_POPULATED,info,PHercParis4/segments/20260701183124-w010-027/ink-detection/PHercParis4-20260701183124-2.4um-0.22m-78keV-volume-20260411134726-L2-3d-ink-max.zarr,2,644.4013,"window (644, 4013)+(64, 64): 4096/4096 values differ from fill_value (0.0)",0
CHUNK_SAMPLE_POPULATED,info,PHercParis4/segments/20260701183124-w010-027/ink-detection/PHercParis4-20260701183124-2.4um-0.22m-78keV-volume-20260411134726-L2-3d-ink-max.zarr,2,2148.7709,"window (2148, 7709)+(64, 64): 4096/4096 values differ from fill_value (0.0)",0
CHUNK_SAMPLE_POPULATED,info,PHercParis4/segments/20260701183124-w010-027/ink-detection/PHercParis4-20260701183124-2.4um-0.22m-78keV-volume-20260411134726-L2-3d-ink-max.zarr,2,3651.844,"window (3651, 844)+(64, 64): 4096/4096 values differ from fill_value (0.0)",0
CHUNK_SAMPLE_POPULATED,info,PHercParis4/segments/20260701183124-w010-027/ink-detection/PHercParis4-20260701183124-2.4um-0.22m-78keV-volume-20260411134726-L2-3d-ink-max.zarr,3,317.1994,"window (317, 1994)+(64, 64): 4096/4096 values differ from fill_value (0.0)",0
CHUNK_SAMPLE_POPULATED,info,PHercParis4/segments/20260701183124-w010-027/ink-detection/PHercParis4-20260701183124-2.4um-0.22m-78keV-volume-20260411134726-L2-3d-ink-max.zarr,3,1058.3831,"window (1058, 3831)+(64, 64): 4096/4096 values differ from fill_value (0.0)",0
CHUNK_SAMPLE_POPULATED,info,PHercParis4/segments/20260701183124-w010-027/ink-detection/PHercParis4-20260701183124-2.4um-0.22m-78keV-volume-20260411134726-L2-3d-ink-max.zarr,3,1798.419,"window (1798, 419)+(64, 64): 4096/4096 values differ from fill_value (0.0)",0
CHUNK_SAMPLE_POPULATED,info,PHercParis4/segments/20260701183124-w010-027/ink-detection/PHercParis4-20260701183124-2.4um-0.22m-78keV-volume-20260411134726-L2-3d-ink-max.zarr,4,153.985,"window (153, 985)+(64, 64): 4096/4096 values differ from fill_value (0.0)",0
CHUNK_SAMPLE_POPULATED,info,PHercParis4/segments/20260701183124-w010-027/ink-detection/PHercParis4-20260701183124-2.4um-0.22m-78keV-volume-20260411134726-L2-3d-ink-max.zarr,4,513.1892,"window (513, 1892)+(64, 64): 4096/4096 values differ from fill_value (0.0)",0
CHUNK_SAMPLE_POPULATED,info,PHercParis4/segments/20260701183124-w010-027/ink-detection/PHercParis4-20260701183124-2.4um-0.22m-78keV-volume-20260411134726-L2-3d-ink-max.zarr,4,872.207,"window (872, 207)+(64, 64): 4096/4096 values differ from fill_value (0.0)",0
CHUNK_SAMPLE_POPULATED,info,PHercParis4/segments/20260701183124-w010-027/ink-detection/PHercParis4-20260701183124-2.4um-0.22m-78keV-volume-20260411134726-L2-3d-ink-max.zarr,5,72.480,"window (72, 480)+(64, 64): 4096/4096 values differ from fill_value (0.0)",0
CHUNK_SAMPLE_POPULATED,info,PHercParis4/segments/20260701183124-w010-027/ink-detection/PHercParis4-20260701183124-2.4um-0.22m-78keV-volume-20260411134726-L2-3d-ink-max.zarr,5,240.923,"window (240, 923)+(64, 64): 4096/4096 values differ from fill_value (0.0)",0
CHUNK_SAMPLE_POPULATED,info,PHercParis4/segments/20260701183124-w010-027/ink-detection/PHercParis4-20260701183124-2.4um-0.22m-78keV-volume-20260411134726-L2-3d-ink-max.zarr,5,408.101,"window (408, 101)+(64, 64): 4096/4096 values differ from fill_value (0.0)",0
CHUNK_SAMPLE_POPULATED,info,PHercParis4/segments/20260701183126-w038-045/ink-detection/PHercParis4-20260701183126-2.4um-0.22m-78keV-volume-20260411134726-L2-3d-ink-max.zarr,0,2798.17448,"window (2798, 17448)+(64, 64): 4096/4096 values differ from fill_value (0.0)",0
CHUNK_SAMPLE_POPULATED,info,PHercParis4/segments/20260701183126-w038-045/ink-detection/PHercParis4-20260701183126-2.4um-0.22m-78keV-volume-20260411134726-L2-3d-ink-max.zarr,0,9328.33518,"window (9328, 33518)+(64, 64): 4096/4096 values differ from fill_value (0.0)",0
CHUNK_SAMPLE_POPULATED,info,PHercParis4/segments/20260701183126-w038-045/ink-detection/PHercParis4-20260701183126-2.4um-0.22m-78keV-volume-20260411134726-L2-3d-ink-max.zarr,0,15857.3673,"window (15857, 3673)+(64, 64): 4096/4096 values differ from fill_value (0.0)",0
CHUNK_SAMPLE_POPULATED,info,PHercParis4/segments/20260701183126-w038-045/ink-detection/PHercParis4-20260701183126-2.4um-0.22m-78keV-volume-20260411134726-L2-3d-ink-max.zarr,1,1394.8711,"window (1394, 8711)+(64, 64): 4096/4096 values differ from fill_value (0.0)",0
CHUNK_SAMPLE_POPULATED,info,PHercParis4/segments/20260701183126-w038-045/ink-detection/PHercParis4-20260701183126-2.4um-0.22m-78keV-volume-20260411134726-L2-3d-ink-max.zarr,1,4648.16735,"window (4648, 16735)+(64, 64): 4096/4096 values differ from fill_value (0.0)",0
CHUNK_SAMPLE_POPULATED,info,PHercParis4/segments/20260701183126-w038-045/ink-detection/PHercParis4-20260701183126-2.4um-0.22m-78keV-volume-20260411134726-L2-3d-ink-max.zarr,1,7901.1834,"window (7901, 1834)+(64, 64): 4096/4096 values differ from fill_value (0.0)",0
CHUNK_SAMPLE_POPULATED,info,PHercParis4/segments/20260701183126-w038-045/ink-detection/PHercParis4-20260701183126-2.4um-0.22m-78keV-volume-20260411134726-L2-3d-ink-max.zarr,2,692.4343,"window (692, 4343)+(64, 64): 4096/4096 values differ from fill_value (0.0)",0
CHUNK_SAMPLE_POPULATED,info,PHercParis4/segments/20260701183126-w038-045/ink-detection/PHercParis4-20260701183126-2.4um-0.22m-78keV-volume-20260411134726-L2-3d-ink-max.zarr,2,2308.8344,"window (2308, 8344)+(64, 64): 4096/4096 values differ from fill_value (0.0)",0
CHUNK_SAMPLE_POPULATED,info,PHercParis4/segments/20260701183126-w038-045/ink-detection/PHercParis4-20260701183126-2.4um-0.22m-78keV-volume-20260411134726-L2-3d-ink-max.zarr,2,3923.914,"window (3923, 914)+(64, 64): 4096/4096 values differ from fill_value (0.0)",0
CHUNK_SAMPLE_POPULATED,info,PHercParis4/segments/20260701183126-w038-045/ink-detection/PHercParis4-20260701183126-2.4um-0.22m-78keV-volume-20260411134726-L2-3d-ink-max.zarr,3,341.2159,"window (341, 2159)+(64, 64): 4096/4096 values differ from fill_value (0.0)",0
CHUNK_SAMPLE_POPULATED,info,PHercParis4/segments/20260701183126-w038-045/ink-detection/PHercParis4-20260701183126-2.4um-0.22m-78keV-volume-20260411134726-L2-3d-ink-max.zarr,3,1138.4149,"window (1138, 4149)+(64, 64): 4096/4096 values differ from fill_value (0.0)",0
CHUNK_SAMPLE_POPULATED,info,PHercParis4/segments/20260701183126-w038-045/ink-detection/PHercParis4-20260701183126-2.4um-0.22m-78keV-volume-20260411134726-L2-3d-ink-max.zarr,3,1934.454,"window (1934, 454)+(64, 64): 4096/4096 values differ from fill_value (0.0)",0
CHUNK_SAMPLE_POPULATED,info,PHercParis4/segments/20260701183126-w038-045/ink-detection/PHercParis4-20260701183126-2.4um-0.22m-78keV-volume-20260411134726-L2-3d-ink-max.zarr,4,165.1067,"window (165, 1067)+(64, 64): 4096/4096 values differ from fill_value (0.0)",0
CHUNK_SAMPLE_POPULATED,info,PHercParis4/segments/20260701183126-w038-045/ink-detection/PHercParis4-20260701183126-2.4um-0.22m-78keV-volume-20260411134726-L2-3d-ink-max.zarr,4,553.2051,"window (553, 2051)+(64, 64): 4096/4096 values differ from fill_value (0.0)",0
CHUNK_SAMPLE_POPULATED,info,PHercParis4/segments/20260701183126-w038-045/ink-detection/PHercParis4-20260701183126-2.4um-0.22m-78keV-volume-20260411134726-L2-3d-ink-max.zarr,4,940.224,"window (940, 224)+(64, 64): 4096/4096 values differ from fill_value (0.0)",0
CHUNK_SAMPLE_POPULATED,info,PHercParis4/segments/20260701183126-w038-045/ink-detection/PHercParis4-20260701183126-2.4um-0.22m-78keV-volume-20260411134726-L2-3d-ink-max.zarr,5,78.521,"window (78, 521)+(64, 64): 4096/4096 values differ from fill_value (0.0)",0
CHUNK_SAMPLE_POPULATED,info,PHercParis4/segments/20260701183126-w038-045/ink-detection/PHercParis4-20260701183126-2.4um-0.22m-78keV-volume-20260411134726-L2-3d-ink-max.zarr,5,260.1002,"window (260, 1002)+(64, 64): 4096/4096 values differ from fill_value (0.0)",0
CHUNK_SAMPLE_POPULATED,info,PHercParis4/segments/20260701183126-w038-045/ink-detection/PHercParis4-20260701183126-2.4um-0.22m-78keV-volume-20260411134726-L2-3d-ink-max.zarr,5,442.109,"window (442, 109)+(64, 64): 4096/4096 values differ from fill_value (0.0)",0
CHUNK_SAMPLE_POPULATED,info,PHercParis4/segments/20260701183131-w069-072/ink-detection/PHercParis4-20260701183131-2.4um-0.22m-78keV-volume-20260411134726-L2-3d-ink-max.zarr,0,2753.15654,"window (2753, 15654)+(64, 64): 4096/4096 values differ from fill_value (0.0)",0
CHUNK_SAMPLE_POPULATED,info,PHercParis4/segments/20260701183131-w069-072/ink-detection/PHercParis4-20260701183131-2.4um-0.22m-78keV-volume-20260411134726-L2-3d-ink-max.zarr,0,9178.30073,"window (9178, 30073)+(64, 64): 4096/4096 values differ from fill_value (0.0)",0
CHUNK_SAMPLE_POPULATED,info,PHercParis4/segments/20260701183131-w069-072/ink-detection/PHercParis4-20260701183131-2.4um-0.22m-78keV-volume-20260411134726-L2-3d-ink-max.zarr,0,15602.3295,"window (15602, 3295)+(64, 64): 4096/4096 values differ from fill_value (0.0)",0
CHUNK_SAMPLE_POPULATED,info,PHercParis4/segments/20260701183131-w069-072/ink-detection/PHercParis4-20260701183131-2.4um-0.22m-78keV-volume-20260411134726-L2-3d-ink-max.zarr,1,1371.7815,"window (1371, 7815)+(64, 64): 4096/4096 values differ from fill_value (0.0)",0
CHUNK_SAMPLE_POPULATED,info,PHercParis4/segments/20260701183131-w069-072/ink-detection/PHercParis4-20260701183131-2.4um-0.22m-78keV-volume-20260411134726-L2-3d-ink-max.zarr,1,4573.15013,"window (4573, 15013)+(64, 64): 4096/4096 values differ from fill_value (0.0)",0
CHUNK_SAMPLE_POPULATED,info,PHercParis4/segments/20260701183131-w069-072/ink-detection/PHercParis4-20260701183131-2.4um-0.22m-78keV-volume-20260411134726-L2-3d-ink-max.zarr,1,7774.1645,"window (7774, 1645)+(64, 64): 4096/4096 values differ from fill_value (0.0)",0
CHUNK_SAMPLE_POPULATED,info,PHercParis4/segments/20260701183131-w069-072/ink-detection/PHercParis4-20260701183131-2.4um-0.22m-78keV-volume-20260411134726-L2-3d-ink-max.zarr,2,681.3895,"window (681, 3895)+(64, 64): 4096/4096 values differ from fill_value (0.0)",0
CHUNK_SAMPLE_POPULATED,info,PHercParis4/segments/20260701183131-w069-072/ink-detection/PHercParis4-20260701183131-2.4um-0.22m-78keV-volume-20260411134726-L2-3d-ink-max.zarr,2,2270.7483,"window (2270, 7483)+(64, 64): 4096/4096 values differ from fill_value (0.0)",0
CHUNK_SAMPLE_POPULATED,info,PHercParis4/segments/20260701183131-w069-072/ink-detection/PHercParis4-20260701183131-2.4um-0.22m-78keV-volume-20260411134726-L2-3d-ink-max.zarr,2,3859.820,"window (3859, 820)+(64, 64): 4096/4096 values differ from fill_value (0.0)",0
CHUNK_SAMPLE_POPULATED,info,PHercParis4/segments/20260701183131-w069-072/ink-detection/PHercParis4-20260701183131-2.4um-0.22m-78keV-volume-20260411134726-L2-3d-ink-max.zarr,3,335.1935,"window (335, 1935)+(64, 64): 4096/4096 values differ from fill_value (0.0)",0
CHUNK_SAMPLE_POPULATED,info,PHercParis4/segments/20260701183131-w069-072/ink-detection/PHercParis4-20260701183131-2.4um-0.22m-78keV-volume-20260411134726-L2-3d-ink-max.zarr,3,1119.3718,"window (1119, 3718)+(64, 64): 4096/4096 values differ from fill_value (0.0)",0
CHUNK_SAMPLE_POPULATED,info,PHercParis4/segments/20260701183131-w069-072/ink-detection/PHercParis4-20260701183131-2.4um-0.22m-78keV-volume-20260411134726-L2-3d-ink-max.zarr,3,1903.407,"window (1903, 407)+(64, 64): 4096/4096 values differ from fill_value (0.0)",0
CHUNK_SAMPLE_POPULATED,info,PHercParis4/segments/20260701183131-w069-072/ink-detection/PHercParis4-20260701183131-2.4um-0.22m-78keV-volume-20260411134726-L2-3d-ink-max.zarr,4,163.955,"window (163, 955)+(64, 64): 4096/4096 values differ from fill_value (0.0)",0
CHUNK_SAMPLE_POPULATED,info,PHercParis4/segments/20260701183131-w069-072/ink-detection/PHercParis4-20260701183131-2.4um-0.22m-78keV-volume-20260411134726-L2-3d-ink-max.zarr,4,544.1835,"window (544, 1835)+(64, 64): 4096/4096 values differ from fill_value (0.0)",0
CHUNK_SAMPLE_POPULATED,info,PHercParis4/segments/20260701183131-w069-072/ink-detection/PHercParis4-20260701183131-2.4um-0.22m-78keV-volume-20260411134726-L2-3d-ink-max.zarr,4,924.201,"window (924, 201)+(64, 64): 4096/4096 values differ from fill_value (0.0)",0
CHUNK_SAMPLE_POPULATED,info,PHercParis4/segments/20260701183131-w069-072/ink-detection/PHercParis4-20260701183131-2.4um-0.22m-78keV-volume-20260411134726-L2-3d-ink-max.zarr,5,76.465,"window (76, 465)+(64, 64): 4096/4096 values differ from fill_value (0.0)",0
CHUNK_SAMPLE_POPULATED,info,PHercParis4/segments/20260701183131-w069-072/ink-detection/PHercParis4-20260701183131-2.4um-0.22m-78keV-volume-20260411134726-L2-3d-ink-max.zarr,5,256.894,"window (256, 894)+(64, 64): 4096/4096 values differ from fill_value (0.0)",0
CHUNK_SAMPLE_POPULATED,info,PHercParis4/segments/20260701183131-w069-072/ink-detection/PHercParis4-20260701183131-2.4um-0.22m-78keV-volume-20260411134726-L2-3d-ink-max.zarr,5,435.98,"window (435, 98)+(64, 64): 4096/4096 values differ from fill_value (0.0)",0
CHUNK_SAMPLE_POPULATED,info,PHercParis4/segments/20260701183128-w053-058/ink-detection/PHercParis4-20260701183128-2.4um-0.22m-78keV-volume-20260411134726-L2-3d-ink-max.zarr,0,2735.17539,"window (2735, 17539)+(64, 64): 4096/4096 values differ from fill_value (0.0)",0
CHUNK_SAMPLE_POPULATED,info,PHercParis4/segments/20260701183128-w053-058/ink-detection/PHercParis4-20260701183128-2.4um-0.22m-78keV-volume-20260411134726-L2-3d-ink-max.zarr,0,9118.33693,"window (9118, 33693)+(64, 64): 4096/4096 values differ from fill_value (0.0)",0
CHUNK_SAMPLE_POPULATED,info,PHercParis4/segments/20260701183128-w053-058/ink-detection/PHercParis4-20260701183128-2.4um-0.22m-78keV-volume-20260411134726-L2-3d-ink-max.zarr,0,15500.3692,"window (15500, 3692)+(64, 64): 4096/4096 values differ from fill_value (0.0)",0
CHUNK_SAMPLE_POPULATED,info,PHercParis4/segments/20260701183128-w053-058/ink-detection/PHercParis4-20260701183128-2.4um-0.22m-78keV-volume-20260411134726-L2-3d-ink-max.zarr,1,1362.8757,"window (1362, 8757)+(64, 64): 4096/4096 values differ from fill_value (0.0)",0
CHUNK_SAMPLE_POPULATED,info,PHercParis4/segments/20260701183128-w053-058/ink-detection/PHercParis4-20260701183128-2.4um-0.22m-78keV-volume-20260411134726-L2-3d-ink-max.zarr,1,4543.16823,"window (4543, 16823)+(64, 64): 4096/4096 values differ from fill_value (0.0)",0
CHUNK_SAMPLE_POPULATED,info,PHercParis4/segments/20260701183128-w053-058/ink-detection/PHercParis4-20260701183128-2.4um-0.22m-78keV-volume-20260411134726-L2-3d-ink-max.zarr,1,7723.1843,"window (7723, 1843)+(64, 64): 4096/4096 values differ from fill_value (0.0)",0
CHUNK_SAMPLE_POPULATED,info,PHercParis4/segments/20260701183128-w053-058/ink-detection/PHercParis4-20260701183128-2.4um-0.22m-78keV-volume-20260411134726-L2-3d-ink-max.zarr,2,676.4366,"window (676, 4366)+(64, 64): 4096/4096 values differ from fill_value (0.0)",0
CHUNK_SAMPLE_POPULATED,info,PHercParis4/segments/20260701183128-w053-058/ink-detection/PHercParis4-20260701183128-2.4um-0.22m-78keV-volume-20260411134726-L2-3d-ink-max.zarr,2,2255.8388,"window (2255, 8388)+(64, 64): 4096/4096 values differ from fill_value (0.0)",0
CHUNK_SAMPLE_POPULATED,info,PHercParis4/segments/20260701183128-w053-058/ink-detection/PHercParis4-20260701183128-2.4um-0.22m-78keV-volume-20260411134726-L2-3d-ink-max.zarr,2,3834.919,"window (3834, 919)+(64, 64): 4096/4096 values differ from fill_value (0.0)",0
CHUNK_SAMPLE_POPULATED,info,PHercParis4/segments/20260701183128-w053-058/ink-detection/PHercParis4-20260701183128-2.4um-0.22m-78keV-volume-20260411134726-L2-3d-ink-max.zarr,3,333.2171,"window (333, 2171)+(64, 64): 4096/4096 values differ from fill_value (0.0)",0
CHUNK_SAMPLE_POPULATED,info,PHercParis4/segments/20260701183128-w053-058/ink-detection/PHercParis4-20260701183128-2.4um-0.22m-78keV-volume-20260411134726-L2-3d-ink-max.zarr,3,1112.4171,"window (1112, 4171)+(64, 64): 4096/4096 values differ from fill_value (0.0)",0
CHUNK_SAMPLE_POPULATED,info,PHercParis4/segments/20260701183128-w053-058/ink-detection/PHercParis4-20260701183128-2.4um-0.22m-78keV-volume-20260411134726-L2-3d-ink-max.zarr,3,1890.457,"window (1890, 457)+(64, 64): 4096/4096 values differ from fill_value (0.0)",0
CHUNK_SAMPLE_POPULATED,info,PHercParis4/segments/20260701183128-w053-058/ink-detection/PHercParis4-20260701183128-2.4um-0.22m-78keV-volume-20260411134726-L2-3d-ink-max.zarr,4,162.1073,"window (162, 1073)+(64, 64): 4096/4096 values differ from fill_value (0.0)",0
CHUNK_SAMPLE_POPULATED,info,PHercParis4/segments/20260701183128-w053-058/ink-detection/PHercParis4-20260701183128-2.4um-0.22m-78keV-volume-20260411134726-L2-3d-ink-max.zarr,4,540.2062,"window (540, 2062)+(64, 64): 4096/4096 values differ from fill_value (0.0)",0
CHUNK_SAMPLE_POPULATED,info,PHercParis4/segments/20260701183128-w053-058/ink-detection/PHercParis4-20260701183128-2.4um-0.22m-78keV-volume-20260411134726-L2-3d-ink-max.zarr,4,918.226,"window (918, 226)+(64, 64): 4096/4096 values differ from fill_value (0.0)",0
CHUNK_SAMPLE_POPULATED,info,PHercParis4/segments/20260701183128-w053-058/ink-detection/PHercParis4-20260701183128-2.4um-0.22m-78keV-volume-20260411134726-L2-3d-ink-max.zarr,5,76.524,"window (76, 524)+(64, 64): 4096/4096 values differ from fill_value (0.0)",0
CHUNK_SAMPLE_POPULATED,info,PHercParis4/segments/20260701183128-w053-058/ink-detection/PHercParis4-20260701183128-2.4um-0.22m-78keV-volume-20260411134726-L2-3d-ink-max.zarr,5,254.1008,"window (254, 1008)+(64, 64): 4096/4096 values differ from fill_value (0.0)",0
CHUNK_SAMPLE_POPULATED,info,PHercParis4/segments/20260701183128-w053-058/ink-detection/PHercParis4-20260701183128-2.4um-0.22m-78keV-volume-20260411134726-L2-3d-ink-max.zarr,5,431.110,"window (431, 110)+(64, 64): 4096/4096 values differ from fill_value (0.0)",0
CHUNK_SAMPLE_POPULATED,info,PHercParis4/segments/20260701183130-w064-068/ink-detection/PHercParis4-20260701183130-2.4um-0.22m-78keV-volume-20260411134726-L2-3d-ink-max.zarr,0,2765.18238,"window (2765, 18238)+(64, 64): 4096/4096 values differ from fill_value (0.0)",0
CHUNK_SAMPLE_POPULATED,info,PHercParis4/segments/20260701183130-w064-068/ink-detection/PHercParis4-20260701183130-2.4um-0.22m-78keV-volume-20260411134726-L2-3d-ink-max.zarr,0,9218.35037,"window (9218, 35037)+(64, 64): 4096/4096 values differ from fill_value (0.0)",0
CHUNK_SAMPLE_POPULATED,info,PHercParis4/segments/20260701183130-w064-068/ink-detection/PHercParis4-20260701183130-2.4um-0.22m-78keV-volume-20260411134726-L2-3d-ink-max.zarr,0,15670.3839,"window (15670, 3839)+(64, 64): 4096/4096 values differ from fill_value (0.0)",0
CHUNK_SAMPLE_POPULATED,info,PHercParis4/segments/20260701183130-w064-068/ink-detection/PHercParis4-20260701183130-2.4um-0.22m-78keV-volume-20260411134726-L2-3d-ink-max.zarr,1,1377.9107,"window (1377, 9107)+(64, 64): 4096/4096 values differ from fill_value (0.0)",0
CHUNK_SAMPLE_POPULATED,info,PHercParis4/segments/20260701183130-w064-068/ink-detection/PHercParis4-20260701183130-2.4um-0.22m-78keV-volume-20260411134726-L2-3d-ink-max.zarr,1,4593.17495,"window (4593, 17495)+(64, 64): 4096/4096 values differ from fill_value (0.0)",0
CHUNK_SAMPLE_POPULATED,info,PHercParis4/segments/20260701183130-w064-068/ink-detection/PHercParis4-20260701183130-2.4um-0.22m-78keV-volume-20260411134726-L2-3d-ink-max.zarr,1,7808.1917,"window (7808, 1917)+(64, 64): 4096/4096 values differ from fill_value (0.0)",0
CHUNK_SAMPLE_POPULATED,info,PHercParis4/segments/20260701183130-w064-068/ink-detection/PHercParis4-20260701183130-2.4um-0.22m-78keV-volume-20260411134726-L2-3d-ink-max.zarr,2,684.4541,"window (684, 4541)+(64, 64): 4096/4096 values differ from fill_value (0.0)",0
CHUNK_SAMPLE_POPULATED,info,PHercParis4/segments/20260701183130-w064-068/ink-detection/PHercParis4-20260701183130-2.4um-0.22m-78keV-volume-20260411134726-L2-3d-ink-max.zarr,2,2280.8724,"window (2280, 8724)+(64, 64): 4096/4096 values differ from fill_value (0.0)",0
CHUNK_SAMPLE_POPULATED,info,PHercParis4/segments/20260701183130-w064-068/ink-detection/PHercParis4-20260701183130-2.4um-0.22m-78keV-volume-20260411134726-L2-3d-ink-max.zarr,2,3876.956,"window (3876, 956)+(64, 64): 4096/4096 values differ from fill_value (0.0)",0
CHUNK_SAMPLE_POPULATED,info,PHercParis4/segments/20260701183130-w064-068/ink-detection/PHercParis4-20260701183130-2.4um-0.22m-78keV-volume-20260411134726-L2-3d-ink-max.zarr,3,337.2258,"window (337, 2258)+(64, 64): 4096/4096 values differ from fill_value (0.0)",0
CHUNK_SAMPLE_POPULATED,info,PHercParis4/segments/20260701183130-w064-068/ink-detection/PHercParis4-20260701183130-2.4um-0.22m-78keV-volume-20260411134726-L2-3d-ink-max.zarr,3,1124.4339,"window (1124, 4339)+(64, 64): 4096/4096 values differ from fill_value (0.0)",0
CHUNK_SAMPLE_POPULATED,info,PHercParis4/segments/20260701183130-w064-068/ink-detection/PHercParis4-20260701183130-2.4um-0.22m-78keV-volume-20260411134726-L2-3d-ink-max.zarr,3,1911.475,"window (1911, 475)+(64, 64): 4096/4096 values differ from fill_value (0.0)",0
CHUNK_SAMPLE_POPULATED,info,PHercParis4/segments/20260701183130-w064-068/ink-detection/PHercParis4-20260701183130-2.4um-0.22m-78keV-volume-20260411134726-L2-3d-ink-max.zarr,4,163.1117,"window (163, 1117)+(64, 64): 4096/4096 values differ from fill_value (0.0)",0
CHUNK_SAMPLE_POPULATED,info,PHercParis4/segments/20260701183130-w064-068/ink-detection/PHercParis4-20260701183130-2.4um-0.22m-78keV-volume-20260411134726-L2-3d-ink-max.zarr,4,546.2146,"window (546, 2146)+(64, 64): 4096/4096 values differ from fill_value (0.0)",0
CHUNK_SAMPLE_POPULATED,info,PHercParis4/segments/20260701183130-w064-068/ink-detection/PHercParis4-20260701183130-2.4um-0.22m-78keV-volume-20260411134726-L2-3d-ink-max.zarr,4,929.235,"window (929, 235)+(64, 64): 4096/4096 values differ from fill_value (0.0)",0
CHUNK_SAMPLE_POPULATED,info,PHercParis4/segments/20260701183130-w064-068/ink-detection/PHercParis4-20260701183130-2.4um-0.22m-78keV-volume-20260411134726-L2-3d-ink-max.zarr,5,77.546,"window (77, 546)+(64, 64): 4096/4096 values differ from fill_value (0.0)",0
CHUNK_SAMPLE_POPULATED,info,PHercParis4/segments/20260701183130-w064-068/ink-detection/PHercParis4-20260701183130-2.4um-0.22m-78keV-volume-20260411134726-L2-3d-ink-max.zarr,5,257.1049,"window (257, 1049)+(64, 64): 4096/4096 values differ from fill_value (0.0)",0
CHUNK_SAMPLE_POPULATED,info,PHercParis4/segments/20260701183130-w064-068/ink-detection/PHercParis4-20260701183130-2.4um-0.22m-78keV-volume-20260411134726-L2-3d-ink-max.zarr,5,437.115,"window (437, 115)+(64, 64): 4096/4096 values differ from fill_value (0.0)",0
CHUNK_SAMPLE_POPULATED,info,PHercParis4/segments/20260701183133-w077-080/ink-detection/PHercParis4-20260701183133-2.4um-0.22m-78keV-volume-20260411134726-L2-3d-ink-max.zarr,0,2933.17508,"window (2933, 17508)+(64, 64): 4096/4096 values differ from fill_value (0.0)",0
CHUNK_SAMPLE_POPULATED,info,PHercParis4/segments/20260701183133-w077-080/ink-detection/PHercParis4-20260701183133-2.4um-0.22m-78keV-volume-20260411134726-L2-3d-ink-max.zarr,0,9778.33635,"window (9778, 33635)+(64, 64): 4096/4096 values differ from fill_value (0.0)",0
CHUNK_SAMPLE_POPULATED,info,PHercParis4/segments/20260701183133-w077-080/ink-detection/PHercParis4-20260701183133-2.4um-0.22m-78keV-volume-20260411134726-L2-3d-ink-max.zarr,0,16622.3686,"window (16622, 3686)+(64, 64): 4096/4096 values differ from fill_value (0.0)",0
CHUNK_SAMPLE_POPULATED,info,PHercParis4/segments/20260701183133-w077-080/ink-detection/PHercParis4-20260701183133-2.4um-0.22m-78keV-volume-20260411134726-L2-3d-ink-max.zarr,1,1461.8742,"window (1461, 8742)+(64, 64): 4096/4096 values differ from fill_value (0.0)",0
CHUNK_SAMPLE_POPULATED,info,PHercParis4/segments/20260701183133-w077-080/ink-detection/PHercParis4-20260701183133-2.4um-0.22m-78keV-volume-20260411134726-L2-3d-ink-max.zarr,1,4873.16794,"window (4873, 16794)+(64, 64): 4096/4096 values differ from fill_value (0.0)",0
CHUNK_SAMPLE_POPULATED,info,PHercParis4/segments/20260701183133-w077-080/ink-detection/PHercParis4-20260701183133-2.4um-0.22m-78keV-volume-20260411134726-L2-3d-ink-max.zarr,1,8284.1840,"window (8284, 1840)+(64, 64): 4096/4096 values differ from fill_value (0.0)",0
CHUNK_SAMPLE_POPULATED,info,PHercParis4/segments/20260701183133-w077-080/ink-detection/PHercParis4-20260701183133-2.4um-0.22m-78keV-volume-20260411134726-L2-3d-ink-max.zarr,2,726.4358,"window (726, 4358)+(64, 64): 4096/4096 values differ from fill_value (0.0)",0
CHUNK_SAMPLE_POPULATED,info,PHercParis4/segments/20260701183133-w077-080/ink-detection/PHercParis4-20260701183133-2.4um-0.22m-78keV-volume-20260411134726-L2-3d-ink-max.zarr,2,2420.8373,"window (2420, 8373)+(64, 64): 4096/4096 values differ from fill_value (0.0)",0
CHUNK_SAMPLE_POPULATED,info,PHercParis4/segments/20260701183133-w077-080/ink-detection/PHercParis4-20260701183133-2.4um-0.22m-78keV-volume-20260411134726-L2-3d-ink-max.zarr,2,4114.917,"window (4114, 917)+(64, 64): 4096/4096 values differ from fill_value (0.0)",0
CHUNK_SAMPLE_POPULATED,info,PHercParis4/segments/20260701183133-w077-080/ink-detection/PHercParis4-20260701183133-2.4um-0.22m-78keV-volume-20260411134726-L2-3d-ink-max.zarr,3,358.2167,"window (358, 2167)+(64, 64): 4096/4096 values differ from fill_value (0.0)",0
CHUNK_SAMPLE_POPULATED,info,PHercParis4/segments/20260701183133-w077-080/ink-detection/PHercParis4-20260701183133-2.4um-0.22m-78keV-volume-20260411134726-L2-3d-ink-max.zarr,3,1194.4163,"window (1194, 4163)+(64, 64): 4096/4096 values differ from fill_value (0.0)",0
CHUNK_SAMPLE_POPULATED,info,PHercParis4/segments/20260701183133-w077-080/ink-detection/PHercParis4-20260701183133-2.4um-0.22m-78keV-volume-20260411134726-L2-3d-ink-max.zarr,3,2030.456,"window (2030, 456)+(64, 64): 4096/4096 values differ from fill_value (0.0)",0
CHUNK_SAMPLE_POPULATED,info,PHercParis4/segments/20260701183133-w077-080/ink-detection/PHercParis4-20260701183133-2.4um-0.22m-78keV-volume-20260411134726-L2-3d-ink-max.zarr,4,174.1071,"window (174, 1071)+(64, 64): 4096/4096 values differ from fill_value (0.0)",0
CHUNK_SAMPLE_POPULATED,info,PHercParis4/segments/20260701183133-w077-080/ink-detection/PHercParis4-20260701183133-2.4um-0.22m-78keV-volume-20260411134726-L2-3d-ink-max.zarr,4,581.2058,"window (581, 2058)+(64, 64): 4096/4096 values differ from fill_value (0.0)",0
CHUNK_SAMPLE_POPULATED,info,PHercParis4/segments/20260701183133-w077-080/ink-detection/PHercParis4-20260701183133-2.4um-0.22m-78keV-volume-20260411134726-L2-3d-ink-max.zarr,4,988.225,"window (988, 225)+(64, 64): 4096/4096 values differ from fill_value (0.0)",0
CHUNK_SAMPLE_POPULATED,info,PHercParis4/segments/20260701183133-w077-080/ink-detection/PHercParis4-20260701183133-2.4um-0.22m-78keV-volume-20260411134726-L2-3d-ink-max.zarr,5,82.523,"window (82, 523)+(64, 64): 4096/4096 values differ from fill_value (0.0)",0
CHUNK_SAMPLE_POPULATED,info,PHercParis4/segments/20260701183133-w077-080/ink-detection/PHercParis4-20260701183133-2.4um-0.22m-78keV-volume-20260411134726-L2-3d-ink-max.zarr,5,275.1005,"window (275, 1005)+(64, 64): 4096/4096 values differ from fill_value (0.0)",0
CHUNK_SAMPLE_POPULATED,info,PHercParis4/segments/20260701183133-w077-080/ink-detection/PHercParis4-20260701183133-2.4um-0.22m-78keV-volume-20260411134726-L2-3d-ink-max.zarr,5,467.110,"window (467, 110)+(64, 64): 4096/4096 values differ from fill_value (0.0)",0
CHUNK_SAMPLE_POPULATED,info,PHercParis4/segments/20260701183129-w059-063/ink-detection/PHercParis4-20260701183129-2.4um-0.22m-78keV-volume-20260411134726-L2-3d-ink-max.zarr,0,2759.16695,"window (2759, 16695)+(64, 64): 4096/4096 values differ from fill_value (0.0)",0
CHUNK_SAMPLE_POPULATED,info,PHercParis4/segments/20260701183129-w059-063/ink-detection/PHercParis4-20260701183129-2.4um-0.22m-78keV-volume-20260411134726-L2-3d-ink-max.zarr,0,9198.32073,"window (9198, 32073)+(64, 64): 4096/4096 values differ from fill_value (0.0)",0
CHUNK_SAMPLE_POPULATED,info,PHercParis4/segments/20260701183129-w059-063/ink-detection/PHercParis4-20260701183129-2.4um-0.22m-78keV-volume-20260411134726-L2-3d-ink-max.zarr,0,15636.3514,"window (15636, 3514)+(64, 64): 4096/4096 values differ from fill_value (0.0)",0
CHUNK_SAMPLE_POPULATED,info,PHercParis4/segments/20260701183129-w059-063/ink-detection/PHercParis4-20260701183129-2.4um-0.22m-78keV-volume-20260411134726-L2-3d-ink-max.zarr,1,1374.8335,"window (1374, 8335)+(64, 64): 4096/4096 values differ from fill_value (0.0)",0
CHUNK_SAMPLE_POPULATED,info,PHercParis4/segments/20260701183129-w059-063/ink-detection/PHercParis4-20260701183129-2.4um-0.22m-78keV-volume-20260411134726-L2-3d-ink-max.zarr,1,4583.16013,"window (4583, 16013)+(64, 64): 4096/4096 values differ from fill_value (0.0)",0
CHUNK_SAMPLE_POPULATED,info,PHercParis4/segments/20260701183129-w059-063/ink-detection/PHercParis4-20260701183129-2.4um-0.22m-78keV-volume-20260411134726-L2-3d-ink-max.zarr,1,7791.1754,"window (7791, 1754)+(64, 64): 4096/4096 values differ from fill_value (0.0)",0
CHUNK_SAMPLE_POPULATED,info,PHercParis4/segments/20260701183129-w059-063/ink-detection/PHercParis4-20260701183129-2.4um-0.22m-78keV-volume-20260411134726-L2-3d-ink-max.zarr,2,682.4155,"window (682, 4155)+(64, 64): 4096/4096 values differ from fill_value (0.0)",0
CHUNK_SAMPLE_POPULATED,info,PHercParis4/segments/20260701183129-w059-063/ink-detection/PHercParis4-20260701183129-2.4um-0.22m-78keV-volume-20260411134726-L2-3d-ink-max.zarr,2,2275.7983,"window (2275, 7983)+(64, 64): 4096/4096 values differ from fill_value (0.0)",0
CHUNK_SAMPLE_POPULATED,info,PHercParis4/segments/20260701183129-w059-063/ink-detection/PHercParis4-20260701183129-2.4um-0.22m-78keV-volume-20260411134726-L2-3d-ink-max.zarr,2,3868.874,"window (3868, 874)+(64, 64): 4096/4096 values differ from fill_value (0.0)",0
CHUNK_SAMPLE_POPULATED,info,PHercParis4/segments/20260701183129-w059-063/ink-detection/PHercParis4-20260701183129-2.4um-0.22m-78keV-volume-20260411134726-L2-3d-ink-max.zarr,3,336.2065,"window (336, 2065)+(64, 64): 4096/4096 values differ from fill_value (0.0)",0
CHUNK_SAMPLE_POPULATED,info,PHercParis4/segments/20260701183129-w059-063/ink-detection/PHercParis4-20260701183129-2.4um-0.22m-78keV-volume-20260411134726-L2-3d-ink-max.zarr,3,1122.3968,"window (1122, 3968)+(64, 64): 4096/4096 values differ from fill_value (0.0)",0
CHUNK_SAMPLE_POPULATED,info,PHercParis4/segments/20260701183129-w059-063/ink-detection/PHercParis4-20260701183129-2.4um-0.22m-78keV-volume-20260411134726-L2-3d-ink-max.zarr,3,1907.434,"window (1907, 434)+(64, 64): 4096/4096 values differ from fill_value (0.0)",0
CHUNK_SAMPLE_POPULATED,info,PHercParis4/segments/20260701183129-w059-063/ink-detection/PHercParis4-20260701183129-2.4um-0.22m-78keV-volume-20260411134726-L2-3d-ink-max.zarr,4,163.1020,"window (163, 1020)+(64, 64): 4096/4096 values differ from fill_value (0.0)",0
CHUNK_SAMPLE_POPULATED,info,PHercParis4/segments/20260701183129-w059-063/ink-detection/PHercParis4-20260701183129-2.4um-0.22m-78keV-volume-20260411134726-L2-3d-ink-max.zarr,4,545.1960,"window (545, 1960)+(64, 64): 4096/4096 values differ from fill_value (0.0)",0
CHUNK_SAMPLE_POPULATED,info,PHercParis4/segments/20260701183129-w059-063/ink-detection/PHercParis4-20260701183129-2.4um-0.22m-78keV-volume-20260411134726-L2-3d-ink-max.zarr,4,926.214,"window (926, 214)+(64, 64): 4096/4096 values differ from fill_value (0.0)",0
CHUNK_SAMPLE_POPULATED,info,PHercParis4/segments/20260701183129-w059-063/ink-detection/PHercParis4-20260701183129-2.4um-0.22m-78keV-volume-20260411134726-L2-3d-ink-max.zarr,5,76.498,"window (76, 498)+(64, 64): 4096/4096 values differ from fill_value (0.0)",0
CHUNK_SAMPLE_POPULATED,info,PHercParis4/segments/20260701183129-w059-063/ink-detection/PHercParis4-20260701183129-2.4um-0.22m-78keV-volume-20260411134726-L2-3d-ink-max.zarr,5,256.957,"window (256, 957)+(64, 64): 4096/4096 values differ from fill_value (0.0)",0
CHUNK_SAMPLE_POPULATED,info,PHercParis4/segments/20260701183129-w059-063/ink-detection/PHercParis4-20260701183129-2.4um-0.22m-78keV-volume-20260411134726-L2-3d-ink-max.zarr,5,436.104,"window (436, 104)+(64, 64): 4096/4096 values differ from fill_value (0.0)",0
CHUNK_SAMPLE_POPULATED,info,PHercParis4/segments/20260701183134-w081-084/ink-detection/PHercParis4-20260701183134-2.4um-0.22m-78keV-volume-20260411134726-L2-3d-ink-max.zarr,0,2942.18504,"window (2942, 18504)+(64, 64): 4096/4096 values differ from fill_value (0.0)",0
CHUNK_SAMPLE_POPULATED,info,PHercParis4/segments/20260701183134-w081-084/ink-detection/PHercParis4-20260701183134-2.4um-0.22m-78keV-volume-20260411134726-L2-3d-ink-max.zarr,0,9808.35548,"window (9808, 35548)+(64, 64): 4096/4096 values differ from fill_value (0.0)",0
CHUNK_SAMPLE_POPULATED,info,PHercParis4/segments/20260701183134-w081-084/ink-detection/PHercParis4-20260701183134-2.4um-0.22m-78keV-volume-20260411134726-L2-3d-ink-max.zarr,0,16673.3895,"window (16673, 3895)+(64, 64): 4096/4096 values differ from fill_value (0.0)",0
CHUNK_SAMPLE_POPULATED,info,PHercParis4/segments/20260701183134-w081-084/ink-detection/PHercParis4-20260701183134-2.4um-0.22m-78keV-volume-20260411134726-L2-3d-ink-max.zarr,1,1466.9240,"window (1466, 9240)+(64, 64): 4096/4096 values differ from fill_value (0.0)",0
CHUNK_SAMPLE_POPULATED,info,PHercParis4/segments/20260701183134-w081-084/ink-detection/PHercParis4-20260701183134-2.4um-0.22m-78keV-volume-20260411134726-L2-3d-ink-max.zarr,1,4888.17750,"window (4888, 17750)+(64, 64): 4096/4096 values differ from fill_value (0.0)",0
CHUNK_SAMPLE_POPULATED,info,PHercParis4/segments/20260701183134-w081-084/ink-detection/PHercParis4-20260701183134-2.4um-0.22m-78keV-volume-20260411134726-L2-3d-ink-max.zarr,1,8309.1945,"window (8309, 1945)+(64, 64): 4096/4096 values differ from fill_value (0.0)",0
CHUNK_SAMPLE_POPULATED,info,PHercParis4/segments/20260701183134-w081-084/ink-detection/PHercParis4-20260701183134-2.4um-0.22m-78keV-volume-20260411134726-L2-3d-ink-max.zarr,2,728.4607,"window (728, 4607)+(64, 64): 4096/4096 values differ from fill_value (0.0)",0
CHUNK_SAMPLE_POPULATED,info,PHercParis4/segments/20260701183134-w081-084/ink-detection/PHercParis4-20260701183134-2.4um-0.22m-78keV-volume-20260411134726-L2-3d-ink-max.zarr,2,2428.8851,"window (2428, 8851)+(64, 64): 4096/4096 values differ from fill_value (0.0)",0
CHUNK_SAMPLE_POPULATED,info,PHercParis4/segments/20260701183134-w081-084/ink-detection/PHercParis4-20260701183134-2.4um-0.22m-78keV-volume-20260411134726-L2-3d-ink-max.zarr,2,4127.970,"window (4127, 970)+(64, 64): 4096/4096 values differ from fill_value (0.0)",0
CHUNK_SAMPLE_POPULATED,info,PHercParis4/segments/20260701183134-w081-084/ink-detection/PHercParis4-20260701183134-2.4um-0.22m-78keV-volume-20260411134726-L2-3d-ink-max.zarr,3,359.2291,"window (359, 2291)+(64, 64): 4096/4096 values differ from fill_value (0.0)",0
CHUNK_SAMPLE_POPULATED,info,PHercParis4/segments/20260701183134-w081-084/ink-detection/PHercParis4-20260701183134-2.4um-0.22m-78keV-volume-20260411134726-L2-3d-ink-max.zarr,3,1198.4402,"window (1198, 4402)+(64, 64): 4096/4096 values differ from fill_value (0.0)",0
CHUNK_SAMPLE_POPULATED,info,PHercParis4/segments/20260701183134-w081-084/ink-detection/PHercParis4-20260701183134-2.4um-0.22m-78keV-volume-20260411134726-L2-3d-ink-max.zarr,3,2036.482,"window (2036, 482)+(64, 64): 4096/4096 values differ from fill_value (0.0)",0
CHUNK_SAMPLE_POPULATED,info,PHercParis4/segments/20260701183134-w081-084/ink-detection/PHercParis4-20260701183134-2.4um-0.22m-78keV-volume-20260411134726-L2-3d-ink-max.zarr,4,174.1133,"window (174, 1133)+(64, 64): 4096/4096 values differ from fill_value (0.0)",0
CHUNK_SAMPLE_POPULATED,info,PHercParis4/segments/20260701183134-w081-084/ink-detection/PHercParis4-20260701183134-2.4um-0.22m-78keV-volume-20260411134726-L2-3d-ink-max.zarr,4,583.2178,"window (583, 2178)+(64, 64): 4096/4096 values differ from fill_value (0.0)",0
CHUNK_SAMPLE_POPULATED,info,PHercParis4/segments/20260701183134-w081-084/ink-detection/PHercParis4-20260701183134-2.4um-0.22m-78keV-volume-20260411134726-L2-3d-ink-max.zarr,4,991.238,"window (991, 238)+(64, 64): 4096/4096 values differ from fill_value (0.0)",0
CHUNK_SAMPLE_POPULATED,info,PHercParis4/segments/20260701183134-w081-084/ink-detection/PHercParis4-20260701183134-2.4um-0.22m-78keV-volume-20260411134726-L2-3d-ink-max.zarr,5,82.554,"window (82, 554)+(64, 64): 4096/4096 values differ from fill_value (0.0)",0
CHUNK_SAMPLE_POPULATED,info,PHercParis4/segments/20260701183134-w081-084/ink-detection/PHercParis4-20260701183134-2.4um-0.22m-78keV-volume-20260411134726-L2-3d-ink-max.zarr,5,275.1065,"window (275, 1065)+(64, 64): 4096/4096 values differ from fill_value (0.0)",0
CHUNK_SAMPLE_POPULATED,info,PHercParis4/segments/20260701183134-w081-084/ink-detection/PHercParis4-20260701183134-2.4um-0.22m-78keV-volume-20260411134726-L2-3d-ink-max.zarr,5,468.116,"window (468, 116)+(64, 64): 4096/4096 values differ from fill_value (0.0)",0
CHUNK_SAMPLE_POPULATED,info,PHercParis4/segments/20260701183132-w073-076/ink-detection/PHercParis4-20260701183132-2.4um-0.22m-78keV-volume-20260411134726-L2-3d-ink-max.zarr,0,2999.16513,"window (2999, 16513)+(64, 64): 4096/4096 values differ from fill_value (0.0)",0
CHUNK_SAMPLE_POPULATED,info,PHercParis4/segments/20260701183132-w073-076/ink-detection/PHercParis4-20260701183132-2.4um-0.22m-78keV-volume-20260411134726-L2-3d-ink-max.zarr,0,9998.31722,"window (9998, 31722)+(64, 64): 4096/4096 values differ from fill_value (0.0)",0
CHUNK_SAMPLE_POPULATED,info,PHercParis4/segments/20260701183132-w073-076/ink-detection/PHercParis4-20260701183132-2.4um-0.22m-78keV-volume-20260411134726-L2-3d-ink-max.zarr,0,16996.3476,"window (16996, 3476)+(64, 64): 4096/4096 values differ from fill_value (0.0)",0
CHUNK_SAMPLE_POPULATED,info,PHercParis4/segments/20260701183132-w073-076/ink-detection/PHercParis4-20260701183132-2.4um-0.22m-78keV-volume-20260411134726-L2-3d-ink-max.zarr,1,1494.8244,"window (1494, 8244)+(64, 64): 4096/4096 values differ from fill_value (0.0)",0
CHUNK_SAMPLE_POPULATED,info,PHercParis4/segments/20260701183132-w073-076/ink-detection/PHercParis4-20260701183132-2.4um-0.22m-78keV-volume-20260411134726-L2-3d-ink-max.zarr,1,4983.15838,"window (4983, 15838)+(64, 64): 4096/4096 values differ from fill_value (0.0)",0
CHUNK_SAMPLE_POPULATED,info,PHercParis4/segments/20260701183132-w073-076/ink-detection/PHercParis4-20260701183132-2.4um-0.22m-78keV-volume-20260411134726-L2-3d-ink-max.zarr,1,8471.1735,"window (8471, 1735)+(64, 64): 4096/4096 values differ from fill_value (0.0)",0
CHUNK_SAMPLE_POPULATED,info,PHercParis4/segments/20260701183132-w073-076/ink-detection/PHercParis4-20260701183132-2.4um-0.22m-78keV-volume-20260411134726-L2-3d-ink-max.zarr,2,742.4110,"window (742, 4110)+(64, 64): 4096/4096 values differ from fill_value (0.0)",0
CHUNK_SAMPLE_POPULATED,info,PHercParis4/segments/20260701183132-w073-076/ink-detection/PHercParis4-20260701183132-2.4um-0.22m-78keV-volume-20260411134726-L2-3d-ink-max.zarr,2,2475.7895,"window (2475, 7895)+(64, 64): 4096/4096 values differ from fill_value (0.0)",0
CHUNK_SAMPLE_POPULATED,info,PHercParis4/segments/20260701183132-w073-076/ink-detection/PHercParis4-20260701183132-2.4um-0.22m-78keV-volume-20260411134726-L2-3d-ink-max.zarr,2,4208.865,"window (4208, 865)+(64, 64): 4096/4096 values differ from fill_value (0.0)",0
CHUNK_SAMPLE_POPULATED,info,PHercParis4/segments/20260701183132-w073-076/ink-detection/PHercParis4-20260701183132-2.4um-0.22m-78keV-volume-20260411134726-L2-3d-ink-max.zarr,3,366.2042,"window (366, 2042)+(64, 64): 4096/4096 values differ from fill_value (0.0)",0
CHUNK_SAMPLE_POPULATED,info,PHercParis4/segments/20260701183132-w073-076/ink-detection/PHercParis4-20260701183132-2.4um-0.22m-78keV-volume-20260411134726-L2-3d-ink-max.zarr,3,1222.3924,"window (1222, 3924)+(64, 64): 4096/4096 values differ from fill_value (0.0)",0
CHUNK_SAMPLE_POPULATED,info,PHercParis4/segments/20260701183132-w073-076/ink-detection/PHercParis4-20260701183132-2.4um-0.22m-78keV-volume-20260411134726-L2-3d-ink-max.zarr,3,2077.430,"window (2077, 430)+(64, 64): 4096/4096 values differ from fill_value (0.0)",0
CHUNK_SAMPLE_POPULATED,info,PHercParis4/segments/20260701183132-w073-076/ink-detection/PHercParis4-20260701183132-2.4um-0.22m-78keV-volume-20260411134726-L2-3d-ink-max.zarr,4,178.1009,"window (178, 1009)+(64, 64): 4096/4096 values differ from fill_value (0.0)",0
CHUNK_SAMPLE_POPULATED,info,PHercParis4/segments/20260701183132-w073-076/ink-detection/PHercParis4-20260701183132-2.4um-0.22m-78keV-volume-20260411134726-L2-3d-ink-max.zarr,4,595.1938,"window (595, 1938)+(64, 64): 4096/4096 values differ from fill_value (0.0)",0
CHUNK_SAMPLE_POPULATED,info,PHercParis4/segments/20260701183132-w073-076/ink-detection/PHercParis4-20260701183132-2.4um-0.22m-78keV-volume-20260411134726-L2-3d-ink-max.zarr,4,1011.212,"window (1011, 212)+(64, 64): 4096/4096 values differ from fill_value (0.0)",0
CHUNK_SAMPLE_POPULATED,info,PHercParis4/segments/20260701183132-w073-076/ink-detection/PHercParis4-20260701183132-2.4um-0.22m-78keV-volume-20260411134726-L2-3d-ink-max.zarr,5,84.492,"window (84, 492)+(64, 64): 4096/4096 values differ from fill_value (0.0)",0
CHUNK_SAMPLE_POPULATED,info,PHercParis4/segments/20260701183132-w073-076/ink-detection/PHercParis4-20260701183132-2.4um-0.22m-78keV-volume-20260411134726-L2-3d-ink-max.zarr,5,281.946,"window (281, 946)+(64, 64): 4096/4096 values differ from fill_value (0.0)",0
CHUNK_SAMPLE_POPULATED,info,PHercParis4/segments/20260701183132-w073-076/ink-detection/PHercParis4-20260701183132-2.4um-0.22m-78keV-volume-20260411134726-L2-3d-ink-max.zarr,5,478.103,"window (478, 103)+(64, 64): 4096/4096 values differ from fill_value (0.0)",0
CHUNK_SAMPLE_POPULATED,info,PHercParis4/segments/20260701183136-w089-091/ink-detection/PHercParis4-20260701183136-2.4um-0.22m-78keV-volume-20260411134726-L2-3d-ink-max.zarr,0,2873.15464,"window (2873, 15464)+(64, 64): 4096/4096 values differ from fill_value (0.0)",0
CHUNK_SAMPLE_POPULATED,info,PHercParis4/segments/20260701183136-w089-091/ink-detection/PHercParis4-20260701183136-2.4um-0.22m-78keV-volume-20260411134726-L2-3d-ink-max.zarr,0,9578.29708,"window (9578, 29708)+(64, 64): 4096/4096 values differ from fill_value (0.0)",0
CHUNK_SAMPLE_POPULATED,info,PHercParis4/segments/20260701183136-w089-091/ink-detection/PHercParis4-20260701183136-2.4um-0.22m-78keV-volume-20260411134726-L2-3d-ink-max.zarr,0,16282.3255,"window (16282, 3255)+(64, 64): 4096/4096 values differ from fill_value (0.0)",0
CHUNK_SAMPLE_POPULATED,info,PHercParis4/segments/20260701183136-w089-091/ink-detection/PHercParis4-20260701183136-2.4um-0.22m-78keV-volume-20260411134726-L2-3d-ink-max.zarr,1,1431.7720,"window (1431, 7720)+(64, 64): 4096/4096 values differ from fill_value (0.0)",0
CHUNK_SAMPLE_POPULATED,info,PHercParis4/segments/20260701183136-w089-091/ink-detection/PHercParis4-20260701183136-2.4um-0.22m-78keV-volume-20260411134726-L2-3d-ink-max.zarr,1,4773.14830,"window (4773, 14830)+(64, 64): 4096/4096 values differ from fill_value (0.0)",0
CHUNK_SAMPLE_POPULATED,info,PHercParis4/segments/20260701183136-w089-091/ink-detection/PHercParis4-20260701183136-2.4um-0.22m-78keV-volume-20260411134726-L2-3d-ink-max.zarr,1,8114.1625,"window (8114, 1625)+(64, 64): 4096/4096 values differ from fill_value (0.0)",0
CHUNK_SAMPLE_POPULATED,info,PHercParis4/segments/20260701183136-w089-091/ink-detection/PHercParis4-20260701183136-2.4um-0.22m-78keV-volume-20260411134726-L2-3d-ink-max.zarr,2,711.3847,"window (711, 3847)+(64, 64): 4096/4096 values differ from fill_value (0.0)",0
CHUNK_SAMPLE_POPULATED,info,PHercParis4/segments/20260701183136-w089-091/ink-detection/PHercParis4-20260701183136-2.4um-0.22m-78keV-volume-20260411134726-L2-3d-ink-max.zarr,2,2370.7391,"window (2370, 7391)+(64, 64): 4096/4096 values differ from fill_value (0.0)",0
CHUNK_SAMPLE_POPULATED,info,PHercParis4/segments/20260701183136-w089-091/ink-detection/PHercParis4-20260701183136-2.4um-0.22m-78keV-volume-20260411134726-L2-3d-ink-max.zarr,2,4029.810,"window (4029, 810)+(64, 64): 4096/4096 values differ from fill_value (0.0)",0
CHUNK_SAMPLE_POPULATED,info,PHercParis4/segments/20260701183136-w089-091/ink-detection/PHercParis4-20260701183136-2.4um-0.22m-78keV-volume-20260411134726-L2-3d-ink-max.zarr,3,350.1911,"window (350, 1911)+(64, 64): 4096/4096 values differ from fill_value (0.0)",0
CHUNK_SAMPLE_POPULATED,info,PHercParis4/segments/20260701183136-w089-091/ink-detection/PHercParis4-20260701183136-2.4um-0.22m-78keV-volume-20260411134726-L2-3d-ink-max.zarr,3,1169.3672,"window (1169, 3672)+(64, 64): 4096/4096 values differ from fill_value (0.0)",0
CHUNK_SAMPLE_POPULATED,info,PHercParis4/segments/20260701183136-w089-091/ink-detection/PHercParis4-20260701183136-2.4um-0.22m-78keV-volume-20260411134726-L2-3d-ink-max.zarr,3,1988.402,"window (1988, 402)+(64, 64): 4096/4096 values differ from fill_value (0.0)",0
CHUNK_SAMPLE_POPULATED,info,PHercParis4/segments/20260701183136-w089-091/ink-detection/PHercParis4-20260701183136-2.4um-0.22m-78keV-volume-20260411134726-L2-3d-ink-max.zarr,4,170.943,"window (170, 943)+(64, 64): 4092/4096 values differ from fill_value (0.0)",0
CHUNK_SAMPLE_POPULATED,info,PHercParis4/segments/20260701183136-w089-091/ink-detection/PHercParis4-20260701183136-2.4um-0.22m-78keV-volume-20260411134726-L2-3d-ink-max.zarr,4,569.1813,"window (569, 1813)+(64, 64): 4096/4096 values differ from fill_value (0.0)",0
CHUNK_SAMPLE_POPULATED,info,PHercParis4/segments/20260701183136-w089-091/ink-detection/PHercParis4-20260701183136-2.4um-0.22m-78keV-volume-20260411134726-L2-3d-ink-max.zarr,4,967.198,"window (967, 198)+(64, 64): 4096/4096 values differ from fill_value (0.0)",0
CHUNK_SAMPLE_POPULATED,info,PHercParis4/segments/20260701183136-w089-091/ink-detection/PHercParis4-20260701183136-2.4um-0.22m-78keV-volume-20260411134726-L2-3d-ink-max.zarr,5,80.459,"window (80, 459)+(64, 64): 3952/4096 values differ from fill_value (0.0)",0
CHUNK_SAMPLE_POPULATED,info,PHercParis4/segments/20260701183136-w089-091/ink-detection/PHercParis4-20260701183136-2.4um-0.22m-78keV-volume-20260411134726-L2-3d-ink-max.zarr,5,268.883,"window (268, 883)+(64, 64): 4096/4096 values differ from fill_value (0.0)",0
CHUNK_SAMPLE_POPULATED,info,PHercParis4/segments/20260701183136-w089-091/ink-detection/PHercParis4-20260701183136-2.4um-0.22m-78keV-volume-20260411134726-L2-3d-ink-max.zarr,5,456.96,"window (456, 96)+(64, 64): 4096/4096 values differ from fill_value (0.0)",0
CHUNK_SAMPLE_POPULATED,info,PHercParis4/segments/20260701183139-w098-100/ink-detection/PHercParis4-20260701183139-2.4um-0.22m-78keV-volume-20260411134726-L2-3d-ink-max.zarr,0,2888.16764,"window (2888, 16764)+(64, 64): 3177/4096 values differ from fill_value (0.0)",0
CHUNK_SAMPLE_POPULATED,info,PHercParis4/segments/20260701183139-w098-100/ink-detection/PHercParis4-20260701183139-2.4um-0.22m-78keV-volume-20260411134726-L2-3d-ink-max.zarr,0,9628.32204,"window (9628, 32204)+(64, 64): 4096/4096 values differ from fill_value (0.0)",0
CHUNK_SAMPLE_POPULATED,info,PHercParis4/segments/20260701183139-w098-100/ink-detection/PHercParis4-20260701183139-2.4um-0.22m-78keV-volume-20260411134726-L2-3d-ink-max.zarr,0,16367.3529,"window (16367, 3529)+(64, 64): 4096/4096 values differ from fill_value (0.0)",0
CHUNK_SAMPLE_POPULATED,info,PHercParis4/segments/20260701183139-w098-100/ink-detection/PHercParis4-20260701183139-2.4um-0.22m-78keV-volume-20260411134726-L2-3d-ink-max.zarr,1,1439.8369,"window (1439, 8369)+(64, 64): 3253/4096 values differ from fill_value (0.0)",0
CHUNK_SAMPLE_POPULATED,info,PHercParis4/segments/20260701183139-w098-100/ink-detection/PHercParis4-20260701183139-2.4um-0.22m-78keV-volume-20260411134726-L2-3d-ink-max.zarr,1,4798.16078,"window (4798, 16078)+(64, 64): 4096/4096 values differ from fill_value (0.0)",0
CHUNK_SAMPLE_POPULATED,info,PHercParis4/segments/20260701183139-w098-100/ink-detection/PHercParis4-20260701183139-2.4um-0.22m-78keV-volume-20260411134726-L2-3d-ink-max.zarr,1,8156.1762,"window (8156, 1762)+(64, 64): 4096/4096 values differ from fill_value (0.0)",0
CHUNK_SAMPLE_POPULATED,info,PHercParis4/segments/20260701183139-w098-100/ink-detection/PHercParis4-20260701183139-2.4um-0.22m-78keV-volume-20260411134726-L2-3d-ink-max.zarr,2,714.4172,"window (714, 4172)+(64, 64): 3361/4096 values differ from fill_value (0.0)",0
CHUNK_SAMPLE_POPULATED,info,PHercParis4/segments/20260701183139-w098-100/ink-detection/PHercParis4-20260701183139-2.4um-0.22m-78keV-volume-20260411134726-L2-3d-ink-max.zarr,2,2383.8016,"window (2383, 8016)+(64, 64): 4096/4096 values differ from fill_value (0.0)",0
CHUNK_SAMPLE_POPULATED,info,PHercParis4/segments/20260701183139-w098-100/ink-detection/PHercParis4-20260701183139-2.4um-0.22m-78keV-volume-20260411134726-L2-3d-ink-max.zarr,2,4051.878,"window (4051, 878)+(64, 64): 4096/4096 values differ from fill_value (0.0)",0
CHUNK_SAMPLE_POPULATED,info,PHercParis4/segments/20260701183139-w098-100/ink-detection/PHercParis4-20260701183139-2.4um-0.22m-78keV-volume-20260411134726-L2-3d-ink-max.zarr,3,352.2074,"window (352, 2074)+(64, 64): 3566/4096 values differ from fill_value (0.0)",0
CHUNK_SAMPLE_POPULATED,info,PHercParis4/segments/20260701183139-w098-100/ink-detection/PHercParis4-20260701183139-2.4um-0.22m-78keV-volume-20260411134726-L2-3d-ink-max.zarr,3,1175.3985,"window (1175, 3985)+(64, 64): 4096/4096 values differ from fill_value (0.0)",0
CHUNK_SAMPLE_POPULATED,info,PHercParis4/segments/20260701183139-w098-100/ink-detection/PHercParis4-20260701183139-2.4um-0.22m-78keV-volume-20260411134726-L2-3d-ink-max.zarr,3,1998.436,"window (1998, 436)+(64, 64): 4096/4096 values differ from fill_value (0.0)",0
CHUNK_SAMPLE_POPULATED,info,PHercParis4/segments/20260701183139-w098-100/ink-detection/PHercParis4-20260701183139-2.4um-0.22m-78keV-volume-20260411134726-L2-3d-ink-max.zarr,4,171.1025,"window (171, 1025)+(64, 64): 3556/4096 values differ from fill_value (0.0)",0
CHUNK_SAMPLE_POPULATED,info,PHercParis4/segments/20260701183139-w098-100/ink-detection/PHercParis4-20260701183139-2.4um-0.22m-78keV-volume-20260411134726-L2-3d-ink-max.zarr,4,572.1969,"window (572, 1969)+(64, 64): 4096/4096 values differ from fill_value (0.0)",0
CHUNK_SAMPLE_POPULATED,info,PHercParis4/segments/20260701183139-w098-100/ink-detection/PHercParis4-20260701183139-2.4um-0.22m-78keV-volume-20260411134726-L2-3d-ink-max.zarr,4,972.215,"window (972, 215)+(64, 64): 4096/4096 values differ from fill_value (0.0)",0
CHUNK_SAMPLE_POPULATED,info,PHercParis4/segments/20260701183139-w098-100/ink-detection/PHercParis4-20260701183139-2.4um-0.22m-78keV-volume-20260411134726-L2-3d-ink-max.zarr,5,81.500,"window (81, 500)+(64, 64): 3578/4096 values differ from fill_value (0.0)",0
CHUNK_SAMPLE_POPULATED,info,PHercParis4/segments/20260701183139-w098-100/ink-detection/PHercParis4-20260701183139-2.4um-0.22m-78keV-volume-20260411134726-L2-3d-ink-max.zarr,5,270.961,"window (270, 961)+(64, 64): 4040/4096 values differ from fill_value (0.0)",0
CHUNK_SAMPLE_POPULATED,info,PHercParis4/segments/20260701183139-w098-100/ink-detection/PHercParis4-20260701183139-2.4um-0.22m-78keV-volume-20260411134726-L2-3d-ink-max.zarr,5,459.105,"window (459, 105)+(64, 64): 4096/4096 values differ from fill_value (0.0)",0
CHUNK_SAMPLE_POPULATED,info,PHercParis4/segments/20260701183138-w095-097/ink-detection/PHercParis4-20260701183138-2.4um-0.22m-78keV-volume-20260411134726-L2-3d-ink-max.zarr,0,2894.16422,"window (2894, 16422)+(64, 64): 4068/4096 values differ from fill_value (0.0)",0
CHUNK_SAMPLE_POPULATED,info,PHercParis4/segments/20260701183138-w095-097/ink-detection/PHercParis4-20260701183138-2.4um-0.22m-78keV-volume-20260411134726-L2-3d-ink-max.zarr,0,9648.31547,"window (9648, 31547)+(64, 64): 4096/4096 values differ from fill_value (0.0)",0
CHUNK_SAMPLE_POPULATED,info,PHercParis4/segments/20260701183138-w095-097/ink-detection/PHercParis4-20260701183138-2.4um-0.22m-78keV-volume-20260411134726-L2-3d-ink-max.zarr,0,16401.3457,"window (16401, 3457)+(64, 64): 4096/4096 values differ from fill_value (0.0)",0
CHUNK_SAMPLE_POPULATED,info,PHercParis4/segments/20260701183138-w095-097/ink-detection/PHercParis4-20260701183138-2.4um-0.22m-78keV-volume-20260411134726-L2-3d-ink-max.zarr,1,1442.8198,"window (1442, 8198)+(64, 64): 3925/4096 values differ from fill_value (0.0)",0
CHUNK_SAMPLE_POPULATED,info,PHercParis4/segments/20260701183138-w095-097/ink-detection/PHercParis4-20260701183138-2.4um-0.22m-78keV-volume-20260411134726-L2-3d-ink-max.zarr,1,4808.15750,"window (4808, 15750)+(64, 64): 4096/4096 values differ from fill_value (0.0)",0
CHUNK_SAMPLE_POPULATED,info,PHercParis4/segments/20260701183138-w095-097/ink-detection/PHercParis4-20260701183138-2.4um-0.22m-78keV-volume-20260411134726-L2-3d-ink-max.zarr,1,8173.1726,"window (8173, 1726)+(64, 64): 4096/4096 values differ from fill_value (0.0)",0
CHUNK_SAMPLE_POPULATED,info,PHercParis4/segments/20260701183138-w095-097/ink-detection/PHercParis4-20260701183138-2.4um-0.22m-78keV-volume-20260411134726-L2-3d-ink-max.zarr,2,716.4087,"window (716, 4087)+(64, 64): 3903/4096 values differ from fill_value (0.0)",0
CHUNK_SAMPLE_POPULATED,info,PHercParis4/segments/20260701183138-w095-097/ink-detection/PHercParis4-20260701183138-2.4um-0.22m-78keV-volume-20260411134726-L2-3d-ink-max.zarr,2,2388.7851,"window (2388, 7851)+(64, 64): 4096/4096 values differ from fill_value (0.0)",0
CHUNK_SAMPLE_POPULATED,info,PHercParis4/segments/20260701183138-w095-097/ink-detection/PHercParis4-20260701183138-2.4um-0.22m-78keV-volume-20260411134726-L2-3d-ink-max.zarr,2,4059.860,"window (4059, 860)+(64, 64): 4096/4096 values differ from fill_value (0.0)",0
CHUNK_SAMPLE_POPULATED,info,PHercParis4/segments/20260701183138-w095-097/ink-detection/PHercParis4-20260701183138-2.4um-0.22m-78keV-volume-20260411134726-L2-3d-ink-max.zarr,3,353.2031,"window (353, 2031)+(64, 64): 3828/4096 values differ from fill_value (0.0)",0
CHUNK_SAMPLE_POPULATED,info,PHercParis4/segments/20260701183138-w095-097/ink-detection/PHercParis4-20260701183138-2.4um-0.22m-78keV-volume-20260411134726-L2-3d-ink-max.zarr,3,1178.3902,"window (1178, 3902)+(64, 64): 4096/4096 values differ from fill_value (0.0)",0
CHUNK_SAMPLE_POPULATED,info,PHercParis4/segments/20260701183138-w095-097/ink-detection/PHercParis4-20260701183138-2.4um-0.22m-78keV-volume-20260411134726-L2-3d-ink-max.zarr,3,2002.427,"window (2002, 427)+(64, 64): 4096/4096 values differ from fill_value (0.0)",0
CHUNK_SAMPLE_POPULATED,info,PHercParis4/segments/20260701183138-w095-097/ink-detection/PHercParis4-20260701183138-2.4um-0.22m-78keV-volume-20260411134726-L2-3d-ink-max.zarr,4,171.1003,"window (171, 1003)+(64, 64): 3693/4096 values differ from fill_value (0.0)",0
CHUNK_SAMPLE_POPULATED,info,PHercParis4/segments/20260701183138-w095-097/ink-detection/PHercParis4-20260701183138-2.4um-0.22m-78keV-volume-20260411134726-L2-3d-ink-max.zarr,4,573.1927,"window (573, 1927)+(64, 64): 4096/4096 values differ from fill_value (0.0)",0
CHUNK_SAMPLE_POPULATED,info,PHercParis4/segments/20260701183138-w095-097/ink-detection/PHercParis4-20260701183138-2.4um-0.22m-78keV-volume-20260411134726-L2-3d-ink-max.zarr,4,974.211,"window (974, 211)+(64, 64): 4096/4096 values differ from fill_value (0.0)",0
CHUNK_SAMPLE_POPULATED,info,PHercParis4/segments/20260701183138-w095-097/ink-detection/PHercParis4-20260701183138-2.4um-0.22m-78keV-volume-20260411134726-L2-3d-ink-max.zarr,5,81.489,"window (81, 489)+(64, 64): 3672/4096 values differ from fill_value (0.0)",0
CHUNK_SAMPLE_POPULATED,info,PHercParis4/segments/20260701183138-w095-097/ink-detection/PHercParis4-20260701183138-2.4um-0.22m-78keV-volume-20260411134726-L2-3d-ink-max.zarr,5,270.940,"window (270, 940)+(64, 64): 4096/4096 values differ from fill_value (0.0)",0
CHUNK_SAMPLE_POPULATED,info,PHercParis4/segments/20260701183138-w095-097/ink-detection/PHercParis4-20260701183138-2.4um-0.22m-78keV-volume-20260411134726-L2-3d-ink-max.zarr,5,459.103,"window (459, 103)+(64, 64): 4096/4096 values differ from fill_value (0.0)",0
CHUNK_SAMPLE_POPULATED,info,PHercParis4/segments/20260701183135-w085-088/ink-detection/PHercParis4-20260701183135-2.4um-0.22m-78keV-volume-20260411134726-L2-3d-ink-max.zarr,0,2939.19416,"window (2939, 19416)+(64, 64): 4096/4096 values differ from fill_value (0.0)",0
CHUNK_SAMPLE_POPULATED,info,PHercParis4/segments/20260701183135-w085-088/ink-detection/PHercParis4-20260701183135-2.4um-0.22m-78keV-volume-20260411134726-L2-3d-ink-max.zarr,0,9798.37300,"window (9798, 37300)+(64, 64): 4096/4096 values differ from fill_value (0.0)",0
CHUNK_SAMPLE_POPULATED,info,PHercParis4/segments/20260701183135-w085-088/ink-detection/PHercParis4-20260701183135-2.4um-0.22m-78keV-volume-20260411134726-L2-3d-ink-max.zarr,0,16656.4087,"window (16656, 4087)+(64, 64): 4096/4096 values differ from fill_value (0.0)",0
CHUNK_SAMPLE_POPULATED,info,PHercParis4/segments/20260701183135-w085-088/ink-detection/PHercParis4-20260701183135-2.4um-0.22m-78keV-volume-20260411134726-L2-3d-ink-max.zarr,1,1464.9696,"window (1464, 9696)+(64, 64): 4096/4096 values differ from fill_value (0.0)",0
CHUNK_SAMPLE_POPULATED,info,PHercParis4/segments/20260701183135-w085-088/ink-detection/PHercParis4-20260701183135-2.4um-0.22m-78keV-volume-20260411134726-L2-3d-ink-max.zarr,1,4883.18626,"window (4883, 18626)+(64, 64): 4096/4096 values differ from fill_value (0.0)",0
CHUNK_SAMPLE_POPULATED,info,PHercParis4/segments/20260701183135-w085-088/ink-detection/PHercParis4-20260701183135-2.4um-0.22m-78keV-volume-20260411134726-L2-3d-ink-max.zarr,1,8301.2041,"window (8301, 2041)+(64, 64): 4096/4096 values differ from fill_value (0.0)",0
CHUNK_SAMPLE_POPULATED,info,PHercParis4/segments/20260701183135-w085-088/ink-detection/PHercParis4-20260701183135-2.4um-0.22m-78keV-volume-20260411134726-L2-3d-ink-max.zarr,2,727.4835,"window (727, 4835)+(64, 64): 4096/4096 values differ from fill_value (0.0)",0
CHUNK_SAMPLE_POPULATED,info,PHercParis4/segments/20260701183135-w085-088/ink-detection/PHercParis4-20260701183135-2.4um-0.22m-78keV-volume-20260411134726-L2-3d-ink-max.zarr,2,2425.9289,"window (2425, 9289)+(64, 64): 4096/4096 values differ from fill_value (0.0)",0
CHUNK_SAMPLE_POPULATED,info,PHercParis4/segments/20260701183135-w085-088/ink-detection/PHercParis4-20260701183135-2.4um-0.22m-78keV-volume-20260411134726-L2-3d-ink-max.zarr,2,4123.1018,"window (4123, 1018)+(64, 64): 4096/4096 values differ from fill_value (0.0)",0
CHUNK_SAMPLE_POPULATED,info,PHercParis4/segments/20260701183135-w085-088/ink-detection/PHercParis4-20260701183135-2.4um-0.22m-78keV-volume-20260411134726-L2-3d-ink-max.zarr,3,359.2405,"window (359, 2405)+(64, 64): 4096/4096 values differ from fill_value (0.0)",0
CHUNK_SAMPLE_POPULATED,info,PHercParis4/segments/20260701183135-w085-088/ink-detection/PHercParis4-20260701183135-2.4um-0.22m-78keV-volume-20260411134726-L2-3d-ink-max.zarr,3,1197.4621,"window (1197, 4621)+(64, 64): 4096/4096 values differ from fill_value (0.0)",0
CHUNK_SAMPLE_POPULATED,info,PHercParis4/segments/20260701183135-w085-088/ink-detection/PHercParis4-20260701183135-2.4um-0.22m-78keV-volume-20260411134726-L2-3d-ink-max.zarr,3,2034.506,"window (2034, 506)+(64, 64): 4096/4096 values differ from fill_value (0.0)",0
CHUNK_SAMPLE_POPULATED,info,PHercParis4/segments/20260701183135-w085-088/ink-detection/PHercParis4-20260701183135-2.4um-0.22m-78keV-volume-20260411134726-L2-3d-ink-max.zarr,4,174.1190,"window (174, 1190)+(64, 64): 4096/4096 values differ from fill_value (0.0)",0
CHUNK_SAMPLE_POPULATED,info,PHercParis4/segments/20260701183135-w085-088/ink-detection/PHercParis4-20260701183135-2.4um-0.22m-78keV-volume-20260411134726-L2-3d-ink-max.zarr,4,582.2287,"window (582, 2287)+(64, 64): 4096/4096 values differ from fill_value (0.0)",0
CHUNK_SAMPLE_POPULATED,info,PHercParis4/segments/20260701183135-w085-088/ink-detection/PHercParis4-20260701183135-2.4um-0.22m-78keV-volume-20260411134726-L2-3d-ink-max.zarr,4,990.250,"window (990, 250)+(64, 64): 4096/4096 values differ from fill_value (0.0)",0
CHUNK_SAMPLE_POPULATED,info,PHercParis4/segments/20260701183135-w085-088/ink-detection/PHercParis4-20260701183135-2.4um-0.22m-78keV-volume-20260411134726-L2-3d-ink-max.zarr,5,82.583,"window (82, 583)+(64, 64): 4096/4096 values differ from fill_value (0.0)",0
CHUNK_SAMPLE_POPULATED,info,PHercParis4/segments/20260701183135-w085-088/ink-detection/PHercParis4-20260701183135-2.4um-0.22m-78keV-volume-20260411134726-L2-3d-ink-max.zarr,5,275.1120,"window (275, 1120)+(64, 64): 4096/4096 values differ from fill_value (0.0)",0
CHUNK_SAMPLE_POPULATED,info,PHercParis4/segments/20260701183135-w085-088/ink-detection/PHercParis4-20260701183135-2.4um-0.22m-78keV-volume-20260411134726-L2-3d-ink-max.zarr,5,468.122,"window (468, 122)+(64, 64): 4096/4096 values differ from fill_value (0.0)",0
CHUNK_SAMPLE_EMPTY,info,PHercParis4/segments/20260701183142-w107-109/ink-detection/PHercParis4-20260701183142-2.4um-0.22m-78keV-volume-20260411134726-L2-3d-ink-max.zarr,0,2837.17691,"window (2837, 17691)+(64, 64): 0/4096 values differ from fill_value (0.0)",0
CHUNK_SAMPLE_POPULATED,info,PHercParis4/segments/20260701183142-w107-109/ink-detection/PHercParis4-20260701183142-2.4um-0.22m-78keV-volume-20260411134726-L2-3d-ink-max.zarr,0,9458.33985,"window (9458, 33985)+(64, 64): 4096/4096 values differ from fill_value (0.0)",0
CHUNK_SAMPLE_POPULATED,info,PHercParis4/segments/20260701183142-w107-109/ink-detection/PHercParis4-20260701183142-2.4um-0.22m-78keV-volume-20260411134726-L2-3d-ink-max.zarr,0,16078.3724,"window (16078, 3724)+(64, 64): 4096/4096 values differ from fill_value (0.0)",0
CHUNK_SAMPLE_EMPTY,info,PHercParis4/segments/20260701183142-w107-109/ink-detection/PHercParis4-20260701183142-2.4um-0.22m-78keV-volume-20260411134726-L2-3d-ink-max.zarr,1,1413.8833,"window (1413, 8833)+(64, 64): 0/4096 values differ from fill_value (0.0)",0
CHUNK_SAMPLE_POPULATED,info,PHercParis4/segments/20260701183142-w107-109/ink-detection/PHercParis4-20260701183142-2.4um-0.22m-78keV-volume-20260411134726-L2-3d-ink-max.zarr,1,4713.16969,"window (4713, 16969)+(64, 64): 4096/4096 values differ from fill_value (0.0)",0
CHUNK_SAMPLE_POPULATED,info,PHercParis4/segments/20260701183142-w107-109/ink-detection/PHercParis4-20260701183142-2.4um-0.22m-78keV-volume-20260411134726-L2-3d-ink-max.zarr,1,8012.1859,"window (8012, 1859)+(64, 64): 4096/4096 values differ from fill_value (0.0)",0
CHUNK_SAMPLE_POPULATED,info,PHercParis4/segments/20260701183142-w107-109/ink-detection/PHercParis4-20260701183142-2.4um-0.22m-78keV-volume-20260411134726-L2-3d-ink-max.zarr,2,702.4404,"window (702, 4404)+(64, 64): 21/4096 values differ from fill_value (0.0)",0
CHUNK_SAMPLE_POPULATED,info,PHercParis4/segments/20260701183142-w107-109/ink-detection/PHercParis4-20260701183142-2.4um-0.22m-78keV-volume-20260411134726-L2-3d-ink-max.zarr,2,2340.8461,"window (2340, 8461)+(64, 64): 4096/4096 values differ from fill_value (0.0)",0
CHUNK_SAMPLE_POPULATED,info,PHercParis4/segments/20260701183142-w107-109/ink-detection/PHercParis4-20260701183142-2.4um-0.22m-78keV-volume-20260411134726-L2-3d-ink-max.zarr,2,3978.927,"window (3978, 927)+(64, 64): 4096/4096 values differ from fill_value (0.0)",0
CHUNK_SAMPLE_POPULATED,info,PHercParis4/segments/20260701183142-w107-109/ink-detection/PHercParis4-20260701183142-2.4um-0.22m-78keV-volume-20260411134726-L2-3d-ink-max.zarr,3,346.2190,"window (346, 2190)+(64, 64): 1069/4096 values differ from fill_value (0.0)",0
CHUNK_SAMPLE_POPULATED,info,PHercParis4/segments/20260701183142-w107-109/ink-detection/PHercParis4-20260701183142-2.4um-0.22m-78keV-volume-20260411134726-L2-3d-ink-max.zarr,3,1154.4207,"window (1154, 4207)+(64, 64): 4096/4096 values differ from fill_value (0.0)",0
CHUNK_SAMPLE_POPULATED,info,PHercParis4/segments/20260701183142-w107-109/ink-detection/PHercParis4-20260701183142-2.4um-0.22m-78keV-volume-20260411134726-L2-3d-ink-max.zarr,3,1962.461,"window (1962, 461)+(64, 64): 4096/4096 values differ from fill_value (0.0)",0
CHUNK_SAMPLE_POPULATED,info,PHercParis4/segments/20260701183142-w107-109/ink-detection/PHercParis4-20260701183142-2.4um-0.22m-78keV-volume-20260411134726-L2-3d-ink-max.zarr,4,168.1083,"window (168, 1083)+(64, 64): 2276/4096 values differ from fill_value (0.0)",0
CHUNK_SAMPLE_POPULATED,info,PHercParis4/segments/20260701183142-w107-109/ink-detection/PHercParis4-20260701183142-2.4um-0.22m-78keV-volume-20260411134726-L2-3d-ink-max.zarr,4,561.2080,"window (561, 2080)+(64, 64): 4096/4096 values differ from fill_value (0.0)",0
CHUNK_SAMPLE_POPULATED,info,PHercParis4/segments/20260701183142-w107-109/ink-detection/PHercParis4-20260701183142-2.4um-0.22m-78keV-volume-20260411134726-L2-3d-ink-max.zarr,4,954.228,"window (954, 228)+(64, 64): 4096/4096 values differ from fill_value (0.0)",0
CHUNK_SAMPLE_POPULATED,info,PHercParis4/segments/20260701183142-w107-109/ink-detection/PHercParis4-20260701183142-2.4um-0.22m-78keV-volume-20260411134726-L2-3d-ink-max.zarr,5,79.529,"window (79, 529)+(64, 64): 2852/4096 values differ from fill_value (0.0)",0
CHUNK_SAMPLE_POPULATED,info,PHercParis4/segments/20260701183142-w107-109/ink-detection/PHercParis4-20260701183142-2.4um-0.22m-78keV-volume-20260411134726-L2-3d-ink-max.zarr,5,265.1016,"window (265, 1016)+(64, 64): 3184/4096 values differ from fill_value (0.0)",0
CHUNK_SAMPLE_POPULATED,info,PHercParis4/segments/20260701183142-w107-109/ink-detection/PHercParis4-20260701183142-2.4um-0.22m-78keV-volume-20260411134726-L2-3d-ink-max.zarr,5,450.111,"window (450, 111)+(64, 64): 4096/4096 values differ from fill_value (0.0)",0
CHUNK_SAMPLE_EMPTY,info,PHercParis4/segments/20260701183140-w101-103/ink-detection/PHercParis4-20260701183140-2.4um-0.22m-78keV-volume-20260411134726-L2-3d-ink-max.zarr,0,2927.17113,"window (2927, 17113)+(64, 64): 0/4096 values differ from fill_value (0.0)",0
CHUNK_SAMPLE_POPULATED,info,PHercParis4/segments/20260701183140-w101-103/ink-detection/PHercParis4-20260701183140-2.4um-0.22m-78keV-volume-20260411134726-L2-3d-ink-max.zarr,0,9758.32876,"window (9758, 32876)+(64, 64): 4096/4096 values differ from fill_value (0.0)",0
CHUNK_SAMPLE_POPULATED,info,PHercParis4/segments/20260701183140-w101-103/ink-detection/PHercParis4-20260701183140-2.4um-0.22m-78keV-volume-20260411134726-L2-3d-ink-max.zarr,0,16588.3602,"window (16588, 3602)+(64, 64): 4096/4096 values differ from fill_value (0.0)",0
CHUNK_SAMPLE_EMPTY,info,PHercParis4/segments/20260701183140-w101-103/ink-detection/PHercParis4-20260701183140-2.4um-0.22m-78keV-volume-20260411134726-L2-3d-ink-max.zarr,1,1458.8544,"window (1458, 8544)+(64, 64): 0/4096 values differ from fill_value (0.0)",0
CHUNK_SAMPLE_POPULATED,info,PHercParis4/segments/20260701183140-w101-103/ink-detection/PHercParis4-20260701183140-2.4um-0.22m-78keV-volume-20260411134726-L2-3d-ink-max.zarr,1,4863.16414,"window (4863, 16414)+(64, 64): 4096/4096 values differ from fill_value (0.0)",0
CHUNK_SAMPLE_POPULATED,info,PHercParis4/segments/20260701183140-w101-103/ink-detection/PHercParis4-20260701183140-2.4um-0.22m-78keV-volume-20260411134726-L2-3d-ink-max.zarr,1,8267.1798,"window (8267, 1798)+(64, 64): 4096/4096 values differ from fill_value (0.0)",0
CHUNK_SAMPLE_POPULATED,info,PHercParis4/segments/20260701183140-w101-103/ink-detection/PHercParis4-20260701183140-2.4um-0.22m-78keV-volume-20260411134726-L2-3d-ink-max.zarr,2,724.4260,"window (724, 4260)+(64, 64): 31/4096 values differ from fill_value (0.0)",0
CHUNK_SAMPLE_POPULATED,info,PHercParis4/segments/20260701183140-w101-103/ink-detection/PHercParis4-20260701183140-2.4um-0.22m-78keV-volume-20260411134726-L2-3d-ink-max.zarr,2,2415.8184,"window (2415, 8184)+(64, 64): 4096/4096 values differ from fill_value (0.0)",0
CHUNK_SAMPLE_POPULATED,info,PHercParis4/segments/20260701183140-w101-103/ink-detection/PHercParis4-20260701183140-2.4um-0.22m-78keV-volume-20260411134726-L2-3d-ink-max.zarr,2,4106.896,"window (4106, 896)+(64, 64): 4096/4096 values differ from fill_value (0.0)",0
CHUNK_SAMPLE_POPULATED,info,PHercParis4/segments/20260701183140-w101-103/ink-detection/PHercParis4-20260701183140-2.4um-0.22m-78keV-volume-20260411134726-L2-3d-ink-max.zarr,3,357.2118,"window (357, 2118)+(64, 64): 1362/4096 values differ from fill_value (0.0)",0
CHUNK_SAMPLE_POPULATED,info,PHercParis4/segments/20260701183140-w101-103/ink-detection/PHercParis4-20260701183140-2.4um-0.22m-78keV-volume-20260411134726-L2-3d-ink-max.zarr,3,1192.4069,"window (1192, 4069)+(64, 64): 4096/4096 values differ from fill_value (0.0)",0
CHUNK_SAMPLE_POPULATED,info,PHercParis4/segments/20260701183140-w101-103/ink-detection/PHercParis4-20260701183140-2.4um-0.22m-78keV-volume-20260411134726-L2-3d-ink-max.zarr,3,2026.445,"window (2026, 445)+(64, 64): 4096/4096 values differ from fill_value (0.0)",0
CHUNK_SAMPLE_POPULATED,info,PHercParis4/segments/20260701183140-w101-103/ink-detection/PHercParis4-20260701183140-2.4um-0.22m-78keV-volume-20260411134726-L2-3d-ink-max.zarr,4,174.1046,"window (174, 1046)+(64, 64): 2559/4096 values differ from fill_value (0.0)",0
CHUNK_SAMPLE_POPULATED,info,PHercParis4/segments/20260701183140-w101-103/ink-detection/PHercParis4-20260701183140-2.4um-0.22m-78keV-volume-20260411134726-L2-3d-ink-max.zarr,4,580.2011,"window (580, 2011)+(64, 64): 4096/4096 values differ from fill_value (0.0)",0
CHUNK_SAMPLE_POPULATED,info,PHercParis4/segments/20260701183140-w101-103/ink-detection/PHercParis4-20260701183140-2.4um-0.22m-78keV-volume-20260411134726-L2-3d-ink-max.zarr,4,986.220,"window (986, 220)+(64, 64): 4096/4096 values differ from fill_value (0.0)",0
CHUNK_SAMPLE_POPULATED,info,PHercParis4/segments/20260701183140-w101-103/ink-detection/PHercParis4-20260701183140-2.4um-0.22m-78keV-volume-20260411134726-L2-3d-ink-max.zarr,5,82.511,"window (82, 511)+(64, 64): 3173/4096 values differ from fill_value (0.0)",0
CHUNK_SAMPLE_POPULATED,info,PHercParis4/segments/20260701183140-w101-103/ink-detection/PHercParis4-20260701183140-2.4um-0.22m-78keV-volume-20260411134726-L2-3d-ink-max.zarr,5,274.982,"window (274, 982)+(64, 64): 3838/4096 values differ from fill_value (0.0)",0
CHUNK_SAMPLE_POPULATED,info,PHercParis4/segments/20260701183140-w101-103/ink-detection/PHercParis4-20260701183140-2.4um-0.22m-78keV-volume-20260411134726-L2-3d-ink-max.zarr,5,465.107,"window (465, 107)+(64, 64): 4096/4096 values differ from fill_value (0.0)",0
CHUNK_SAMPLE_EMPTY,info,PHercParis4/segments/20260701183141-w104-106/ink-detection/PHercParis4-20260701183141-2.4um-0.22m-78keV-volume-20260411134726-L2-3d-ink-max.zarr,0,2852.17311,"window (2852, 17311)+(64, 64): 0/4096 values differ from fill_value (0.0)",0
CHUNK_SAMPLE_POPULATED,info,PHercParis4/segments/20260701183141-w104-106/ink-detection/PHercParis4-20260701183141-2.4um-0.22m-78keV-volume-20260411134726-L2-3d-ink-max.zarr,0,9508.33255,"window (9508, 33255)+(64, 64): 4096/4096 values differ from fill_value (0.0)",0
CHUNK_SAMPLE_POPULATED,info,PHercParis4/segments/20260701183141-w104-106/ink-detection/PHercParis4-20260701183141-2.4um-0.22m-78keV-volume-20260411134726-L2-3d-ink-max.zarr,0,16163.3644,"window (16163, 3644)+(64, 64): 4096/4096 values differ from fill_value (0.0)",0
CHUNK_SAMPLE_EMPTY,info,PHercParis4/segments/20260701183141-w104-106/ink-detection/PHercParis4-20260701183141-2.4um-0.22m-78keV-volume-20260411134726-L2-3d-ink-max.zarr,1,1421.8643,"window (1421, 8643)+(64, 64): 0/4096 values differ from fill_value (0.0)",0
CHUNK_SAMPLE_POPULATED,info,PHercParis4/segments/20260701183141-w104-106/ink-detection/PHercParis4-20260701183141-2.4um-0.22m-78keV-volume-20260411134726-L2-3d-ink-max.zarr,1,4738.16604,"window (4738, 16604)+(64, 64): 4096/4096 values differ from fill_value (0.0)",0
CHUNK_SAMPLE_POPULATED,info,PHercParis4/segments/20260701183141-w104-106/ink-detection/PHercParis4-20260701183141-2.4um-0.22m-78keV-volume-20260411134726-L2-3d-ink-max.zarr,1,8054.1819,"window (8054, 1819)+(64, 64): 4096/4096 values differ from fill_value (0.0)",0
CHUNK_SAMPLE_POPULATED,info,PHercParis4/segments/20260701183141-w104-106/ink-detection/PHercParis4-20260701183141-2.4um-0.22m-78keV-volume-20260411134726-L2-3d-ink-max.zarr,2,705.4309,"window (705, 4309)+(64, 64): 673/4096 values differ from fill_value (0.0)",0
CHUNK_SAMPLE_POPULATED,info,PHercParis4/segments/20260701183141-w104-106/ink-detection/PHercParis4-20260701183141-2.4um-0.22m-78keV-volume-20260411134726-L2-3d-ink-max.zarr,2,2353.8278,"window (2353, 8278)+(64, 64): 4096/4096 values differ from fill_value (0.0)",0
CHUNK_SAMPLE_POPULATED,info,PHercParis4/segments/20260701183141-w104-106/ink-detection/PHercParis4-20260701183141-2.4um-0.22m-78keV-volume-20260411134726-L2-3d-ink-max.zarr,2,4000.907,"window (4000, 907)+(64, 64): 4096/4096 values differ from fill_value (0.0)",0
CHUNK_SAMPLE_POPULATED,info,PHercParis4/segments/20260701183141-w104-106/ink-detection/PHercParis4-20260701183141-2.4um-0.22m-78keV-volume-20260411134726-L2-3d-ink-max.zarr,3,348.2142,"window (348, 2142)+(64, 64): 2042/4096 values differ from fill_value (0.0)",0
CHUNK_SAMPLE_POPULATED,info,PHercParis4/segments/20260701183141-w104-106/ink-detection/PHercParis4-20260701183141-2.4um-0.22m-78keV-volume-20260411134726-L2-3d-ink-max.zarr,3,1160.4116,"window (1160, 4116)+(64, 64): 4096/4096 values differ from fill_value (0.0)",0
CHUNK_SAMPLE_POPULATED,info,PHercParis4/segments/20260701183141-w104-106/ink-detection/PHercParis4-20260701183141-2.4um-0.22m-78keV-volume-20260411134726-L2-3d-ink-max.zarr,3,1972.451,"window (1972, 451)+(64, 64): 4096/4096 values differ from fill_value (0.0)",0
CHUNK_SAMPLE_POPULATED,info,PHercParis4/segments/20260701183141-w104-106/ink-detection/PHercParis4-20260701183141-2.4um-0.22m-78keV-volume-20260411134726-L2-3d-ink-max.zarr,4,169.1059,"window (169, 1059)+(64, 64): 2827/4096 values differ from fill_value (0.0)",0
CHUNK_SAMPLE_POPULATED,info,PHercParis4/segments/20260701183141-w104-106/ink-detection/PHercParis4-20260701183141-2.4um-0.22m-78keV-volume-20260411134726-L2-3d-ink-max.zarr,4,564.2035,"window (564, 2035)+(64, 64): 4096/4096 values differ from fill_value (0.0)",0
CHUNK_SAMPLE_POPULATED,info,PHercParis4/segments/20260701183141-w104-106/ink-detection/PHercParis4-20260701183141-2.4um-0.22m-78keV-volume-20260411134726-L2-3d-ink-max.zarr,4,959.223,"window (959, 223)+(64, 64): 4096/4096 values differ from fill_value (0.0)",0
CHUNK_SAMPLE_POPULATED,info,PHercParis4/segments/20260701183141-w104-106/ink-detection/PHercParis4-20260701183141-2.4um-0.22m-78keV-volume-20260411134726-L2-3d-ink-max.zarr,5,79.517,"window (79, 517)+(64, 64): 3227/4096 values differ from fill_value (0.0)",0
CHUNK_SAMPLE_POPULATED,info,PHercParis4/segments/20260701183141-w104-106/ink-detection/PHercParis4-20260701183141-2.4um-0.22m-78keV-volume-20260411134726-L2-3d-ink-max.zarr,5,266.994,"window (266, 994)+(64, 64): 3460/4096 values differ from fill_value (0.0)",0
CHUNK_SAMPLE_POPULATED,info,PHercParis4/segments/20260701183141-w104-106/ink-detection/PHercParis4-20260701183141-2.4um-0.22m-78keV-volume-20260411134726-L2-3d-ink-max.zarr,5,453.108,"window (453, 108)+(64, 64): 4096/4096 values differ from fill_value (0.0)",0
CHUNK_SAMPLE_EMPTY,info,PHercParis4/segments/20260701183144-w113-115/ink-detection/PHercParis4-20260701183144-2.4um-0.22m-78keV-volume-20260411134726-L2-3d-ink-max.zarr,0,2798.18382,"window (2798, 18382)+(64, 64): 0/4096 values differ from fill_value (0.0)",0
CHUNK_SAMPLE_POPULATED,info,PHercParis4/segments/20260701183144-w113-115/ink-detection/PHercParis4-20260701183144-2.4um-0.22m-78keV-volume-20260411134726-L2-3d-ink-max.zarr,0,9328.35314,"window (9328, 35314)+(64, 64): 4096/4096 values differ from fill_value (0.0)",0
CHUNK_SAMPLE_POPULATED,info,PHercParis4/segments/20260701183144-w113-115/ink-detection/PHercParis4-20260701183144-2.4um-0.22m-78keV-volume-20260411134726-L2-3d-ink-max.zarr,0,15857.3870,"window (15857, 3870)+(64, 64): 4096/4096 values differ from fill_value (0.0)",0
CHUNK_SAMPLE_EMPTY,info,PHercParis4/segments/20260701183144-w113-115/ink-detection/PHercParis4-20260701183144-2.4um-0.22m-78keV-volume-20260411134726-L2-3d-ink-max.zarr,1,1394.9179,"window (1394, 9179)+(64, 64): 0/4096 values differ from fill_value (0.0)",0
CHUNK_SAMPLE_POPULATED,info,PHercParis4/segments/20260701183144-w113-115/ink-detection/PHercParis4-20260701183144-2.4um-0.22m-78keV-volume-20260411134726-L2-3d-ink-max.zarr,1,4648.17633,"window (4648, 17633)+(64, 64): 4096/4096 values differ from fill_value (0.0)",0
CHUNK_SAMPLE_POPULATED,info,PHercParis4/segments/20260701183144-w113-115/ink-detection/PHercParis4-20260701183144-2.4um-0.22m-78keV-volume-20260411134726-L2-3d-ink-max.zarr,1,7901.1932,"window (7901, 1932)+(64, 64): 4096/4096 values differ from fill_value (0.0)",0
CHUNK_SAMPLE_POPULATED,info,PHercParis4/segments/20260701183144-w113-115/ink-detection/PHercParis4-20260701183144-2.4um-0.22m-78keV-volume-20260411134726-L2-3d-ink-max.zarr,2,692.4577,"window (692, 4577)+(64, 64): 177/4096 values differ from fill_value (0.0)",0
CHUNK_SAMPLE_POPULATED,info,PHercParis4/segments/20260701183144-w113-115/ink-detection/PHercParis4-20260701183144-2.4um-0.22m-78keV-volume-20260411134726-L2-3d-ink-max.zarr,2,2308.8793,"window (2308, 8793)+(64, 64): 4096/4096 values differ from fill_value (0.0)",0
CHUNK_SAMPLE_POPULATED,info,PHercParis4/segments/20260701183144-w113-115/ink-detection/PHercParis4-20260701183144-2.4um-0.22m-78keV-volume-20260411134726-L2-3d-ink-max.zarr,2,3923.963,"window (3923, 963)+(64, 64): 4096/4096 values differ from fill_value (0.0)",0
CHUNK_SAMPLE_POPULATED,info,PHercParis4/segments/20260701183144-w113-115/ink-detection/PHercParis4-20260701183144-2.4um-0.22m-78keV-volume-20260411134726-L2-3d-ink-max.zarr,3,341.2276,"window (341, 2276)+(64, 64): 874/4096 values differ from fill_value (0.0)",0
CHUNK_SAMPLE_POPULATED,info,PHercParis4/segments/20260701183144-w113-115/ink-detection/PHercParis4-20260701183144-2.4um-0.22m-78keV-volume-20260411134726-L2-3d-ink-max.zarr,3,1138.4373,"window (1138, 4373)+(64, 64): 4096/4096 values differ from fill_value (0.0)",0
CHUNK_SAMPLE_POPULATED,info,PHercParis4/segments/20260701183144-w113-115/ink-detection/PHercParis4-20260701183144-2.4um-0.22m-78keV-volume-20260411134726-L2-3d-ink-max.zarr,3,1934.479,"window (1934, 479)+(64, 64): 4096/4096 values differ from fill_value (0.0)",0
CHUNK_SAMPLE_POPULATED,info,PHercParis4/segments/20260701183144-w113-115/ink-detection/PHercParis4-20260701183144-2.4um-0.22m-78keV-volume-20260411134726-L2-3d-ink-max.zarr,4,165.1126,"window (165, 1126)+(64, 64): 1759/4096 values differ from fill_value (0.0)",0
CHUNK_SAMPLE_POPULATED,info,PHercParis4/segments/20260701183144-w113-115/ink-detection/PHercParis4-20260701183144-2.4um-0.22m-78keV-volume-20260411134726-L2-3d-ink-max.zarr,4,553.2163,"window (553, 2163)+(64, 64): 4096/4096 values differ from fill_value (0.0)",0
CHUNK_SAMPLE_POPULATED,info,PHercParis4/segments/20260701183144-w113-115/ink-detection/PHercParis4-20260701183144-2.4um-0.22m-78keV-volume-20260411134726-L2-3d-ink-max.zarr,4,940.237,"window (940, 237)+(64, 64): 4096/4096 values differ from fill_value (0.0)",0
CHUNK_SAMPLE_POPULATED,info,PHercParis4/segments/20260701183144-w113-115/ink-detection/PHercParis4-20260701183144-2.4um-0.22m-78keV-volume-20260411134726-L2-3d-ink-max.zarr,5,78.551,"window (78, 551)+(64, 64): 2009/4096 values differ from fill_value (0.0)",0
CHUNK_SAMPLE_POPULATED,info,PHercParis4/segments/20260701183144-w113-115/ink-detection/PHercParis4-20260701183144-2.4um-0.22m-78keV-volume-20260411134726-L2-3d-ink-max.zarr,5,260.1058,"window (260, 1058)+(64, 64): 3281/4096 values differ from fill_value (0.0)",0
CHUNK_SAMPLE_POPULATED,info,PHercParis4/segments/20260701183144-w113-115/ink-detection/PHercParis4-20260701183144-2.4um-0.22m-78keV-volume-20260411134726-L2-3d-ink-max.zarr,5,442.116,"window (442, 116)+(64, 64): 4096/4096 values differ from fill_value (0.0)",0
CHUNK_SAMPLE_POPULATED,info,PHercParis4/segments/20260701183146-w118-119/ink-detection/PHercParis4-20260701183146-2.4um-0.22m-78keV-volume-20260411134726-L2-3d-ink-max.zarr,0,2810.12971,"window (2810, 12971)+(64, 64): 4096/4096 values differ from fill_value (0.0)",0
CHUNK_SAMPLE_POPULATED,info,PHercParis4/segments/20260701183146-w118-119/ink-detection/PHercParis4-20260701183146-2.4um-0.22m-78keV-volume-20260411134726-L2-3d-ink-max.zarr,0,9368.24919,"window (9368, 24919)+(64, 64): 4096/4096 values differ from fill_value (0.0)",0
CHUNK_SAMPLE_POPULATED,info,PHercParis4/segments/20260701183146-w118-119/ink-detection/PHercParis4-20260701183146-2.4um-0.22m-78keV-volume-20260411134726-L2-3d-ink-max.zarr,0,15925.2730,"window (15925, 2730)+(64, 64): 4096/4096 values differ from fill_value (0.0)",0
CHUNK_SAMPLE_POPULATED,info,PHercParis4/segments/20260701183146-w118-119/ink-detection/PHercParis4-20260701183146-2.4um-0.22m-78keV-volume-20260411134726-L2-3d-ink-max.zarr,1,1400.6473,"window (1400, 6473)+(64, 64): 4096/4096 values differ from fill_value (0.0)",0
CHUNK_SAMPLE_POPULATED,info,PHercParis4/segments/20260701183146-w118-119/ink-detection/PHercParis4-20260701183146-2.4um-0.22m-78keV-volume-20260411134726-L2-3d-ink-max.zarr,1,4668.12436,"window (4668, 12436)+(64, 64): 4096/4096 values differ from fill_value (0.0)",0
CHUNK_SAMPLE_POPULATED,info,PHercParis4/segments/20260701183146-w118-119/ink-detection/PHercParis4-20260701183146-2.4um-0.22m-78keV-volume-20260411134726-L2-3d-ink-max.zarr,1,7935.1362,"window (7935, 1362)+(64, 64): 4096/4096 values differ from fill_value (0.0)",0
CHUNK_SAMPLE_POPULATED,info,PHercParis4/segments/20260701183146-w118-119/ink-detection/PHercParis4-20260701183146-2.4um-0.22m-78keV-volume-20260411134726-L2-3d-ink-max.zarr,2,695.3224,"window (695, 3224)+(64, 64): 4096/4096 values differ from fill_value (0.0)",0
CHUNK_SAMPLE_POPULATED,info,PHercParis4/segments/20260701183146-w118-119/ink-detection/PHercParis4-20260701183146-2.4um-0.22m-78keV-volume-20260411134726-L2-3d-ink-max.zarr,2,2318.6194,"window (2318, 6194)+(64, 64): 4096/4096 values differ from fill_value (0.0)",0
CHUNK_SAMPLE_POPULATED,info,PHercParis4/segments/20260701183146-w118-119/ink-detection/PHercParis4-20260701183146-2.4um-0.22m-78keV-volume-20260411134726-L2-3d-ink-max.zarr,2,3940.678,"window (3940, 678)+(64, 64): 4096/4096 values differ from fill_value (0.0)",0
CHUNK_SAMPLE_POPULATED,info,PHercParis4/segments/20260701183146-w118-119/ink-detection/PHercParis4-20260701183146-2.4um-0.22m-78keV-volume-20260411134726-L2-3d-ink-max.zarr,3,342.1600,"window (342, 1600)+(64, 64): 4029/4096 values differ from fill_value (0.0)",0
CHUNK_SAMPLE_POPULATED,info,PHercParis4/segments/20260701183146-w118-119/ink-detection/PHercParis4-20260701183146-2.4um-0.22m-78keV-volume-20260411134726-L2-3d-ink-max.zarr,3,1143.3074,"window (1143, 3074)+(64, 64): 4096/4096 values differ from fill_value (0.0)",0
CHUNK_SAMPLE_POPULATED,info,PHercParis4/segments/20260701183146-w118-119/ink-detection/PHercParis4-20260701183146-2.4um-0.22m-78keV-volume-20260411134726-L2-3d-ink-max.zarr,3,1943.336,"window (1943, 336)+(64, 64): 4096/4096 values differ from fill_value (0.0)",0
CHUNK_SAMPLE_POPULATED,info,PHercParis4/segments/20260701183146-w118-119/ink-detection/PHercParis4-20260701183146-2.4um-0.22m-78keV-volume-20260411134726-L2-3d-ink-max.zarr,4,166.788,"window (166, 788)+(64, 64): 3579/4096 values differ from fill_value (0.0)",0
CHUNK_SAMPLE_POPULATED,info,PHercParis4/segments/20260701183146-w118-119/ink-detection/PHercParis4-20260701183146-2.4um-0.22m-78keV-volume-20260411134726-L2-3d-ink-max.zarr,4,555.1514,"window (555, 1514)+(64, 64): 4096/4096 values differ from fill_value (0.0)",0
CHUNK_SAMPLE_POPULATED,info,PHercParis4/segments/20260701183146-w118-119/ink-detection/PHercParis4-20260701183146-2.4um-0.22m-78keV-volume-20260411134726-L2-3d-ink-max.zarr,4,944.165,"window (944, 165)+(64, 64): 4096/4096 values differ from fill_value (0.0)",0
CHUNK_SAMPLE_POPULATED,info,PHercParis4/segments/20260701183146-w118-119/ink-detection/PHercParis4-20260701183146-2.4um-0.22m-78keV-volume-20260411134726-L2-3d-ink-max.zarr,5,78.381,"window (78, 381)+(64, 64): 3177/4096 values differ from fill_value (0.0)",0
CHUNK_SAMPLE_POPULATED,info,PHercParis4/segments/20260701183146-w118-119/ink-detection/PHercParis4-20260701183146-2.4um-0.22m-78keV-volume-20260411134726-L2-3d-ink-max.zarr,5,262.733,"window (262, 733)+(64, 64): 4096/4096 values differ from fill_value (0.0)",0
CHUNK_SAMPLE_POPULATED,info,PHercParis4/segments/20260701183146-w118-119/ink-detection/PHercParis4-20260701183146-2.4um-0.22m-78keV-volume-20260411134726-L2-3d-ink-max.zarr,5,445.80,"window (445, 80)+(64, 64): 4096/4096 values differ from fill_value (0.0)",0
CHUNK_SAMPLE_POPULATED,info,PHercParis4/segments/20260701183137-w092-094/ink-detection/PHercParis4-20260701183137-2.4um-0.22m-78keV-volume-20260411134726-L2-3d-ink-max.zarr,0,2849.15988,"window (2849, 15988)+(64, 64): 4096/4096 values differ from fill_value (0.0)",0
CHUNK_SAMPLE_POPULATED,info,PHercParis4/segments/20260701183137-w092-094/ink-detection/PHercParis4-20260701183137-2.4um-0.22m-78keV-volume-20260411134726-L2-3d-ink-max.zarr,0,9498.30715,"window (9498, 30715)+(64, 64): 4096/4096 values differ from fill_value (0.0)",0
CHUNK_SAMPLE_POPULATED,info,PHercParis4/segments/20260701183137-w092-094/ink-detection/PHercParis4-20260701183137-2.4um-0.22m-78keV-volume-20260411134726-L2-3d-ink-max.zarr,0,16146.3366,"window (16146, 3366)+(64, 64): 4096/4096 values differ from fill_value (0.0)",0
CHUNK_SAMPLE_POPULATED,info,PHercParis4/segments/20260701183137-w092-094/ink-detection/PHercParis4-20260701183137-2.4um-0.22m-78keV-volume-20260411134726-L2-3d-ink-max.zarr,1,1419.7982,"window (1419, 7982)+(64, 64): 4096/4096 values differ from fill_value (0.0)",0
CHUNK_SAMPLE_POPULATED,info,PHercParis4/segments/20260701183137-w092-094/ink-detection/PHercParis4-20260701183137-2.4um-0.22m-78keV-volume-20260411134726-L2-3d-ink-max.zarr,1,4733.15334,"window (4733, 15334)+(64, 64): 4096/4096 values differ from fill_value (0.0)",0
CHUNK_SAMPLE_POPULATED,info,PHercParis4/segments/20260701183137-w092-094/ink-detection/PHercParis4-20260701183137-2.4um-0.22m-78keV-volume-20260411134726-L2-3d-ink-max.zarr,1,8046.1680,"window (8046, 1680)+(64, 64): 4096/4096 values differ from fill_value (0.0)",0
CHUNK_SAMPLE_POPULATED,info,PHercParis4/segments/20260701183137-w092-094/ink-detection/PHercParis4-20260701183137-2.4um-0.22m-78keV-volume-20260411134726-L2-3d-ink-max.zarr,2,705.3978,"window (705, 3978)+(64, 64): 4096/4096 values differ from fill_value (0.0)",0
CHUNK_SAMPLE_POPULATED,info,PHercParis4/segments/20260701183137-w092-094/ink-detection/PHercParis4-20260701183137-2.4um-0.22m-78keV-volume-20260411134726-L2-3d-ink-max.zarr,2,2350.7643,"window (2350, 7643)+(64, 64): 4096/4096 values differ from fill_value (0.0)",0
CHUNK_SAMPLE_POPULATED,info,PHercParis4/segments/20260701183137-w092-094/ink-detection/PHercParis4-20260701183137-2.4um-0.22m-78keV-volume-20260411134726-L2-3d-ink-max.zarr,2,3995.837,"window (3995, 837)+(64, 64): 4096/4096 values differ from fill_value (0.0)",0
CHUNK_SAMPLE_POPULATED,info,PHercParis4/segments/20260701183137-w092-094/ink-detection/PHercParis4-20260701183137-2.4um-0.22m-78keV-volume-20260411134726-L2-3d-ink-max.zarr,3,347.1977,"window (347, 1977)+(64, 64): 4096/4096 values differ from fill_value (0.0)",0
CHUNK_SAMPLE_POPULATED,info,PHercParis4/segments/20260701183137-w092-094/ink-detection/PHercParis4-20260701183137-2.4um-0.22m-78keV-volume-20260411134726-L2-3d-ink-max.zarr,3,1159.3798,"window (1159, 3798)+(64, 64): 4096/4096 values differ from fill_value (0.0)",0
CHUNK_SAMPLE_POPULATED,info,PHercParis4/segments/20260701183137-w092-094/ink-detection/PHercParis4-20260701183137-2.4um-0.22m-78keV-volume-20260411134726-L2-3d-ink-max.zarr,3,1971.416,"window (1971, 416)+(64, 64): 4096/4096 values differ from fill_value (0.0)",0
CHUNK_SAMPLE_POPULATED,info,PHercParis4/segments/20260701183137-w092-094/ink-detection/PHercParis4-20260701183137-2.4um-0.22m-78keV-volume-20260411134726-L2-3d-ink-max.zarr,4,169.976,"window (169, 976)+(64, 64): 4096/4096 values differ from fill_value (0.0)",0
CHUNK_SAMPLE_POPULATED,info,PHercParis4/segments/20260701183137-w092-094/ink-detection/PHercParis4-20260701183137-2.4um-0.22m-78keV-volume-20260411134726-L2-3d-ink-max.zarr,4,564.1876,"window (564, 1876)+(64, 64): 4096/4096 values differ from fill_value (0.0)",0
CHUNK_SAMPLE_POPULATED,info,PHercParis4/segments/20260701183137-w092-094/ink-detection/PHercParis4-20260701183137-2.4um-0.22m-78keV-volume-20260411134726-L2-3d-ink-max.zarr,4,958.205,"window (958, 205)+(64, 64): 4096/4096 values differ from fill_value (0.0)",0
CHUNK_SAMPLE_POPULATED,info,PHercParis4/segments/20260701183137-w092-094/ink-detection/PHercParis4-20260701183137-2.4um-0.22m-78keV-volume-20260411134726-L2-3d-ink-max.zarr,5,79.476,"window (79, 476)+(64, 64): 4013/4096 values differ from fill_value (0.0)",0
CHUNK_SAMPLE_POPULATED,info,PHercParis4/segments/20260701183137-w092-094/ink-detection/PHercParis4-20260701183137-2.4um-0.22m-78keV-volume-20260411134726-L2-3d-ink-max.zarr,5,266.914,"window (266, 914)+(64, 64): 4096/4096 values differ from fill_value (0.0)",0
CHUNK_SAMPLE_POPULATED,info,PHercParis4/segments/20260701183137-w092-094/ink-detection/PHercParis4-20260701183137-2.4um-0.22m-78keV-volume-20260411134726-L2-3d-ink-max.zarr,5,452.100,"window (452, 100)+(64, 64): 4096/4096 values differ from fill_value (0.0)",0
CHUNK_SAMPLE_EMPTY,info,PHercParis4/segments/20260701183143-w110-112/ink-detection/PHercParis4-20260701183143-2.4um-0.22m-78keV-volume-20260411134726-L2-3d-ink-max.zarr,0,2810.18056,"window (2810, 18056)+(64, 64): 0/4096 values differ from fill_value (0.0)",0
CHUNK_SAMPLE_POPULATED,info,PHercParis4/segments/20260701183143-w110-112/ink-detection/PHercParis4-20260701183143-2.4um-0.22m-78keV-volume-20260411134726-L2-3d-ink-max.zarr,0,9368.34686,"window (9368, 34686)+(64, 64): 4096/4096 values differ from fill_value (0.0)",0
CHUNK_SAMPLE_POPULATED,info,PHercParis4/segments/20260701183143-w110-112/ink-detection/PHercParis4-20260701183143-2.4um-0.22m-78keV-volume-20260411134726-L2-3d-ink-max.zarr,0,15925.3801,"window (15925, 3801)+(64, 64): 4096/4096 values differ from fill_value (0.0)",0
CHUNK_SAMPLE_POPULATED,info,PHercParis4/segments/20260701183143-w110-112/ink-detection/PHercParis4-20260701183143-2.4um-0.22m-78keV-volume-20260411134726-L2-3d-ink-max.zarr,1,1400.9015,"window (1400, 9015)+(64, 64): 35/4096 values differ from fill_value (0.0)",0
CHUNK_SAMPLE_POPULATED,info,PHercParis4/segments/20260701183143-w110-112/ink-detection/PHercParis4-20260701183143-2.4um-0.22m-78keV-volume-20260411134726-L2-3d-ink-max.zarr,1,4668.17319,"window (4668, 17319)+(64, 64): 4096/4096 values differ from fill_value (0.0)",0
CHUNK_SAMPLE_POPULATED,info,PHercParis4/segments/20260701183143-w110-112/ink-detection/PHercParis4-20260701183143-2.4um-0.22m-78keV-volume-20260411134726-L2-3d-ink-max.zarr,1,7935.1898,"window (7935, 1898)+(64, 64): 4096/4096 values differ from fill_value (0.0)",0
CHUNK_SAMPLE_POPULATED,info,PHercParis4/segments/20260701183143-w110-112/ink-detection/PHercParis4-20260701183143-2.4um-0.22m-78keV-volume-20260411134726-L2-3d-ink-max.zarr,2,695.4495,"window (695, 4495)+(64, 64): 636/4096 values differ from fill_value (0.0)",0
CHUNK_SAMPLE_POPULATED,info,PHercParis4/segments/20260701183143-w110-112/ink-detection/PHercParis4-20260701183143-2.4um-0.22m-78keV-volume-20260411134726-L2-3d-ink-max.zarr,2,2318.8636,"window (2318, 8636)+(64, 64): 4096/4096 values differ from fill_value (0.0)",0
CHUNK_SAMPLE_POPULATED,info,PHercParis4/segments/20260701183143-w110-112/ink-detection/PHercParis4-20260701183143-2.4um-0.22m-78keV-volume-20260411134726-L2-3d-ink-max.zarr,2,3940.946,"window (3940, 946)+(64, 64): 4096/4096 values differ from fill_value (0.0)",0
CHUNK_SAMPLE_POPULATED,info,PHercParis4/segments/20260701183143-w110-112/ink-detection/PHercParis4-20260701183143-2.4um-0.22m-78keV-volume-20260411134726-L2-3d-ink-max.zarr,3,342.2235,"window (342, 2235)+(64, 64): 1242/4096 values differ from fill_value (0.0)",0
CHUNK_SAMPLE_POPULATED,info,PHercParis4/segments/20260701183143-w110-112/ink-detection/PHercParis4-20260701183143-2.4um-0.22m-78keV-volume-20260411134726-L2-3d-ink-max.zarr,3,1143.4295,"window (1143, 4295)+(64, 64): 4096/4096 values differ from fill_value (0.0)",0
CHUNK_SAMPLE_POPULATED,info,PHercParis4/segments/20260701183143-w110-112/ink-detection/PHercParis4-20260701183143-2.4um-0.22m-78keV-volume-20260411134726-L2-3d-ink-max.zarr,3,1943.470,"window (1943, 470)+(64, 64): 4096/4096 values differ from fill_value (0.0)",0
CHUNK_SAMPLE_POPULATED,info,PHercParis4/segments/20260701183143-w110-112/ink-detection/PHercParis4-20260701183143-2.4um-0.22m-78keV-volume-20260411134726-L2-3d-ink-max.zarr,4,166.1105,"window (166, 1105)+(64, 64): 2183/4096 values differ from fill_value (0.0)",0
CHUNK_SAMPLE_POPULATED,info,PHercParis4/segments/20260701183143-w110-112/ink-detection/PHercParis4-20260701183143-2.4um-0.22m-78keV-volume-20260411134726-L2-3d-ink-max.zarr,4,555.2124,"window (555, 2124)+(64, 64): 4096/4096 values differ from fill_value (0.0)",0
CHUNK_SAMPLE_POPULATED,info,PHercParis4/segments/20260701183143-w110-112/ink-detection/PHercParis4-20260701183143-2.4um-0.22m-78keV-volume-20260411134726-L2-3d-ink-max.zarr,4,944.232,"window (944, 232)+(64, 64): 4096/4096 values differ from fill_value (0.0)",0
CHUNK_SAMPLE_POPULATED,info,PHercParis4/segments/20260701183143-w110-112/ink-detection/PHercParis4-20260701183143-2.4um-0.22m-78keV-volume-20260411134726-L2-3d-ink-max.zarr,5,78.540,"window (78, 540)+(64, 64): 2369/4096 values differ from fill_value (0.0)",0
CHUNK_SAMPLE_POPULATED,info,PHercParis4/segments/20260701183143-w110-112/ink-detection/PHercParis4-20260701183143-2.4um-0.22m-78keV-volume-20260411134726-L2-3d-ink-max.zarr,5,262.1038,"window (262, 1038)+(64, 64): 3252/4096 values differ from fill_value (0.0)",0
CHUNK_SAMPLE_POPULATED,info,PHercParis4/segments/20260701183143-w110-112/ink-detection/PHercParis4-20260701183143-2.4um-0.22m-78keV-volume-20260411134726-L2-3d-ink-max.zarr,5,445.113,"window (445, 113)+(64, 64): 4096/4096 values differ from fill_value (0.0)",0
CHUNK_SAMPLE_POPULATED,info,PHercParis4/segments/20260701183151-w128-129/ink-detection/PHercParis4-20260701183151-2.4um-0.22m-78keV-volume-20260411134726-L2-3d-ink-max.zarr,0,3344.13496,"window (3344, 13496)+(64, 64): 4096/4096 values differ from fill_value (0.0)",0
CHUNK_SAMPLE_POPULATED,info,PHercParis4/segments/20260701183151-w128-129/ink-detection/PHercParis4-20260701183151-2.4um-0.22m-78keV-volume-20260411134726-L2-3d-ink-max.zarr,0,11148.25926,"window (11148, 25926)+(64, 64): 4096/4096 values differ from fill_value (0.0)",0
CHUNK_SAMPLE_POPULATED,info,PHercParis4/segments/20260701183151-w128-129/ink-detection/PHercParis4-20260701183151-2.4um-0.22m-78keV-volume-20260411134726-L2-3d-ink-max.zarr,0,18951.2841,"window (18951, 2841)+(64, 64): 4096/4096 values differ from fill_value (0.0)",0
CHUNK_SAMPLE_POPULATED,info,PHercParis4/segments/20260701183151-w128-129/ink-detection/PHercParis4-20260701183151-2.4um-0.22m-78keV-volume-20260411134726-L2-3d-ink-max.zarr,1,1667.6735,"window (1667, 6735)+(64, 64): 4096/4096 values differ from fill_value (0.0)",0
CHUNK_SAMPLE_POPULATED,info,PHercParis4/segments/20260701183151-w128-129/ink-detection/PHercParis4-20260701183151-2.4um-0.22m-78keV-volume-20260411134726-L2-3d-ink-max.zarr,1,5558.12939,"window (5558, 12939)+(64, 64): 4096/4096 values differ from fill_value (0.0)",0
CHUNK_SAMPLE_POPULATED,info,PHercParis4/segments/20260701183151-w128-129/ink-detection/PHercParis4-20260701183151-2.4um-0.22m-78keV-volume-20260411134726-L2-3d-ink-max.zarr,1,9448.1418,"window (9448, 1418)+(64, 64): 4096/4096 values differ from fill_value (0.0)",0
CHUNK_SAMPLE_POPULATED,info,PHercParis4/segments/20260701183151-w128-129/ink-detection/PHercParis4-20260701183151-2.4um-0.22m-78keV-volume-20260411134726-L2-3d-ink-max.zarr,2,828.3355,"window (828, 3355)+(64, 64): 4030/4096 values differ from fill_value (0.0)",0
CHUNK_SAMPLE_POPULATED,info,PHercParis4/segments/20260701183151-w128-129/ink-detection/PHercParis4-20260701183151-2.4um-0.22m-78keV-volume-20260411134726-L2-3d-ink-max.zarr,2,2763.6446,"window (2763, 6446)+(64, 64): 4096/4096 values differ from fill_value (0.0)",0
CHUNK_SAMPLE_POPULATED,info,PHercParis4/segments/20260701183151-w128-129/ink-detection/PHercParis4-20260701183151-2.4um-0.22m-78keV-volume-20260411134726-L2-3d-ink-max.zarr,2,4697.706,"window (4697, 706)+(64, 64): 4096/4096 values differ from fill_value (0.0)",0
CHUNK_SAMPLE_POPULATED,info,PHercParis4/segments/20260701183151-w128-129/ink-detection/PHercParis4-20260701183151-2.4um-0.22m-78keV-volume-20260411134726-L2-3d-ink-max.zarr,3,409.1665,"window (409, 1665)+(64, 64): 3716/4096 values differ from fill_value (0.0)",0
CHUNK_SAMPLE_POPULATED,info,PHercParis4/segments/20260701183151-w128-129/ink-detection/PHercParis4-20260701183151-2.4um-0.22m-78keV-volume-20260411134726-L2-3d-ink-max.zarr,3,1365.3200,"window (1365, 3200)+(64, 64): 4096/4096 values differ from fill_value (0.0)",0
CHUNK_SAMPLE_POPULATED,info,PHercParis4/segments/20260701183151-w128-129/ink-detection/PHercParis4-20260701183151-2.4um-0.22m-78keV-volume-20260411134726-L2-3d-ink-max.zarr,3,2321.350,"window (2321, 350)+(64, 64): 4096/4096 values differ from fill_value (0.0)",0
CHUNK_SAMPLE_POPULATED,info,PHercParis4/segments/20260701183151-w128-129/ink-detection/PHercParis4-20260701183151-2.4um-0.22m-78keV-volume-20260411134726-L2-3d-ink-max.zarr,4,200.820,"window (200, 820)+(64, 64): 3778/4096 values differ from fill_value (0.0)",0
CHUNK_SAMPLE_POPULATED,info,PHercParis4/segments/20260701183151-w128-129/ink-detection/PHercParis4-20260701183151-2.4um-0.22m-78keV-volume-20260411134726-L2-3d-ink-max.zarr,4,667.1576,"window (667, 1576)+(64, 64): 4096/4096 values differ from fill_value (0.0)",0
CHUNK_SAMPLE_POPULATED,info,PHercParis4/segments/20260701183151-w128-129/ink-detection/PHercParis4-20260701183151-2.4um-0.22m-78keV-volume-20260411134726-L2-3d-ink-max.zarr,4,1133.172,"window (1133, 172)+(64, 64): 4096/4096 values differ from fill_value (0.0)",0
CHUNK_SAMPLE_POPULATED,info,PHercParis4/segments/20260701183151-w128-129/ink-detection/PHercParis4-20260701183151-2.4um-0.22m-78keV-volume-20260411134726-L2-3d-ink-max.zarr,5,95.398,"window (95, 398)+(64, 64): 3213/4096 values differ from fill_value (0.0)",0
CHUNK_SAMPLE_POPULATED,info,PHercParis4/segments/20260701183151-w128-129/ink-detection/PHercParis4-20260701183151-2.4um-0.22m-78keV-volume-20260411134726-L2-3d-ink-max.zarr,5,317.765,"window (317, 765)+(64, 64): 4096/4096 values differ from fill_value (0.0)",0
CHUNK_SAMPLE_POPULATED,info,PHercParis4/segments/20260701183151-w128-129/ink-detection/PHercParis4-20260701183151-2.4um-0.22m-78keV-volume-20260411134726-L2-3d-ink-max.zarr,5,539.83,"window (539, 83)+(64, 64): 4096/4096 values differ from fill_value (0.0)",0
CHUNK_SAMPLE_POPULATED,info,PHercParis4/segments/20260701183147-w120-121/ink-detection/PHercParis4-20260701183147-2.4um-0.22m-78keV-volume-20260411134726-L2-3d-ink-max.zarr,0,2840.13108,"window (2840, 13108)+(64, 64): 4096/4096 values differ from fill_value (0.0)",0
CHUNK_SAMPLE_POPULATED,info,PHercParis4/segments/20260701183147-w120-121/ink-detection/PHercParis4-20260701183147-2.4um-0.22m-78keV-volume-20260411134726-L2-3d-ink-max.zarr,0,9468.25182,"window (9468, 25182)+(64, 64): 4096/4096 values differ from fill_value (0.0)",0
CHUNK_SAMPLE_POPULATED,info,PHercParis4/segments/20260701183147-w120-121/ink-detection/PHercParis4-20260701183147-2.4um-0.22m-78keV-volume-20260411134726-L2-3d-ink-max.zarr,0,16095.2759,"window (16095, 2759)+(64, 64): 4096/4096 values differ from fill_value (0.0)",0
CHUNK_SAMPLE_POPULATED,info,PHercParis4/segments/20260701183147-w120-121/ink-detection/PHercParis4-20260701183147-2.4um-0.22m-78keV-volume-20260411134726-L2-3d-ink-max.zarr,1,1415.6542,"window (1415, 6542)+(64, 64): 4096/4096 values differ from fill_value (0.0)",0
CHUNK_SAMPLE_POPULATED,info,PHercParis4/segments/20260701183147-w120-121/ink-detection/PHercParis4-20260701183147-2.4um-0.22m-78keV-volume-20260411134726-L2-3d-ink-max.zarr,1,4718.12567,"window (4718, 12567)+(64, 64): 4096/4096 values differ from fill_value (0.0)",0
CHUNK_SAMPLE_POPULATED,info,PHercParis4/segments/20260701183147-w120-121/ink-detection/PHercParis4-20260701183147-2.4um-0.22m-78keV-volume-20260411134726-L2-3d-ink-max.zarr,1,8020.1377,"window (8020, 1377)+(64, 64): 4096/4096 values differ from fill_value (0.0)",0
CHUNK_SAMPLE_POPULATED,info,PHercParis4/segments/20260701183147-w120-121/ink-detection/PHercParis4-20260701183147-2.4um-0.22m-78keV-volume-20260411134726-L2-3d-ink-max.zarr,2,702.3258,"window (702, 3258)+(64, 64): 3733/4096 values differ from fill_value (0.0)",0
CHUNK_SAMPLE_POPULATED,info,PHercParis4/segments/20260701183147-w120-121/ink-detection/PHercParis4-20260701183147-2.4um-0.22m-78keV-volume-20260411134726-L2-3d-ink-max.zarr,2,2343.6260,"window (2343, 6260)+(64, 64): 4096/4096 values differ from fill_value (0.0)",0
CHUNK_SAMPLE_POPULATED,info,PHercParis4/segments/20260701183147-w120-121/ink-detection/PHercParis4-20260701183147-2.4um-0.22m-78keV-volume-20260411134726-L2-3d-ink-max.zarr,2,3983.686,"window (3983, 686)+(64, 64): 4096/4096 values differ from fill_value (0.0)",0
CHUNK_SAMPLE_POPULATED,info,PHercParis4/segments/20260701183147-w120-121/ink-detection/PHercParis4-20260701183147-2.4um-0.22m-78keV-volume-20260411134726-L2-3d-ink-max.zarr,3,346.1617,"window (346, 1617)+(64, 64): 3195/4096 values differ from fill_value (0.0)",0
CHUNK_SAMPLE_POPULATED,info,PHercParis4/segments/20260701183147-w120-121/ink-detection/PHercParis4-20260701183147-2.4um-0.22m-78keV-volume-20260411134726-L2-3d-ink-max.zarr,3,1155.3106,"window (1155, 3106)+(64, 64): 4096/4096 values differ from fill_value (0.0)",0
CHUNK_SAMPLE_POPULATED,info,PHercParis4/segments/20260701183147-w120-121/ink-detection/PHercParis4-20260701183147-2.4um-0.22m-78keV-volume-20260411134726-L2-3d-ink-max.zarr,3,1964.340,"window (1964, 340)+(64, 64): 4096/4096 values differ from fill_value (0.0)",0
CHUNK_SAMPLE_POPULATED,info,PHercParis4/segments/20260701183147-w120-121/ink-detection/PHercParis4-20260701183147-2.4um-0.22m-78keV-volume-20260411134726-L2-3d-ink-max.zarr,4,168.796,"window (168, 796)+(64, 64): 2944/4096 values differ from fill_value (0.0)",0
CHUNK_SAMPLE_POPULATED,info,PHercParis4/segments/20260701183147-w120-121/ink-detection/PHercParis4-20260701183147-2.4um-0.22m-78keV-volume-20260411134726-L2-3d-ink-max.zarr,4,562.1530,"window (562, 1530)+(64, 64): 4096/4096 values differ from fill_value (0.0)",0
CHUNK_SAMPLE_POPULATED,info,PHercParis4/segments/20260701183147-w120-121/ink-detection/PHercParis4-20260701183147-2.4um-0.22m-78keV-volume-20260411134726-L2-3d-ink-max.zarr,4,955.167,"window (955, 167)+(64, 64): 4096/4096 values differ from fill_value (0.0)",0
CHUNK_SAMPLE_POPULATED,info,PHercParis4/segments/20260701183147-w120-121/ink-detection/PHercParis4-20260701183147-2.4um-0.22m-78keV-volume-20260411134726-L2-3d-ink-max.zarr,5,79.386,"window (79, 386)+(64, 64): 2743/4096 values differ from fill_value (0.0)",0
CHUNK_SAMPLE_POPULATED,info,PHercParis4/segments/20260701183147-w120-121/ink-detection/PHercParis4-20260701183147-2.4um-0.22m-78keV-volume-20260411134726-L2-3d-ink-max.zarr,5,265.741,"window (265, 741)+(64, 64): 4096/4096 values differ from fill_value (0.0)",0
CHUNK_SAMPLE_POPULATED,info,PHercParis4/segments/20260701183147-w120-121/ink-detection/PHercParis4-20260701183147-2.4um-0.22m-78keV-volume-20260411134726-L2-3d-ink-max.zarr,5,450.81,"window (450, 81)+(64, 64): 4096/4096 values differ from fill_value (0.0)",0
CHUNK_SAMPLE_POPULATED,info,PHercParis4/segments/20260701183150-w126-127/ink-detection/PHercParis4-20260701183150-2.4um-0.22m-78keV-volume-20260411134726-L2-3d-ink-max.zarr,0,3518.14689,"window (3518, 14689)+(64, 64): 4096/4096 values differ from fill_value (0.0)",0
CHUNK_SAMPLE_POPULATED,info,PHercParis4/segments/20260701183150-w126-127/ink-detection/PHercParis4-20260701183150-2.4um-0.22m-78keV-volume-20260411134726-L2-3d-ink-max.zarr,0,11728.28218,"window (11728, 28218)+(64, 64): 4096/4096 values differ from fill_value (0.0)",0
CHUNK_SAMPLE_EMPTY,info,PHercParis4/segments/20260701183150-w126-127/ink-detection/PHercParis4-20260701183150-2.4um-0.22m-78keV-volume-20260411134726-L2-3d-ink-max.zarr,0,19937.3092,"window (19937, 3092)+(64, 64): 0/4096 values differ from fill_value (0.0)",0
CHUNK_SAMPLE_POPULATED,info,PHercParis4/segments/20260701183150-w126-127/ink-detection/PHercParis4-20260701183150-2.4um-0.22m-78keV-volume-20260411134726-L2-3d-ink-max.zarr,1,1754.7332,"window (1754, 7332)+(64, 64): 4096/4096 values differ from fill_value (0.0)",0
CHUNK_SAMPLE_POPULATED,info,PHercParis4/segments/20260701183150-w126-127/ink-detection/PHercParis4-20260701183150-2.4um-0.22m-78keV-volume-20260411134726-L2-3d-ink-max.zarr,1,5848.14086,"window (5848, 14086)+(64, 64): 4096/4096 values differ from fill_value (0.0)",0
CHUNK_SAMPLE_EMPTY,info,PHercParis4/segments/20260701183150-w126-127/ink-detection/PHercParis4-20260701183150-2.4um-0.22m-78keV-volume-20260411134726-L2-3d-ink-max.zarr,1,9941.1543,"window (9941, 1543)+(64, 64): 0/4096 values differ from fill_value (0.0)",0
CHUNK_SAMPLE_POPULATED,info,PHercParis4/segments/20260701183150-w126-127/ink-detection/PHercParis4-20260701183150-2.4um-0.22m-78keV-volume-20260411134726-L2-3d-ink-max.zarr,2,872.3654,"window (872, 3654)+(64, 64): 4096/4096 values differ from fill_value (0.0)",0
CHUNK_SAMPLE_POPULATED,info,PHercParis4/segments/20260701183150-w126-127/ink-detection/PHercParis4-20260701183150-2.4um-0.22m-78keV-volume-20260411134726-L2-3d-ink-max.zarr,2,2908.7019,"window (2908, 7019)+(64, 64): 4096/4096 values differ from fill_value (0.0)",0
CHUNK_SAMPLE_EMPTY,info,PHercParis4/segments/20260701183150-w126-127/ink-detection/PHercParis4-20260701183150-2.4um-0.22m-78keV-volume-20260411134726-L2-3d-ink-max.zarr,2,4943.769,"window (4943, 769)+(64, 64): 0/4096 values differ from fill_value (0.0)",0
CHUNK_SAMPLE_POPULATED,info,PHercParis4/segments/20260701183150-w126-127/ink-detection/PHercParis4-20260701183150-2.4um-0.22m-78keV-volume-20260411134726-L2-3d-ink-max.zarr,3,431.1814,"window (431, 1814)+(64, 64): 4096/4096 values differ from fill_value (0.0)",0
CHUNK_SAMPLE_POPULATED,info,PHercParis4/segments/20260701183150-w126-127/ink-detection/PHercParis4-20260701183150-2.4um-0.22m-78keV-volume-20260411134726-L2-3d-ink-max.zarr,3,1438.3486,"window (1438, 3486)+(64, 64): 4096/4096 values differ from fill_value (0.0)",0
CHUNK_SAMPLE_EMPTY,info,PHercParis4/segments/20260701183150-w126-127/ink-detection/PHercParis4-20260701183150-2.4um-0.22m-78keV-volume-20260411134726-L2-3d-ink-max.zarr,3,2444.382,"window (2444, 382)+(64, 64): 0/4096 values differ from fill_value (0.0)",0
CHUNK_SAMPLE_POPULATED,info,PHercParis4/segments/20260701183150-w126-127/ink-detection/PHercParis4-20260701183150-2.4um-0.22m-78keV-volume-20260411134726-L2-3d-ink-max.zarr,4,210.895,"window (210, 895)+(64, 64): 4096/4096 values differ from fill_value (0.0)",0
CHUNK_SAMPLE_POPULATED,info,PHercParis4/segments/20260701183150-w126-127/ink-detection/PHercParis4-20260701183150-2.4um-0.22m-78keV-volume-20260411134726-L2-3d-ink-max.zarr,4,703.1719,"window (703, 1719)+(64, 64): 4096/4096 values differ from fill_value (0.0)",0
CHUNK_SAMPLE_POPULATED,info,PHercParis4/segments/20260701183150-w126-127/ink-detection/PHercParis4-20260701183150-2.4um-0.22m-78keV-volume-20260411134726-L2-3d-ink-max.zarr,4,1195.188,"window (1195, 188)+(64, 64): 720/4096 values differ from fill_value (0.0)",0
CHUNK_SAMPLE_POPULATED,info,PHercParis4/segments/20260701183150-w126-127/ink-detection/PHercParis4-20260701183150-2.4um-0.22m-78keV-volume-20260411134726-L2-3d-ink-max.zarr,5,100.435,"window (100, 435)+(64, 64): 3748/4096 values differ from fill_value (0.0)",0
CHUNK_SAMPLE_POPULATED,info,PHercParis4/segments/20260701183150-w126-127/ink-detection/PHercParis4-20260701183150-2.4um-0.22m-78keV-volume-20260411134726-L2-3d-ink-max.zarr,5,335.836,"window (335, 836)+(64, 64): 4096/4096 values differ from fill_value (0.0)",0
CHUNK_SAMPLE_POPULATED,info,PHercParis4/segments/20260701183150-w126-127/ink-detection/PHercParis4-20260701183150-2.4um-0.22m-78keV-volume-20260411134726-L2-3d-ink-max.zarr,5,570.91,"window (570, 91)+(64, 64): 2233/4096 values differ from fill_value (0.0)",0
CHUNK_SAMPLE_POPULATED,info,PHercParis4/segments/20260701183149-w124-125/ink-detection/PHercParis4-20260701183149-2.4um-0.22m-78keV-volume-20260411134726-L2-3d-ink-max.zarr,0,3137.13594,"window (3137, 13594)+(64, 64): 4096/4096 values differ from fill_value (0.0)",0
CHUNK_SAMPLE_POPULATED,info,PHercParis4/segments/20260701183149-w124-125/ink-detection/PHercParis4-20260701183149-2.4um-0.22m-78keV-volume-20260411134726-L2-3d-ink-max.zarr,0,10458.26116,"window (10458, 26116)+(64, 64): 4096/4096 values differ from fill_value (0.0)",0
CHUNK_SAMPLE_POPULATED,info,PHercParis4/segments/20260701183149-w124-125/ink-detection/PHercParis4-20260701183149-2.4um-0.22m-78keV-volume-20260411134726-L2-3d-ink-max.zarr,0,17778.2862,"window (17778, 2862)+(64, 64): 4096/4096 values differ from fill_value (0.0)",0
CHUNK_SAMPLE_POPULATED,info,PHercParis4/segments/20260701183149-w124-125/ink-detection/PHercParis4-20260701183149-2.4um-0.22m-78keV-volume-20260411134726-L2-3d-ink-max.zarr,1,1563.6785,"window (1563, 6785)+(64, 64): 4096/4096 values differ from fill_value (0.0)",0
CHUNK_SAMPLE_POPULATED,info,PHercParis4/segments/20260701183149-w124-125/ink-detection/PHercParis4-20260701183149-2.4um-0.22m-78keV-volume-20260411134726-L2-3d-ink-max.zarr,1,5213.13034,"window (5213, 13034)+(64, 64): 4096/4096 values differ from fill_value (0.0)",0
CHUNK_SAMPLE_POPULATED,info,PHercParis4/segments/20260701183149-w124-125/ink-detection/PHercParis4-20260701183149-2.4um-0.22m-78keV-volume-20260411134726-L2-3d-ink-max.zarr,1,8862.1428,"window (8862, 1428)+(64, 64): 4096/4096 values differ from fill_value (0.0)",0
CHUNK_SAMPLE_POPULATED,info,PHercParis4/segments/20260701183149-w124-125/ink-detection/PHercParis4-20260701183149-2.4um-0.22m-78keV-volume-20260411134726-L2-3d-ink-max.zarr,2,777.3380,"window (777, 3380)+(64, 64): 4096/4096 values differ from fill_value (0.0)",0
CHUNK_SAMPLE_POPULATED,info,PHercParis4/segments/20260701183149-w124-125/ink-detection/PHercParis4-20260701183149-2.4um-0.22m-78keV-volume-20260411134726-L2-3d-ink-max.zarr,2,2590.6494,"window (2590, 6494)+(64, 64): 4096/4096 values differ from fill_value (0.0)",0
CHUNK_SAMPLE_POPULATED,info,PHercParis4/segments/20260701183149-w124-125/ink-detection/PHercParis4-20260701183149-2.4um-0.22m-78keV-volume-20260411134726-L2-3d-ink-max.zarr,2,4403.711,"window (4403, 711)+(64, 64): 4096/4096 values differ from fill_value (0.0)",0
CHUNK_SAMPLE_POPULATED,info,PHercParis4/segments/20260701183149-w124-125/ink-detection/PHercParis4-20260701183149-2.4um-0.22m-78keV-volume-20260411134726-L2-3d-ink-max.zarr,3,383.1678,"window (383, 1678)+(64, 64): 3986/4096 values differ from fill_value (0.0)",0
CHUNK_SAMPLE_POPULATED,info,PHercParis4/segments/20260701183149-w124-125/ink-detection/PHercParis4-20260701183149-2.4um-0.22m-78keV-volume-20260411134726-L2-3d-ink-max.zarr,3,1279.3223,"window (1279, 3223)+(64, 64): 4096/4096 values differ from fill_value (0.0)",0
CHUNK_SAMPLE_POPULATED,info,PHercParis4/segments/20260701183149-w124-125/ink-detection/PHercParis4-20260701183149-2.4um-0.22m-78keV-volume-20260411134726-L2-3d-ink-max.zarr,3,2175.353,"window (2175, 353)+(64, 64): 4096/4096 values differ from fill_value (0.0)",0
CHUNK_SAMPLE_POPULATED,info,PHercParis4/segments/20260701183149-w124-125/ink-detection/PHercParis4-20260701183149-2.4um-0.22m-78keV-volume-20260411134726-L2-3d-ink-max.zarr,4,187.826,"window (187, 826)+(64, 64): 3068/4096 values differ from fill_value (0.0)",0
CHUNK_SAMPLE_POPULATED,info,PHercParis4/segments/20260701183149-w124-125/ink-detection/PHercParis4-20260701183149-2.4um-0.22m-78keV-volume-20260411134726-L2-3d-ink-max.zarr,4,624.1588,"window (624, 1588)+(64, 64): 4096/4096 values differ from fill_value (0.0)",0
CHUNK_SAMPLE_POPULATED,info,PHercParis4/segments/20260701183149-w124-125/ink-detection/PHercParis4-20260701183149-2.4um-0.22m-78keV-volume-20260411134726-L2-3d-ink-max.zarr,4,1060.174,"window (1060, 174)+(64, 64): 4096/4096 values differ from fill_value (0.0)",0
CHUNK_SAMPLE_POPULATED,info,PHercParis4/segments/20260701183149-w124-125/ink-detection/PHercParis4-20260701183149-2.4um-0.22m-78keV-volume-20260411134726-L2-3d-ink-max.zarr,5,88.401,"window (88, 401)+(64, 64): 2575/4096 values differ from fill_value (0.0)",0
CHUNK_SAMPLE_POPULATED,info,PHercParis4/segments/20260701183149-w124-125/ink-detection/PHercParis4-20260701183149-2.4um-0.22m-78keV-volume-20260411134726-L2-3d-ink-max.zarr,5,296.770,"window (296, 770)+(64, 64): 4096/4096 values differ from fill_value (0.0)",0
CHUNK_SAMPLE_POPULATED,info,PHercParis4/segments/20260701183149-w124-125/ink-detection/PHercParis4-20260701183149-2.4um-0.22m-78keV-volume-20260411134726-L2-3d-ink-max.zarr,5,503.84,"window (503, 84)+(64, 64): 4096/4096 values differ from fill_value (0.0)",0
CHUNK_SAMPLE_POPULATED,info,PHercParis4/segments/20260701183145-w116-117/ink-detection/PHercParis4-20260701183145-2.4um-0.22m-78keV-volume-20260411134726-L2-3d-ink-max.zarr,0,2801.12766,"window (2801, 12766)+(64, 64): 4096/4096 values differ from fill_value (0.0)",0
CHUNK_SAMPLE_POPULATED,info,PHercParis4/segments/20260701183145-w116-117/ink-detection/PHercParis4-20260701183145-2.4um-0.22m-78keV-volume-20260411134726-L2-3d-ink-max.zarr,0,9338.24525,"window (9338, 24525)+(64, 64): 4096/4096 values differ from fill_value (0.0)",0
CHUNK_SAMPLE_POPULATED,info,PHercParis4/segments/20260701183145-w116-117/ink-detection/PHercParis4-20260701183145-2.4um-0.22m-78keV-volume-20260411134726-L2-3d-ink-max.zarr,0,15874.2687,"window (15874, 2687)+(64, 64): 4096/4096 values differ from fill_value (0.0)",0
CHUNK_SAMPLE_POPULATED,info,PHercParis4/segments/20260701183145-w116-117/ink-detection/PHercParis4-20260701183145-2.4um-0.22m-78keV-volume-20260411134726-L2-3d-ink-max.zarr,1,1395.6371,"window (1395, 6371)+(64, 64): 4096/4096 values differ from fill_value (0.0)",0
CHUNK_SAMPLE_POPULATED,info,PHercParis4/segments/20260701183145-w116-117/ink-detection/PHercParis4-20260701183145-2.4um-0.22m-78keV-volume-20260411134726-L2-3d-ink-max.zarr,1,4653.12239,"window (4653, 12239)+(64, 64): 4096/4096 values differ from fill_value (0.0)",0
CHUNK_SAMPLE_POPULATED,info,PHercParis4/segments/20260701183145-w116-117/ink-detection/PHercParis4-20260701183145-2.4um-0.22m-78keV-volume-20260411134726-L2-3d-ink-max.zarr,1,7910.1341,"window (7910, 1341)+(64, 64): 4096/4096 values differ from fill_value (0.0)",0
CHUNK_SAMPLE_POPULATED,info,PHercParis4/segments/20260701183145-w116-117/ink-detection/PHercParis4-20260701183145-2.4um-0.22m-78keV-volume-20260411134726-L2-3d-ink-max.zarr,2,693.3173,"window (693, 3173)+(64, 64): 4096/4096 values differ from fill_value (0.0)",0
CHUNK_SAMPLE_POPULATED,info,PHercParis4/segments/20260701183145-w116-117/ink-detection/PHercParis4-20260701183145-2.4um-0.22m-78keV-volume-20260411134726-L2-3d-ink-max.zarr,2,2310.6096,"window (2310, 6096)+(64, 64): 4096/4096 values differ from fill_value (0.0)",0
CHUNK_SAMPLE_POPULATED,info,PHercParis4/segments/20260701183145-w116-117/ink-detection/PHercParis4-20260701183145-2.4um-0.22m-78keV-volume-20260411134726-L2-3d-ink-max.zarr,2,3927.668,"window (3927, 668)+(64, 64): 4096/4096 values differ from fill_value (0.0)",0
CHUNK_SAMPLE_POPULATED,info,PHercParis4/segments/20260701183145-w116-117/ink-detection/PHercParis4-20260701183145-2.4um-0.22m-78keV-volume-20260411134726-L2-3d-ink-max.zarr,3,341.1574,"window (341, 1574)+(64, 64): 4052/4096 values differ from fill_value (0.0)",0
CHUNK_SAMPLE_POPULATED,info,PHercParis4/segments/20260701183145-w116-117/ink-detection/PHercParis4-20260701183145-2.4um-0.22m-78keV-volume-20260411134726-L2-3d-ink-max.zarr,3,1139.3025,"window (1139, 3025)+(64, 64): 4096/4096 values differ from fill_value (0.0)",0
CHUNK_SAMPLE_POPULATED,info,PHercParis4/segments/20260701183145-w116-117/ink-detection/PHercParis4-20260701183145-2.4um-0.22m-78keV-volume-20260411134726-L2-3d-ink-max.zarr,3,1937.331,"window (1937, 331)+(64, 64): 4096/4096 values differ from fill_value (0.0)",0
CHUNK_SAMPLE_POPULATED,info,PHercParis4/segments/20260701183145-w116-117/ink-detection/PHercParis4-20260701183145-2.4um-0.22m-78keV-volume-20260411134726-L2-3d-ink-max.zarr,4,166.775,"window (166, 775)+(64, 64): 3555/4096 values differ from fill_value (0.0)",0
CHUNK_SAMPLE_POPULATED,info,PHercParis4/segments/20260701183145-w116-117/ink-detection/PHercParis4-20260701183145-2.4um-0.22m-78keV-volume-20260411134726-L2-3d-ink-max.zarr,4,554.1489,"window (554, 1489)+(64, 64): 4096/4096 values differ from fill_value (0.0)",0
CHUNK_SAMPLE_POPULATED,info,PHercParis4/segments/20260701183145-w116-117/ink-detection/PHercParis4-20260701183145-2.4um-0.22m-78keV-volume-20260411134726-L2-3d-ink-max.zarr,4,941.163,"window (941, 163)+(64, 64): 4096/4096 values differ from fill_value (0.0)",0
CHUNK_SAMPLE_POPULATED,info,PHercParis4/segments/20260701183145-w116-117/ink-detection/PHercParis4-20260701183145-2.4um-0.22m-78keV-volume-20260411134726-L2-3d-ink-max.zarr,5,78.375,"window (78, 375)+(64, 64): 3160/4096 values differ from fill_value (0.0)",0
CHUNK_SAMPLE_POPULATED,info,PHercParis4/segments/20260701183145-w116-117/ink-detection/PHercParis4-20260701183145-2.4um-0.22m-78keV-volume-20260411134726-L2-3d-ink-max.zarr,5,261.721,"window (261, 721)+(64, 64): 4096/4096 values differ from fill_value (0.0)",0
CHUNK_SAMPLE_POPULATED,info,PHercParis4/segments/20260701183145-w116-117/ink-detection/PHercParis4-20260701183145-2.4um-0.22m-78keV-volume-20260411134726-L2-3d-ink-max.zarr,5,443.79,"window (443, 79)+(64, 64): 4096/4096 values differ from fill_value (0.0)",0
CHUNK_SAMPLE_EMPTY,info,PHercParis4/segments/20260701183148-w122-123/ink-detection/PHercParis4-20260701183148-2.4um-0.22m-78keV-volume-20260411134726-L2-3d-ink-max.zarr,0,2954.13024,"window (2954, 13024)+(64, 64): 0/4096 values differ from fill_value (0.0)",0
CHUNK_SAMPLE_POPULATED,info,PHercParis4/segments/20260701183148-w122-123/ink-detection/PHercParis4-20260701183148-2.4um-0.22m-78keV-volume-20260411134726-L2-3d-ink-max.zarr,0,9848.25021,"window (9848, 25021)+(64, 64): 4096/4096 values differ from fill_value (0.0)",0
CHUNK_SAMPLE_POPULATED,info,PHercParis4/segments/20260701183148-w122-123/ink-detection/PHercParis4-20260701183148-2.4um-0.22m-78keV-volume-20260411134726-L2-3d-ink-max.zarr,0,16741.2742,"window (16741, 2742)+(64, 64): 4096/4096 values differ from fill_value (0.0)",0
CHUNK_SAMPLE_POPULATED,info,PHercParis4/segments/20260701183148-w122-123/ink-detection/PHercParis4-20260701183148-2.4um-0.22m-78keV-volume-20260411134726-L2-3d-ink-max.zarr,1,1472.6500,"window (1472, 6500)+(64, 64): 65/4096 values differ from fill_value (0.0)",0
CHUNK_SAMPLE_POPULATED,info,PHercParis4/segments/20260701183148-w122-123/ink-detection/PHercParis4-20260701183148-2.4um-0.22m-78keV-volume-20260411134726-L2-3d-ink-max.zarr,1,4908.12487,"window (4908, 12487)+(64, 64): 4096/4096 values differ from fill_value (0.0)",0
CHUNK_SAMPLE_POPULATED,info,PHercParis4/segments/20260701183148-w122-123/ink-detection/PHercParis4-20260701183148-2.4um-0.22m-78keV-volume-20260411134726-L2-3d-ink-max.zarr,1,8343.1368,"window (8343, 1368)+(64, 64): 4096/4096 values differ from fill_value (0.0)",0
CHUNK_SAMPLE_POPULATED,info,PHercParis4/segments/20260701183148-w122-123/ink-detection/PHercParis4-20260701183148-2.4um-0.22m-78keV-volume-20260411134726-L2-3d-ink-max.zarr,2,731.3237,"window (731, 3237)+(64, 64): 873/4096 values differ from fill_value (0.0)",0
CHUNK_SAMPLE_POPULATED,info,PHercParis4/segments/20260701183148-w122-123/ink-detection/PHercParis4-20260701183148-2.4um-0.22m-78keV-volume-20260411134726-L2-3d-ink-max.zarr,2,2438.6220,"window (2438, 6220)+(64, 64): 4096/4096 values differ from fill_value (0.0)",0
CHUNK_SAMPLE_POPULATED,info,PHercParis4/segments/20260701183148-w122-123/ink-detection/PHercParis4-20260701183148-2.4um-0.22m-78keV-volume-20260411134726-L2-3d-ink-max.zarr,2,4144.681,"window (4144, 681)+(64, 64): 4096/4096 values differ from fill_value (0.0)",0
CHUNK_SAMPLE_POPULATED,info,PHercParis4/segments/20260701183148-w122-123/ink-detection/PHercParis4-20260701183148-2.4um-0.22m-78keV-volume-20260411134726-L2-3d-ink-max.zarr,3,360.1607,"window (360, 1607)+(64, 64): 1326/4096 values differ from fill_value (0.0)",0
CHUNK_SAMPLE_POPULATED,info,PHercParis4/segments/20260701183148-w122-123/ink-detection/PHercParis4-20260701183148-2.4um-0.22m-78keV-volume-20260411134726-L2-3d-ink-max.zarr,3,1203.3087,"window (1203, 3087)+(64, 64): 4096/4096 values differ from fill_value (0.0)",0
CHUNK_SAMPLE_POPULATED,info,PHercParis4/segments/20260701183148-w122-123/ink-detection/PHercParis4-20260701183148-2.4um-0.22m-78keV-volume-20260411134726-L2-3d-ink-max.zarr,3,2045.338,"window (2045, 338)+(64, 64): 4096/4096 values differ from fill_value (0.0)",0
CHUNK_SAMPLE_POPULATED,info,PHercParis4/segments/20260701183148-w122-123/ink-detection/PHercParis4-20260701183148-2.4um-0.22m-78keV-volume-20260411134726-L2-3d-ink-max.zarr,4,175.791,"window (175, 791)+(64, 64): 1939/4096 values differ from fill_value (0.0)",0
CHUNK_SAMPLE_POPULATED,info,PHercParis4/segments/20260701183148-w122-123/ink-detection/PHercParis4-20260701183148-2.4um-0.22m-78keV-volume-20260411134726-L2-3d-ink-max.zarr,4,585.1520,"window (585, 1520)+(64, 64): 4096/4096 values differ from fill_value (0.0)",0
CHUNK_SAMPLE_POPULATED,info,PHercParis4/segments/20260701183148-w122-123/ink-detection/PHercParis4-20260701183148-2.4um-0.22m-78keV-volume-20260411134726-L2-3d-ink-max.zarr,4,995.166,"window (995, 166)+(64, 64): 4096/4096 values differ from fill_value (0.0)",0
CHUNK_SAMPLE_POPULATED,info,PHercParis4/segments/20260701183148-w122-123/ink-detection/PHercParis4-20260701183148-2.4um-0.22m-78keV-volume-20260411134726-L2-3d-ink-max.zarr,5,83.383,"window (83, 383)+(64, 64): 2359/4096 values differ from fill_value (0.0)",0
CHUNK_SAMPLE_POPULATED,info,PHercParis4/segments/20260701183148-w122-123/ink-detection/PHercParis4-20260701183148-2.4um-0.22m-78keV-volume-20260411134726-L2-3d-ink-max.zarr,5,277.737,"window (277, 737)+(64, 64): 4096/4096 values differ from fill_value (0.0)",0
CHUNK_SAMPLE_POPULATED,info,PHercParis4/segments/20260701183148-w122-123/ink-detection/PHercParis4-20260701183148-2.4um-0.22m-78keV-volume-20260411134726-L2-3d-ink-max.zarr,5,470.80,"window (470, 80)+(64, 64): 4096/4096 values differ from fill_value (0.0)",0
